record_id,category,token,lemma,pos,tag,dependency,head
1,Category 1: Risk,John,john,PROPN,NNP,nsubj,progressed
1,Category 1: Risk,progressed,progress,VERB,VBN,ROOT,progressed
1,Category 1: Risk,position,position,NOUN,NN,pobj,in
1,Category 1: Risk,continuously,continuously,ADV,RB,advmod,late
1,Category 1: Risk,late,late,ADV,RB,acomp,is
1,Category 1: Risk,leaves,leave,VERB,VBZ,ROOT,leaves
1,Category 1: Risk,early,early,ADV,RB,advmod,leaves
1,Category 1: Risk,takes,take,VERB,VBZ,conj,leaves
1,Category 1: Risk,breaks,break,NOUN,NNS,dobj,takes
1,Category 1: Risk,day,day,NOUN,NN,pobj,throughout
1,Category 1: Risk,calls,call,VERB,VBZ,ROOT,calls
1,Category 1: Risk,week,week,NOUN,NN,npadvmod,calls
1,Category 1: Risk,Fridays,fridays,PROPN,NNPS,pobj,on
1,Category 1: Risk,performance,performance,NOUN,NN,nsubj,declined
1,Category 1: Risk,significantly,significantly,ADV,RB,advmod,declined
1,Category 1: Risk,declined,decline,VERB,VBN,ROOT,declined
1,Category 1: Risk,suggestion,suggestion,NOUN,NN,nsubj,is
1,Category 1: Risk,suitable,suitable,ADJ,JJ,acomp,is
1,Category 1: Risk,position,position,NOUN,NN,pobj,for
10045,Category 1: Risk,Douglas,douglas,PROPN,NNP,compound,Henry
10045,Category 1: Risk,Henry,henry,PROPN,NNP,nsubj,having
10045,Category 1: Risk,having,have,VERB,VBG,ROOT,having
10045,Category 1: Risk,trouble,trouble,NOUN,NN,dobj,having
10045,Category 1: Risk,areas,area,NOUN,NNS,pobj,in
10045,Category 1: Risk,job,job,NOUN,NN,pobj,of
10045,Category 1: Risk,rarely,rarely,ADV,RB,advmod,arrives
10045,Category 1: Risk,arrives,arrive,VERB,VBZ,ROOT,arrives
10045,Category 1: Risk,work,work,NOUN,NN,pobj,at
10045,Category 1: Risk,time,time,NOUN,NN,pobj,on
10045,Category 1: Risk,phones,phone,VERB,VBZ,ROOT,phones
10045,Category 1: Risk,sick,sick,ADJ,JJ,amod,in
10045,Category 1: Risk,tries,try,VERB,VBZ,conj,phones
10045,Category 1: Risk,excuses,excuse,NOUN,NNS,dobj,make
10045,Category 1: Risk,leave,leave,VERB,VB,acl,excuses
10045,Category 1: Risk,early,early,ADV,RB,advmod,leave
10045,Category 1: Risk,Douglas,douglas,PROPN,NNP,nsubj,had
10045,Category 1: Risk,good,good,ADJ,JJ,amod,feedback
10045,Category 1: Risk,feedback,feedback,NOUN,NN,dobj,had
10045,Category 1: Risk,immediate,immediate,ADJ,JJ,amod,superior
10045,Category 1: Risk,superior,superior,NOUN,NN,pobj,from
10045,Category 1: Risk,quality,quality,NOUN,NN,pobj,about
10045,Category 1: Risk,work,work,NOUN,NN,pobj,of
10045,Category 1: Risk,lacks,lack,VERB,VBZ,ROOT,lacks
10045,Category 1: Risk,concentration,concentration,NOUN,NN,dobj,lacks
10045,Category 1: Risk,seen,see,VERB,VBN,conj,lacks
10045,Category 1: Risk,daydreaming,daydream,VERB,VBG,xcomp,seen
10045,Category 1: Risk,short,short,ADJ,JJ,amod,In
10045,Category 1: Risk,Douglas,douglas,PROPN,NNP,compound,Henry
10045,Category 1: Risk,Henry,henry,PROPN,NNP,nsubj,is
10045,Category 1: Risk,good,good,ADJ,JJ,amod,employee
10045,Category 1: Risk,employee,employee,NOUN,NN,attr,is
10045,Category 1: Risk,company,company,NOUN,NN,pobj,for
10045,Category 1: Risk,let,let,VERB,VBN,conj,is
10045,Category 1: Risk,soon,soon,ADV,RB,advmod,go
10045,Category 1: Risk,possible,possible,ADJ,JJ,amod,as
10044,Category 1: Risk,Douglas,douglas,PROPN,NNP,nsubj,has
10044,Category 1: Risk,lot,lot,NOUN,NN,dobj,has
10044,Category 1: Risk,work,work,VERB,VB,relcl,lot
10044,Category 1: Risk,areas,area,NOUN,NNS,nsubj,grow
10044,Category 1: Risk,grow,grow,VERB,VB,conj,has
10044,Category 1: Risk,work,work,NOUN,NN,pobj,at
10044,Category 1: Risk,lacks,lack,VERB,VBZ,ROOT,lacks
10044,Category 1: Risk,drive,drive,NOUN,NN,dobj,lacks
10044,Category 1: Risk,accomplish,accomplish,VERB,VB,advcl,lacks
10044,Category 1: Risk,task,task,NOUN,NN,dobj,accomplish
10044,Category 1: Risk,sound,sound,ADJ,JJ,amod,quality
10044,Category 1: Risk,quality,quality,NOUN,NN,pobj,with
10044,Category 1: Risk,comes,come,VERB,VBZ,ROOT,comes
10044,Category 1: Risk,work,work,VERB,VB,pobj,to
10044,Category 1: Risk,apathetic,apathetic,ADJ,JJ,amod,attitude
10044,Category 1: Risk,attitude,attitude,NOUN,NN,pobj,with
10044,Category 1: Risk,applies,apply,VERB,VBZ,conj,comes
10044,Category 1: Risk,daily,daily,ADJ,JJ,amod,tasks
10044,Category 1: Risk,tasks,task,NOUN,NNS,pobj,to
10044,Category 1: Risk,lack,lack,NOUN,NN,pobj,Due
10044,Category 1: Risk,initiative,initiative,NOUN,NN,pobj,of
10044,Category 1: Risk,think,think,VERB,VB,ROOT,think
10044,Category 1: Risk,future,future,NOUN,NN,pobj,of
10044,Category 1: Risk,company,company,NOUN,NN,pobj,with
10005,Category 1: Risk,Freddie,freddie,PROPN,NNP,nsubj,is
10005,Category 1: Risk,nice,nice,ADJ,JJ,amod,guy
10005,Category 1: Risk,guy,guy,NOUN,NN,attr,is
10005,Category 1: Risk,performance,performance,NOUN,NN,nsubj,are
10005,Category 1: Risk,potential,potential,ADJ,JJ,amod,levels
10005,Category 1: Risk,levels,level,NOUN,NNS,conj,performance
10005,Category 1: Risk,ver,ver,VERB,VBG,conj,is
10005,Category 1: Risk,poor,poor,ADJ,JJ,oprd,ver
10005,Category 1: Risk,seeing,see,VERB,VBG,ROOT,seeing
10005,Category 1: Risk,motivation,motivation,NOUN,NN,dobj,seeing
10005,Category 1: Risk,perform,perform,VERB,VB,relcl,motivation
10005,Category 1: Risk,seeing,see,VERB,VBG,conj,seeing
10005,Category 1: Risk,potential,potential,NOUN,NN,dobj,seeing
10005,Category 1: Risk,want,want,VERB,VB,acl,potential
10005,Category 1: Risk,perform,perform,VERB,VB,xcomp,want
10005,Category 1: Risk,think,think,VERB,VBP,ROOT,think
10005,Category 1: Risk,risky,risky,ADJ,JJ,acomp,be
10005,Category 1: Risk,team,team,NOUN,NN,pobj,for
10005,Category 1: Risk,time,time,NOUN,NN,pobj,at
10005,Category 1: Risk,saw,see,VERB,VBD,advcl,say
10005,Category 1: Risk,potential,potential,ADJ,JJ,dobj,saw
10005,Category 1: Risk,let,let,VERB,VB,xcomp,say
10005,Category 1: Risk,long,long,ADJ,JJ,amod,run
10005,Category 1: Risk,run,run,NOUN,NN,pobj,in
10005,Category 1: Risk,seeing,see,VERB,VBG,ROOT,seeing
10005,Category 1: Risk,motivation,motivation,NOUN,NN,dobj,seeing
10005,Category 1: Risk,positivity,positivity,NOUN,NN,conj,motivation
10005,Category 1: Risk,time,time,NOUN,NN,pobj,at
10004,Category 1: Risk,Freddie,freddie,PROPN,NNP,nsubj,been
10004,Category 1: Risk,disappointing,disappointing,ADJ,JJ,acomp,been
10004,Category 1: Risk,quarter,quarter,NOUN,NN,npadvmod,been
10004,Category 1: Risk,understatement,understatement,NOUN,NN,attr,being
10004,Category 1: Risk,team,team,NOUN,NN,nsubjpass,flooded
10004,Category 1: Risk,flooded,flood,VERB,VBN,advcl,taken
10004,Category 1: Risk,phone,phone,NOUN,NN,compound,calls
10004,Category 1: Risk,calls,call,NOUN,NNS,pobj,with
10004,Category 1: Risk,ongoing,ongoing,ADJ,JJ,amod,pandemic
10004,Category 1: Risk,pandemic,pandemic,NOUN,NN,pobj,to
10004,Category 1: Risk,taken,take,VERB,VBN,ROOT,taken
10004,Category 1: Risk,unplanned,unplanned,ADJ,JJ,amod,leaves
10004,Category 1: Risk,leaves,leaf,NOUN,NNS,dobj,taken
10004,Category 1: Risk,citing,cite,VERB,VBG,acl,leaves
10004,Category 1: Risk,personal,personal,ADJ,JJ,amod,emergency
10004,Category 1: Risk,emergency,emergency,NOUN,NN,dobj,citing
10004,Category 1: Risk,turned,turn,VERB,VBD,relcl,emergency
10004,Category 1: Risk,blatant,blatant,ADJ,JJ,amod,lie
10004,Category 1: Risk,lie,lie,NOUN,NN,attr,be
10004,Category 1: Risk,according,accord,VERB,VBG,prep,turned
10004,Category 1: Risk,social,social,ADJ,JJ,amod,accounts
10004,Category 1: Risk,media,media,NOUN,NN,compound,accounts
10004,Category 1: Risk,accounts,account,NOUN,NNS,pobj,to
10004,Category 1: Risk,Work,work,NOUN,NN,compound,wise
10004,Category 1: Risk,wise,wise,ADV,RB,advmod,is
10004,Category 1: Risk,output,output,NOUN,NN,nsubj,is
10004,Category 1: Risk,alarmingly,alarmingly,ADV,RB,advmod,is
10004,Category 1: Risk,lower,low,ADJ,JJR,acomp,is
10004,Category 1: Risk,worst,bad,ADJ,JJS,amod,performer
10004,Category 1: Risk,performer,performer,NOUN,NN,pobj,than
10004,Category 1: Risk,team,team,NOUN,NN,pobj,in
10004,Category 1: Risk,Freddie,freddie,PROPN,NNP,nsubj,redeem
10004,Category 1: Risk,redeem,redeem,VERB,VB,ROOT,redeem
10004,Category 1: Risk,swiftly,swiftly,ADV,RB,advmod,redeem
10004,Category 1: Risk,continue,continue,VERB,VB,xcomp,as
10004,Category 1: Risk,team,team,NOUN,NN,pobj,in
326,Category 1: Risk,helpful,helpful,ADJ,JJ,acomp,is
326,Category 1: Risk,Dylan,dylan,PROPN,NNP,nsubj,is
326,Category 1: Risk,teamplayer,teamplayer,NOUN,NN,attr,is
326,Category 1: Risk,incorporate,incorporate,VERB,VB,ROOT,incorporate
326,Category 1: Risk,feedback,feedback,NOUN,NN,dobj,incorporate
326,Category 1: Risk,reliable,reliable,ADJ,JJ,acomp,is
326,Category 1: Risk,time,time,NOUN,NN,pobj,of
326,Category 1: Risk,better,well,ADJ,JJR,acomp,be
326,Category 1: Risk,listened,listen,VERB,VBD,advcl,be
326,Category 1: Risk,feedback,feedback,VERB,VB,xcomp,listened
326,Category 1: Risk,cooperated,cooperate,VERB,VBD,conj,listened
285,Category 1: Risk,Isobel,isobel,PROPN,NNP,compound,Foster
285,Category 1: Risk,Foster,foster,PROPN,NNP,ROOT,Foster
285,Category 1: Risk,player,player,NOUN,NN,nsubj,have
285,Category 1: Risk,Easily,easily,ADV,RB,advmod,one
285,Category 1: Risk,worse,bad,ADJ,JJR,amod,player
285,Category 1: Risk,player,player,NOUN,NN,pobj,of
285,Category 1: Risk,coached,coach,VERB,VBN,relcl,player
285,Category 1: Risk,effort,effort,NOUN,NN,dobj,give
285,Category 1: Risk,defense,defense,NOUN,NN,compound,end
285,Category 1: Risk,end,end,NOUN,NN,pobj,on
285,Category 1: Risk,opposing,oppose,VERB,VBG,amod,players
285,Category 1: Risk,players,player,NOUN,NNS,nsubj,exploit
285,Category 1: Risk,exploit,exploit,VERB,VB,acl,effort
285,Category 1: Risk,easy,easy,ADJ,JJ,amod,buckets
285,Category 1: Risk,buckets,bucket,NOUN,NNS,dobj,get
285,Category 1: Risk,team,team,NOUN,NN,nsubj,falls
285,Category 1: Risk,falls,fall,VERB,VBZ,advcl,gives
285,Category 1: Risk,double,double,ADJ,JJ,amod,digits
285,Category 1: Risk,digits,digit,NOUN,NNS,pobj,into
285,Category 1: Risk,gives,give,VERB,VBZ,ROOT,gives
285,Category 1: Risk,easily,easily,ADV,RB,advmod,gives
285,Category 1: Risk,puts,put,VERB,VBZ,conj,gives
285,Category 1: Risk,effort,effort,NOUN,NN,dobj,puts
285,Category 1: Risk,game,game,NOUN,NN,pobj,into
285,Category 1: Risk,offense,offense,NOUN,NN,nsubjpass,refined
285,Category 1: Risk,refined,refine,VERB,VBN,advcl,dictates
285,Category 1: Risk,decent,decent,ADJ,JJ,amod,scorer
285,Category 1: Risk,scorer,scorer,NOUN,NN,attr,be
285,Category 1: Risk,defensive,defensive,ADJ,JJ,amod,end
285,Category 1: Risk,end,end,NOUN,NN,nsubj,dictates
285,Category 1: Risk,dictates,dictate,VERB,VBZ,ROOT,dictates
285,Category 1: Risk,effort,effort,NOUN,NN,dobj,dictates
285,Category 1: Risk,game,game,NOUN,NN,pobj,into
285,Category 1: Risk,option,option,NOUN,NN,attr,be
285,Category 1: Risk,scoring,score,VERB,VBG,pcomp,for
285,Category 1: Risk,lead,lead,NOUN,NN,nsubj,is
285,Category 1: Risk,higher,high,ADJ,JJR,acomp,is
285,Category 1: Risk,expect,expect,VERB,VB,conj,is
285,Category 1: Risk,greater,great,ADJ,JJR,acomp,be
264,Category 1: Risk,Thorn,thorn,PROPN,NNP,nsubj,is
264,Category 1: Risk,somewhat,somewhat,ADV,RB,advmod,over
264,Category 1: Risk,head,head,NOUN,NN,pobj,over
264,Category 1: Risk,typically,typically,ADV,RB,advmod,is
264,Category 1: Risk,unable,unable,ADJ,JJ,acomp,is
264,Category 1: Risk,perform,perform,VERB,VB,xcomp,unable
264,Category 1: Risk,essential,essential,ADJ,JJ,amod,functions
264,Category 1: Risk,functions,function,NOUN,NNS,dobj,perform
264,Category 1: Risk,job,job,NOUN,NN,pobj,of
264,Category 1: Risk,said,say,VERB,VBD,ROOT,said
264,Category 1: Risk,shown,show,VERB,VBN,ccomp,said
264,Category 1: Risk,willingness,willingness,NOUN,NN,dobj,shown
264,Category 1: Risk,learn,learn,VERB,VB,acl,willingness
264,Category 1: Risk,probably,probably,ADV,RB,advmod,be
264,Category 1: Risk,worth,worth,ADJ,JJ,acomp,be
264,Category 1: Risk,organization,organization,NOUN,NN,pobj,to
264,Category 1: Risk,provide,provide,VERB,VB,xcomp,worth
264,Category 1: Risk,additional,additional,ADJ,JJ,amod,support
264,Category 1: Risk,support,support,NOUN,NN,pobj,with
264,Category 1: Risk,evaluate,evaluate,VERB,VB,conj,provide
264,Category 1: Risk,improve,improve,VERB,VB,ccomp,see
264,Category 1: Risk,performance,performance,NOUN,NN,dobj,improve
158,Category 1: Risk,Joel,joel,PROPN,NNP,compound,Well
158,Category 1: Risk,performance,performance,NOUN,NN,nsubj,is
158,Category 1: Risk,want,want,VERB,VBP,ccomp,is
158,Category 1: Risk,work,work,NOUN,NN,nsubj,is
158,Category 1: Risk,standard,standard,NOUN,NN,pobj,to
158,Category 1: Risk,works,work,VERB,VBZ,ROOT,works
158,Category 1: Risk,slowly,slowly,ADV,RB,advmod,works
158,Category 1: Risk,work,work,VERB,VB,conj,works
158,Category 1: Risk,team,team,NOUN,NN,pobj,with
158,Category 1: Risk,communication,communication,NOUN,NN,nsubj,is
158,Category 1: Risk,lacking,lack,VERB,VBG,ROOT,lacking
155,Category 1: Risk,attitude,attitude,NOUN,NN,dobj,has
155,Category 1: Risk,told,tell,VERB,VBN,relcl,attitude
155,Category 1: Risk,expected,expect,VERB,VBN,ROOT,expected
155,Category 1: Risk,implied,imply,VERB,VBN,amod,something
155,Category 1: Risk,specifically,specifically,ADV,RB,advmod,told
155,Category 1: Risk,told,tell,VERB,VBN,conj,do
155,Category 1: Risk,repeated,repeat,VERB,VBN,amod,instructions
155,Category 1: Risk,instructions,instruction,NOUN,NNS,pobj,after
155,Category 1: Risk,missing,miss,VERB,VBG,advcl,lags
155,Category 1: Risk,implied,imply,VERB,VBN,conj,missing
155,Category 1: Risk,specifically,specifically,ADV,RB,advmod,told
155,Category 1: Risk,told,tell,VERB,VBN,dep,missing
155,Category 1: Risk,lags,lag,VERB,VBZ,ROOT,lags
155,Category 1: Risk,understanding,understanding,NOUN,NN,dobj,lags
155,Category 1: Risk,capacity,capacity,NOUN,NN,ROOT,capacity
155,Category 1: Risk,think,think,VERB,VB,acl,capacity
155,Category 1: Risk,beyong,beyong,PROPN,NNP,dobj,think
155,Category 1: Risk,specification,specification,NOUN,NN,nsubj,lags
155,Category 1: Risk,lags,lag,VERB,VBZ,ccomp,think
155,Category 1: Risk,development,development,NOUN,NN,dobj,lags
153,Category 1: Risk,Amy,amy,PROPN,NNP,compound,John
153,Category 1: Risk,John,john,PROPN,NNP,nsubj,is
153,Category 1: Risk,mediocre,mediocre,ADJ,JJ,amod,worker
153,Category 1: Risk,worker,worker,NOUN,NN,attr,is
153,Category 1: Risk,try,try,VERB,VB,ROOT,try
153,Category 1: Risk,asked,ask,VERB,VBN,pcomp,beyond
153,Category 1: Risk,minimum,minimum,NOUN,NN,dobj,does
153,Category 1: Risk,tasks,task,NOUN,NNS,pobj,of
153,Category 1: Risk,asked,ask,VERB,VBN,acl,tasks
153,Category 1: Risk,volunteer,volunteer,VERB,VB,ROOT,volunteer
153,Category 1: Risk,tasks,task,NOUN,NNS,dobj,take
153,Category 1: Risk,work,work,VERB,VB,ROOT,work
153,Category 1: Risk,team,team,NOUN,NN,pobj,with
153,Category 1: Risk,work,work,NOUN,NN,nsubj,is
153,Category 1: Risk,standard,standard,NOUN,NN,pobj,at
153,Category 1: Risk,expect,expect,VERB,VBP,relcl,standard
87,Category 1: Risk,friend,friend,NOUN,NN,nsubj,deepen
87,Category 1: Risk,deepen,deepen,VERB,VBP,advcl,find
87,Category 1: Risk,graduated,graduate,VERB,VBN,advcl,deepen
87,Category 1: Risk,college,college,NOUN,NN,pobj,from
87,Category 1: Risk,find,find,VERB,VB,ROOT,find
87,Category 1: Risk,suitable,suitable,ADJ,JJ,amod,job
87,Category 1: Risk,job,job,NOUN,NN,dobj,find
87,Category 1: Risk,concentrated,concentrate,VERB,VBN,ROOT,concentrated
87,Category 1: Risk,subject,subject,NOUN,NN,pobj,on
87,Category 1: Risk,studying,study,VERB,VBG,advcl,concentrated
87,Category 1: Risk,college,college,NOUN,NN,pobj,in
87,Category 1: Risk,attend,attend,VERB,VB,ROOT,attend
87,Category 1: Risk,campus,campus,NOUN,NN,compound,interview
87,Category 1: Risk,interview,interview,NOUN,NN,dobj,attend
87,Category 1: Risk,held,hold,VERB,VBN,acl,interview
87,Category 1: Risk,college,college,NOUN,NN,pobj,at
87,Category 1: Risk,laziness,laziness,NOUN,NN,pobj,by
87,Category 1: Risk,difficult,difficult,ADJ,JJ,acomp,was
87,Category 1: Risk,perfect,perfect,ADJ,JJ,amod,job
87,Category 1: Risk,job,job,NOUN,NN,dobj,get
87,Category 1: Risk,sad,sad,ADJ,JJ,acomp,is
87,Category 1: Risk,hear,hear,VERB,VB,xcomp,is
87,Category 1: Risk,currently,currently,ADV,RB,advmod,struggling
87,Category 1: Risk,struggling,struggle,VERB,VBG,ccomp,hear
87,Category 1: Risk,find,find,VERB,VB,xcomp,struggling
87,Category 1: Risk,suitable,suitable,ADJ,JJ,amod,job
87,Category 1: Risk,job,job,NOUN,NN,dobj,find
87,Category 1: Risk,relevant,relevant,ADJ,JJ,amod,job
87,Category 1: Risk,studies,study,NOUN,NNS,pobj,to
85,Category 1: Risk,Broderick,broderick,PROPN,NNP,compound,Hays
85,Category 1: Risk,Hays,hays,PROPN,NNP,nsubj,is
85,Category 1: Risk,late,late,ADJ,JJ,acomp,is
85,Category 1: Risk,making,make,VERB,VBG,ROOT,making
85,Category 1: Risk,errors,error,NOUN,NNS,dobj,making
85,Category 1: Risk,projects,project,NOUN,NNS,pobj,in
85,Category 1: Risk,collaborate,collaborate,VERB,VB,ROOT,collaborate
85,Category 1: Risk,members,member,NOUN,NNS,pobj,with
85,Category 1: Risk,tasks,task,NOUN,NNS,pobj,on
85,Category 1: Risk,listen,listen,VERB,VB,conj,collaborate
85,Category 1: Risk,advice,advice,NOUN,NN,pobj,to
85,Category 1: Risk,good,good,ADJ,JJ,amod,asset
85,Category 1: Risk,asset,asset,NOUN,NN,attr,being
85,Category 1: Risk,firm,firm,NOUN,NN,pobj,for
83,Category 1: Risk,Broderick,broderick,PROPN,NNP,poss,work
83,Category 1: Risk,work,work,NOUN,NN,nsubj,was
83,Category 1: Risk,project,project,NOUN,NN,nsubj,was
83,Category 1: Risk,usable,usable,ADJ,JJ,acomp,was
83,Category 1: Risk,company,company,NOUN,NN,pobj,by
83,Category 1: Risk,low,low,ADJ,JJ,amod,quality
83,Category 1: Risk,quality,quality,NOUN,NN,pobj,to
83,Category 1: Risk,Unfortunately,unfortunately,ADV,RB,advmod,is
83,Category 1: Risk,ordinary,ordinary,ADJ,JJ,pobj,of
83,Category 1: Risk,Broderick,broderick,PROPN,NNP,pobj,for
83,Category 1: Risk,work,work,NOUN,NN,nsubj,is
83,Category 1: Risk,usually,usually,ADV,RB,advmod,is
83,Category 1: Risk,high,high,ADJ,JJ,amod,quality
83,Category 1: Risk,quality,quality,NOUN,NN,pobj,of
83,Category 1: Risk,project,project,NOUN,NN,nsubj,was
83,Category 1: Risk,busy,busy,ADJ,JJ,oprd,keep
83,Category 1: Risk,test,test,VERB,VB,conj,keep
83,Category 1: Risk,performance,performance,NOUN,NN,dobj,test
83,Category 1: Risk,potential,potential,NOUN,NN,conj,performance
83,Category 1: Risk,actually,actually,ADV,RB,advmod,use
83,Category 1: Risk,use,use,VERB,VB,advcl,test
83,Category 1: Risk,think,think,VERB,VB,ROOT,think
83,Category 1: Risk,Broderick,broderick,PROPN,NNP,nsubj,proved
83,Category 1: Risk,proved,prove,VERB,VBN,ccomp,think
83,Category 1: Risk,worth,worth,NOUN,NN,dobj,proved
83,Category 1: Risk,team,team,NOUN,NN,pobj,on
83,Category 1: Risk,certainly,certainly,ADV,RB,advmod,been
83,Category 1: Risk,long,long,ADV,RB,advmod,been
81,Category 1: Risk,nervous,nervous,ADJ,JJ,acomp,'m
81,Category 1: Risk,assigning,assign,VERB,VBG,advcl,'m
81,Category 1: Risk,Mackenzie,mackenzie,PROPN,NNP,dobj,assigning
81,Category 1: Risk,report,report,NOUN,NN,dobj,assigning
81,Category 1: Risk,turned,turn,VERB,VBN,advcl,find
81,Category 1: Risk,drafts,draft,NOUN,NNS,dobj,turned
81,Category 1: Risk,frequently,frequently,ADV,RB,advmod,find
81,Category 1: Risk,find,find,VERB,VBP,ROOT,find
81,Category 1: Risk,lot,lot,NOUN,NN,dobj,find
81,Category 1: Risk,glaring,glare,VERB,VBG,amod,typos
81,Category 1: Risk,typos,typo,NOUN,NNS,pobj,of
81,Category 1: Risk,miscalculations,miscalculation,NOUN,NNS,conj,typos
81,Category 1: Risk,easy,easy,ADJ,JJ,acomp,be
81,Category 1: Risk,catch,catch,VERB,VB,advcl,be
81,Category 1: Risk,proofreading,proofreading,NOUN,NN,dobj,did
81,Category 1: Risk,find,find,VERB,VBP,ROOT,find
81,Category 1: Risk,trust,trust,VERB,VB,ccomp,find
81,Category 1: Risk,turn,turn,VERB,VB,xcomp,trust
81,Category 1: Risk,work,work,NOUN,NN,dobj,turn
81,Category 1: Risk,clients,client,NOUN,NNS,pobj,into
81,Category 1: Risk,assigning,assign,VERB,VBG,pcomp,without
81,Category 1: Risk,colleagues,colleague,NOUN,NNS,dobj,assigning
81,Category 1: Risk,review,review,VERB,VB,xcomp,assigning
81,Category 1: Risk,waste,waste,NOUN,NN,attr,is
81,Category 1: Risk,resources,resource,NOUN,NNS,pobj,of
81,Category 1: Risk,worse,bad,ADJ,JJR,conj,waste
81,Category 1: Risk,care,care,VERB,VB,xcomp,seem
81,Category 1: Risk,making,make,VERB,VBG,pcomp,about
81,Category 1: Risk,improvements,improvement,NOUN,NNS,dobj,making
81,Category 1: Risk,moving,move,VERB,VBG,ccomp,see
81,Category 1: Risk,far,far,ADV,RB,advmod,moving
81,Category 1: Risk,organization,organization,NOUN,NN,pobj,in
80,Category 1: Risk,Mackenzie,mackenzie,NOUN,NN,nsubj,has
80,Category 1: Risk,trouble,trouble,NOUN,NN,dobj,has
80,Category 1: Risk,staying,stay,VERB,VBG,acl,trouble
80,Category 1: Risk,task,task,NOUN,NN,pobj,on
80,Category 1: Risk,completing,complete,VERB,VBG,conj,staying
80,Category 1: Risk,duties,duty,NOUN,NNS,dobj,completing
80,Category 1: Risk,liked,like,VERB,VBN,acomp,is
80,Category 1: Risk,coworkers,coworker,NOUN,NNS,pobj,by
80,Category 1: Risk,spends,spend,VERB,VBZ,conj,liked
80,Category 1: Risk,time,time,NOUN,NN,compound,socializing
80,Category 1: Risk,socializing,socialize,VERB,VBG,advcl,spends
80,Category 1: Risk,Mackenzie,mackenzie,PROPN,NNP,nsubj,seem
80,Category 1: Risk,advancing,advance,VERB,VBG,pcomp,about
80,Category 1: Risk,company,company,NOUN,NN,pobj,in
80,Category 1: Risk,needs,need,VERB,VBZ,ROOT,needs
80,Category 1: Risk,instruction,instruction,NOUN,NN,dobj,needs
80,Category 1: Risk,adequately,adequately,ADV,RB,advmod,complete
80,Category 1: Risk,complete,complete,VERB,VB,pcomp,on
80,Category 1: Risk,duties,duty,NOUN,NNS,dobj,complete
79,Category 1: Risk,Mackenzie,mackenzie,NOUN,NN,nsubj,is
79,Category 1: Risk,awful,awful,ADJ,JJ,amod,employee
79,Category 1: Risk,employee,employee,NOUN,NN,attr,is
79,Category 1: Risk,late,late,ADJ,JJ,acomp,'s
79,Category 1: Risk,produce,produce,VERB,VB,conj,'s
79,Category 1: Risk,quality,quality,NOUN,NN,compound,work
79,Category 1: Risk,work,work,NOUN,NN,dobj,produce
79,Category 1: Risk,work,work,VERB,VB,conj,produce
79,Category 1: Risk,constantly,constantly,ADV,RB,advmod,ignores
79,Category 1: Risk,ignores,ignore,VERB,VBZ,ROOT,ignores
79,Category 1: Risk,feedback,feedback,NOUN,NN,dobj,ignores
79,Category 1: Risk,supervisors,supervisor,NOUN,NNS,pobj,from
79,Category 1: Risk,shows,show,VERB,VBZ,conj,ignores
79,Category 1: Risk,desire,desire,NOUN,NN,dobj,shows
79,Category 1: Risk,learn,learn,VERB,VB,acl,desire
79,Category 1: Risk,improve,improve,VERB,VB,conj,learn
79,Category 1: Risk,worker,worker,NOUN,NN,attr,is
79,Category 1: Risk,likely,likely,ADV,RB,advmod,improve
79,Category 1: Risk,improve,improve,VERB,VB,relcl,worker
77,Category 1: Risk,Jalen,jalen,PROPN,NNP,compound,Summers
77,Category 1: Risk,Summers,summers,PROPN,NNPS,nsubj,fallen
77,Category 1: Risk,fallen,fall,VERB,VBN,ROOT,fallen
77,Category 1: Risk,short,short,ADJ,JJ,advmod,fallen
77,Category 1: Risk,companies,company,NOUN,NNS,pobj,of
77,Category 1: Risk,standards,standard,NOUN,NNS,pobj,of
77,Category 1: Risk,quarter,quarter,NOUN,NN,npadvmod,fallen
77,Category 1: Risk,work,work,NOUN,NN,pobj,of
77,Category 1: Risk,manages,manage,VERB,VBZ,relcl,amount
77,Category 1: Risk,actually,actually,ADV,RB,advmod,done
77,Category 1: Risk,substandard,substandard,ADJ,JJ,acomp,is
77,Category 1: Risk,needs,need,VERB,VBZ,conj,is
77,Category 1: Risk,constant,constant,ADJ,JJ,amod,holding
77,Category 1: Risk,hand,hand,NOUN,NN,compound,holding
77,Category 1: Risk,holding,holding,NOUN,NN,dobj,needs
77,Category 1: Risk,Having,have,VERB,VBG,csubj,means
77,Category 1: Risk,office,office,NOUN,NN,pobj,in
77,Category 1: Risk,means,mean,VERB,VBZ,ROOT,means
77,Category 1: Risk,somebody,somebody,PRON,NN,nsubj,have
77,Category 1: Risk,point,point,NOUN,NN,pobj,at
77,Category 1: Risk,likely,likely,ADV,RB,advmod,have
77,Category 1: Risk,sacrifice,sacrifice,VERB,VB,xcomp,have
77,Category 1: Risk,time,time,NOUN,NN,dobj,sacrifice
77,Category 1: Risk,helping,help,VERB,VBG,advcl,sacrifice
77,Category 1: Risk,figure,figure,VERB,VB,ccomp,helping
77,Category 1: Risk,able,able,ADJ,JJ,acomp,be
77,Category 1: Risk,risk,risk,NOUN,NN,attr,is
77,Category 1: Risk,organization,organization,NOUN,NN,pobj,to
76,Category 1: Risk,time,time,NOUN,NN,ROOT,time
76,Category 1: Risk,ask,ask,VERB,VBP,relcl,time
76,Category 1: Risk,Jalen,jalen,PROPN,NNP,dobj,ask
76,Category 1: Risk,complete,complete,VERB,VB,xcomp,ask
76,Category 1: Risk,report,report,NOUN,NN,dobj,complete
76,Category 1: Risk,know,know,VERB,VBP,relcl,report
76,Category 1: Risk,need,need,VERB,VB,ccomp,know
76,Category 1: Risk,ask,ask,VERB,VB,xcomp,need
76,Category 1: Risk,member,member,NOUN,NN,dobj,ask
76,Category 1: Risk,team,team,NOUN,NN,pobj,of
76,Category 1: Risk,consistently,consistently,ADV,RB,advmod,late
76,Category 1: Risk,late,late,ADJ,JJ,acomp,'s
76,Category 1: Risk,assignments,assignment,NOUN,NNS,pobj,on
76,Category 1: Risk,rarely,rarely,ADV,RB,advmod,spellchecks
76,Category 1: Risk,spellchecks,spellcheck,VERB,VBZ,conj,'s
76,Category 1: Risk,proofreads,proofread,VERB,VBZ,conj,spellchecks
76,Category 1: Risk,work,work,NOUN,NN,pobj,of
76,Category 1: Risk,Unfortunately,unfortunately,ADV,RB,advmod,help
76,Category 1: Risk,poor,poor,ADJ,JJ,amod,attitude
76,Category 1: Risk,attitude,attitude,NOUN,NN,nsubj,help
76,Category 1: Risk,work,work,NOUN,NN,pobj,toward
76,Category 1: Risk,help,help,VERB,VB,ROOT,help
76,Category 1: Risk,matters,matter,NOUN,NNS,dobj,help
76,Category 1: Risk,spoken,speak,VERB,VBN,ROOT,spoken
76,Category 1: Risk,performance,performance,NOUN,NN,pobj,about
76,Category 1: Risk,simply,simply,ADV,RB,advmod,shrugged
76,Category 1: Risk,shrugged,shrug,VERB,VBN,relcl,performance
76,Category 1: Risk,given,give,VERB,VBN,conj,shrugged
76,Category 1: Risk,word,word,NOUN,NN,compound,responses
76,Category 1: Risk,responses,response,NOUN,NNS,dobj,given
76,Category 1: Risk,Jalen,jalen,PROPN,NNP,nsubj,moving
76,Category 1: Risk,moving,move,VERB,VBG,ccomp,see
76,Category 1: Risk,far,far,ADV,RB,advmod,moving
76,Category 1: Risk,organization,organization,NOUN,NN,pobj,in
76,Category 1: Risk,result,result,NOUN,NN,pobj,as
75,Category 1: Risk,Jalen,jalen,PROPN,NNP,compound,Summers
75,Category 1: Risk,Summers,summers,PROPN,NNPS,poss,performance
75,Category 1: Risk,performance,performance,NOUN,NN,nsubj,meet
75,Category 1: Risk,meet,meet,VERB,VB,ROOT,meet
75,Category 1: Risk,standards,standard,NOUN,NNS,dobj,meet
75,Category 1: Risk,subpar,subpar,ADJ,JJ,acomp,was
75,Category 1: Risk,needs,need,VERB,VBZ,conj,was
75,Category 1: Risk,lot,lot,NOUN,NN,dobj,needs
75,Category 1: Risk,work,work,NOUN,NN,pobj,of
75,Category 1: Risk,potential,potential,NOUN,NN,attr,is
75,Category 1: Risk,particular,particular,ADJ,JJ,amod,performance
75,Category 1: Risk,performance,performance,NOUN,NN,pobj,in
75,Category 1: Risk,good,good,ADJ,JJ,amod,review
75,Category 1: Risk,review,review,NOUN,NN,dobj,get
10047,Category 1: Risk,Douglas,douglas,PROPN,NNP,nsubj,shown
10047,Category 1: Risk,shown,show,VERB,VBN,ROOT,shown
10047,Category 1: Risk,inconsistent,inconsistent,ADJ,JJ,amod,performance
10047,Category 1: Risk,performance,performance,NOUN,NN,dobj,shown
10047,Category 1: Risk,review,review,NOUN,NN,compound,period
10047,Category 1: Risk,period,period,NOUN,NN,pobj,throughout
10047,Category 1: Risk,time,time,NOUN,NN,pobj,At
10047,Category 1: Risk,review,review,NOUN,NN,pobj,of
10047,Category 1: Risk,multiple,multiple,ADJ,JJ,amod,conversations
10047,Category 1: Risk,documented,document,VERB,VBN,amod,conversations
10047,Category 1: Risk,conversations,conversation,NOUN,NNS,nsubj,occurred
10047,Category 1: Risk,occurred,occur,VERB,VBN,ROOT,occurred
10047,Category 1: Risk,quality,quality,NOUN,NN,pobj,regarding
10047,Category 1: Risk,timeliness,timeliness,NOUN,NN,conj,quality
10047,Category 1: Risk,submitted,submit,VERB,VBN,amod,documentation
10047,Category 1: Risk,documentation,documentation,NOUN,NN,pobj,of
10047,Category 1: Risk,additional,additional,ADJ,JJ,amod,conversations
10047,Category 1: Risk,conversations,conversation,NOUN,NNS,nsubj,occurred
10047,Category 1: Risk,occurred,occur,VERB,VBN,ROOT,occurred
10047,Category 1: Risk,appropriate,appropriate,ADJ,JJ,amod,communication
10047,Category 1: Risk,communication,communication,NOUN,NN,dobj,regarding
10047,Category 1: Risk,timely,timely,ADV,RB,advmod,follow
10047,Category 1: Risk,follow,follow,VERB,VB,conj,communication
10047,Category 1: Risk,requested,request,VERB,VBN,advcl,follow
10047,Category 1: Risk,provide,provide,VERB,VB,xcomp,requested
10047,Category 1: Risk,information,information,NOUN,NN,dobj,provide
10047,Category 1: Risk,phone,phone,NOUN,NN,pobj,via
10047,Category 1: Risk,email,email,NOUN,NN,conj,phone
10047,Category 1: Risk,Douglas,douglas,PROPN,NNP,nsubj,need
10047,Category 1: Risk,need,need,VERB,VB,ROOT,need
10047,Category 1: Risk,significantly,significantly,ADV,RB,advmod,improve
10047,Category 1: Risk,improve,improve,VERB,VB,xcomp,need
10047,Category 1: Risk,quality,quality,NOUN,NN,dobj,improve
10047,Category 1: Risk,timeliness,timeliness,NOUN,NN,conj,quality
10047,Category 1: Risk,work,work,NOUN,NN,pobj,of
10047,Category 1: Risk,maintain,maintain,VERB,VB,advcl,improve
10047,Category 1: Risk,employment,employment,NOUN,NN,dobj,maintain
74,Category 1: Risk,Jalen,jalen,PROPN,NNP,compound,Summers
74,Category 1: Risk,Summers,summers,PROPN,NNPS,poss,performance
74,Category 1: Risk,performance,performance,NOUN,NN,nsubj,was
74,Category 1: Risk,quarter,quarter,NOUN,NN,npadvmod,performance
74,Category 1: Risk,substandard,substandard,ADJ,JJ,acomp,was
74,Category 1: Risk,occasions,occasion,NOUN,NNS,pobj,On
74,Category 1: Risk,asked,ask,VERB,VBN,ROOT,asked
74,Category 1: Risk,prepare,prepare,VERB,VB,xcomp,asked
74,Category 1: Risk,basic,basic,ADJ,JJ,amod,requests
74,Category 1: Risk,discovery,discovery,NOUN,NN,compound,requests
74,Category 1: Risk,requests,request,NOUN,NNS,dobj,prepare
74,Category 1: Risk,missed,miss,VERB,VBD,conj,asked
74,Category 1: Risk,deadlines,deadline,NOUN,NNS,dobj,missed
74,Category 1: Risk,given,give,VERB,VBN,relcl,deadlines
74,Category 1: Risk,Jalen,jalen,PROPN,NNP,nsubj,is
74,Category 1: Risk,consistently,consistently,ADV,RB,advmod,unenthusiastic
74,Category 1: Risk,unenthusiastic,unenthusiastic,ADJ,JJ,acomp,is
74,Category 1: Risk,asked,ask,VERB,VBN,advcl,is
74,Category 1: Risk,stay,stay,VERB,VB,xcomp,asked
74,Category 1: Risk,past,past,ADV,RB,advmod,stay
74,Category 1: Risk,regular,regular,ADJ,JJ,amod,hours
74,Category 1: Risk,hours,hour,NOUN,NNS,pobj,past
74,Category 1: Risk,complete,complete,VERB,VB,advcl,stay
74,Category 1: Risk,important,important,ADJ,JJ,amod,casework
74,Category 1: Risk,casework,casework,NOUN,NN,dobj,complete
74,Category 1: Risk,nearly,nearly,ADV,RB,advmod,anyone
74,Category 1: Risk,Jalen,jalen,PROPN,NNP,nsubj,takes
74,Category 1: Risk,takes,take,VERB,VBZ,ROOT,takes
74,Category 1: Risk,sporadic,sporadic,ADJ,JJ,amod,days
74,Category 1: Risk,vacation,vacation,NOUN,NN,compound,days
74,Category 1: Risk,days,day,NOUN,NNS,dobj,takes
74,Category 1: Risk,deal,deal,VERB,VB,xcomp,takes
74,Category 1: Risk,personal,personal,ADJ,JJ,amod,issues
74,Category 1: Risk,issues,issue,NOUN,NNS,pobj,with
74,Category 1: Risk,view,view,NOUN,NN,pobj,In
74,Category 1: Risk,Jalen,jalen,PROPN,NNP,nsubj,is
74,Category 1: Risk,long,long,ADJ,JJ,acomp,is
74,Category 1: Risk,firm,firm,NOUN,NN,pobj,for
10048,Category 1: Risk,Douglas,douglas,PROPN,NNP,compound,Henry
10048,Category 1: Risk,Henry,henry,PROPN,NNP,nsubj,disappointed
10048,Category 1: Risk,disappointed,disappoint,VERB,VBN,ROOT,disappointed
10048,Category 1: Risk,quarter,quarter,NOUN,NN,npadvmod,disappointed
10048,Category 1: Risk,lacks,lack,VERB,VBZ,ROOT,lacks
10048,Category 1: Risk,motivation,motivation,NOUN,NN,dobj,lacks
10048,Category 1: Risk,complete,complete,VERB,VB,acl,motivation
10048,Category 1: Risk,work,work,NOUN,NN,dobj,complete
10048,Category 1: Risk,lately,lately,ADV,RB,advmod,complete
10048,Category 1: Risk,apathetic,apathetic,ADJ,JJ,oprd,seems
10048,Category 1: Risk,attendance,attendance,NOUN,NN,nsubj,slipping
10048,Category 1: Risk,slipping,slip,VERB,VBG,ROOT,slipping
10048,Category 1: Risk,issued,issue,VERB,VBN,conj,slipping
10048,Category 1: Risk,multiple,multiple,ADJ,JJ,amod,warnings
10048,Category 1: Risk,warnings,warning,NOUN,NNS,dobj,issued
10048,Category 1: Risk,continues,continue,VERB,VBZ,advcl,have
10048,Category 1: Risk,let,let,VERB,VB,xcomp,have
10084,Category 1: Risk,feel,feel,VERB,VBP,ROOT,feel
10084,Category 1: Risk,like,like,SCONJ,IN,mark,overpromised
10084,Category 1: Risk,Layla,layla,PROPN,NNP,nsubj,overpromised
10084,Category 1: Risk,overpromised,overpromise,VERB,VBN,advcl,feel
10084,Category 1: Risk,interview,interview,NOUN,NN,pobj,during
10084,Category 1: Risk,found,find,VERB,VBN,ROOT,found
10084,Category 1: Risk,extended,extended,ADJ,JJ,amod,breaks
10084,Category 1: Risk,breaks,break,NOUN,NNS,pobj,on
10084,Category 1: Risk,phone,phone,NOUN,NN,pobj,on
10084,Category 1: Risk,little,little,ADJ,JJ,amod,drive
10084,Category 1: Risk,drive,drive,NOUN,NN,pobj,with
10084,Category 1: Risk,interest,interest,NOUN,NN,conj,drive
10084,Category 1: Risk,accomplish,accomplish,VERB,VB,advcl,found
10084,Category 1: Risk,job,job,NOUN,NN,dobj,accomplish
10084,Category 1: Risk,barely,barely,ADV,RB,advmod,squeaks
10084,Category 1: Risk,squeaks,squeak,VERB,VBZ,ROOT,squeaks
10084,Category 1: Risk,minimal,minimal,ADJ,JJ,amod,accomplishment
10084,Category 1: Risk,accomplishment,accomplishment,NOUN,NN,pobj,with
10084,Category 1: Risk,Maybe,maybe,ADV,RB,advmod,consider
10084,Category 1: Risk,consider,consider,VERB,VB,ROOT,consider
10084,Category 1: Risk,appropriate,appropriate,ADJ,JJ,ccomp,consider
20047,Category 1: Risk,Carson,carson,PROPN,NNP,nsubj,working
20047,Category 1: Risk,working,work,VERB,VBG,ROOT,working
20047,Category 1: Risk,evaluation,evaluation,NOUN,NN,pobj,in
20047,Category 1: Risk,punctual,punctual,ADJ,JJ,acomp,is
20047,Category 1: Risk,oft,oft,ADV,RB,advmod,absent
20047,Category 1: Risk,absent,absent,ADJ,JJ,acomp,is
20047,Category 1: Risk,work,work,NOUN,NN,compound,quality
20047,Category 1: Risk,quality,quality,NOUN,NN,nsubj,is
20047,Category 1: Risk,poor,poor,ADJ,JJ,acomp,is
20047,Category 1: Risk,effort,effort,NOUN,NN,nsubj,is
20047,Category 1: Risk,believe,believe,VERB,VB,ROOT,believe
20047,Category 1: Risk,viable,viable,ADJ,JJ,amod,investment
20047,Category 1: Risk,investment,investment,NOUN,NN,attr,is
20047,Category 1: Risk,worth,worth,ADJ,JJ,acomp,is
20047,Category 1: Risk,time,time,NOUN,NN,npadvmod,worth
20047,Category 1: Risk,resources,resource,NOUN,NNS,conj,time
20045,Category 1: Risk,Cason,cason,PROPN,NNP,poss,performance
20045,Category 1: Risk,performance,performance,NOUN,NN,nsubj,been
20045,Category 1: Risk,short,short,ADJ,JJ,amod,nothing
20045,Category 1: Risk,disappointing,disappointing,ADJ,JJ,pcomp,of
20045,Category 1: Risk,past,past,ADJ,JJ,amod,quarter
20045,Category 1: Risk,quarter,quarter,NOUN,NN,pobj,in
20045,Category 1: Risk,perpetually,perpetually,ADV,RB,advmod,distracted
20045,Category 1: Risk,distracted,distract,VERB,VBN,acomp,is
20045,Category 1: Risk,met,meet,VERB,VBN,conj,is
20045,Category 1: Risk,deadline,deadline,NOUN,NN,dobj,met
20045,Category 1: Risk,month,month,NOUN,NN,pobj,in
20045,Category 1: Risk,meet,meet,VERB,VB,advcl,failed
20045,Category 1: Risk,deadline,deadline,NOUN,NN,dobj,meet
20045,Category 1: Risk,work,work,NOUN,NN,nsubj,failed
20045,Category 1: Risk,failed,fail,VERB,VBD,ROOT,failed
20045,Category 1: Risk,pass,pass,VERB,VB,xcomp,failed
20045,Category 1: Risk,quality,quality,NOUN,NN,compound,control
20045,Category 1: Risk,control,control,NOUN,NN,compound,checkpoint
20045,Category 1: Risk,checkpoint,checkpoint,NOUN,NN,dobj,pass
20045,Category 1: Risk,rate,rate,NOUN,NN,pobj,At
20045,Category 1: Risk,necessity,necessity,NOUN,NN,attr,be
20045,Category 1: Risk,find,find,VERB,VB,acl,necessity
20045,Category 1: Risk,suitable,suitable,ADJ,JJ,amod,replacement
20045,Category 1: Risk,replacement,replacement,NOUN,NN,dobj,find
20045,Category 1: Risk,Cason,cason,PROPN,NNP,pobj,for
20045,Category 1: Risk,miraculous,miraculous,ADJ,JJ,amod,something
20045,Category 1: Risk,performance,performance,NOUN,NN,pobj,up
20045,Category 1: Risk,par,par,NOUN,NN,pobj,on
20045,Category 1: Risk,best,good,ADJ,JJS,amod,performers
20045,Category 1: Risk,performers,performer,NOUN,NNS,pobj,with
20043,Category 1: Risk,Cason,cason,PROPN,NNP,compound,Vargas
20043,Category 1: Risk,Vargas,vargas,PROPN,NNP,nsubj,is
20043,Category 1: Risk,software,software,NOUN,NN,compound,developer
20043,Category 1: Risk,developer,developer,NOUN,NN,attr,is
20043,Category 1: Risk,customer,customer,NOUN,NN,compound,service
20043,Category 1: Risk,service,service,NOUN,NN,compound,team
20043,Category 1: Risk,team,team,NOUN,NN,pobj,for
20043,Category 1: Risk,started,start,VERB,VBD,ROOT,started
20043,Category 1: Risk,fall,fall,NOUN,NN,npadvmod,started
20043,Category 1: Risk,responsible,responsible,ADJ,JJ,acomp,been
20043,Category 1: Risk,improving,improve,VERB,VBG,pcomp,for
20043,Category 1: Risk,user,user,NOUN,NN,compound,interface
20043,Category 1: Risk,interface,interface,NOUN,NN,compound,errors
20043,Category 1: Risk,errors,error,NOUN,NNS,dobj,improving
20043,Category 1: Risk,bugs,bug,NOUN,NNS,conj,errors
20043,Category 1: Risk,customer,customer,NOUN,NN,compound,service
20043,Category 1: Risk,service,service,NOUN,NN,compound,applications
20043,Category 1: Risk,applications,application,NOUN,NNS,pobj,on
20043,Category 1: Risk,operated,operate,VERB,VBN,advcl,been
20043,Category 1: Risk,different,different,ADJ,JJ,amod,types
20043,Category 1: Risk,types,type,NOUN,NNS,pobj,on
20043,Category 1: Risk,technologies,technology,NOUN,NNS,pobj,of
20043,Category 1: Risk,website,website,NOUN,NN,conj,types
20043,Category 1: Risk,mobile,mobile,ADJ,JJ,amod,website
20043,Category 1: Risk,website,website,NOUN,NN,conj,website
20043,Category 1: Risk,mobile,mobile,ADJ,JJ,amod,app
20043,Category 1: Risk,app,app,NOUN,NN,conj,website
20043,Category 1: Risk,store,store,NOUN,NN,pobj,in
20043,Category 1: Risk,machines,machine,NOUN,NNS,conj,website
20043,Category 1: Risk,attended,attend,VERB,VBN,ROOT,attended
20043,Category 1: Risk,multiple,multiple,ADJ,JJ,amod,customers
20043,Category 1: Risk,customers,customer,NOUN,NNS,pobj,to
20043,Category 1: Risk,received,receive,VERB,VBN,conj,attended
20043,Category 1: Risk,feedback,feedback,NOUN,NN,dobj,received
20043,Category 1: Risk,bugs,bug,NOUN,NNS,nsubj,remain
20043,Category 1: Risk,remain,remain,VERB,VBP,ccomp,received
20043,Category 1: Risk,company,company,NOUN,NN,poss,technologies
20043,Category 1: Risk,technologies,technology,NOUN,NNS,pobj,on
20043,Category 1: Risk,customers,customer,NOUN,NNS,nsubj,are
20043,Category 1: Risk,satisfied,satisfied,ADJ,JJ,acomp,are
20043,Category 1: Risk,user,user,NOUN,NN,compound,experience
20043,Category 1: Risk,experience,experience,NOUN,NN,pobj,with
20043,Category 1: Risk,noticed,notice,VERB,VBN,ROOT,noticed
20043,Category 1: Risk,Cason,cason,PROPN,NNP,nsubj,missing
20043,Category 1: Risk,missing,miss,VERB,VBG,ccomp,noticed
20043,Category 1: Risk,staff,staff,NOUN,NN,compound,meetings
20043,Category 1: Risk,meetings,meeting,NOUN,NNS,dobj,missing
20043,Category 1: Risk,concerned,concerned,ADJ,JJ,acomp,'m
20043,Category 1: Risk,work,work,NOUN,NN,compound,record
20043,Category 1: Risk,record,record,NOUN,NN,pobj,about
20043,Category 1: Risk,quarter,quarter,NOUN,NN,npadvmod,concerned
20028,Category 1: Risk,Cain,cain,PROPN,NNP,nsubj,started
20028,Category 1: Risk,started,start,VERB,VBD,ROOT,started
20028,Category 1: Risk,company,company,NOUN,NN,pobj,with
20028,Category 1: Risk,month,month,NOUN,NN,npadvmod,started
20028,Category 1: Risk,day,day,NOUN,NN,nsubj,been
20028,Category 1: Risk,ray,ray,NOUN,NN,attr,been
20028,Category 1: Risk,sunshine,sunshine,NOUN,NN,pobj,of
20028,Category 1: Risk,time,time,NOUN,NN,attr,'s
20028,Category 1: Risk,work,work,VERB,VB,pobj,to
20028,Category 1: Risk,Cain,cain,PROPN,NNP,nsubj,gives
20028,Category 1: Risk,gives,give,VERB,VBZ,ROOT,gives
20028,Category 1: Risk,percent,percent,NOUN,NN,dobj,gives
20028,Category 1: Risk,task,task,NOUN,NN,pobj,to
20028,Category 1: Risk,likes,like,VERB,VBZ,relcl,task
20028,Category 1: Risk,help,help,VERB,VB,advcl,is
20028,Category 1: Risk,people,people,NOUN,NNS,dobj,help
20028,Category 1: Risk,feels,feel,VERB,VBZ,advcl,gives
20028,Category 1: Risk,like,like,ADP,IN,prep,feels
20028,Category 1: Risk,customers,customer,NOUN,NNS,nsubj,is
20028,Category 1: Risk,liking,liking,NOUN,NN,pobj,to
20028,Category 1: Risk,Thursday,thursday,PROPN,NNP,attr,is
20028,Category 1: Risk,Cain,cain,PROPN,NNP,nsubj,is
20028,Category 1: Risk,rude,rude,ADJ,JJ,acomp,is
20028,Category 1: Risk,manner,manner,NOUN,NN,pobj,in
20028,Category 1: Risk,removed,remove,VERB,VBN,xcomp,has
20028,Category 1: Risk,floor,floor,NOUN,NN,pobj,from
20028,Category 1: Risk,wish,wish,VERB,VBP,ROOT,wish
20028,Category 1: Risk,consistent,consistent,ADJ,JJ,amod,performance
20028,Category 1: Risk,performance,performance,NOUN,NN,dobj,see
20028,Category 1: Risk,Cain,cain,PROPN,NNP,pobj,from
20028,Category 1: Risk,right,right,ADV,RB,advmod,now
20028,Category 1: Risk,frustrated,frustrate,VERB,VBN,advcl,see
20028,Category 1: Risk,inconsistent,inconsistent,ADJ,JJ,amod,performance
20028,Category 1: Risk,performance,performance,NOUN,NN,pobj,with
20005,Category 1: Risk,Jude,jude,PROPN,NNP,nsubj,has
20005,Category 1: Risk,potential,potential,NOUN,NN,dobj,has
20005,Category 1: Risk,needs,need,VERB,VBZ,conj,has
20005,Category 1: Risk,coaching,coach,VERB,VBG,xcomp,needs
20005,Category 1: Risk,areas,area,NOUN,NNS,pobj,in
20005,Category 1: Risk,quality,quality,NOUN,NN,nsubj,is
20005,Category 1: Risk,work,work,NOUN,NN,pobj,of
20005,Category 1: Risk,poor,poor,ADJ,JJ,acomp,is
20005,Category 1: Risk,mistakes,mistake,NOUN,NNS,pobj,with
20005,Category 1: Risk,talked,talk,VERB,VBN,ROOT,talked
20005,Category 1: Risk,Jude,jude,PROPN,NNP,pobj,to
20005,Category 1: Risk,occasions,occasion,NOUN,NNS,pobj,on
20005,Category 1: Risk,work,work,NOUN,NN,compound,quality
20005,Category 1: Risk,quality,quality,NOUN,NN,pobj,about
20005,Category 1: Risk,defensive,defensive,ADJ,JJ,acomp,are
20005,Category 1: Risk,deny,deny,VERB,VB,conj,are
20005,Category 1: Risk,mistakes,mistake,NOUN,NNS,dobj,deny
20005,Category 1: Risk,shown,show,VERB,VBN,advcl,deny
20005,Category 1: Risk,examples,example,NOUN,NNS,dobj,shown
20005,Category 1: Risk,Jude,jude,PROPN,NNP,nsubj,needs
20005,Category 1: Risk,needs,need,VERB,VBZ,ROOT,needs
20005,Category 1: Risk,act,act,VERB,VB,xcomp,needs
20005,Category 1: Risk,professional,professional,ADJ,JJ,amod,manner
20005,Category 1: Risk,manner,manner,NOUN,NN,pobj,in
20005,Category 1: Risk,sort,sort,NOUN,NN,dobj,take
20005,Category 1: Risk,feedback,feedback,NOUN,NN,pobj,of
20005,Category 1: Risk,Jude,jude,PROPN,NNP,nsubjpass,given
20005,Category 1: Risk,given,give,VERB,VBN,ROOT,given
20005,Category 1: Risk,raise,raise,NOUN,NN,dobj,given
20005,Category 1: Risk,year,year,NOUN,NN,npadvmod,given
20005,Category 1: Risk,needs,need,VERB,VBZ,conj,given
20005,Category 1: Risk,complete,complete,VERB,VB,xcomp,needs
20005,Category 1: Risk,rigid,rigid,ADJ,JJ,amod,program
20005,Category 1: Risk,coaching,coaching,NOUN,NN,compound,program
20005,Category 1: Risk,program,program,NOUN,NN,dobj,complete
20005,Category 1: Risk,continue,continue,VERB,VB,advcl,complete
20005,Category 1: Risk,employment,employment,NOUN,NN,dobj,continue
20003,Category 1: Risk,Jude,jude,PROPN,NNP,nsubj,is
20003,Category 1: Risk,embarrassment,embarrassment,NOUN,NN,attr,is
20003,Category 1: Risk,tries,try,VERB,VBZ,ROOT,tries
20003,Category 1: Risk,cares,care,VERB,VBZ,conj,tries
20003,Category 1: Risk,job,job,NOUN,NN,pobj,at
20003,Category 1: Risk,keeps,keep,VERB,VBZ,advcl,have
20003,Category 1: Risk,wo,will,AUX,MD,aux,have
20003,Category 1: Risk,nt,not,PART,RB,neg,have
20003,Category 1: Risk,future,future,NOUN,NN,dobj,have
20003,Category 1: Risk,company,company,NOUN,NN,pobj,in
20003,Category 1: Risk,waste,waste,NOUN,NN,ROOT,waste
20003,Category 1: Risk,potential,potential,NOUN,NN,pobj,of
20002,Category 1: Risk,Jude,jude,PROPN,NNP,nsubj,working
20002,Category 1: Risk,working,work,VERB,VBG,ROOT,working
20002,Category 1: Risk,satisfactory,satisfactory,ADJ,JJ,amod,level
20002,Category 1: Risk,level,level,NOUN,NN,pobj,to
20002,Category 1: Risk,improve,improve,VERB,VB,conj,working
20002,Category 1: Risk,aspects,aspect,NOUN,NNS,pobj,on
20002,Category 1: Risk,work,work,NOUN,NN,pobj,on
20002,Category 1: Risk,worker,worker,NOUN,NN,nsubj,needs
20002,Category 1: Risk,question,question,NOUN,NN,pobj,in
20002,Category 1: Risk,needs,need,VERB,VBZ,ROOT,needs
20002,Category 1: Risk,better,well,ADJ,JJR,amod,attitude
20002,Category 1: Risk,attitude,attitude,NOUN,NN,dobj,show
20002,Category 1: Risk,positive,positive,ADJ,JJ,amod,outlook
20002,Category 1: Risk,outlook,outlook,NOUN,NN,conj,attitude
20002,Category 1: Risk,work,work,NOUN,NN,pobj,to
20002,Category 1: Risk,sure,sure,ADJ,JJ,ccomp,make
20002,Category 1: Risk,completed,complete,VERB,VBN,ccomp,sure
20002,Category 1: Risk,timely,timely,ADJ,JJ,amod,manner
20002,Category 1: Risk,manner,manner,NOUN,NN,pobj,in
20002,Category 1: Risk,better,well,ADJ,JJR,amod,detail
20002,Category 1: Risk,detail,detail,NOUN,NN,pobj,with
20002,Category 1: Risk,jude,jude,PROPN,NNP,nsubj,show
20002,Category 1: Risk,willingness,willingness,NOUN,NN,dobj,show
20002,Category 1: Risk,progress,progress,VERB,VB,acl,willingness
20002,Category 1: Risk,look,look,VERB,VB,ROOT,look
20002,Category 1: Risk,future,future,NOUN,NN,pobj,in
20002,Category 1: Risk,work,work,VERB,VB,ccomp,see
20002,Category 1: Risk,individual,individual,NOUN,NN,pobj,with
20002,Category 1: Risk,improvements,improvement,NOUN,NNS,nsubj,needed
20002,Category 1: Risk,needed,need,VERB,VBN,ccomp,make
20001,Category 1: Risk,Jude,jude,PROPN,NNP,nsubj,been
20001,Category 1: Risk,disappointing,disappointing,ADJ,JJ,acomp,been
20001,Category 1: Risk,key,key,ADJ,JJ,amod,aspects
20001,Category 1: Risk,aspects,aspect,NOUN,NNS,pobj,in
20001,Category 1: Risk,work,work,NOUN,NN,pobj,of
20001,Category 1: Risk,Despite,despite,SCONJ,IN,prep,failed
20001,Category 1: Risk,allocated,allocate,VERB,VBN,pcomp,Despite
20001,Category 1: Risk,number,number,NOUN,NN,pobj,to
20001,Category 1: Risk,different,different,ADJ,JJ,amod,tasks
20001,Category 1: Risk,tasks,task,NOUN,NNS,pobj,of
20001,Category 1: Risk,failed,fail,VERB,VBN,ROOT,failed
20001,Category 1: Risk,demonstrate,demonstrate,VERB,VB,xcomp,failed
20001,Category 1: Risk,satisfactory,satisfactory,ADJ,JJ,amod,level
20001,Category 1: Risk,level,level,NOUN,NN,dobj,demonstrate
20001,Category 1: Risk,output,output,NOUN,NN,pobj,of
20001,Category 1: Risk,engagement,engagement,NOUN,NN,nsubj,been
20001,Category 1: Risk,job,job,NOUN,NN,pobj,with
20001,Category 1: Risk,poor,poor,ADJ,JJ,acomp,been
20001,Category 1: Risk,shows,show,VERB,VBZ,conj,been
20001,Category 1: Risk,little,little,ADJ,JJ,amod,interest
20001,Category 1: Risk,interest,interest,NOUN,NN,dobj,shows
20001,Category 1: Risk,developing,develop,VERB,VBG,pcomp,in
20001,Category 1: Risk,opportunities,opportunity,NOUN,NNS,nsubjpass,provided
20001,Category 1: Risk,provided,provide,VERB,VBN,advcl,shows
20001,Category 1: Risk,benefit,benefit,NOUN,NN,attr,be
20001,Category 1: Risk,retaining,retain,VERB,VBG,pcomp,to
20001,Category 1: Risk,Jude,jude,PROPN,NNP,dobj,retaining
20001,Category 1: Risk,short,short,ADJ,JJ,amod,term
20001,Category 1: Risk,long,long,ADJ,JJ,conj,short
20001,Category 1: Risk,term,term,NOUN,NN,pobj,in
10210,Category 1: Risk,Jaiden,jaiden,PROPN,NNP,nsubj,failing
10210,Category 1: Risk,repeatedly,repeatedly,ADV,RB,advmod,failing
10210,Category 1: Risk,failing,fail,VERB,VBG,ROOT,failing
10210,Category 1: Risk,deliver,deliver,VERB,VB,xcomp,failing
10210,Category 1: Risk,asked,ask,VERB,VBN,ccomp,deliver
10210,Category 1: Risk,little,little,ADJ,JJ,dobj,show
10210,Category 1: Risk,interest,interest,NOUN,NN,pobj,to
10210,Category 1: Risk,assignments,assignment,NOUN,NNS,pobj,in
10210,Category 1: Risk,team,team,NOUN,NN,nsubj,had
10210,Category 1: Risk,work,work,VERB,VB,xcomp,had
10210,Category 1: Risk,extra,extra,ADJ,JJ,amod,hours
10210,Category 1: Risk,hours,hour,NOUN,NNS,dobj,work
10210,Category 1: Risk,lacklustre,lacklustre,ADJ,JJ,amod,performance
10210,Category 1: Risk,performance,performance,NOUN,NN,pobj,because
10210,Category 1: Risk,quarter,quarter,NOUN,NN,npadvmod,work
10210,Category 1: Risk,simple,simple,ADJ,JJ,amod,task
10210,Category 1: Risk,day,day,NOUN,NN,compound,task
10210,Category 1: Risk,task,task,NOUN,NN,nsubj,takes
10210,Category 1: Risk,takes,take,VERB,VBZ,ROOT,takes
10210,Category 1: Risk,days,day,NOUN,NNS,dobj,takes
10210,Category 1: Risk,assigned,assign,VERB,VBN,advcl,takes
10210,Category 1: Risk,Jaiden,jaiden,PROPN,NNP,pobj,to
10210,Category 1: Risk,believe,believe,VERB,VBP,ROOT,believe
10210,Category 1: Risk,sort,sort,NOUN,NN,nsubj,continues
10210,Category 1: Risk,abysmal,abysmal,ADJ,JJ,amod,work
10210,Category 1: Risk,work,work,NOUN,NN,pobj,of
10210,Category 1: Risk,continues,continue,VERB,VBZ,advcl,have
10210,Category 1: Risk,start,start,VERB,VB,xcomp,have
10210,Category 1: Risk,looking,look,VERB,VBG,xcomp,start
10208,Category 1: Risk,Jaiden,jaiden,PROPN,NNP,nsubj,showed
10208,Category 1: Risk,showed,show,VERB,VBD,ROOT,showed
10208,Category 1: Risk,quarter,quarter,NOUN,NN,dobj,showed
10208,Category 1: Risk,perform,perform,VERB,VB,ccomp,showed
10208,Category 1: Risk,sorry,sorry,ADJ,JJ,acomp,'m
10208,Category 1: Risk,hiring,hire,VERB,VBG,csubj,is
10208,Category 1: Risk,guy,guy,NOUN,NN,dobj,hiring
10208,Category 1: Risk,good,good,ADJ,JJ,acomp,is
10208,Category 1: Risk,company,company,NOUN,NN,pobj,for
10208,Category 1: Risk,understood,understand,VERB,VBN,csubj,is
10208,Category 1: Risk,puts,put,VERB,VBZ,advcl,do
10208,Category 1: Risk,effort,effort,NOUN,NN,dobj,puts
10208,Category 1: Risk,work,work,NOUN,NN,pobj,into
10208,Category 1: Risk,wo,will,AUX,MD,aux,do
10208,Category 1: Risk,good,good,NOUN,NN,dobj,do
10208,Category 1: Risk,know,know,VERB,VB,ROOT,know
10208,Category 1: Risk,tell,tell,VERB,VB,xcomp,know
10208,Category 1: Risk,maybe,maybe,ADV,RB,advmod,recommend
10208,Category 1: Risk,recommend,recommend,VERB,VBP,pcomp,except
10208,Category 1: Risk,firing,fire,VERB,VBG,xcomp,recommend
10207,Category 1: Risk,Jayden,jayden,PROPN,NNP,compound,Horne
10207,Category 1: Risk,Horne,horne,PROPN,NNP,nsubj,is
10207,Category 1: Risk,team,team,NOUN,NN,compound,player
10207,Category 1: Risk,player,player,NOUN,NN,attr,is
10207,Category 1: Risk,shown,show,VERB,VBN,ROOT,shown
10207,Category 1: Risk,competence,competence,NOUN,NN,nsubj,is
10207,Category 1: Risk,level,level,NOUN,NN,pobj,below
10207,Category 1: Risk,required,require,VERB,VBN,relcl,level
10207,Category 1: Risk,present,present,ADJ,JJ,amod,At
10207,Category 1: Risk,tasks,task,NOUN,NNS,nsubj,are
10207,Category 1: Risk,completed,complete,VERB,VBN,relcl,tasks
10207,Category 1: Risk,average,average,ADJ,JJ,pobj,below
10207,Category 1: Risk,time,time,NOUN,NN,pobj,With
10207,Category 1: Risk,Jaiden,jaiden,PROPN,NNP,nsubj,improve
10207,Category 1: Risk,improve,improve,VERB,VB,ROOT,improve
10169,Category 1: Risk,Katherine,katherine,PROPN,NNP,nsubj,misses
10169,Category 1: Risk,consistently,consistently,ADV,RB,advmod,misses
10169,Category 1: Risk,misses,miss,VERB,VBZ,ROOT,misses
10169,Category 1: Risk,deadlines,deadline,NOUN,NNS,dobj,misses
10169,Category 1: Risk,shows,show,VERB,VBZ,ROOT,shows
10169,Category 1: Risk,signs,sign,NOUN,NNS,dobj,shows
10169,Category 1: Risk,caring,care,VERB,VBG,pcomp,of
10169,Category 1: Risk,improving,improve,VERB,VBG,pcomp,about
10169,Category 1: Risk,subpar,subpar,ADJ,JJ,amod,work
10169,Category 1: Risk,work,work,NOUN,NN,dobj,improving
10169,Category 1: Risk,quality,quality,NOUN,NN,nsubj,is
10169,Category 1: Risk,performance,performance,NOUN,NN,pobj,of
10169,Category 1: Risk,lower,low,ADJ,JJR,acomp,is
10169,Category 1: Risk,rest,rest,NOUN,NN,pobj,than
10169,Category 1: Risk,team,team,NOUN,NN,pobj,of
10169,Category 1: Risk,proficient,proficient,ADJ,JJ,acomp,is
10169,Category 1: Risk,organizing,organize,VERB,VBG,amod,spreadsheets
10169,Category 1: Risk,spreadsheets,spreadsheet,NOUN,NNS,pobj,at
10169,Category 1: Risk,listed,list,VERB,VBN,relcl,spreadsheets
10169,Category 1: Risk,resume,resume,NOUN,NN,pobj,on
10169,Category 1: Risk,late,late,ADJ,JJ,acomp,is
10169,Category 1: Risk,work,work,VERB,VB,xcomp,is
10169,Category 1: Risk,times,time,NOUN,NNS,npadvmod,work
10168,Category 1: Risk,Katherine,katherine,PROPN,NNP,nsubj,struggles
10168,Category 1: Risk,struggles,struggle,VERB,VBZ,ROOT,struggles
10168,Category 1: Risk,meet,meet,VERB,VB,xcomp,struggles
10168,Category 1: Risk,minimum,minimum,ADJ,JJ,amod,requirements
10168,Category 1: Risk,requirements,requirement,NOUN,NNS,dobj,meet
10168,Category 1: Risk,role,role,NOUN,NN,pobj,of
10168,Category 1: Risk,occasions,occasion,NOUN,NNS,pobj,On
10168,Category 1: Risk,perform,perform,VERB,VB,ROOT,perform
10168,Category 1: Risk,accordance,accordance,NOUN,NN,pobj,in
10168,Category 1: Risk,company,company,NOUN,NN,compound,standards
10168,Category 1: Risk,standards,standard,NOUN,NNS,pobj,with
10168,Category 1: Risk,resulted,result,VERB,VBD,conj,perform
10168,Category 1: Risk,significant,significant,ADJ,JJ,amod,rework
10168,Category 1: Risk,rework,rework,NOUN,NN,pobj,in
10168,Category 1: Risk,Katherine,katherine,PROPN,NNP,nsubjpass,perceived
10168,Category 1: Risk,perceived,perceive,VERB,VBN,ROOT,perceived
10168,Category 1: Risk,relied,rely,VERB,VBN,relcl,someone
10168,Category 1: Risk,created,create,VERB,VBN,conj,perceived
10168,Category 1: Risk,toxic,toxic,ADJ,JJ,amod,atmosphere
10168,Category 1: Risk,atmosphere,atmosphere,NOUN,NN,dobj,created
10168,Category 1: Risk,team,team,NOUN,NN,pobj,in
10168,Category 1: Risk,Katherine,katherine,PROPN,NNP,nsubj,indicated
10168,Category 1: Risk,indicated,indicate,VERB,VBN,ROOT,indicated
10168,Category 1: Risk,willing,willing,ADJ,JJ,acomp,is
10168,Category 1: Risk,work,work,VERB,VB,xcomp,willing
10168,Category 1: Risk,performance,performance,NOUN,NN,pobj,on
10168,Category 1: Risk,reasons,reason,NOUN,NNS,pobj,For
10168,Category 1: Risk,Katherine,katherine,PROPN,NNP,nsubjpass,seen
10168,Category 1: Risk,seen,see,VERB,VBN,ROOT,seen
10168,Category 1: Risk,low,low,ADJ,JJ,amod,performer
10168,Category 1: Risk,performer,performer,NOUN,NN,pobj,as
10168,Category 1: Risk,worker,worker,NOUN,NN,conj,performer
10168,Category 1: Risk,low,low,ADJ,JJ,amod,potential
10168,Category 1: Risk,potential,potential,NOUN,NN,pobj,with
10168,Category 1: Risk,stage,stage,NOUN,NN,pobj,At
10168,Category 1: Risk,unfortunately,unfortunately,ADV,RB,advmod,concluded
10168,Category 1: Risk,concluded,conclude,VERB,VBN,ROOT,concluded
10168,Category 1: Risk,Katherine,katherine,PROPN,NNP,nsubj,be
10168,Category 1: Risk,risk,risk,NOUN,NN,pobj,at
10168,Category 1: Risk,redundancy,redundancy,NOUN,NN,pobj,of
10167,Category 1: Risk,Katherine,katherine,PROPN,NNP,nsubj,has
10167,Category 1: Risk,bad,bad,ADJ,JJ,amod,attitude
10167,Category 1: Risk,attitude,attitude,NOUN,NN,dobj,has
10167,Category 1: Risk,work,work,NOUN,NN,pobj,towards
10167,Category 1: Risk,caused,cause,VERB,VBN,conj,has
10167,Category 1: Risk,concern,concern,NOUN,NN,dobj,caused
10167,Category 1: Risk,team,team,NOUN,NN,pobj,on
10167,Category 1: Risk,everyday,everyday,ADJ,JJ,amod,performance
10167,Category 1: Risk,performance,performance,NOUN,NN,nsubj,is
10167,Category 1: Risk,low,low,ADJ,JJ,acomp,is
10167,Category 1: Risk,quality,quality,NOUN,NN,pobj,in
10167,Category 1: Risk,attempts,attempt,NOUN,NNS,nsubj,been
10167,Category 1: Risk,training,training,NOUN,NN,pobj,at
10167,Category 1: Risk,unsuccessful,unsuccessful,ADJ,JJ,acomp,been
10167,Category 1: Risk,High,high,ADJ,JJ,amod,priority
10167,Category 1: Risk,priority,priority,NOUN,NN,ROOT,priority
10167,Category 1: Risk,redundancy,redundancy,NOUN,NN,compound,list
10167,Category 1: Risk,list,list,NOUN,NN,pobj,on
10140,Category 1: Risk,Lexi,lexi,PROPN,NNP,compound,Rogers
10140,Category 1: Risk,Rogers,rogers,PROPN,NNP,nsubj,meet
10140,Category 1: Risk,meet,meet,VERB,VB,ROOT,meet
10140,Category 1: Risk,expectations,expectation,NOUN,NNS,dobj,meet
10140,Category 1: Risk,tasks,task,NOUN,NNS,pobj,with
10140,Category 1: Risk,given,give,VERB,VBN,acl,tasks
10140,Category 1: Risk,Rogers,roger,NOUN,NNS,nsubj,lacks
10140,Category 1: Risk,lacks,lack,VERB,VBZ,ROOT,lacks
10140,Category 1: Risk,consistency,consistency,NOUN,NN,dobj,lacks
10140,Category 1: Risk,work,work,NOUN,NN,pobj,in
10140,Category 1: Risk,communication,communication,NOUN,NN,conj,work
10140,Category 1: Risk,clear,clear,ADJ,JJ,acomp,is
10140,Category 1: Risk,training,training,NOUN,NN,nsubjpass,required
10140,Category 1: Risk,required,require,VERB,VBN,ccomp,is
10140,Category 1: Risk,meet,meet,VERB,VB,advcl,required
10140,Category 1: Risk,expectations,expectation,NOUN,NNS,dobj,meet
10140,Category 1: Risk,work,work,VERB,VB,ROOT,work
10140,Category 1: Risk,expectations,expectation,NOUN,NNS,pobj,to
10140,Category 1: Risk,terminated,terminate,VERB,VBN,relcl,expectations
10127,Category 1: Risk,Marc,marc,PROPN,NNP,compound,Hughes
10127,Category 1: Risk,Hughes,hughes,PROPN,NNP,nsubj,showing
10127,Category 1: Risk,showing,show,VERB,VBG,ROOT,showing
10127,Category 1: Risk,intent,intent,NOUN,NN,dobj,showing
10127,Category 1: Risk,needed,need,VERB,VBN,relcl,intent
10127,Category 1: Risk,level,level,NOUN,NN,pobj,at
10127,Category 1: Risk,Overall,overall,ADJ,JJ,advmod,shown
10127,Category 1: Risk,work,work,NOUN,NN,nsubj,shown
10127,Category 1: Risk,shown,show,VERB,VBN,ROOT,shown
10127,Category 1: Risk,little,little,ADJ,JJ,amod,talent
10127,Category 1: Risk,talent,talent,NOUN,NN,dobj,shown
10127,Category 1: Risk,continue,continue,VERB,VB,advcl,do
10127,Category 1: Risk,developing,develop,VERB,VBG,xcomp,continue
10127,Category 1: Risk,skills,skill,NOUN,NNS,dobj,developing
10127,Category 1: Risk,time,time,NOUN,NN,pobj,at
10127,Category 1: Risk,work,work,NOUN,NN,nsubj,been
10127,Category 1: Risk,irregular,irregular,ADJ,JJ,acomp,been
10127,Category 1: Risk,best,well,ADV,RBS,advmod,been
10126,Category 1: Risk,achievements,achievement,NOUN,NNS,nsubj,are
10126,Category 1: Risk,normal,normal,ADJ,JJ,amod,average
10126,Category 1: Risk,average,average,NOUN,NN,pobj,below
10126,Category 1: Risk,activities,activity,NOUN,NNS,pobj,of
10126,Category 1: Risk,meet,meet,VERB,VBP,ROOT,meet
10126,Category 1: Risk,quality,quality,NOUN,NN,compound,standards
10126,Category 1: Risk,standards,standard,NOUN,NNS,dobj,meet
10126,Category 1: Risk,creativity,creativity,NOUN,NN,nsubj,null
10126,Category 1: Risk,null,null,VERB,VBG,ROOT,null
10126,Category 1: Risk,communication,communication,NOUN,NN,compound,skills
10126,Category 1: Risk,skills,skill,NOUN,NNS,nsubj,are
10126,Category 1: Risk,poor,poor,ADJ,JJ,acomp,are
10125,Category 1: Risk,Marc,marc,PROPN,NNP,nsubj,needs
10125,Category 1: Risk,needs,need,VERB,VBZ,ROOT,needs
10125,Category 1: Risk,lot,lot,NOUN,NN,dobj,needs
10125,Category 1: Risk,improvement,improvement,NOUN,NN,pobj,of
10125,Category 1: Risk,quarter,quarter,NOUN,NN,pobj,for
10125,Category 1: Risk,needs,need,VERB,VBZ,ROOT,needs
10125,Category 1: Risk,improvement,improvement,NOUN,NN,dobj,needs
10125,Category 1: Risk,listening,listen,VERB,VBG,pcomp,on
10125,Category 1: Risk,objective,objective,ADJ,JJ,amod,language
10125,Category 1: Risk,language,language,NOUN,NN,dobj,using
10125,Category 1: Risk,writing,write,VERB,VBG,advcl,using
10125,Category 1: Risk,session,session,NOUN,NN,compound,notes
10125,Category 1: Risk,notes,note,NOUN,NNS,dobj,writing
10125,Category 1: Risk,area,area,NOUN,NN,nsubj,conducting
10125,Category 1: Risk,improve,improve,VERB,VB,relcl,area
10125,Category 1: Risk,conducting,conduct,VERB,VBG,ROOT,conducting
10125,Category 1: Risk,therapy,therapy,NOUN,NN,compound,sessions
10125,Category 1: Risk,sessions,session,NOUN,NNS,dobj,conducting
10125,Category 1: Risk,kids,kid,NOUN,NNS,pobj,with
10125,Category 1: Risk,Marc,marc,PROPN,NNP,nsubj,is
10125,Category 1: Risk,great,great,ADJ,JJ,acomp,is
10125,Category 1: Risk,children,child,NOUN,NNS,pobj,with
10125,Category 1: Risk,improve,improve,VERB,VB,ROOT,improve
10125,Category 1: Risk,multi,multi,ADJ,JJ,pobj,on
10125,Category 1: Risk,tasking,task,VERB,VBG,pobj,on
10125,Category 1: Risk,playing,play,VERB,VBG,pcomp,with
10125,Category 1: Risk,kids,kid,NOUN,NNS,pobj,with
10125,Category 1: Risk,working,work,VERB,VBG,conj,playing
10125,Category 1: Risk,protocols,protocol,NOUN,NNS,pobj,on
10087,Category 1: Risk,Layla,layla,PROPN,NNP,compound,Scott
10087,Category 1: Risk,Scott,scott,PROPN,NNP,nsubj,shows
10087,Category 1: Risk,shows,show,VERB,VBZ,ROOT,shows
10087,Category 1: Risk,work,work,VERB,VB,xcomp,shows
10087,Category 1: Risk,late,late,ADV,RB,advmod,work
10087,Category 1: Risk,valid,valid,ADJ,JJ,amod,email
10087,Category 1: Risk,email,email,NOUN,NN,pobj,without
10087,Category 1: Risk,notification,notification,NOUN,NN,conj,email
10087,Category 1: Risk,leaving,leave,VERB,VBG,acl,email
10087,Category 1: Risk,team,team,NOUN,NN,dobj,leaving
10087,Category 1: Risk,wondering,wonder,VERB,VBG,advcl,shows
10087,Category 1: Risk,office,office,NOUN,NN,pobj,in
10087,Category 1: Risk,long,long,ADJ,JJ,amod,period
10087,Category 1: Risk,period,period,NOUN,NN,pobj,for
10087,Category 1: Risk,time,time,NOUN,NN,pobj,of
10087,Category 1: Risk,performances,performance,NOUN,NNS,nsubj,were
10087,Category 1: Risk,underwhelming,underwhelming,ADJ,JJ,acomp,were
10087,Category 1: Risk,takes,take,VERB,VBZ,ROOT,takes
10087,Category 1: Risk,times,time,NOUN,NNS,npadvmod,takes
10087,Category 1: Risk,average,average,ADJ,JJ,amod,worker
10087,Category 1: Risk,worker,worker,NOUN,NN,poss,time
10087,Category 1: Risk,time,time,NOUN,NN,pobj,than
10087,Category 1: Risk,finish,finish,VERB,VB,relcl,time
10087,Category 1: Risk,half,half,NOUN,NN,dobj,finish
10087,Category 1: Risk,regular,regular,ADJ,JJ,amod,tasks
10087,Category 1: Risk,assigned,assign,VERB,VBN,amod,tasks
10087,Category 1: Risk,tasks,task,NOUN,NNS,pobj,of
10085,Category 1: Risk,Layla,layla,PROPN,NNP,compound,Scott
10085,Category 1: Risk,Scott,scott,PROPN,NNP,nsubj,is
10085,Category 1: Risk,underachiever,underachiever,NOUN,NN,attr,is
10085,Category 1: Risk,bare,bare,ADJ,JJ,amod,minimum
10085,Category 1: Risk,minimum,minimum,NOUN,NN,dobj,does
10085,Category 1: Risk,best,well,ADV,RBS,advmod,does
10085,Category 1: Risk,seldom,seldom,ADV,RB,advmod,comes
10085,Category 1: Risk,comes,come,VERB,VBZ,ROOT,comes
10085,Category 1: Risk,work,work,VERB,VB,advcl,comes
10085,Category 1: Risk,early,early,ADV,RB,advmod,work
10085,Category 1: Risk,lucky,lucky,ADJ,JJ,acomp,are
10085,Category 1: Risk,comes,come,VERB,VBZ,advcl,are
10085,Category 1: Risk,time,time,NOUN,NN,pobj,on
10085,Category 1: Risk,constantly,constantly,ADV,RB,advmod,calling
10085,Category 1: Risk,calling,call,VERB,VBG,ROOT,calling
10085,Category 1: Risk,shifts,shift,NOUN,NNS,dobj,calling
10085,Category 1: Risk,work,work,NOUN,NN,pobj,for
10085,Category 1: Risk,little,little,ADJ,JJ,amod,notice
10085,Category 1: Risk,notice,notice,NOUN,NN,pobj,with
10085,Category 1: Risk,low,low,ADJ,JJ,amod,potential
10085,Category 1: Risk,potential,potential,NOUN,NN,dobj,has
10085,Category 1: Risk,good,good,ADJ,JJ,amod,waitress
10085,Category 1: Risk,waitress,waitress,NOUN,NN,attr,becoming
10085,Category 1: Risk,simply,simply,ADV,RB,advmod,refuses
10085,Category 1: Risk,refuses,refuse,VERB,VBZ,advcl,has
10085,Category 1: Risk,listen,listen,VERB,VB,xcomp,refuses
10085,Category 1: Risk,advice,advice,NOUN,NN,pobj,to
10085,Category 1: Risk,instruction,instruction,NOUN,NN,conj,advice
10059,Category 1: Risk,Amelie,amelie,PROPN,NNP,nsubj,is
10059,Category 1: Risk,fickle,fickle,ADJ,JJ,advmod,minded
10059,Category 1: Risk,minded,minded,ADJ,JJ,amod,person
10059,Category 1: Risk,person,person,NOUN,NN,attr,is
10059,Category 1: Risk,comes,come,VERB,VBZ,ROOT,comes
10059,Category 1: Risk,late,late,ADV,RB,advmod,comes
10059,Category 1: Risk,office,office,NOUN,NN,pobj,to
10059,Category 1: Risk,irregular,irregular,ADJ,JJ,acomp,Is
10059,Category 1: Risk,attending,attend,VERB,VBG,pcomp,in
10059,Category 1: Risk,meetings,meeting,NOUN,NNS,dobj,attending
10059,Category 1: Risk,listening,listen,VERB,VBG,conj,attending
10059,Category 1: Risk,properly,properly,ADV,RB,advmod,listening
10059,Category 1: Risk,Unable,unable,ADJ,JJ,ROOT,Unable
10059,Category 1: Risk,answer,answer,VERB,VB,xcomp,Unable
10059,Category 1: Risk,client,client,NOUN,NN,poss,queries
10059,Category 1: Risk,queries,query,NOUN,NNS,dobj,answer
10059,Category 1: Risk,meetings,meeting,NOUN,NNS,pobj,in
10059,Category 1: Risk,emails,email,NOUN,NNS,pobj,on
10059,Category 1: Risk,Unable,unable,ADJ,JJ,ROOT,Unable
10059,Category 1: Risk,maintain,maintain,VERB,VB,xcomp,Unable
10059,Category 1: Risk,proper,proper,ADJ,JJ,amod,balance
10059,Category 1: Risk,balance,balance,NOUN,NN,dobj,maintain
10059,Category 1: Risk,Work,work,PROPN,NNP,pobj,between
10059,Category 1: Risk,Personal,personal,PROPN,NNP,compound,Life
10059,Category 1: Risk,Life,life,PROPN,NNP,conj,Work
10059,Category 1: Risk,Unprofessional,unprofessional,ADJ,JJ,amod,behavior
10059,Category 1: Risk,behavior,behavior,NOUN,NN,ROOT,behavior
10059,Category 1: Risk,colleagues,colleague,NOUN,NNS,pobj,with
10059,Category 1: Risk,seniors,senior,NOUN,NNS,conj,colleagues
10059,Category 1: Risk,spite,spite,NOUN,NN,pobj,in
10059,Category 1: Risk,fact,fact,NOUN,NN,pobj,of
10059,Category 1: Risk,talent,talent,NOUN,NN,dobj,has
10059,Category 1: Risk,produce,produce,VERB,VB,xcomp,has
10059,Category 1: Risk,better,well,ADJ,JJR,amod,results
10059,Category 1: Risk,results,result,NOUN,NNS,dobj,produce
10059,Category 1: Risk,Needs,need,VERB,VBZ,ROOT,Needs
10059,Category 1: Risk,guided,guide,VERB,VBN,xcomp,Needs
10059,Category 1: Risk,proper,proper,ADJ,JJ,amod,direction
10059,Category 1: Risk,direction,direction,NOUN,NN,pobj,in
70,Category 1: Risk,Tom,tom,PROPN,NNP,compound,Barrett
70,Category 1: Risk,Barrett,barrett,PROPN,NNP,nsubj,struggling
70,Category 1: Risk,struggling,struggle,VERB,VBG,ccomp,is
70,Category 1: Risk,position,position,NOUN,NN,pobj,in
70,Category 1: Risk,work,work,NOUN,NN,nsubj,is
70,Category 1: Risk,rarely,rarely,ADV,RB,advmod,is
70,Category 1: Risk,minimum,minimum,ADJ,JJ,amod,level
70,Category 1: Risk,acceptable,acceptable,ADJ,JJ,amod,level
70,Category 1: Risk,level,level,NOUN,NN,pobj,to
70,Category 1: Risk,makes,make,VERB,VBZ,ROOT,makes
70,Category 1: Risk,errors,error,NOUN,NNS,dobj,makes
70,Category 1: Risk,reluctant,reluctant,ADJ,JJ,acomp,is
70,Category 1: Risk,accept,accept,VERB,VB,xcomp,reluctant
70,Category 1: Risk,criticism,criticism,NOUN,NN,dobj,accept
70,Category 1: Risk,hampering,hamper,VERB,VBG,acl,criticism
70,Category 1: Risk,ability,ability,NOUN,NN,dobj,hampering
70,Category 1: Risk,improve,improve,VERB,VB,acl,ability
70,Category 1: Risk,distracted,distract,VERB,VBN,oprd,seems
70,Category 1: Risk,work,work,NOUN,NN,pobj,at
70,Category 1: Risk,late,late,ADJ,JJ,advmod,is
70,Category 1: Risk,completing,complete,VERB,VBG,compound,tasks
70,Category 1: Risk,tasks,task,NOUN,NNS,attr,is
70,Category 1: Risk,long,long,ADV,RB,advmod,finished
70,Category 1: Risk,finished,finish,VERB,VBN,advcl,is
70,Category 1: Risk,Overall,overall,ADV,RB,advmod,see
70,Category 1: Risk,prospect,prospect,NOUN,NN,dobj,see
70,Category 1: Risk,improvement,improvement,NOUN,NN,pobj,of
70,Category 1: Risk,future,future,NOUN,NN,pobj,in
33,Category 1: Risk,Kayden,kayden,PROPN,NNP,compound,Hill
33,Category 1: Risk,Hill,hill,PROPN,NNP,nsubj,struggles
33,Category 1: Risk,struggles,struggle,VERB,VBZ,ROOT,struggles
33,Category 1: Risk,tasks,task,NOUN,NNS,pobj,with
33,Category 1: Risk,set,set,VERB,VBN,acl,tasks
33,Category 1: Risk,easily,easily,ADV,RB,advmod,frustrated
33,Category 1: Risk,frustrated,frustrate,VERB,VBN,ROOT,frustrated
33,Category 1: Risk,tends,tend,VERB,VBZ,conj,frustrated
33,Category 1: Risk,want,want,VERB,VB,xcomp,tends
33,Category 1: Risk,aloof,aloof,ADJ,JJ,acomp,is
33,Category 1: Risk,team,team,NOUN,NN,pobj,with
33,Category 1: Risk,unhappy,unhappy,ADJ,JJ,oprd,seems
33,Category 1: Risk,team,team,NOUN,NN,pobj,within
32,Category 1: Risk,Kayden,kayden,PROPN,NNP,nsubj,failed
32,Category 1: Risk,consistently,consistently,ADV,RB,advmod,failed
32,Category 1: Risk,failed,fail,VERB,VBN,ROOT,failed
32,Category 1: Risk,deliver,deliver,VERB,VB,xcomp,failed
32,Category 1: Risk,numerous,numerous,ADJ,JJ,amod,amount
32,Category 1: Risk,tasks,task,NOUN,NNS,pobj,of
32,Category 1: Risk,office,office,NOUN,NN,pobj,around
32,Category 1: Risk,shows,show,VERB,VBZ,ROOT,shows
32,Category 1: Risk,stand,stand,VERB,VB,amod,offish
32,Category 1: Risk,offish,offish,ADJ,JJ,amod,attitude
32,Category 1: Risk,attitude,attitude,NOUN,NN,pobj,with
32,Category 1: Risk,constantly,constantly,ADV,RB,advmod,fails
32,Category 1: Risk,fails,fail,VERB,VBZ,conj,shows
32,Category 1: Risk,meet,meet,VERB,VB,xcomp,fails
32,Category 1: Risk,expected,expect,VERB,VBN,amod,deadlines
32,Category 1: Risk,deadlines,deadline,NOUN,NNS,dobj,meet
32,Category 1: Risk,Additionally,additionally,ADV,RB,advmod,decreasing
32,Category 1: Risk,quality,quality,NOUN,NN,nsubj,decreasing
32,Category 1: Risk,submissions,submission,NOUN,NNS,pobj,of
32,Category 1: Risk,decreasing,decrease,VERB,VBG,ROOT,decreasing
32,Category 1: Risk,greatly,greatly,ADV,RB,advmod,decreasing
32,Category 1: Risk,months,month,NOUN,NNS,pobj,over
32,Category 1: Risk,currently,currently,ADV,RB,advmod,see
32,Category 1: Risk,Kayden,kayden,PROPN,NNP,dobj,see
32,Category 1: Risk,individual,individual,NOUN,NN,pobj,as
32,Category 1: Risk,expect,expect,VERB,VBP,relcl,individual
32,Category 1: Risk,succeed,succeed,VERB,VB,xcomp,expect
32,Category 1: Risk,office,office,NOUN,NN,pobj,in
32,Category 1: Risk,believe,believe,VERB,VB,conj,see
32,Category 1: Risk,asset,asset,NOUN,NN,attr,is
32,Category 1: Risk,team,team,NOUN,NN,pobj,to
31,Category 1: Risk,Kayden,kayden,PROPN,NNP,compound,Hill
31,Category 1: Risk,Hill,hill,PROPN,NNP,nsubj,shown
31,Category 1: Risk,shown,show,VERB,VBN,ROOT,shown
31,Category 1: Risk,improvement,improvement,NOUN,NN,dobj,shown
31,Category 1: Risk,quarter,quarter,NOUN,NN,pobj,over
31,Category 1: Risk,continued,continue,VERB,VBN,ROOT,continued
31,Category 1: Risk,perform,perform,VERB,VB,xcomp,continued
31,Category 1: Risk,lowest,low,ADJ,JJS,amod,standard
31,Category 1: Risk,standard,standard,NOUN,NN,pobj,at
31,Category 1: Risk,possible,possible,ADJ,JJ,advcl,continued
31,Category 1: Risk,shows,show,VERB,VBZ,conj,continued
31,Category 1: Risk,desire,desire,NOUN,NN,dobj,shows
31,Category 1: Risk,better,better,VERB,VB,acl,desire
31,Category 1: Risk,seek,seek,VERB,VB,conj,better
31,Category 1: Risk,assistance,assistance,NOUN,NN,dobj,seek
31,Category 1: Risk,improve,improve,VERB,VB,relcl,assistance
31,Category 1: Risk,single,single,ADJ,JJ,amod,area
31,Category 1: Risk,area,area,NOUN,NN,nsubj,needs
31,Category 1: Risk,work,work,NOUN,NN,pobj,of
31,Category 1: Risk,needs,need,VERB,VBZ,ccomp,feel
31,Category 1: Risk,immediate,immediate,ADJ,JJ,amod,improvement
31,Category 1: Risk,improvement,improvement,NOUN,NN,dobj,needs
31,Category 1: Risk,improvement,improvement,NOUN,NN,attr,is
31,Category 1: Risk,shown,show,VERB,VBN,acl,improvement
31,Category 1: Risk,feel,feel,VERB,VBP,ROOT,feel
31,Category 1: Risk,choice,choice,NOUN,NN,dobj,have
31,Category 1: Risk,dismiss,dismiss,VERB,VB,acl,choice
31,Category 1: Risk,employee,employee,NOUN,NN,dobj,dismiss
31,Category 1: Risk,low,low,ADJ,JJ,amod,performance
31,Category 1: Risk,performance,performance,NOUN,NN,pobj,as
31,Category 1: Risk,work,work,NOUN,NN,conj,dismiss
31,Category 1: Risk,ethic,ethic,ADJ,JJ,advmod,work
31,Category 1: Risk,soon,soon,ADV,RB,advmod,become
31,Category 1: Risk,harmful,harmful,ADJ,JJ,acomp,become
31,Category 1: Risk,company,company,NOUN,NN,pobj,to
31,Category 1: Risk,effect,effect,VERB,VB,conj,become
31,Category 1: Risk,work,work,NOUN,NN,dobj,effect
31,Category 1: Risk,ethic,ethic,ADJ,JJ,amod,work
31,Category 1: Risk,peers,peer,NOUN,NNS,pobj,of
30,Category 1: Risk,Needs,need,VERB,VBZ,ROOT,Needs
30,Category 1: Risk,apply,apply,VERB,VB,xcomp,Needs
30,Category 1: Risk,work,work,NOUN,NN,pobj,at
30,Category 1: Risk,distracted,distracted,ADJ,JJ,ROOT,distracted
30,Category 1: Risk,indication,indication,NOUN,NN,conj,distracted
30,Category 1: Risk,things,thing,NOUN,NNS,nsubj,improve
30,Category 1: Risk,improve,improve,VERB,VB,acl,indication
30,Category 1: Risk,Possible,possible,ADJ,JJ,amod,re
30,Category 1: Risk,training,training,NOUN,NN,nsubj,needed
30,Category 1: Risk,needed,need,VERB,VBN,ROOT,needed
30,Category 1: Risk,need,need,VERB,VBP,ROOT,need
30,Category 1: Risk,Broderick,broderick,PROPN,NNP,nsubj,work
30,Category 1: Risk,work,work,VERB,VB,ccomp,see
29,Category 1: Risk,Broderick,broderick,PROPN,NNP,compound,Hays
29,Category 1: Risk,Hays,hays,PROPN,NNP,nsubj,been
29,Category 1: Risk,member,member,NOUN,NN,attr,been
29,Category 1: Risk,team,team,NOUN,NN,pobj,of
29,Category 1: Risk,past,past,ADJ,JJ,amod,year
29,Category 1: Risk,year,year,NOUN,NN,pobj,for
29,Category 1: Risk,demonstrated,demonstrate,VERB,VBN,ROOT,demonstrated
29,Category 1: Risk,lack,lack,NOUN,NN,dobj,demonstrated
29,Category 1: Risk,motivation,motivation,NOUN,NN,pobj,of
29,Category 1: Risk,work,work,NOUN,NN,compound,hours
29,Category 1: Risk,hours,hour,NOUN,NNS,pobj,during
29,Category 1: Risk,customer,customer,NOUN,NN,compound,complaints
29,Category 1: Risk,complaints,complaint,NOUN,NNS,attr,been
29,Category 1: Risk,unresolved,unresolved,ADJ,JJ,amod,issues
29,Category 1: Risk,issues,issue,NOUN,NNS,pobj,to
29,Category 1: Risk,Unfortunately,unfortunately,ADV,RB,advmod,are
29,Category 1: Risk,unable,unable,ADJ,JJ,acomp,are
29,Category 1: Risk,continue,continue,VERB,VB,xcomp,unable
29,Category 1: Risk,employment,employment,NOUN,NN,dobj,continue
29,Category 1: Risk,time,time,NOUN,NN,pobj,at
28,Category 1: Risk,Hays,hays,PROPN,NNP,nsubj,running
28,Category 1: Risk,running,run,VERB,VBG,ROOT,running
28,Category 1: Risk,late,late,ADV,RB,amod,work
28,Category 1: Risk,missing,miss,VERB,VBG,conj,late
28,Category 1: Risk,work,work,NOUN,NN,dobj,running
28,Category 1: Risk,Hays,hays,PROPN,NNP,nsubj,has
28,Category 1: Risk,hand,hand,VERB,VB,xcomp,has
28,Category 1: Risk,assignment,assignment,NOUN,NN,dobj,hand
28,Category 1: Risk,time,time,NOUN,NN,pobj,on
28,Category 1: Risk,Hays,hays,PROPN,NNP,nsubj,puts
28,Category 1: Risk,puts,put,VERB,VBZ,ROOT,puts
28,Category 1: Risk,little,little,ADJ,JJ,amod,effort
28,Category 1: Risk,effort,effort,NOUN,NN,dobj,puts
28,Category 1: Risk,work,work,VERB,VB,conj,puts
28,Category 1: Risk,assignments,assignment,NOUN,NNS,pobj,to
28,Category 1: Risk,appear,appear,VERB,VB,ROOT,appear
28,Category 1: Risk,enjoy,enjoy,VERB,VB,xcomp,appear
28,Category 1: Risk,job,job,NOUN,NN,dobj,enjoy
26,Category 1: Risk,Mackenzie,mackenzie,PROPN,NNP,nsubj,been
26,Category 1: Risk,frustrating,frustrating,ADJ,JJ,acomp,been
26,Category 1: Risk,work,work,VERB,VB,xcomp,frustrating
26,Category 1: Risk,quarter,quarter,NOUN,NN,pobj,in
26,Category 1: Risk,frequently,frequently,ADV,RB,advmod,late
26,Category 1: Risk,late,late,ADJ,JJ,acomp,'s
26,Category 1: Risk,return,return,VERB,VB,xcomp,'s
26,Category 1: Risk,assignments,assignment,NOUN,NNS,dobj,return
26,Category 1: Risk,attend,attend,VERB,VB,conj,return
26,Category 1: Risk,meetings,meeting,NOUN,NNS,dobj,attend
26,Category 1: Risk,time,time,NOUN,NN,pobj,on
26,Category 1: Risk,work,work,NOUN,NN,compound,product
26,Category 1: Risk,product,product,NOUN,NN,nsubjpass,riddled
26,Category 1: Risk,riddled,riddle,VERB,VBN,ROOT,riddled
26,Category 1: Risk,typos,typo,NOUN,NNS,pobj,with
26,Category 1: Risk,asked,ask,VERB,VBN,advcl,'s
26,Category 1: Risk,corrections,correction,NOUN,NNS,dobj,make
26,Category 1: Risk,slow,slow,ADJ,JJ,acomp,'s
26,Category 1: Risk,confused,confused,ADJ,JJ,ROOT,confused
26,Category 1: Risk,instructions,instruction,NOUN,NNS,pobj,about
26,Category 1: Risk,Unfortunately,unfortunately,ADV,RB,advmod,believe
26,Category 1: Risk,believe,believe,VERB,VBP,ROOT,believe
26,Category 1: Risk,Mackenzie,mackenzie,PROPN,NNP,nsubj,have
26,Category 1: Risk,ability,ability,NOUN,NN,dobj,have
26,Category 1: Risk,improve,improve,VERB,VB,acl,ability
25,Category 1: Risk,start,start,VERB,VB,ROOT,start
25,Category 1: Risk,Mackenzie,mackenzie,PROPN,NNP,nsubj,is
25,Category 1: Risk,detrimental,detrimental,ADJ,JJ,acomp,is
25,Category 1: Risk,company,company,NOUN,NN,pobj,to
25,Category 1: Risk,meeting,meet,VERB,VBG,ROOT,meeting
25,Category 1: Risk,company,company,NOUN,NN,compound,goals
25,Category 1: Risk,goals,goal,NOUN,NNS,pobj,of
25,Category 1: Risk,improve,improve,VERB,VB,ccomp,see
25,Category 1: Risk,recommend,recommend,VERB,VB,ROOT,recommend
25,Category 1: Risk,rehiring,rehire,VERB,VBG,xcomp,recommend
25,Category 1: Risk,position,position,NOUN,NN,pobj,for
24,Category 1: Risk,reports,report,NOUN,NNS,nsubj,reflect
24,Category 1: Risk,Jalen,jalen,PROPN,NNP,nsubj,turns
24,Category 1: Risk,turns,turn,VERB,VBZ,acl,reports
24,Category 1: Risk,usually,usually,ADV,RB,advmod,reflect
24,Category 1: Risk,reflect,reflect,VERB,VBP,ROOT,reflect
24,Category 1: Risk,poor,poor,ADJ,JJ,amod,effort
24,Category 1: Risk,effort,effort,NOUN,NN,dobj,reflect
24,Category 1: Risk,example,example,NOUN,NN,pobj,For
24,Category 1: Risk,filled,fill,VERB,VBN,ROOT,filled
24,Category 1: Risk,basic,basic,ADJ,JJ,amod,errors
24,Category 1: Risk,spelling,spelling,NOUN,NN,compound,errors
24,Category 1: Risk,errors,error,NOUN,NNS,pobj,with
24,Category 1: Risk,font,font,ADJ,JJ,amod,changes
24,Category 1: Risk,randomly,randomly,ADJ,JJ,amod,changes
24,Category 1: Risk,changes,change,NOUN,NNS,nsubj,are
24,Category 1: Risk,page,page,NOUN,NN,pobj,from
24,Category 1: Risk,page,page,NOUN,NN,pobj,to
24,Category 1: Risk,formatting,formatting,NOUN,NN,nsubj,are
24,Category 1: Risk,spacing,spacing,NOUN,NN,conj,formatting
24,Category 1: Risk,inconsistent,inconsistent,ADJ,JJ,acomp,are
24,Category 1: Risk,frustrating,frustrating,ADJ,JJ,acomp,is
24,Category 1: Risk,correcting,correct,VERB,VBG,csubj,takes
24,Category 1: Risk,errors,error,NOUN,NNS,dobj,correcting
24,Category 1: Risk,takes,take,VERB,VBZ,advcl,is
24,Category 1: Risk,significant,significant,ADJ,JJ,amod,amount
24,Category 1: Risk,time,time,NOUN,NN,pobj,of
24,Category 1: Risk,spoken,speak,VERB,VBN,advcl,blown
24,Category 1: Risk,Jalen,jalen,PROPN,NNP,pobj,to
24,Category 1: Risk,importance,importance,NOUN,NN,pobj,about
24,Category 1: Risk,reviewing,review,VERB,VBG,amod,work
24,Category 1: Risk,proof,proof,NOUN,NN,npadvmod,reading
24,Category 1: Risk,reading,read,VERB,VBG,amod,work
24,Category 1: Risk,work,work,NOUN,NN,pobj,of
24,Category 1: Risk,blown,blow,VERB,VBN,ROOT,blown
24,Category 1: Risk,continued,continue,VERB,VBD,conj,blown
24,Category 1: Risk,submit,submit,VERB,VB,xcomp,continued
24,Category 1: Risk,subpar,subpar,ADJ,JJ,amod,work
24,Category 1: Risk,work,work,NOUN,NN,dobj,submit
24,Category 1: Risk,Unfortunately,unfortunately,ADV,RB,advmod,shows
24,Category 1: Risk,lack,lack,NOUN,NN,nsubj,shows
24,Category 1: Risk,willingness,willingness,NOUN,NN,pobj,of
24,Category 1: Risk,change,change,VERB,VB,acl,willingness
24,Category 1: Risk,shows,show,VERB,VBZ,ROOT,shows
24,Category 1: Risk,invested,invest,VERB,VBN,ccomp,shows
24,Category 1: Risk,moving,move,VERB,VBG,pcomp,in
24,Category 1: Risk,company,company,NOUN,NN,pobj,in
22,Category 1: Risk,think,think,VERB,VBP,ROOT,think
22,Category 1: Risk,Jalen,jalen,PROPN,NNP,nsubjpass,trained
22,Category 1: Risk,trained,train,VERB,VBN,ccomp,think
22,Category 1: Risk,perfect,perfect,VERB,VB,advcl,trained
22,Category 1: Risk,skills,skill,NOUN,NNS,dobj,perfect
22,Category 1: Risk,believe,believe,VERB,VBP,ROOT,believe
22,Category 1: Risk,people,people,NOUN,NNS,nsubj,are
22,Category 1: Risk,low,low,ADJ,JJ,amod,skills
22,Category 1: Risk,quality,quality,NOUN,NN,compound,skills
22,Category 1: Risk,skills,skill,NOUN,NNS,pobj,with
22,Category 1: Risk,willing,willing,ADJ,JJ,acomp,are
22,Category 1: Risk,learn,learn,VERB,VB,xcomp,willing
22,Category 1: Risk,problem,problem,NOUN,NN,attr,be
22,Category 1: Risk,time,time,NOUN,NN,dobj,give
21,Category 1: Risk,Tom,tom,PROPN,NNP,nsubj,show
21,Category 1: Risk,potential,potential,NOUN,NN,dobj,show
21,Category 1: Risk,job,job,NOUN,NN,compound,performance
21,Category 1: Risk,performance,performance,NOUN,NN,pobj,in
21,Category 1: Risk,Tom,tom,PROPN,NNP,nsubj,seems
21,Category 1: Risk,caught,catch,VERB,VBN,xcomp,seems
21,Category 1: Risk,team,team,NOUN,NN,pobj,with
21,Category 1: Risk,work,work,NOUN,NN,pobj,on
21,Category 1: Risk,Tom,tom,PROPN,NNP,nsubj,has
21,Category 1: Risk,bad,bad,ADJ,JJ,amod,attitude
21,Category 1: Risk,attitude,attitude,NOUN,NN,dobj,has
21,Category 1: Risk,continues,continue,VERB,VBZ,conj,has
21,Category 1: Risk,excuses,excuse,NOUN,NNS,dobj,make
21,Category 1: Risk,performance,performance,NOUN,NN,pobj,for
21,Category 1: Risk,Tom,tom,PROPN,NNP,nsubj,needs
21,Category 1: Risk,needs,need,VERB,VBZ,ROOT,needs
21,Category 1: Risk,training,training,NOUN,NN,dobj,needs
21,Category 1: Risk,sure,sure,ADJ,JJ,acomp,make
21,Category 1: Risk,offering,offer,VERB,VBG,ccomp,sure
21,Category 1: Risk,help,help,VERB,VB,advcl,offering
21,Category 1: Risk,successful,successful,ADJ,JJ,acomp,be
21,Category 1: Risk,career,career,NOUN,NN,pobj,in
20,Category 1: Risk,Tom,tom,PROPN,NNP,compound,Barrett
20,Category 1: Risk,Barrett,barrett,PROPN,NNP,nsubj,has
20,Category 1: Risk,problem,problem,NOUN,NN,dobj,has
20,Category 1: Risk,keeping,keep,VERB,VBG,pcomp,with
20,Category 1: Risk,wish,wish,VERB,VBP,ROOT,wish
20,Category 1: Risk,action,action,NOUN,NN,dobj,take
20,Category 1: Risk,work,work,VERB,VB,conj,take
20,Category 1: Risk,harder,hard,ADV,RBR,advmod,work
20,Category 1: Risk,holding,hold,VERB,VBG,ccomp,seems
20,Category 1: Risk,Unfortunately,unfortunately,ADV,RB,advmod,going
20,Category 1: Risk,good,good,ADJ,JJ,amod,worker
20,Category 1: Risk,long,long,ADJ,JJ,amod,term
20,Category 1: Risk,term,term,NOUN,NN,compound,worker
20,Category 1: Risk,worker,worker,NOUN,NN,attr,be
20,Category 1: Risk,focused,focused,ADJ,JJ,acomp,was
20,Category 1: Risk,determined,determine,VERB,VBN,conj,focused
18,Category 1: Risk,Libby,libby,PROPN,NNP,npadvmod,talk
18,Category 1: Risk,talk,talk,VERB,VB,ROOT,talk
18,Category 1: Risk,performance,performance,NOUN,NN,pobj,about
18,Category 1: Risk,numbers,number,NOUN,NNS,nsubj,reflect
18,Category 1: Risk,reflect,reflect,VERB,VB,ROOT,reflect
18,Category 1: Risk,time,time,NOUN,NN,pobj,of
18,Category 1: Risk,spending,spend,VERB,VBG,relcl,amount
18,Category 1: Risk,tasks,task,NOUN,NNS,pobj,on
18,Category 1: Risk,quality,quality,NOUN,NN,nsubj,is
18,Category 1: Risk,work,work,NOUN,NN,pobj,of
18,Category 1: Risk,low,low,ADJ,JJ,acomp,is
18,Category 1: Risk,need,need,VERB,VB,ccomp,low
18,Category 1: Risk,let,let,VERB,VB,xcomp,need
18,Category 1: Risk,Let,let,VERB,VB,ROOT,Let
18,Category 1: Risk,improve,improve,VERB,VB,advcl,do
18,Category 1: Risk,work,work,NOUN,NN,dobj,improve
18,Category 1: Risk,better,well,ADJ,JJR,amod,performer
18,Category 1: Risk,performer,performer,NOUN,NN,attr,be
18,Category 1: Risk,work,work,VERB,VBP,advcl,be
18,Category 1: Risk,improve,improve,VERB,VB,advcl,work
17,Category 1: Risk,Libby,libby,PROPN,NNP,nsubj,started
17,Category 1: Risk,started,start,VERB,VBD,ROOT,started
17,Category 1: Risk,longer,long,ADV,RBR,advmod,has
17,Category 1: Risk,motivation,motivation,NOUN,NN,dobj,has
17,Category 1: Risk,perform,perform,VERB,VB,acl,motivation
17,Category 1: Risk,shows,show,VERB,VBZ,ROOT,shows
17,Category 1: Risk,signs,sign,NOUN,NNS,dobj,shows
17,Category 1: Risk,interest,interest,NOUN,NN,pobj,of
17,Category 1: Risk,ambitions,ambition,NOUN,NNS,dobj,has
17,Category 1: Risk,performing,perform,VERB,VBG,ROOT,performing
17,Category 1: Risk,poorly,poorly,ADV,RB,advmod,performing
17,Category 1: Risk,effort,effort,NOUN,NN,dobj,show
17,Category 1: Risk,work,work,NOUN,NN,pobj,in
17,Category 1: Risk,longer,long,ADV,RB,advmod,takes
17,Category 1: Risk,takes,take,VERB,VBZ,ROOT,takes
17,Category 1: Risk,job,job,NOUN,NN,dobj,takes
17,Category 1: Risk,needs,need,VERB,VBZ,ROOT,needs
17,Category 1: Risk,change,change,VERB,VB,xcomp,needs
17,Category 1: Risk,work,work,NOUN,NN,dobj,change
17,Category 1: Risk,ethic,ethic,ADJ,JJ,advmod,change
17,Category 1: Risk,soon,soon,ADV,RB,advmod,change
17,Category 1: Risk,longer,long,ADV,RB,advmod,have
17,Category 1: Risk,job,job,NOUN,NN,dobj,have
17,Category 1: Risk,institution,institution,NOUN,NN,pobj,within
16,Category 1: Risk,Libby,libby,PROPN,NNP,nsubj,is
16,Category 1: Risk,senior,senior,ADJ,JJ,amod,associate
16,Category 1: Risk,associate,associate,NOUN,NN,attr,is
16,Category 1: Risk,turns,turn,VERB,VBZ,ROOT,turns
16,Category 1: Risk,work,work,NOUN,NN,compound,product
16,Category 1: Risk,product,product,NOUN,NN,pobj,in
16,Category 1: Risk,consistently,consistently,ADV,RB,advmod,seems
16,Category 1: Risk,like,like,SCONJ,IN,mark,come
16,Category 1: Risk,come,come,VERB,VBN,advcl,seems
16,Category 1: Risk,year,year,NOUN,NN,compound,associate
16,Category 1: Risk,associate,associate,NOUN,NN,pobj,from
16,Category 1: Risk,makes,make,VERB,VBZ,ROOT,makes
16,Category 1: Risk,careless,careless,ADJ,JJ,amod,mistakes
16,Category 1: Risk,mistakes,mistake,NOUN,NNS,dobj,makes
16,Category 1: Risk,checks,check,VERB,VBZ,conj,makes
16,Category 1: Risk,spelling,spelling,NOUN,NN,dobj,checks
16,Category 1: Risk,grammar,grammar,NOUN,NN,conj,spelling
16,Category 1: Risk,hesitant,hesitant,ADJ,JJ,acomp,is
16,Category 1: Risk,shy,shy,ADJ,JJ,conj,hesitant
16,Category 1: Risk,speaking,speak,VERB,VBG,pcomp,about
16,Category 1: Risk,clients,client,NOUN,NNS,pobj,with
16,Category 1: Risk,key,key,ADJ,JJ,amod,part
16,Category 1: Risk,role,role,NOUN,NN,pobj,of
16,Category 1: Risk,level,level,NOUN,NN,pobj,at
16,Category 1: Risk,frequently,frequently,ADV,RB,advmod,takes
16,Category 1: Risk,takes,take,VERB,VBZ,ROOT,takes
16,Category 1: Risk,hours,hour,NOUN,NNS,dobj,takes
16,Category 1: Risk,complete,complete,VERB,VB,xcomp,takes
16,Category 1: Risk,assignment,assignment,NOUN,NN,dobj,complete
16,Category 1: Risk,minutes,minute,NOUN,NNS,dobj,take
16,Category 1: Risk,Libby,libby,PROPN,NNP,nsubj,listens
16,Category 1: Risk,listens,listen,VERB,VBZ,ROOT,listens
16,Category 1: Risk,feedback,feedback,NOUN,NN,pobj,to
16,Category 1: Risk,takes,take,VERB,VBZ,conj,listens
16,Category 1: Risk,seriously,seriously,ADV,RB,advmod,takes
16,Category 1: Risk,imagine,imagine,VERB,VB,advcl,takes
16,Category 1: Risk,future,future,NOUN,NN,nsubj,last
16,Category 1: Risk,company,company,NOUN,NN,pobj,at
16,Category 1: Risk,longer,long,ADJ,JJR,pcomp,for
15,Category 1: Risk,George,george,PROPN,NNP,nsubjpass,given
15,Category 1: Risk,given,give,VERB,VBN,ROOT,given
15,Category 1: Risk,ample,ample,ADJ,JJ,amod,warning
15,Category 1: Risk,warning,warning,NOUN,NN,dobj,given
15,Category 1: Risk,quarter,quarter,NOUN,NN,npadvmod,given
15,Category 1: Risk,work,work,NOUN,NN,nsubj,fallen
15,Category 1: Risk,fallen,fall,VERB,VBN,ccomp,given
15,Category 1: Risk,respectable,respectable,ADJ,JJ,amod,levels
15,Category 1: Risk,levels,level,NOUN,NNS,pobj,below
15,Category 1: Risk,quarter,quarter,NOUN,NN,npadvmod,remained
15,Category 1: Risk,George,george,PROPN,NNP,poss,input
15,Category 1: Risk,input,input,NOUN,NN,nsubj,remained
15,Category 1: Risk,division,division,NOUN,NN,pobj,in
15,Category 1: Risk,remained,remain,VERB,VBN,ROOT,remained
15,Category 1: Risk,subpar,subpar,ADJ,JJ,acomp,remained
15,Category 1: Risk,committed,committed,ADJ,JJ,oprd,seem
15,Category 1: Risk,changing,change,VERB,VBG,pcomp,to
15,Category 1: Risk,behavior,behavior,NOUN,NN,dobj,changing
15,Category 1: Risk,shows,show,VERB,VBZ,conj,seem
15,Category 1: Risk,enthusiasm,enthusiasm,NOUN,NN,dobj,shows
15,Category 1: Risk,job,job,NOUN,NN,pobj,towards
15,Category 1: Risk,fellow,fellow,ADJ,JJ,amod,colleagues
15,Category 1: Risk,colleagues,colleague,NOUN,NNS,pobj,towards
15,Category 1: Risk,strongly,strongly,ADV,RB,advmod,recommend
15,Category 1: Risk,recommend,recommend,VERB,VBP,ROOT,recommend
15,Category 1: Risk,terminate,terminate,VERB,VBP,ccomp,recommend
15,Category 1: Risk,contract,contract,NOUN,NN,dobj,terminate
71,Category 1: Risk,Tom,tom,PROPN,NNP,compound,Barrett
71,Category 1: Risk,Barrett,barrett,PROPN,NNP,nsubj,seem
71,Category 1: Risk,position,position,NOUN,NN,dobj,take
71,Category 1: Risk,seriously,seriously,ADV,RB,advmod,take
71,Category 1: Risk,lack,lack,NOUN,NN,nsubj,make
71,Category 1: Risk,punctuality,punctuality,NOUN,NN,pobj,of
71,Category 1: Risk,useful,useful,ADJ,JJ,amod,input
71,Category 1: Risk,input,input,NOUN,NN,conj,punctuality
71,Category 1: Risk,burden,burden,NOUN,NN,pobj,of
71,Category 1: Risk,team,team,NOUN,NN,pobj,to
71,Category 1: Risk,Tasks,task,NOUN,NNS,nsubjpass,completed
71,Category 1: Risk,rarely,rarely,ADV,RB,advmod,completed
71,Category 1: Risk,completed,complete,VERB,VBN,ccomp,had
71,Category 1: Risk,reasonable,reasonable,ADJ,JJ,amod,timeframe
71,Category 1: Risk,timeframe,timeframe,NOUN,NN,pobj,within
71,Category 1: Risk,team,team,NOUN,NN,compound,members
71,Category 1: Risk,members,member,NOUN,NNS,conj,timeframe
71,Category 1: Risk,extra,extra,ADJ,JJ,amod,work
71,Category 1: Risk,work,work,NOUN,NN,dobj,take
71,Category 1: Risk,complete,complete,VERB,VB,advcl,take
71,Category 1: Risk,projects,project,NOUN,NNS,dobj,complete
71,Category 1: Risk,Tom,tom,PROPN,NNP,poss,work
71,Category 1: Risk,work,work,NOUN,NN,nsubj,requires
71,Category 1: Risk,requires,require,VERB,VBZ,ROOT,requires
71,Category 1: Risk,proof,proof,NOUN,NN,dobj,requires
71,Category 1: Risk,reading,read,VERB,VBG,acl,proof
71,Category 1: Risk,submission,submission,NOUN,NN,pobj,before
71,Category 1: Risk,adding,add,VERB,VBG,advcl,requires
71,Category 1: Risk,extra,extra,ADJ,JJ,amod,task
71,Category 1: Risk,task,task,NOUN,NN,dobj,adding
13,Category 1: Risk,nervous,nervous,ADJ,JJ,acomp,'m
13,Category 1: Risk,assign,assign,VERB,VB,xcomp,'m
13,Category 1: Risk,George,george,PROPN,NNP,dative,assign
13,Category 1: Risk,report,report,NOUN,NN,dobj,assign
13,Category 1: Risk,draft,draft,VERB,VB,relcl,report
13,Category 1: Risk,know,know,VERB,VBP,advcl,'m
13,Category 1: Risk,require,require,VERB,VB,xcomp,going
13,Category 1: Risk,time,time,NOUN,NN,pobj,of
13,Category 1: Risk,edit,edit,VERB,VB,xcomp,require
13,Category 1: Risk,George,george,PROPN,NNP,nsubj,is
13,Category 1: Risk,simply,simply,ADV,RB,advmod,is
13,Category 1: Risk,reliable,reliable,ADJ,JJ,amod,member
13,Category 1: Risk,member,member,NOUN,NN,attr,is
13,Category 1: Risk,team,team,NOUN,NN,pobj,of
13,Category 1: Risk,frequently,frequently,ADV,RB,advmod,skirts
13,Category 1: Risk,skirts,skirt,VERB,VBZ,advcl,is
13,Category 1: Risk,assignments,assignment,NOUN,NNS,dobj,skirts
13,Category 1: Risk,relies,rely,VERB,VBZ,conj,skirts
13,Category 1: Risk,draft,draft,VERB,VB,advcl,relies
13,Category 1: Risk,major,major,ADJ,JJ,amod,portions
13,Category 1: Risk,portions,portion,NOUN,NNS,dobj,draft
13,Category 1: Risk,worse,worse,ADV,RBR,advmod,caught
13,Category 1: Risk,caught,catch,VERB,VBD,ROOT,caught
13,Category 1: Risk,paragraph,paragraph,NOUN,NN,dobj,caught
13,Category 1: Risk,plagiarized,plagiarize,VERB,VBN,relcl,paragraph
13,Category 1: Risk,reports,report,NOUN,NNS,pobj,of
13,Category 1: Risk,unacceptable,unacceptable,ADJ,JJ,acomp,was
13,Category 1: Risk,George,george,PROPN,NNP,nsubjpass,anticipated
13,Category 1: Risk,anticipated,anticipate,VERB,VBN,ROOT,anticipated
13,Category 1: Risk,advance,advance,VERB,VB,xcomp,anticipated
13,Category 1: Risk,levels,level,NOUN,NNS,pobj,to
13,Category 1: Risk,department,department,NOUN,NN,pobj,within
13,Category 1: Risk,given,give,VERB,VBN,prep,anticipated
13,Category 1: Risk,careless,careless,ADJ,JJ,acomp,is
13,Category 1: Risk,work,work,NOUN,NN,compound,product
13,Category 1: Risk,product,product,NOUN,NN,nsubj,is
12,Category 1: Risk,Libby,libby,PROPN,NNP,compound,Parker
12,Category 1: Risk,Parker,parker,PROPN,NNP,nsubj,been
12,Category 1: Risk,good,good,ADJ,JJ,amod,worker
12,Category 1: Risk,worker,worker,NOUN,NN,attr,been
12,Category 1: Risk,shows,show,VERB,VBZ,ROOT,shows
12,Category 1: Risk,promise,promise,NOUN,NN,dobj,shows
12,Category 1: Risk,future,future,NOUN,NN,pobj,in
12,Category 1: Risk,company,company,NOUN,NN,pobj,at
12,Category 1: Risk,shows,show,VERB,VBZ,pcomp,From
12,Category 1: Risk,appears,appear,VERB,VBZ,ROOT,appears
12,Category 1: Risk,care,care,VERB,VB,ccomp,appears
12,Category 1: Risk,days,day,NOUN,NNS,npadvmod,puts
12,Category 1: Risk,puts,put,VERB,VBZ,ROOT,puts
12,Category 1: Risk,minimal,minimal,ADJ,JJ,amod,effort
12,Category 1: Risk,effort,effort,NOUN,NN,dobj,puts
12,Category 1: Risk,work,work,NOUN,NN,pobj,on
10,Category 1: Risk,Libby,libby,PROPN,NNP,poss,work
10,Category 1: Risk,work,work,NOUN,NN,nsubj,need
10,Category 1: Risk,need,need,VERB,VBP,ROOT,need
10,Category 1: Risk,improvement,improvement,NOUN,NN,dobj,need
10,Category 1: Risk,areas,area,NOUN,NNS,pobj,in
10,Category 1: Risk,numbers,number,NOUN,NNS,nsubj,are
10,Category 1: Risk,dismal,dismal,ADJ,JJ,acomp,are
10,Category 1: Risk,enthusiasm,enthusiasm,NOUN,NN,nsubj,are
10,Category 1: Risk,work,work,VERB,VB,conj,enthusiasm
10,Category 1: Risk,ethic,ethic,ADJ,JJ,amod,enthusiasm
10,Category 1: Risk,practically,practically,ADV,RB,advmod,non
10,Category 1: Risk,non,non,ADJ,JJ,acomp,are
10,Category 1: Risk,existent,existent,ADJ,JJ,acomp,are
10,Category 1: Risk,unsure,unsure,ADJ,JJ,acomp,am
10,Category 1: Risk,managed,manage,VERB,VBD,ccomp,unsure
10,Category 1: Risk,earn,earn,VERB,VB,xcomp,managed
10,Category 1: Risk,position,position,NOUN,NN,dobj,earn
10,Category 1: Risk,indicate,indicate,VERB,VB,ccomp,am
10,Category 1: Risk,capable,capable,ADJ,JJ,acomp,'s
10,Category 1: Risk,likely,likely,ADV,RB,advmod,need
10,Category 1: Risk,need,need,VERB,VB,ROOT,need
10,Category 1: Risk,speak,speak,VERB,VB,xcomp,need
10,Category 1: Risk,substandard,substandard,ADJ,JJ,amod,performance
10,Category 1: Risk,performance,performance,NOUN,NN,pobj,about
9,Category 1: Risk,George,george,PROPN,NNP,compound,Gill
9,Category 1: Risk,Gill,gill,PROPN,NNP,nsubj,presents
9,Category 1: Risk,presents,present,VERB,VBZ,ROOT,presents
9,Category 1: Risk,lot,lot,NOUN,NN,dobj,presents
9,Category 1: Risk,risk,risk,NOUN,NN,pobj,of
9,Category 1: Risk,achievement,achievement,NOUN,NN,pobj,for
9,Category 1: Risk,company,company,NOUN,NN,pobj,of
9,Category 1: Risk,work,work,NOUN,NN,nsubj,is
9,Category 1: Risk,ethic,ethic,NOUN,NN,amod,work
9,Category 1: Risk,consistent,consistent,ADJ,JJ,acomp,is
9,Category 1: Risk,comes,come,VERB,VBZ,conj,is
9,Category 1: Risk,work,work,NOUN,NN,pobj,into
9,Category 1: Risk,late,late,ADV,RB,advmod,often
9,Category 1: Risk,George,george,PROPN,NNP,nsubjpass,trusted
9,Category 1: Risk,trusted,trust,VERB,VBN,ROOT,trusted
9,Category 1: Risk,complete,complete,VERB,VB,xcomp,trusted
9,Category 1: Risk,simple,simple,ADJ,JJ,amod,tasks
9,Category 1: Risk,tasks,task,NOUN,NNS,dobj,complete
9,Category 1: Risk,timely,timely,ADJ,JJ,amod,manner
9,Category 1: Risk,manner,manner,NOUN,NN,pobj,in
9,Category 1: Risk,consider,consider,VERB,VB,ROOT,consider
9,Category 1: Risk,additional,additional,ADJ,JJ,amod,training
9,Category 1: Risk,training,training,NOUN,NN,dobj,consider
9,Category 1: Risk,provide,provide,VERB,VB,acl,training
9,Category 1: Risk,chance,chance,NOUN,NN,dobj,provide
9,Category 1: Risk,prior,prior,ADV,RB,advmod,provide
9,Category 1: Risk,action,action,NOUN,NN,pobj,to
9,Category 1: Risk,taken,take,VERB,VBN,acl,action
9,Category 1: Risk,permanent,permanent,ADJ,JJ,amod,level
9,Category 1: Risk,level,level,NOUN,NN,pobj,on
6,Category 1: Risk,John,john,PROPN,NNP,compound,Doe
6,Category 1: Risk,Doe,doe,PROPN,NNP,nsubj,demonstrates
6,Category 1: Risk,demonstrates,demonstrate,VERB,VBZ,ROOT,demonstrates
6,Category 1: Risk,low,low,ADJ,JJ,amod,level
6,Category 1: Risk,level,level,NOUN,NN,dobj,demonstrates
6,Category 1: Risk,knowledge,knowledge,NOUN,NN,pobj,of
6,Category 1: Risk,required,require,VERB,VBN,amod,procedures
6,Category 1: Risk,work,work,NOUN,NN,compound,procedures
6,Category 1: Risk,procedures,procedure,NOUN,NNS,pobj,of
6,Category 1: Risk,work,work,NOUN,NN,nsubj,comply
6,Category 1: Risk,comply,comply,VERB,VB,conj,demonstrates
6,Category 1: Risk,required,require,VERB,VBN,amod,standards
6,Category 1: Risk,output,output,NOUN,NN,compound,standards
6,Category 1: Risk,standards,standard,NOUN,NNS,pobj,with
6,Category 1: Risk,reluctant,reluctant,ADJ,JJ,acomp,is
6,Category 1: Risk,new,new,ADJ,JJ,amod,responsibilities
6,Category 1: Risk,responsibilities,responsibility,NOUN,NNS,dobj,take
3,Category 1: Risk,John,john,PROPN,NNP,nsubj,turned
3,Category 1: Risk,turned,turn,VERB,VBD,ROOT,turned
3,Category 1: Risk,subpar,subpar,ADJ,JJ,amod,product
3,Category 1: Risk,work,work,NOUN,NN,compound,product
3,Category 1: Risk,product,product,NOUN,NN,dobj,turned
3,Category 1: Risk,quarter,quarter,NOUN,NN,npadvmod,turned
3,Category 1: Risk,asked,ask,VERB,VBD,advcl,failed
3,Category 1: Risk,revisions,revision,NOUN,NNS,dobj,make
3,Category 1: Risk,repeatedly,repeatedly,ADV,RB,advmod,failed
3,Category 1: Risk,failed,fail,VERB,VBD,ROOT,failed
3,Category 1: Risk,implement,implement,VERB,VB,xcomp,failed
3,Category 1: Risk,corrections,correction,NOUN,NNS,dobj,implement
3,Category 1: Risk,requested,request,VERB,VBN,relcl,corrections
3,Category 1: Risk,confused,confused,ADJ,JJ,oprd,seemed
3,Category 1: Risk,lost,lose,VERB,VBN,conj,seemed
3,Category 1: Risk,discussions,discussion,NOUN,NNS,dobj,had
3,Category 1: Risk,reports,report,NOUN,NNS,pobj,about
3,Category 1: Risk,numbers,number,NOUN,NNS,conj,reports
3,Category 1: Risk,data,datum,NOUN,NNS,pobj,in
3,Category 1: Risk,interested,interested,ADJ,JJ,acomp,was
3,Category 1: Risk,learning,learn,VERB,VBG,pcomp,in
3,Category 1: Risk,gave,give,VERB,VBD,advcl,learning
3,Category 1: Risk,opportunities,opportunity,NOUN,NNS,dobj,gave
3,Category 1: Risk,participate,participate,VERB,VB,acl,opportunities
3,Category 1: Risk,trainings,training,NOUN,NNS,pobj,in
3,Category 1: Risk,reached,reach,VERB,VBN,xcomp,seems
3,Category 1: Risk,potential,potential,NOUN,NN,dobj,reached
3,Category 1: Risk,disappointing,disappointing,ADJ,JJ,acomp,is
3,Category 1: Risk,given,give,VERB,VBN,prep,disappointing
3,Category 1: Risk,quality,quality,NOUN,NN,pobj,given
3,Category 1: Risk,work,work,NOUN,NN,pobj,of
3,Category 1: Risk,seen,see,VERB,VBN,relcl,quality
2,Category 1: Risk,John,john,PROPN,NNP,nsubj,disappointed
2,Category 1: Risk,consistently,consistently,ADV,RB,advmod,disappointed
2,Category 1: Risk,disappointed,disappoint,VERB,VBN,ROOT,disappointed
2,Category 1: Risk,quarter,quarter,NOUN,NN,npadvmod,disappointed
2,Category 1: Risk,shoddy,shoddy,ADJ,JJ,amod,product
2,Category 1: Risk,work,work,NOUN,NN,compound,product
2,Category 1: Risk,product,product,NOUN,NN,pobj,with
2,Category 1: Risk,asked,ask,VERB,VBD,ROOT,asked
2,Category 1: Risk,report,report,NOUN,NN,pobj,for
2,Category 1: Risk,gave,give,VERB,VBD,conj,asked
2,Category 1: Risk,lenient,lenient,ADJ,JJ,amod,deadline
2,Category 1: Risk,week,week,NOUN,NN,compound,deadline
2,Category 1: Risk,deadline,deadline,NOUN,NN,dobj,gave
2,Category 1: Risk,blew,blow,VERB,VBD,conj,asked
2,Category 1: Risk,past,past,ADP,IN,prep,blew
2,Category 1: Risk,deadline,deadline,NOUN,NN,pobj,past
2,Category 1: Risk,informing,inform,VERB,VBG,pcomp,without
2,Category 1: Risk,finally,finally,ADV,RB,advmod,turned
2,Category 1: Risk,turned,turn,VERB,VBD,advcl,was
2,Category 1: Risk,report,report,NOUN,NN,dobj,turned
2,Category 1: Risk,weeks,week,NOUN,NNS,npadvmod,late
2,Category 1: Risk,late,late,ADV,RB,advmod,was
2,Category 1: Risk,riddled,riddle,VERB,VBN,conj,late
2,Category 1: Risk,typos,typo,NOUN,NNS,pobj,with
2,Category 1: Risk,interested,interested,ADJ,JJ,oprd,seem
2,Category 1: Risk,comments,comment,NOUN,NNS,pobj,of
2,Category 1: Risk,report,report,NOUN,NN,pobj,on
2,Category 1: Risk,benefit,benefit,NOUN,NN,pobj,for
2,Category 1: Risk,understand,understand,VERB,VB,advcl,made
2,Category 1: Risk,high,high,ADJ,JJ,amod,quality
2,Category 1: Risk,quality,quality,NOUN,NN,compound,report
2,Category 1: Risk,report,report,NOUN,NN,nsubjpass,supposed
2,Category 1: Risk,supposed,suppose,VERB,VBN,ccomp,understand
2,Category 1: Risk,look,look,VERB,VB,xcomp,supposed
2,Category 1: Risk,like,like,ADP,IN,prep,look
35,Category 1: Risk,trust,trust,VERB,VB,ROOT,trust
35,Category 1: Risk,Kohen,kohen,PROPN,NNP,dobj,trust
35,Category 1: Risk,assignment,assignment,NOUN,NN,pobj,with
35,Category 1: Risk,know,know,VERB,VBP,advcl,trust
35,Category 1: Risk,work,work,NOUN,NN,nsubj,be
35,Category 1: Risk,returns,return,VERB,VBZ,relcl,work
35,Category 1: Risk,miscalculations,miscalculation,NOUN,NNS,pobj,of
35,Category 1: Risk,data,datum,NOUN,NNS,compound,analysis
35,Category 1: Risk,analysis,analysis,NOUN,NN,compound,problems
35,Category 1: Risk,problems,problem,NOUN,NNS,conj,miscalculations
35,Category 1: Risk,report,report,NOUN,NN,nsubj,had
35,Category 1: Risk,submitted,submit,VERB,VBD,relcl,report
35,Category 1: Risk,simple,simple,ADJ,JJ,amod,error
35,Category 1: Risk,arithmetic,arithmetic,ADJ,JJ,amod,error
35,Category 1: Risk,error,error,NOUN,NN,dobj,had
35,Category 1: Risk,order,order,NOUN,NN,pobj,In
35,Category 1: Risk,advance,advance,VERB,VB,acl,order
35,Category 1: Risk,company,company,NOUN,NN,pobj,at
35,Category 1: Risk,needs,need,VERB,VBZ,relcl,company
35,Category 1: Risk,willing,willing,ADJ,JJ,acomp,be
35,Category 1: Risk,time,time,NOUN,NN,pobj,in
35,Category 1: Risk,effort,effort,NOUN,NN,conj,time
35,Category 1: Risk,spot,spot,VERB,VB,dep,check
35,Category 1: Risk,check,check,VERB,VB,acl,effort
35,Category 1: Risk,work,work,NOUN,NN,dobj,check
35,Category 1: Risk,catch,catch,VERB,VB,conj,check
35,Category 1: Risk,glaring,glare,VERB,VBG,amod,errors
35,Category 1: Risk,errors,error,NOUN,NNS,dobj,catch
35,Category 1: Risk,unwilling,unwilling,ADJ,JJ,acomp,been
35,Category 1: Risk,repeated,repeat,VERB,VBN,amod,warnings
35,Category 1: Risk,warnings,warning,NOUN,NNS,pobj,after
35,Category 1: Risk,moving,move,VERB,VBG,ccomp,see
35,Category 1: Risk,department,department,NOUN,NN,pobj,in
14,Category 1: Risk,chance,chance,NOUN,NN,dobj,Had
14,Category 1: Risk,work,work,VERB,VB,acl,chance
14,Category 1: Risk,George,george,PROPN,NNP,compound,Gill
14,Category 1: Risk,Gill,gill,PROPN,NNP,pobj,with
14,Category 1: Risk,year,year,NOUN,NN,npadvmod,work
14,Category 1: Risk,projects,project,NOUN,NNS,pobj,on
14,Category 1: Risk,sure,sure,ADJ,JJ,acomp,am
14,Category 1: Risk,performance,performance,NOUN,NN,nsubj,was
14,Category 1: Risk,expected,expect,VERB,VBD,advcl,was
14,Category 1: Risk,reason,reason,NOUN,NN,attr,be
14,Category 1: Risk,found,find,VERB,VBD,ROOT,found
14,Category 1: Risk,struggling,struggle,VERB,VBG,ccomp,found
14,Category 1: Risk,understanding,understand,VERB,VBG,pcomp,to
14,Category 1: Risk,small,small,ADJ,JJ,amod,tasks
14,Category 1: Risk,tasks,task,NOUN,NNS,dobj,understanding
14,Category 1: Risk,believe,believe,VERB,VBP,ROOT,believe
14,Category 1: Risk,needs,need,VERB,VBZ,ccomp,believe
14,Category 1: Risk,training,training,NOUN,NN,dobj,needs
14,Category 1: Risk,counselling,counselling,NOUN,NN,conj,training
14,Category 1: Risk,perform,perform,VERB,VB,advcl,needs
14,Category 1: Risk,better,well,ADV,RBR,advmod,perform
37,Category 1: Risk,Kohen,kohen,PROPN,NNP,compound,Norris
37,Category 1: Risk,Norris,norris,PROPN,NNP,nsubj,been
37,Category 1: Risk,lack,lack,NOUN,NN,pobj,for
37,Category 1: Risk,better,well,ADJ,JJR,amod,words
37,Category 1: Risk,words,word,NOUN,NNS,pobj,of
37,Category 1: Risk,incompetent,incompetent,ADJ,JJ,amod,words
37,Category 1: Risk,like,like,VERB,VB,ROOT,like
37,Category 1: Risk,positive,positive,ADJ,JJ,amod,things
37,Category 1: Risk,things,thing,NOUN,NNS,dobj,say
37,Category 1: Risk,shown,show,VERB,VBN,conj,like
37,Category 1: Risk,potential,potential,NOUN,NN,dobj,shown
37,Category 1: Risk,regards,regard,NOUN,NNS,pobj,in
37,Category 1: Risk,work,work,NOUN,NN,pobj,to
37,Category 1: Risk,late,late,ADJ,JJ,acomp,is
37,Category 1: Risk,smells,smell,VERB,VBZ,conj,is
37,Category 1: Risk,poorly,poorly,ADV,RB,advmod,smells
37,Category 1: Risk,despite,despite,SCONJ,IN,prep,smells
37,Category 1: Risk,company,company,NOUN,NN,compound,guidelines
37,Category 1: Risk,guidelines,guideline,NOUN,NNS,pobj,despite
37,Category 1: Risk,feel,feel,VERB,VBP,ROOT,feel
37,Category 1: Risk,best,good,ADJ,JJS,amod,interest
37,Category 1: Risk,interest,interest,NOUN,NN,pobj,in
37,Category 1: Risk,drop,drop,VERB,VB,xcomp,is
37,Category 1: Risk,company,company,NOUN,NN,pobj,from
36,Category 1: Risk,Kohen,kohen,PROPN,NNP,nsubj,is
36,Category 1: Risk,terrible,terrible,ADJ,JJ,acomp,is
36,Category 1: Risk,use,use,VERB,VB,ROOT,use
36,Category 1: Risk,team,team,NOUN,NN,pobj,on
36,Category 1: Risk,right,right,ADJ,JJ,acomp,was
36,Category 1: Risk,hurt,hurt,VERB,VBD,conj,was
36,Category 1: Risk,team,team,NOUN,NN,dobj,hurt
36,Category 1: Risk,room,room,NOUN,NN,nsubj,is
36,Category 1: Risk,improvement,improvement,NOUN,NN,pobj,for
36,Category 1: Risk,desire,desire,NOUN,NN,conj,room
36,Category 1: Risk,improve,improve,VERB,VB,acl,desire
69,Category 1: Risk,Tom,tom,PROPN,NNP,compound,Barrett
69,Category 1: Risk,Barrett,barrett,PROPN,NNP,nsubj,needs
69,Category 1: Risk,needs,need,VERB,VBZ,ROOT,needs
69,Category 1: Risk,work,work,VERB,VB,xcomp,needs
69,Category 1: Risk,harder,hard,ADV,RBR,advmod,work
69,Category 1: Risk,playing,play,VERB,VBG,ccomp,see
69,Category 1: Risk,phone,phone,NOUN,NN,pobj,on
69,Category 1: Risk,work,work,NOUN,NN,compound,hours
69,Category 1: Risk,hours,hour,NOUN,NNS,pobj,during
69,Category 1: Risk,rarely,rarely,ADV,RB,advmod,respond
69,Category 1: Risk,respond,respond,VERB,VBP,ROOT,respond
69,Category 1: Risk,work,work,NOUN,NN,compound,email
69,Category 1: Risk,email,email,NOUN,NN,pobj,to
69,Category 1: Risk,projects,project,NOUN,NNS,nsubjpass,delivered
69,Category 1: Risk,delivered,deliver,VERB,VBN,ROOT,delivered
69,Category 1: Risk,time,time,NOUN,NN,pobj,on
69,Category 1: Risk,potential,potential,NOUN,NN,dobj,see
68,Category 1: Risk,Unfortunately,unfortunately,ADV,RB,advmod,is
68,Category 1: Risk,Tom,tom,PROPN,NNP,nsubj,is
68,Category 1: Risk,abysmal,abysmal,ADJ,JJ,amod,worker
68,Category 1: Risk,worker,worker,NOUN,NN,attr,is
68,Category 1: Risk,sure,sure,ADJ,JJ,acomp,'m
68,Category 1: Risk,longer,long,ADV,RBR,advmod,employ
68,Category 1: Risk,employ,employ,VERB,VB,ccomp,sure
68,Category 1: Risk,consistently,consistently,ADV,RB,advmod,produces
68,Category 1: Risk,produces,produce,VERB,VBZ,ROOT,produces
68,Category 1: Risk,quality,quality,NOUN,NN,compound,work
68,Category 1: Risk,work,work,NOUN,NN,pobj,below
68,Category 1: Risk,usually,usually,ADV,RB,advmod,is
68,Category 1: Risk,late,late,ADJ,JJ,acomp,is
68,Category 1: Risk,works,work,VERB,VBZ,conj,is
68,Category 1: Risk,poorly,poorly,ADV,RB,advmod,works
68,Category 1: Risk,drive,drive,NOUN,NN,dobj,has
68,Category 1: Risk,improve,improve,VERB,VB,acl,drive
68,Category 1: Risk,respond,respond,VERB,VB,conj,has
68,Category 1: Risk,feedback,feedback,VERB,VB,xcomp,respond
68,Category 1: Risk,average,average,ADJ,JJ,amod,performer
68,Category 1: Risk,performer,performer,NOUN,NN,pobj,below
68,Category 1: Risk,improved,improve,VERB,VBN,conj,is
68,Category 1: Risk,joined,join,VERB,VBN,advcl,improved
68,Category 1: Risk,believe,believe,VERB,VB,conj,is
68,Category 1: Risk,improve,improve,VERB,VB,ccomp,believe
67,Category 1: Risk,Libby,libby,PROPN,NNP,compound,Parker
67,Category 1: Risk,Parker,parker,PROPN,NNP,nsubj,is
67,Category 1: Risk,laziest,lazy,ADJ,JJS,amod,colleagues
67,Category 1: Risk,colleagues,colleague,NOUN,NNS,pobj,of
67,Category 1: Risk,displeasure,displeasure,NOUN,NN,dobj,had
67,Category 1: Risk,working,work,VERB,VBG,pcomp,of
67,Category 1: Risk,shows,show,VERB,VBZ,ROOT,shows
67,Category 1: Risk,late,late,ADV,RB,advmod,shows
67,Category 1: Risk,lies,lie,VERB,VBZ,conj,shows
67,Category 1: Risk,time,time,NOUN,NN,compound,stamp
67,Category 1: Risk,stamp,stamp,NOUN,NN,pobj,on
67,Category 1: Risk,texts,text,VERB,VBZ,ROOT,texts
67,Category 1: Risk,meetings,meeting,NOUN,NNS,pobj,during
67,Category 1: Risk,turns,turn,VERB,VBZ,ROOT,turns
67,Category 1: Risk,rushed,rush,VERB,VBN,amod,work
67,Category 1: Risk,work,work,NOUN,NN,dobj,turns
67,Category 1: Risk,talks,talk,VERB,VBZ,ROOT,talks
67,Category 1: Risk,peoples,people,NOUN,NNS,poss,backs
67,Category 1: Risk,backs,back,NOUN,NNS,pobj,behind
67,Category 1: Risk,think,think,VERB,VBP,ROOT,think
67,Category 1: Risk,Libby,libby,PROPN,NNP,nsubj,has
67,Category 1: Risk,little,little,ADJ,JJ,dobj,has
67,Category 1: Risk,future,future,NOUN,NN,pobj,of
67,Category 1: Risk,company,company,NOUN,NN,pobj,in
67,Category 1: Risk,blink,blink,VERB,VB,conj,has
67,Category 1: Risk,eye,eye,NOUN,NN,dobj,blink
67,Category 1: Risk,removal,removal,NOUN,NN,pobj,at
67,Category 1: Risk,division,division,NOUN,NN,pobj,from
63,Category 1: Risk,George,george,PROPN,NNP,nsubj,is
63,Category 1: Risk,ideal,ideal,ADJ,JJ,amod,employee
63,Category 1: Risk,employee,employee,NOUN,NN,pobj,than
63,Category 1: Risk,struggles,struggle,VERB,VBZ,ROOT,struggles
63,Category 1: Risk,complete,complete,VERB,VB,xcomp,struggles
63,Category 1: Risk,basic,basic,ADJ,JJ,amod,tasks
63,Category 1: Risk,tasks,task,NOUN,NNS,dobj,complete
63,Category 1: Risk,assigned,assign,VERB,VBN,relcl,tasks
63,Category 1: Risk,completes,complete,VERB,VBZ,advcl,are
63,Category 1: Risk,late,late,ADJ,JJ,acomp,are
63,Category 1: Risk,ask,ask,VERB,VB,ROOT,ask
63,Category 1: Risk,questions,question,NOUN,NNS,dobj,ask
63,Category 1: Risk,needs,need,VERB,VBZ,advcl,ask
63,Category 1: Risk,clarification,clarification,NOUN,NN,dobj,needs
63,Category 1: Risk,hesitant,hesitant,ADJ,JJ,acomp,is
63,Category 1: Risk,meetings,meeting,NOUN,NNS,pobj,in
63,Category 1: Risk,team,team,NOUN,NN,pobj,with
63,Category 1: Risk,believe,believe,VERB,VBP,ROOT,believe
63,Category 1: Risk,current,current,ADJ,JJ,amod,level
63,Category 1: Risk,skill,skill,NOUN,NN,compound,level
63,Category 1: Risk,level,level,NOUN,NN,nsubj,hold
63,Category 1: Risk,unwillingness,unwillingness,NOUN,NN,conj,level
63,Category 1: Risk,seek,seek,VERB,VB,xcomp,unwillingness
63,Category 1: Risk,help,help,NOUN,NN,dobj,seek
63,Category 1: Risk,opportunities,opportunity,NOUN,NNS,conj,help
63,Category 1: Risk,hold,hold,VERB,VB,ccomp,believe
63,Category 1: Risk,long,long,ADJ,JJ,amod,run
63,Category 1: Risk,run,run,NOUN,NN,pobj,in
62,Category 1: Risk,George,george,PROPN,NNP,nsubj,shows
62,Category 1: Risk,shows,show,VERB,VBZ,ROOT,shows
62,Category 1: Risk,late,late,ADV,RB,advmod,shows
62,Category 1: Risk,meeting,meeting,NOUN,NN,pobj,to
62,Category 1: Risk,distracted,distracted,ADJ,JJ,acomp,'s
62,Category 1: Risk,meetings,meeting,NOUN,NNS,pobj,during
62,Category 1: Risk,instant,instant,ADJ,JJ,amod,messaging
62,Category 1: Risk,messaging,messaging,NOUN,NN,pobj,with
62,Category 1: Risk,text,text,NOUN,NN,compound,messages
62,Category 1: Risk,messages,message,NOUN,NNS,conj,messaging
62,Category 1: Risk,idea,idea,NOUN,NN,dobj,has
62,Category 1: Risk,discussion,discussion,NOUN,NN,nsubj,is
62,Category 1: Risk,ask,ask,VERB,VBP,advcl,are
62,Category 1: Risk,minutes,minute,NOUN,NNS,dobj,take
62,Category 1: Risk,notes,note,NOUN,NNS,nsubj,are
62,Category 1: Risk,sloppy,sloppy,ADJ,JJ,acomp,are
62,Category 1: Risk,incomplete,incomplete,ADJ,JJ,conj,sloppy
62,Category 1: Risk,secretary,secretary,NOUN,NN,attr,'s
62,Category 1: Risk,unacceptable,unacceptable,ADJ,JJ,acomp,is
62,Category 1: Risk,shown,show,VERB,VBN,ROOT,shown
62,Category 1: Risk,interest,interest,NOUN,NN,dobj,shown
62,Category 1: Risk,work,work,NOUN,NN,pobj,in
62,Category 1: Risk,heart,heart,NOUN,NN,nsubj,is
62,Category 1: Risk,job,job,NOUN,NN,pobj,in
62,Category 1: Risk,things,thing,NOUN,NNS,nsubj,turning
62,Category 1: Risk,turning,turn,VERB,VBG,ccomp,see
62,Category 1: Risk,given,give,VERB,VBN,prep,see
62,Category 1: Risk,poor,poor,ADJ,JJ,amod,attitude
62,Category 1: Risk,attitude,attitude,NOUN,NN,pobj,given
61,Category 1: Risk,waste,waste,VERB,VB,ccomp,been
61,Category 1: Risk,time,time,NOUN,NN,dobj,waste
61,Category 1: Risk,time,time,NOUN,NN,conj,time
61,Category 1: Risk,straight,straight,ADJ,JJ,amod,shooter
61,Category 1: Risk,shooter,shooter,NOUN,NN,attr,be
61,Category 1: Risk,performance,performance,NOUN,NN,nsubj,been
61,Category 1: Risk,want,want,VERB,VBP,ccomp,been
61,Category 1: Risk,potential,potential,NOUN,NN,dobj,see
61,Category 1: Risk,motivation,motivation,NOUN,NN,pobj,in
61,Category 1: Risk,right,right,ADV,RB,advmod,now
61,Category 1: Risk,tasks,task,NOUN,NNS,pobj,in
61,Category 1: Risk,asking,ask,VERB,VBG,ccomp,see
61,Category 1: Risk,need,need,VERB,VBP,ROOT,need
61,Category 1: Risk,increase,increase,VERB,VB,ccomp,need
61,Category 1: Risk,performance,performance,NOUN,NN,dobj,increase
61,Category 1: Risk,live,live,VERB,VB,conj,increase
61,Category 1: Risk,colleagues,colleague,NOUN,NNS,pobj,to
61,Category 1: Risk,people,people,NOUN,NNS,nsubj,give
61,Category 1: Risk,probably,probably,ADV,RB,advmod,give
61,Category 1: Risk,chance,chance,NOUN,NN,dobj,give
61,Category 1: Risk,need,need,VERB,VBP,conj,give
61,Category 1: Risk,better,well,ADV,RBR,advmod,do
61,Category 1: Risk,need,need,VERB,VBP,ccomp,is
61,Category 1: Risk,understand,understand,VERB,VB,ccomp,need
61,Category 1: Risk,chance,chance,NOUN,NN,attr,is
61,Category 1: Risk,timed,time,VERB,VBN,relcl,chance
61,Category 1: Risk,extremely,extremely,ADV,RB,advmod,sensitive
61,Category 1: Risk,sensitive,sensitive,ADJ,JJ,conj,timed
61,Category 1: Risk,generous,generous,ADJ,JJ,conj,timed
61,Category 1: Risk,improve,improve,VERB,VB,advcl,have
61,Category 1: Risk,let,let,VERB,VB,xcomp,have
60,Category 1: Risk,Geroge,geroge,PROPN,NNP,compound,Gill
60,Category 1: Risk,Gill,gill,PROPN,NNP,nsubj,struggles
60,Category 1: Risk,struggles,struggle,VERB,VBZ,ROOT,struggles
60,Category 1: Risk,task,task,NOUN,NN,nsubj,done
60,Category 1: Risk,constantly,constantly,ADV,RB,advmod,distracted
60,Category 1: Risk,distracted,distract,VERB,VBN,ROOT,distracted
60,Category 1: Risk,chatting,chat,VERB,VBG,xcomp,distracted
60,Category 1: Risk,fellow,fellow,ADJ,JJ,amod,workers
60,Category 1: Risk,workers,worker,NOUN,NNS,pobj,with
60,Category 1: Risk,work,work,NOUN,NN,compound,performance
60,Category 1: Risk,performance,performance,NOUN,NN,nsubj,is
60,Category 1: Risk,poor,poor,ADJ,JJ,acomp,is
60,Category 1: Risk,lack,lack,NOUN,NN,pobj,due
60,Category 1: Risk,devotion,devotion,NOUN,NN,pobj,of
60,Category 1: Risk,needs,need,VERB,VBZ,ROOT,needs
60,Category 1: Risk,learn,learn,VERB,VB,xcomp,needs
60,Category 1: Risk,focus,focus,VERB,VB,xcomp,learn
60,Category 1: Risk,Gill,gill,PROPN,NNP,nsubj,keeps
60,Category 1: Risk,keeps,keep,VERB,VBZ,advcl,progress
60,Category 1: Risk,wo,will,AUX,MD,aux,progress
60,Category 1: Risk,progress,progress,VERB,VB,ROOT,progress
60,Category 1: Risk,far,far,ADV,RB,advmod,progress
58,Category 1: Risk,Caiden,caiden,PROPN,NNP,nsubj,had
58,Category 1: Risk,enthusiasm,enthusiasm,NOUN,NN,dobj,had
58,Category 1: Risk,working,work,VERB,VBG,pcomp,in
58,Category 1: Risk,major,major,ADJ,JJ,amod,project
58,Category 1: Risk,group,group,NOUN,NN,compound,project
58,Category 1: Risk,project,project,NOUN,NN,pobj,on
58,Category 1: Risk,consistently,consistently,ADV,RB,advmod,missed
58,Category 1: Risk,missed,miss,VERB,VBN,ROOT,missed
58,Category 1: Risk,meetings,meeting,NOUN,NNS,dobj,missed
58,Category 1: Risk,given,give,VERB,VBN,ROOT,given
58,Category 1: Risk,time,time,NOUN,NN,dobj,given
58,Category 1: Risk,personal,personal,ADJ,JJ,amod,goals
58,Category 1: Risk,goals,goal,NOUN,NNS,pobj,to
58,Category 1: Risk,set,set,VERB,VBN,advcl,given
58,Category 1: Risk,earlier,early,ADV,RBR,advmod,quarter
58,Category 1: Risk,quarter,quarter,NOUN,NN,npadvmod,set
58,Category 1: Risk,Caiden,caiden,PROPN,NNP,nsubj,needs
58,Category 1: Risk,needs,need,VERB,VBZ,ROOT,needs
58,Category 1: Risk,mind,mind,NOUN,NN,dobj,get
58,Category 1: Risk,job,job,NOUN,NN,pobj,on
58,Category 1: Risk,soon,soon,ADV,RB,advmod,get
57,Category 1: Risk,Caiden,caiden,PROPN,NNP,nsubj,arrives
57,Category 1: Risk,repeatedly,repeatedly,ADV,RB,advmod,arrives
57,Category 1: Risk,arrives,arrive,VERB,VBZ,ROOT,arrives
57,Category 1: Risk,late,late,ADV,RB,advmod,arrives
57,Category 1: Risk,work,work,VERB,VB,xcomp,arrives
57,Category 1: Risk,neglects,neglect,VERB,VBZ,conj,arrives
57,Category 1: Risk,shows,show,VERB,VBZ,ROOT,shows
57,Category 1: Risk,interest,interest,NOUN,NN,dobj,shows
57,Category 1: Risk,work,work,NOUN,NN,pobj,in
57,Category 1: Risk,puts,put,VERB,VBZ,conj,shows
57,Category 1: Risk,little,little,ADJ,JJ,amod,effort
57,Category 1: Risk,effort,effort,NOUN,NN,dobj,puts
57,Category 1: Risk,possible,possible,ADJ,JJ,amod,as
57,Category 1: Risk,completing,complete,VERB,VBG,pcomp,into
57,Category 1: Risk,short,short,ADJ,JJ,acomp,is
57,Category 1: Risk,rude,rude,ADJ,JJ,conj,short
57,Category 1: Risk,conversations,conversation,NOUN,NNS,pobj,in
57,Category 1: Risk,coworkers,coworker,NOUN,NNS,pobj,with
57,Category 1: Risk,expressed,express,VERB,VBN,ROOT,expressed
57,Category 1: Risk,dissatisfaction,dissatisfaction,NOUN,NN,dobj,expressed
57,Category 1: Risk,management,management,NOUN,NN,pobj,with
57,Category 1: Risk,stated,state,VERB,VBD,conj,expressed
57,Category 1: Risk,looking,look,VERB,VBG,ccomp,stated
57,Category 1: Risk,job,job,NOUN,NN,pobj,for
57,Category 1: Risk,wo,will,AUX,MD,aux,be
57,Category 1: Risk,long,long,ADV,RB,advmod,be
56,Category 1: Risk,Caiden,caiden,PROPN,NNP,nsubj,slumped
56,Category 1: Risk,slumped,slump,VERB,VBN,ROOT,slumped
56,Category 1: Risk,greatly,greatly,ADV,RB,advmod,slumped
56,Category 1: Risk,performance,performance,NOUN,NN,pobj,in
56,Category 1: Risk,quarter,quarter,NOUN,NN,npadvmod,slumped
56,Category 1: Risk,appears,appear,VERB,VBZ,advcl,notice
56,Category 1: Risk,working,work,VERB,VBG,xcomp,appears
56,Category 1: Risk,desk,desk,NOUN,NN,pobj,at
56,Category 1: Risk,notice,notice,VERB,VBP,ROOT,notice
56,Category 1: Risk,quality,quality,NOUN,NN,nsubj,diminished
56,Category 1: Risk,work,work,NOUN,NN,pobj,of
56,Category 1: Risk,submits,submit,VERB,VBZ,relcl,quality
56,Category 1: Risk,greatly,greatly,ADV,RB,advmod,diminished
56,Category 1: Risk,diminished,diminish,VERB,VBN,ccomp,notice
56,Category 1: Risk,lacks,lack,VERB,VBZ,ROOT,lacks
56,Category 1: Risk,ambition,ambition,NOUN,NN,dobj,lacks
56,Category 1: Risk,makes,make,VERB,VBZ,conj,lacks
56,Category 1: Risk,effort,effort,NOUN,NN,dobj,makes
56,Category 1: Risk,improve,improve,VERB,VB,acl,effort
56,Category 1: Risk,work,work,NOUN,NN,dobj,improve
56,Category 1: Risk,feedback,feedback,NOUN,NN,pobj,upon
56,Category 1: Risk,Caiden,caiden,PROPN,NNP,nsubj,seek
56,Category 1: Risk,seek,seek,VERB,VB,ROOT,seek
56,Category 1: Risk,use,use,VERB,VB,xcomp,seek
56,Category 1: Risk,constructive,constructive,ADJ,JJ,amod,feedback
56,Category 1: Risk,feedback,feedback,NOUN,NN,dobj,use
56,Category 1: Risk,resist,resist,VERB,VB,conj,use
56,Category 1: Risk,performance,performance,NOUN,NN,nsubj,continue
56,Category 1: Risk,continue,continue,VERB,VB,ROOT,continue
56,Category 1: Risk,monitored,monitor,VERB,VBN,xcomp,continue
56,Category 1: Risk,quality,quality,NOUN,NN,compound,assurance
56,Category 1: Risk,assurance,assurance,PROPN,NNP,compound,department
56,Category 1: Risk,department,department,NOUN,NN,pobj,by
55,Category 1: Risk,Caiden,caiden,PROPN,NNP,compound,Pace
55,Category 1: Risk,Pace,pace,PROPN,NNP,nsubj,showed
55,Category 1: Risk,repeatedly,repeatedly,ADV,RB,advmod,showed
55,Category 1: Risk,showed,show,VERB,VBN,ROOT,showed
55,Category 1: Risk,lack,lack,NOUN,NN,dobj,showed
55,Category 1: Risk,motivation,motivation,NOUN,NN,pobj,of
55,Category 1: Risk,drive,drive,VERB,VB,conj,showed
55,Category 1: Risk,position,position,NOUN,NN,pobj,for
55,Category 1: Risk,work,work,NOUN,NN,nmod,quality
55,Category 1: Risk,quality,quality,NOUN,NN,nmod,efficiency
55,Category 1: Risk,task,task,NOUN,NN,conj,quality
55,Category 1: Risk,efficiency,efficiency,NOUN,NN,nsubj,remained
55,Category 1: Risk,remained,remain,VERB,VBN,ROOT,remained
55,Category 1: Risk,sub,sub,ADJ,JJ,acomp,remained
55,Category 1: Risk,par,par,NOUN,NN,attr,remained
55,Category 1: Risk,time,time,NOUN,NN,pobj,for
55,Category 1: Risk,generally,generally,ADV,RB,advmod,expected
55,Category 1: Risk,expected,expect,VERB,VBN,ccomp,leads
55,Category 1: Risk,improve,improve,VERB,VB,xcomp,expected
55,Category 1: Risk,time,time,NOUN,NN,pobj,over
55,Category 1: Risk,lack,lack,NOUN,NN,nsubj,leads
55,Category 1: Risk,drive,drive,NOUN,NN,pobj,of
55,Category 1: Risk,leads,lead,VERB,VBZ,ROOT,leads
55,Category 1: Risk,believe,believe,VERB,VB,xcomp,leads
55,Category 1: Risk,improvement,improvement,NOUN,NN,dobj,see
55,Category 1: Risk,foreseeable,foreseeable,ADJ,JJ,amod,future
55,Category 1: Risk,future,future,NOUN,NN,pobj,in
55,Category 1: Risk,Unfortunately,unfortunately,ADV,RB,advmod,believe
55,Category 1: Risk,believe,believe,VERB,VB,ROOT,believe
55,Category 1: Risk,current,current,ADJ,JJ,amod,moment
55,Category 1: Risk,moment,moment,NOUN,NN,pobj,at
55,Category 1: Risk,suited,suit,VERB,VBN,ccomp,believe
55,Category 1: Risk,position,position,NOUN,NN,pobj,for
54,Category 1: Risk,Caiden,caiden,PROPN,NNP,nsubj,produce
54,Category 1: Risk,produce,produce,VERB,VB,ROOT,produce
54,Category 1: Risk,good,good,ADJ,JJ,amod,work
54,Category 1: Risk,work,work,NOUN,NN,dobj,produce
54,Category 1: Risk,needs,need,VERB,VBZ,conj,produce
54,Category 1: Risk,supervised,supervise,VERB,VBN,xcomp,needs
54,Category 1: Risk,constantly,constantly,ADV,RB,advmod,supervised
54,Category 1: Risk,Caiden,caiden,PROPN,NNP,nsubj,is
54,Category 1: Risk,disruptive,disruptive,ADJ,JJ,acomp,is
54,Category 1: Risk,employees,employee,NOUN,NNS,pobj,to
54,Category 1: Risk,lower,lower,VERB,VB,conj,is
54,Category 1: Risk,performance,performance,NOUN,NN,compound,levels
54,Category 1: Risk,levels,level,NOUN,NNS,dobj,lower
54,Category 1: Risk,Caiden,caiden,PROPN,NNP,nsubj,engage
54,Category 1: Risk,engage,engage,VERB,VB,ROOT,engage
54,Category 1: Risk,ask,ask,VERB,VB,conj,engage
54,Category 1: Risk,questions,question,NOUN,NNS,dobj,ask
54,Category 1: Risk,assignments,assignment,NOUN,NNS,pobj,about
54,Category 1: Risk,Caiden,caiden,PROPN,NNP,nsubjpass,found
54,Category 1: Risk,frequently,frequently,ADV,RB,advmod,found
54,Category 1: Risk,found,find,VERB,VBN,ROOT,found
54,Category 1: Risk,browsing,browse,VERB,VBG,xcomp,found
54,Category 1: Risk,internet,internet,NOUN,NN,dobj,browsing
65,Category 1: Risk,Libby,libby,PROPN,NNP,nsubj,performed
65,Category 1: Risk,performed,perform,VERB,VBD,ROOT,performed
65,Category 1: Risk,poorly,poorly,ADV,RB,advmod,performed
65,Category 1: Risk,quarter,quarter,NOUN,NN,npadvmod,performed
65,Category 1: Risk,consistently,consistently,ADV,RB,advmod,misses
65,Category 1: Risk,misses,miss,VERB,VBZ,ROOT,misses
65,Category 1: Risk,deadlines,deadline,NOUN,NNS,dobj,misses
65,Category 1: Risk,comes,come,VERB,VBZ,conj,misses
65,Category 1: Risk,office,office,NOUN,NN,pobj,into
65,Category 1: Risk,late,late,ADV,RB,advmod,comes
65,Category 1: Risk,coworkers,coworker,NOUN,NNS,pobj,with
65,Category 1: Risk,creating,create,VERB,VBG,advcl,get
65,Category 1: Risk,tension,tension,NOUN,NN,dobj,creating
65,Category 1: Risk,office,office,NOUN,NN,pobj,in
65,Category 1: Risk,redeeming,redeem,VERB,VBG,amod,quality
65,Category 1: Risk,quality,quality,NOUN,NN,nsubj,is
65,Category 1: Risk,focused,focus,VERB,VBN,acomp,is
65,Category 1: Risk,produce,produce,VERB,VB,ccomp,is
65,Category 1: Risk,good,good,ADJ,JJ,amod,work
65,Category 1: Risk,work,work,NOUN,NN,dobj,produce
65,Category 1: Risk,Unfortunately,unfortunately,ADV,RB,advmod,is
65,Category 1: Risk,negatives,negative,NOUN,NNS,nsubj,outweigh
65,Category 1: Risk,outweigh,outweigh,VERB,VBP,conj,is
65,Category 1: Risk,good,good,ADJ,JJ,amod,work
65,Category 1: Risk,work,work,NOUN,NN,dobj,outweigh
65,Category 1: Risk,able,able,ADJ,JJ,acomp,is
65,Category 1: Risk,produce,produce,VERB,VB,xcomp,able
52,Category 1: Risk,Addison,addison,PROPN,NNP,compound,Cohen
52,Category 1: Risk,Cohen,cohen,PROPN,NNP,nsubj,had
52,Category 1: Risk,slow,slow,ADJ,JJ,amod,start
52,Category 1: Risk,start,start,NOUN,NN,dobj,had
52,Category 1: Risk,company,company,NOUN,NN,pobj,at
52,Category 1: Risk,output,output,NOUN,NN,nsubj,is
52,Category 1: Risk,standard,standard,ADJ,JJ,pobj,than
52,Category 1: Risk,Addison,addison,PROPN,NNP,nsubj,benefit
52,Category 1: Risk,benefit,benefit,VERB,VB,ROOT,benefit
52,Category 1: Risk,additional,additional,ADJ,JJ,amod,and/or
52,Category 1: Risk,training,training,NOUN,NN,compound,and/or
52,Category 1: Risk,goal,goal,NOUN,NN,compound,setting
52,Category 1: Risk,setting,set,VERB,VBG,pobj,from
52,Category 1: Risk,Addison,addison,PROPN,NNP,nsubj,need
52,Category 1: Risk,need,need,VERB,VB,ROOT,need
52,Category 1: Risk,pick,pick,VERB,VB,xcomp,need
52,Category 1: Risk,pace,pace,NOUN,NN,dobj,pick
52,Category 1: Risk,like,like,VERB,VB,advcl,need
52,Category 1: Risk,continue,continue,VERB,VB,xcomp,like
52,Category 1: Risk,work,work,VERB,VB,xcomp,continue
52,Category 1: Risk,company,company,NOUN,NN,pobj,at
52,Category 1: Risk,Suggest,suggest,VERB,VB,ROOT,Suggest
52,Category 1: Risk,review,review,NOUN,NN,dobj,Suggest
52,Category 1: Risk,months,month,NOUN,NNS,pobj,in
52,Category 1: Risk,improvements,improvement,NOUN,NNS,nsubj,occurred
52,Category 1: Risk,occurred,occur,VERB,VBN,ccomp,see
53,Category 1: Risk,Addison,addison,PROPN,NNP,compound,Cohen
53,Category 1: Risk,Cohen,cohen,PROPN,NNP,nsubj,fails
53,Category 1: Risk,fails,fail,VERB,VBZ,ROOT,fails
53,Category 1: Risk,deliver,deliver,VERB,VB,xcomp,fails
53,Category 1: Risk,consistently,consistently,ADV,RB,advmod,provides
53,Category 1: Risk,provides,provide,VERB,VBZ,ROOT,provides
53,Category 1: Risk,significantly,significantly,ADV,RB,amod,work
53,Category 1: Risk,sub,sub,ADJ,JJ,amod,work
53,Category 1: Risk,par,par,ADJ,JJ,amod,work
53,Category 1: Risk,work,work,NOUN,NN,dobj,provides
53,Category 1: Risk,mistakes,mistake,NOUN,NNS,nsubj,are
53,Category 1: Risk,Addison,addison,PROPN,NNP,pobj,by
53,Category 1: Risk,liable,liable,ADJ,JJ,acomp,are
53,Category 1: Risk,impact,impact,VERB,VB,xcomp,liable
53,Category 1: Risk,company,company,NOUN,NN,dobj,impact
53,Category 1: Risk,significantly,significantly,ADV,RB,advmod,impact
53,Category 1: Risk,advise,advise,VERB,VBP,ROOT,advise
53,Category 1: Risk,continuing,continue,VERB,VBG,pcomp,against
53,Category 1: Risk,employment,employment,NOUN,NN,dobj,continuing
39,Category 1: Risk,Aryanna,aryanna,PROPN,NNP,nsubj,is
39,Category 1: Risk,team,team,NOUN,NN,compound,player
39,Category 1: Risk,player,player,NOUN,NN,attr,is
39,Category 1: Risk,needs,need,VERB,VBZ,conj,is
39,Category 1: Risk,guidance,guidance,NOUN,NN,dobj,needs
39,Category 1: Risk,actual,actual,ADJ,JJ,amod,implementation
39,Category 1: Risk,implementation,implementation,NOUN,NN,pobj,in
39,Category 1: Risk,skills,skill,NOUN,NNS,pobj,of
39,Category 1: Risk,work,work,NOUN,NN,pobj,at
39,Category 1: Risk,struggles,struggle,VERB,VBZ,ROOT,struggles
39,Category 1: Risk,following,follow,VERB,VBG,amod,directions
39,Category 1: Risk,directions,direction,NOUN,NNS,pobj,with
39,Category 1: Risk,needs,need,VERB,VBZ,conj,struggles
39,Category 1: Risk,reminders,reminder,NOUN,NNS,dobj,needs
39,Category 1: Risk,meet,meet,VERB,VB,advcl,needs
39,Category 1: Risk,goals,goal,NOUN,NNS,dobj,meet
39,Category 1: Risk,time,time,NOUN,NN,pobj,on
38,Category 1: Risk,Kohen,kohen,PROPN,NNP,compound,Norris
38,Category 1: Risk,Norris,norris,PROPN,NNP,nsubj,earned
38,Category 1: Risk,earned,earn,VERB,VBN,ROOT,earned
38,Category 1: Risk,risk,risk,NOUN,NN,compound,rating
38,Category 1: Risk,rating,rating,NOUN,NN,dobj,earned
38,Category 1: Risk,current,current,ADJ,JJ,amod,period
38,Category 1: Risk,evaluation,evaluation,NOUN,NN,compound,period
38,Category 1: Risk,period,period,NOUN,NN,pobj,for
38,Category 1: Risk,consecutive,consecutive,ADJ,JJ,amod,evaluation
38,Category 1: Risk,evaluation,evaluation,NOUN,NN,attr,is
38,Category 1: Risk,Kohen,kohen,PROPN,NNP,nsubj,received
38,Category 1: Risk,received,receive,VERB,VBN,relcl,evaluation
38,Category 1: Risk,negative,negative,ADJ,JJ,amod,performance
38,Category 1: Risk,performance,performance,NOUN,NN,compound,review
38,Category 1: Risk,review,review,NOUN,NN,dobj,received
38,Category 1: Risk,time,time,NOUN,NN,pobj,During
38,Category 1: Risk,given,give,VERB,VBN,ROOT,given
38,Category 1: Risk,detailed,detailed,ADJ,JJ,amod,outline
38,Category 1: Risk,outline,outline,NOUN,NN,dobj,given
38,Category 1: Risk,needs,need,VERB,VBZ,pcomp,of
38,Category 1: Risk,improve,improve,VERB,VB,xcomp,needs
38,Category 1: Risk,progress,progress,NOUN,NN,dobj,made
38,Category 1: Risk,item,item,NOUN,NN,pobj,on
38,Category 1: Risk,shown,show,VERB,VBN,conj,made
38,Category 1: Risk,desire,desire,NOUN,NN,dobj,shown
38,Category 1: Risk,Finally,finally,ADV,RB,advmod,continues
38,Category 1: Risk,continues,continue,VERB,VBZ,ROOT,continues
38,Category 1: Risk,struggle,struggle,VERB,VB,xcomp,continues
38,Category 1: Risk,contributing,contribute,VERB,VBG,pcomp,on
38,Category 1: Risk,projects,project,NOUN,NNS,pobj,to
38,Category 1: Risk,significant,significant,ADJ,JJ,amod,help
38,Category 1: Risk,help,help,NOUN,NN,pobj,without
38,Category 1: Risk,believe,believe,VERB,VBP,ROOT,believe
38,Category 1: Risk,headed,head,VERB,VBN,ccomp,believe
38,Category 1: Risk,termination,termination,NOUN,NN,pobj,toward
38,Category 1: Risk,improve,improve,VERB,VB,advcl,headed
38,Category 1: Risk,months,month,NOUN,NNS,pobj,in
43,Category 1: Risk,Aryanna,aryanna,PROPN,NNP,nsubj,had
43,Category 1: Risk,difficulty,difficulty,NOUN,NN,dobj,had
43,Category 1: Risk,adjusting,adjust,VERB,VBG,acl,difficulty
43,Category 1: Risk,place,place,NOUN,NN,pobj,to
43,Category 1: Risk,work,work,NOUN,NN,pobj,at
43,Category 1: Risk,tasks,task,NOUN,NNS,conj,difficulty
43,Category 1: Risk,hand,hand,NOUN,NN,pobj,at
43,Category 1: Risk,Aryanna,aryanna,PROPN,NNP,nsubj,seems
43,Category 1: Risk,confused,confused,ADJ,JJ,oprd,seems
43,Category 1: Risk,turns,turn,VERB,VBZ,conj,seems
43,Category 1: Risk,work,work,NOUN,NN,pobj,in
43,Category 1: Risk,unfinished,unfinished,ADJ,JJ,acomp,turns
43,Category 1: Risk,filled,fill,VERB,VBN,conj,unfinished
43,Category 1: Risk,mistakes,mistake,NOUN,NNS,pobj,with
43,Category 1: Risk,motivated,motivated,ADJ,JJ,oprd,seem
43,Category 1: Risk,learn,learn,VERB,VB,xcomp,motivated
43,Category 1: Risk,change,change,VERB,VB,conj,learn
43,Category 1: Risk,things,thing,NOUN,NNS,dobj,change
43,Category 1: Risk,needs,need,VERB,VBZ,relcl,things
43,Category 1: Risk,order,order,NOUN,NN,pobj,in
43,Category 1: Risk,future,future,NOUN,NN,dobj,have
43,Category 1: Risk,slowed,slow,VERB,VBN,ROOT,slowed
43,Category 1: Risk,company,company,NOUN,NN,pobj,as
43,Category 1: Risk,worker,worker,NOUN,NN,dobj,keep
44,Category 1: Risk,Wade,wade,PROPN,NNP,nsubj,is
44,Category 1: Risk,abysmal,abysmal,ADJ,JJ,amod,worker
44,Category 1: Risk,worker,worker,NOUN,NN,attr,is
44,Category 1: Risk,fails,fail,VERB,VBZ,relcl,worker
44,Category 1: Risk,produce,produce,VERB,VB,xcomp,fails
44,Category 1: Risk,valuable,valuable,ADJ,JJ,amod,work
44,Category 1: Risk,work,work,NOUN,NN,dobj,produce
44,Category 1: Risk,late,late,ADJ,JJ,acomp,is
44,Category 1: Risk,work,work,VERB,VB,conj,is
44,Category 1: Risk,fails,fail,VERB,VBZ,conj,work
44,Category 1: Risk,meet,meet,VERB,VB,xcomp,fails
44,Category 1: Risk,expectation,expectation,NOUN,NN,dobj,meet
44,Category 1: Risk,Furthermore,furthermore,ADV,RB,advmod,fails
44,Category 1: Risk,fails,fail,VERB,VBZ,ROOT,fails
44,Category 1: Risk,respond,respond,VERB,VB,xcomp,fails
44,Category 1: Risk,feed,feed,VERB,VB,advcl,respond
44,Category 1: Risk,try,try,VERB,VB,ccomp,see
44,Category 1: Risk,improve,improve,VERB,VB,xcomp,try
44,Category 1: Risk,recommend,recommend,VERB,VBP,ROOT,recommend
44,Category 1: Risk,removed,remove,VERB,VBN,ccomp,recommend
44,Category 1: Risk,soon,soon,ADV,RB,advmod,removed
44,Category 1: Risk,possible,possible,ADJ,JJ,amod,as
41,Category 1: Risk,Aryanna,aryanna,PROPN,NNP,nsubj,is
41,Category 1: Risk,weak,weak,ADJ,JJ,amod,worker
41,Category 1: Risk,worker,worker,NOUN,NN,attr,is
41,Category 1: Risk,suggest,suggest,VERB,VBP,ROOT,suggest
41,Category 1: Risk,terminated,terminate,VERB,VBN,ccomp,suggest
41,Category 1: Risk,immediately,immediately,ADV,RB,advmod,terminated
41,Category 1: Risk,unable,unable,ADJ,JJ,acomp,is
41,Category 1: Risk,preform,preform,VERB,VB,xcomp,unable
41,Category 1: Risk,simplest,simple,ADJ,JJS,dobj,preform
41,Category 1: Risk,tasks,task,NOUN,NNS,pobj,of
41,Category 1: Risk,inconsistently,inconsistently,ADV,RB,advmod,produces
41,Category 1: Risk,produces,produce,VERB,VBZ,conj,is
41,Category 1: Risk,acceptable,acceptable,ADJ,JJ,amod,work
41,Category 1: Risk,work,work,NOUN,NN,dobj,produces
41,Category 1: Risk,work,work,VERB,VB,ROOT,work
41,Category 1: Risk,shown,show,VERB,VBN,conj,work
41,Category 1: Risk,desire,desire,NOUN,NN,dobj,shown
41,Category 1: Risk,learn,learn,VERB,VB,acl,desire
41,Category 1: Risk,improve,improve,VERB,VB,conj,learn
41,Category 1: Risk,self,self,NOUN,NN,dobj,improve
41,Category 1: Risk,think,think,VERB,VB,ROOT,think
41,Category 1: Risk,improve,improve,VERB,VB,ccomp,think
41,Category 1: Risk,current,current,ADJ,JJ,amod,abilities
41,Category 1: Risk,abilities,ability,NOUN,NNS,pobj,beyond
41,Category 1: Risk,overall,overall,ADV,RB,nsubj,is
41,Category 1: Risk,disappointing,disappointing,ADJ,JJ,amod,worker
41,Category 1: Risk,worker,worker,NOUN,NN,attr,is
47,Category 1: Risk,Unfortunately,unfortunately,ADV,RB,advmod,shown
47,Category 1: Risk,Stanley,stanley,PROPN,NNP,nsubj,shown
47,Category 1: Risk,shown,show,VERB,VBN,ROOT,shown
47,Category 1: Risk,time,time,NOUN,NN,dobj,shown
47,Category 1: Risk,time,time,NOUN,NN,conj,time
47,Category 1: Risk,issues,issue,NOUN,NNS,nsubj,performing
47,Category 1: Risk,performing,perform,VERB,VBG,advcl,shown
47,Category 1: Risk,example,example,NOUN,NN,pobj,For
47,Category 1: Risk,week,week,NOUN,NN,npadvmod,had
47,Category 1: Risk,deadline,deadline,NOUN,NN,dobj,had
47,Category 1: Risk,knew,know,VERB,VBD,relcl,deadline
47,Category 1: Risk,instead,instead,ADV,RB,advmod,took
47,Category 1: Risk,took,take,VERB,VBD,ROOT,took
47,Category 1: Risk,long,long,ADJ,JJ,amod,lunches
47,Category 1: Risk,lunches,lunch,NOUN,NNS,dobj,took
47,Category 1: Risk,deadline,deadline,NOUN,NN,dobj,made
47,Category 1: Risk,ability,ability,NOUN,NN,nsubj,happened
47,Category 1: Risk,time,time,NOUN,NN,pobj,on
47,Category 1: Risk,dressed,dress,VERB,VBN,conj,show
47,Category 1: Risk,accordingly,accordingly,ADV,RB,advmod,happened
47,Category 1: Risk,happened,happen,VERB,VBN,ROOT,happened
47,Category 1: Risk,Everyday,everyday,PROPN,NNP,compound,Wade
47,Category 1: Risk,Wade,wade,PROPN,NNP,nsubj,been
47,Category 1: Risk,minimum,minimum,NOUN,NN,attr,been
47,Category 1: Risk,minutes,minute,NOUN,NNS,pobj,of
47,Category 1: Risk,late,late,ADV,RB,advmod,been
47,Category 1: Risk,unacceptable,unacceptable,ADJ,JJ,acomp,is
47,Category 1: Risk,nice,nice,ADJ,JJ,amod,person
47,Category 1: Risk,person,person,NOUN,NN,attr,is
47,Category 1: Risk,wish,wish,VERB,VBP,conj,is
47,Category 1: Risk,best,good,ADJ,JJS,dobj,wish
47,Category 1: Risk,potential,potential,NOUN,NN,nsubj,is
47,Category 1: Risk,growth,growth,NOUN,NN,pobj,for
50,Category 1: Risk,Addison,addison,PROPN,NNP,nsubj,had
50,Category 1: Risk,rough,rough,ADJ,JJ,amod,time
50,Category 1: Risk,time,time,NOUN,NN,dobj,had
50,Category 1: Risk,quarter,quarter,NOUN,NN,npadvmod,had
50,Category 1: Risk,sick,sick,ADJ,JJ,acomp,being
50,Category 1: Risk,Addison,addison,PROPN,NNP,nsubj,was
50,Category 1: Risk,major,major,ADJ,JJ,amod,tasks
50,Category 1: Risk,tasks,task,NOUN,NNS,pobj,on
50,Category 1: Risk,related,relate,VERB,VBN,acl,tasks
50,Category 1: Risk,project,project,NOUN,NN,pobj,to
50,Category 1: Risk,Addison,addison,PROPN,NNP,nsubj,seems
50,Category 1: Risk,world,world,NOUN,NN,pobj,in
50,Category 1: Risk,time,time,NOUN,NN,pobj,of
50,Category 1: Risk,main,main,ADJ,JJ,amod,concern
50,Category 1: Risk,concern,concern,NOUN,NN,nsubj,is
50,Category 1: Risk,Addison,addison,PROPN,NNP,poss,inattention
50,Category 1: Risk,continued,continued,ADJ,JJ,amod,inattention
50,Category 1: Risk,inattention,inattention,NOUN,NN,nsubj,be
50,Category 1: Risk,costly,costly,ADJ,JJ,acomp,be
50,Category 1: Risk,company,company,NOUN,NN,pobj,to
45,Category 1: Risk,work,work,VERB,VB,ROOT,work
45,Category 1: Risk,Wade,wade,PROPN,NNP,pobj,with
45,Category 1: Risk,hazard,hazard,NOUN,NN,attr,was
45,Category 1: Risk,team,team,NOUN,NN,pobj,to
45,Category 1: Risk,employed,employ,VERB,VBN,conj,was
45,Category 1: Risk,room,room,NOUN,NN,ROOT,room
45,Category 1: Risk,growth,growth,NOUN,NN,pobj,for
45,Category 1: Risk,desire,desire,NOUN,NN,dobj,has
45,Category 1: Risk,grow,grow,VERB,VB,acl,desire
45,Category 1: Risk,hate,hate,VERB,VB,ROOT,hate
45,Category 1: Risk,team,team,NOUN,NN,pobj,on
218,Category 2: Average Performer,Finley,finley,PROPN,NNP,compound,Grey
218,Category 2: Average Performer,Grey,grey,PROPN,NNP,nsubj,completes
218,Category 2: Average Performer,completes,complete,VERB,VBZ,ROOT,completes
218,Category 2: Average Performer,tasks,task,NOUN,NNS,dobj,completes
218,Category 2: Average Performer,time,time,NOUN,NN,pobj,on
218,Category 2: Average Performer,follows,follow,VERB,VBZ,conj,completes
218,Category 2: Average Performer,instruction,instruction,NOUN,NN,dobj,follows
218,Category 2: Average Performer,forth,forth,ADP,RP,prt,put
218,Category 2: Average Performer,ideas,idea,NOUN,NNS,pobj,on
218,Category 2: Average Performer,follows,follow,VERB,VBZ,ROOT,follows
218,Category 2: Average Performer,instruction,instruction,NOUN,NN,dobj,follows
218,Category 2: Average Performer,letter,letter,NOUN,NN,pobj,to
218,Category 2: Average Performer,offer,offer,VERB,VB,conj,follows
218,Category 2: Average Performer,insights,insight,NOUN,NNS,dobj,offer
218,Category 2: Average Performer,project,project,NOUN,NN,dobj,make
218,Category 2: Average Performer,better,well,ADV,RBR,advmod,make
218,Category 2: Average Performer,work,work,NOUN,NN,nsubj,is
218,Category 2: Average Performer,correct,correct,ADJ,JJ,acomp,is
218,Category 2: Average Performer,complete,complete,ADJ,JJ,acomp,is
218,Category 2: Average Performer,time,time,NOUN,NN,pobj,on
218,Category 2: Average Performer,long,long,ADV,RB,advmod,complete
218,Category 2: Average Performer,detailed,detailed,ADJ,JJ,amod,instruction
218,Category 2: Average Performer,instruction,instruction,NOUN,NN,dobj,has
218,Category 2: Average Performer,benefit,benefit,VERB,VB,ROOT,benefit
218,Category 2: Average Performer,thinking,think,VERB,VBG,pcomp,from
218,Category 2: Average Performer,outside,outside,ADP,IN,prep,thinking
218,Category 2: Average Performer,box,box,NOUN,NN,pobj,outside
218,Category 2: Average Performer,putting,put,VERB,VBG,conj,thinking
218,Category 2: Average Performer,forth,forth,ADP,RP,prt,putting
218,Category 2: Average Performer,ideas,idea,NOUN,NNS,dobj,putting
218,Category 2: Average Performer,time,time,NOUN,NN,pobj,from
218,Category 2: Average Performer,time,time,NOUN,NN,pobj,to
218,Category 2: Average Performer,motivated,motivated,ADJ,JJ,oprd,seem
259,Category 2: Average Performer,good,good,ADJ,JJ,amod,performer
259,Category 2: Average Performer,performer,performer,NOUN,NN,attr,is
259,Category 2: Average Performer,regular,regular,ADJ,JJ,amod,activites
259,Category 2: Average Performer,activites,activite,NOUN,NNS,pobj,of
259,Category 2: Average Performer,perfection,perfection,NOUN,NN,nsubj,is
259,Category 2: Average Performer,completion,completion,NOUN,NN,pobj,to
259,Category 2: Average Performer,tasks,task,NOUN,NNS,pobj,of
259,Category 2: Average Performer,excellent,excellent,ADJ,JJ,acomp,is
259,Category 2: Average Performer,time,time,NOUN,NN,pobj,in
259,Category 2: Average Performer,interaction,interaction,NOUN,NN,nsubj,is
259,Category 2: Average Performer,new,new,ADJ,JJ,amod,activities
259,Category 2: Average Performer,activities,activity,NOUN,NNS,pobj,to
259,Category 2: Average Performer,remarkable,remarkable,ADJ,JJ,acomp,is
259,Category 2: Average Performer,expected,expect,VERB,VBN,ROOT,expected
259,Category 2: Average Performer,accomplish,accomplish,VERB,VB,xcomp,expected
259,Category 2: Average Performer,developmental,developmental,ADJ,JJ,amod,activities
259,Category 2: Average Performer,activities,activity,NOUN,NNS,pobj,for
209,Category 2: Average Performer,Leo,leo,PROPN,NNP,nsubj,completes
209,Category 2: Average Performer,completes,complete,VERB,VBZ,ROOT,completes
209,Category 2: Average Performer,good,good,ADJ,JJ,amod,work
209,Category 2: Average Performer,work,work,NOUN,NN,dobj,completes
209,Category 2: Average Performer,deliver,deliver,VERB,VB,conj,completes
209,Category 2: Average Performer,results,result,NOUN,NNS,dobj,deliver
209,Category 2: Average Performer,Leo,leo,PROPN,NNP,nsubj,show
209,Category 2: Average Performer,willing,willing,ADJ,JJ,ccomp,show
209,Category 2: Average Performer,contribute,contribute,VERB,VB,xcomp,willing
209,Category 2: Average Performer,asked,ask,VERB,VBN,pcomp,than
209,Category 2: Average Performer,Leo,leo,PROPN,NNP,nsubj,is
209,Category 2: Average Performer,quick,quick,ADJ,JJ,acomp,is
209,Category 2: Average Performer,respond,respond,VERB,VB,xcomp,quick
209,Category 2: Average Performer,emails,email,NOUN,NNS,pobj,to
209,Category 2: Average Performer,bare,bare,ADJ,JJ,amod,minimum
209,Category 2: Average Performer,minimum,minimum,NOUN,NN,attr,is
209,Category 2: Average Performer,Leo,leo,PROPN,NNP,nsubj,have
209,Category 2: Average Performer,career,career,NOUN,NN,compound,goals
209,Category 2: Average Performer,goals,goal,NOUN,NNS,dobj,have
176,Category 2: Average Performer,Sonny,sonny,PROPN,NNP,compound,Kidd
176,Category 2: Average Performer,Kidd,kidd,PROPN,NNP,nsubj,is
176,Category 2: Average Performer,average,average,ADJ,JJ,amod,colleagues
176,Category 2: Average Performer,colleagues,colleague,NOUN,NNS,pobj,of
176,Category 2: Average Performer,bad,bad,ADJ,JJ,amod,thing
176,Category 2: Average Performer,thing,thing,NOUN,NN,attr,is
176,Category 2: Average Performer,consistent,consistent,ADJ,JJ,acomp,is
176,Category 2: Average Performer,completes,complete,VERB,VBZ,ROOT,completes
176,Category 2: Average Performer,work,work,NOUN,NN,dobj,completes
176,Category 2: Average Performer,time,time,NOUN,NN,pobj,on
176,Category 2: Average Performer,decent,decent,ADJ,JJ,amod,results
176,Category 2: Average Performer,results,result,NOUN,NNS,pobj,with
176,Category 2: Average Performer,little,little,ADV,RB,npadvmod,older
176,Category 2: Average Performer,older,old,ADJ,JJR,acomp,is
176,Category 2: Average Performer,little,little,ADJ,JJ,amod,drive
176,Category 2: Average Performer,drive,drive,NOUN,NN,dobj,has
176,Category 2: Average Performer,left,leave,VERB,VBN,acl,drive
176,Category 2: Average Performer,unable,unable,ADJ,JJ,acomp,is
176,Category 2: Average Performer,pushed,push,VERB,VBN,xcomp,unable
176,Category 2: Average Performer,reach,reach,VERB,VB,advcl,pushed
176,Category 2: Average Performer,higher,high,ADJ,JJR,amod,goals
176,Category 2: Average Performer,goals,goal,NOUN,NNS,dobj,reach
175,Category 2: Average Performer,Sonny,sonny,PROPN,NNP,nsubj,did
175,Category 2: Average Performer,better,well,ADV,RBR,advmod,did
175,Category 2: Average Performer,quarter,quarter,NOUN,NN,pobj,in
175,Category 2: Average Performer,performance,performance,NOUN,NN,nsubj,show
175,Category 2: Average Performer,rate,rate,VERB,VB,relcl,performance
175,Category 2: Average Performer,moderate,moderate,ADJ,JJ,amod,as
175,Category 2: Average Performer,better,well,ADJ,JJR,amod,efficiency
175,Category 2: Average Performer,efficiency,efficiency,NOUN,NN,dobj,show
175,Category 2: Average Performer,knowledge,knowledge,VERB,VBP,nsubj,is
175,Category 2: Average Performer,specific,specific,ADJ,JJ,amod,group
175,Category 2: Average Performer,group,group,NOUN,NN,pobj,for
175,Category 2: Average Performer,par,par,NOUN,NN,pobj,at
173,Category 2: Average Performer,Sonny,sonny,ADJ,JJ,amod,masters
173,Category 2: Average Performer,masters,master,NOUN,NNS,nmod,programs
173,Category 2: Average Performer,new,new,ADJ,JJ,amod,programs
173,Category 2: Average Performer,software,software,NOUN,NN,compound,programs
173,Category 2: Average Performer,programs,program,NOUN,NNS,nsubj,is
173,Category 2: Average Performer,quickly,quickly,ADV,RB,advmod,programs
173,Category 2: Average Performer,generally,generally,ADV,RB,advmod,is
173,Category 2: Average Performer,able,able,ADJ,JJ,acomp,is
173,Category 2: Average Performer,turn,turn,VERB,VB,xcomp,able
173,Category 2: Average Performer,reliable,reliable,ADJ,JJ,amod,product
173,Category 2: Average Performer,work,work,NOUN,NN,compound,product
173,Category 2: Average Performer,product,product,NOUN,NN,dobj,turn
173,Category 2: Average Performer,prefers,prefer,VERB,VBZ,ROOT,prefers
173,Category 2: Average Performer,work,work,VERB,VB,xcomp,prefers
173,Category 2: Average Performer,independently,independently,ADV,RB,advmod,work
173,Category 2: Average Performer,detriment,detriment,NOUN,NN,pobj,to
173,Category 2: Average Performer,times,time,NOUN,NNS,pobj,at
173,Category 2: Average Performer,drafts,draft,NOUN,NNS,nsubj,benefit
173,Category 2: Average Performer,benefit,benefit,VERB,VB,relcl,times
173,Category 2: Average Performer,person,person,NOUN,NN,poss,review
173,Category 2: Average Performer,review,review,NOUN,NN,pobj,from
173,Category 2: Average Performer,quick,quick,ADJ,JJ,acomp,is
173,Category 2: Average Performer,decline,decline,VERB,VB,xcomp,quick
173,Category 2: Average Performer,assistance,assistance,NOUN,NN,dobj,decline
173,Category 2: Average Performer,concerned,concerned,ADJ,JJ,acomp,am
173,Category 2: Average Performer,ability,ability,NOUN,NN,pobj,about
173,Category 2: Average Performer,real,real,ADJ,JJ,amod,improvements
173,Category 2: Average Performer,improvements,improvement,NOUN,NNS,nsubj,moving
173,Category 2: Average Performer,work,work,NOUN,NN,pobj,in
173,Category 2: Average Performer,moving,move,VERB,VBG,ccomp,make
173,Category 2: Average Performer,forward,forward,ADV,RB,advmod,moving
173,Category 2: Average Performer,reason,reason,NOUN,NN,pobj,For
173,Category 2: Average Performer,able,able,ADJ,JJ,acomp,being
173,Category 2: Average Performer,advance,advance,VERB,VB,xcomp,able
173,Category 2: Average Performer,department,department,NOUN,NN,pobj,in
172,Category 2: Average Performer,Sonny,sonny,PROPN,NNP,poss,work
172,Category 2: Average Performer,work,work,NOUN,NN,nsubj,been
172,Category 2: Average Performer,far,far,ADV,RB,advmod,been
172,Category 2: Average Performer,somewhat,somewhat,ADV,RB,advmod,solid
172,Category 2: Average Performer,solid,solid,ADJ,JJ,acomp,been
172,Category 2: Average Performer,shown,show,VERB,VBN,ROOT,shown
172,Category 2: Average Performer,ability,ability,NOUN,NN,dobj,shown
172,Category 2: Average Performer,carry,carry,VERB,VB,acl,ability
172,Category 2: Average Performer,duties,duty,NOUN,NNS,dobj,carry
172,Category 2: Average Performer,amply,amply,ADV,RB,advmod,carry
172,Category 2: Average Performer,hand,hand,NOUN,NN,pobj,On
172,Category 2: Average Performer,interest,interest,NOUN,NN,dobj,show
172,Category 2: Average Performer,wanting,want,VERB,VBG,pcomp,in
172,Category 2: Average Performer,improve,improve,VERB,VB,xcomp,wanting
172,Category 2: Average Performer,Overall,overall,ADV,RB,advmod,is
172,Category 2: Average Performer,work,work,NOUN,NN,nsubj,is
172,Category 2: Average Performer,decent,decent,ADJ,JJ,acomp,is
172,Category 2: Average Performer,want,want,VERB,VB,xcomp,seem
172,Category 2: Average Performer,improve,improve,VERB,VB,xcomp,want
171,Category 2: Average Performer,Amaya,amaya,PROPN,NNP,nsubj,tries
171,Category 2: Average Performer,tries,try,VERB,VBZ,ROOT,tries
171,Category 2: Average Performer,best,well,ADV,RBS,advmod,tries
171,Category 2: Average Performer,assignments,assignment,NOUN,NNS,pobj,on
171,Category 2: Average Performer,appreciate,appreciate,VERB,VBP,conj,tries
171,Category 2: Average Performer,proactive,proactive,ADJ,JJ,acomp,is
171,Category 2: Average Performer,reaching,reach,VERB,VBG,pcomp,about
171,Category 2: Average Performer,guidance,guidance,NOUN,NN,pobj,for
171,Category 2: Average Performer,unclear,unclear,ADJ,JJ,acomp,'s
171,Category 2: Average Performer,perfectly,perfectly,ADV,RB,advmod,well
171,Category 2: Average Performer,basic,basic,ADJ,JJ,amod,assignments
171,Category 2: Average Performer,assignments,assignment,NOUN,NNS,pobj,on
171,Category 2: Average Performer,best,good,ADJ,JJS,amod,effort
171,Category 2: Average Performer,effort,effort,NOUN,NN,nsubj,is
171,Category 2: Average Performer,staff,staff,VERB,VB,xcomp,enough
171,Category 2: Average Performer,complex,complex,ADJ,JJ,amod,assignments
171,Category 2: Average Performer,client,client,NOUN,NN,compound,assignments
171,Category 2: Average Performer,assignments,assignment,NOUN,NNS,pobj,on
171,Category 2: Average Performer,available,available,ADJ,JJ,oprd,have
171,Category 2: Average Performer,quantitative,quantitative,ADJ,JJ,amod,skills
171,Category 2: Average Performer,skills,skill,NOUN,NNS,nsubj,are
171,Category 2: Average Performer,simply,simply,ADV,RB,advmod,are
171,Category 2: Average Performer,par,par,NOUN,NN,pobj,to
171,Category 2: Average Performer,senior,senior,ADJ,JJ,amod,associates
171,Category 2: Average Performer,associates,associate,NOUN,NNS,pobj,with
171,Category 2: Average Performer,room,room,NOUN,NN,dobj,see
171,Category 2: Average Performer,advancement,advancement,NOUN,NN,pobj,for
171,Category 2: Average Performer,department,department,NOUN,NN,pobj,in
164,Category 2: Average Performer,Sara,sara,PROPN,NNP,nsubj,maintained
164,Category 2: Average Performer,maintained,maintain,VERB,VBN,ROOT,maintained
164,Category 2: Average Performer,performance,performance,NOUN,NN,dobj,maintained
164,Category 2: Average Performer,analyzing,analyze,VERB,VBG,pcomp,in
164,Category 2: Average Performer,tracking,track,VERB,VBG,conj,analyzing
164,Category 2: Average Performer,sales,sale,NOUN,NNS,dobj,tracking
164,Category 2: Average Performer,quarter,quarter,NOUN,NN,npadvmod,tracking
164,Category 2: Average Performer,improve,improve,VERB,VB,advcl,was
164,Category 2: Average Performer,speed,speed,NOUN,NN,pobj,on
164,Category 2: Average Performer,improve,improve,VERB,VB,xcomp,was
164,Category 2: Average Performer,Additionally,additionally,ADV,RB,advmod,tires
164,Category 2: Average Performer,Sara,sara,PROPN,NNP,amod,tires
164,Category 2: Average Performer,tires,tire,NOUN,NNS,ROOT,tires
164,Category 2: Average Performer,work,work,NOUN,NN,pobj,from
164,Category 2: Average Performer,easily,easily,ADV,RB,advmod,from
164,Category 2: Average Performer,struggles,struggle,VERB,VBZ,conj,tires
164,Category 2: Average Performer,maintain,maintain,VERB,VB,xcomp,struggles
164,Category 2: Average Performer,momentum,momentum,NOUN,NN,dobj,maintain
164,Category 2: Average Performer,Overall,overall,ADV,RB,advmod,perform
164,Category 2: Average Performer,Sara,sara,PROPN,NNP,nsubj,perform
164,Category 2: Average Performer,perform,perform,VERB,VB,ccomp,last
164,Category 2: Average Performer,find,find,VERB,VB,advcl,last
164,Category 2: Average Performer,momentum,momentum,NOUN,NN,dobj,find
164,Category 2: Average Performer,pace,pace,NOUN,NN,pobj,for
164,Category 2: Average Performer,work,work,NOUN,NN,pobj,of
164,Category 2: Average Performer,long,long,ADV,RB,advmod,last
164,Category 2: Average Performer,company,company,NOUN,NN,pobj,with
166,Category 2: Average Performer,Sara,sara,PROPN,NNP,poss,work
166,Category 2: Average Performer,work,work,NOUN,NN,nsubj,been
166,Category 2: Average Performer,somewhat,somewhat,ADV,RB,advmod,middling
166,Category 2: Average Performer,middling,middling,ADJ,JJ,acomp,been
166,Category 2: Average Performer,good,good,ADJ,JJ,amod,things
166,Category 2: Average Performer,things,thing,NOUN,NNS,dobj,does
166,Category 2: Average Performer,lacks,lack,VERB,VBZ,conj,does
166,Category 2: Average Performer,ways,way,NOUN,NNS,pobj,in
166,Category 2: Average Performer,interest,interest,NOUN,NN,dobj,have
166,Category 2: Average Performer,improving,improve,VERB,VBG,pcomp,in
166,Category 2: Average Performer,skillset,skillset,NOUN,NN,dobj,improving
166,Category 2: Average Performer,ways,way,NOUN,NNS,pobj,in
166,Category 2: Average Performer,Overall,overall,ADV,RB,advmod,put
166,Category 2: Average Performer,body,body,NOUN,NN,dobj,put
166,Category 2: Average Performer,work,work,NOUN,NN,pobj,of
166,Category 2: Average Performer,sub,sub,NOUN,NN,pobj,about
166,Category 2: Average Performer,par,par,NOUN,NN,pobj,about
165,Category 2: Average Performer,Sara,sara,PROPN,NNP,poss,product
165,Category 2: Average Performer,work,work,NOUN,NN,compound,product
165,Category 2: Average Performer,product,product,NOUN,NN,nsubj,is
165,Category 2: Average Performer,reliable,reliable,ADJ,JJ,acomp,is
165,Category 2: Average Performer,know,know,VERB,VBP,ROOT,know
165,Category 2: Average Performer,trust,trust,VERB,VB,ccomp,know
165,Category 2: Average Performer,produce,produce,VERB,VB,xcomp,trust
165,Category 2: Average Performer,reports,report,NOUN,NNS,dobj,produce
165,Category 2: Average Performer,directly,directly,ADV,RB,advmod,responsive
165,Category 2: Average Performer,responsive,responsive,ADJ,JJ,acomp,are
165,Category 2: Average Performer,client,client,NOUN,NN,compound,requests
165,Category 2: Average Performer,requests,request,NOUN,NNS,pobj,to
165,Category 2: Average Performer,Unfortunately,unfortunately,ADV,RB,advmod,works
165,Category 2: Average Performer,works,work,VERB,VBZ,ROOT,works
165,Category 2: Average Performer,quickly,quickly,ADV,RB,advmod,works
165,Category 2: Average Performer,leaves,leave,VERB,VBZ,ccomp,sometimes
165,Category 2: Average Performer,trail,trail,NOUN,NN,dobj,leaves
165,Category 2: Average Performer,minor,minor,ADJ,JJ,amod,typos
165,Category 2: Average Performer,typos,typo,NOUN,NNS,pobj,of
165,Category 2: Average Performer,reports,report,NOUN,NNS,pobj,throughout
165,Category 2: Average Performer,frustrating,frustrating,ADJ,JJ,acomp,is
165,Category 2: Average Performer,clean,clean,VERB,VB,xcomp,frustrating
165,Category 2: Average Performer,asked,ask,VERB,VBN,advcl,continued
165,Category 2: Average Performer,slow,slow,VERB,VB,xcomp,asked
165,Category 2: Average Performer,pace,pace,NOUN,NN,dobj,slow
165,Category 2: Average Performer,continued,continue,VERB,VBN,ROOT,continued
165,Category 2: Average Performer,produce,produce,VERB,VB,xcomp,continued
165,Category 2: Average Performer,work,work,NOUN,NN,dobj,produce
165,Category 2: Average Performer,typos,typo,NOUN,NNS,pobj,with
165,Category 2: Average Performer,think,think,VERB,VB,ROOT,think
165,Category 2: Average Performer,performance,performance,NOUN,NN,nsubj,improve
165,Category 2: Average Performer,improve,improve,VERB,VB,ccomp,think
165,Category 2: Average Performer,time,time,NOUN,NN,pobj,over
163,Category 2: Average Performer,Sara,sara,ADV,RB,advmod,keep
163,Category 2: Average Performer,work,work,NOUN,NN,pobj,with
163,Category 2: Average Performer,quality,quality,NOUN,NN,nsubj,is
163,Category 2: Average Performer,work,work,NOUN,NN,pobj,of
163,Category 2: Average Performer,standards,standard,NOUN,NNS,pobj,within
163,Category 2: Average Performer,able,able,ADJ,JJ,acomp,are
163,Category 2: Average Performer,work,work,NOUN,NN,compound,queue
163,Category 2: Average Performer,queue,queue,NOUN,NN,dobj,keep
163,Category 2: Average Performer,low,low,ADJ,JJ,oprd,keep
163,Category 2: Average Performer,service,service,NOUN,NN,compound,level
163,Category 2: Average Performer,level,level,NOUN,NN,compound,agreement
163,Category 2: Average Performer,agreement,agreement,NOUN,NN,pobj,within
163,Category 2: Average Performer,customers,customer,NOUN,NNS,pobj,with
163,Category 2: Average Performer,interact,interact,VERB,VBP,ROOT,interact
163,Category 2: Average Performer,peers,peer,NOUN,NNS,pobj,with
163,Category 2: Average Performer,expected,expect,VERB,VBN,advcl,interact
163,Category 2: Average Performer,liked,like,VERB,VBN,ROOT,liked
163,Category 2: Average Performer,peers,peer,NOUN,NNS,pobj,by
163,Category 2: Average Performer,maintain,maintain,VERB,VB,conj,liked
163,Category 2: Average Performer,good,good,ADJ,JJ,amod,relationships
163,Category 2: Average Performer,relationships,relationship,NOUN,NNS,dobj,maintain
163,Category 2: Average Performer,customers,customer,NOUN,NNS,pobj,with
162,Category 2: Average Performer,Sara,sara,ADV,RB,advmod,was
162,Category 2: Average Performer,work,work,NOUN,NN,nsubj,was
162,Category 2: Average Performer,assignment,assignment,NOUN,NN,pobj,on
162,Category 2: Average Performer,decent,decent,ADJ,JJ,acomp,was
162,Category 2: Average Performer,shows,show,VERB,VBZ,conj,was
162,Category 2: Average Performer,room,room,NOUN,NN,dobj,have
162,Category 2: Average Performer,growth,growth,NOUN,NN,pobj,for
162,Category 2: Average Performer,like,like,VERB,VB,ROOT,like
162,Category 2: Average Performer,contribute,contribute,VERB,VB,xcomp,like
162,Category 2: Average Performer,tasks,task,NOUN,NNS,pobj,to
162,Category 2: Average Performer,ask,ask,VERB,VB,conj,contribute
162,Category 2: Average Performer,help,help,NOUN,NN,pobj,for
162,Category 2: Average Performer,needed,need,VERB,VBN,advcl,ask
162,Category 2: Average Performer,submit,submit,VERB,VB,xcomp,needed
162,Category 2: Average Performer,meaningful,meaningful,ADJ,JJ,amod,work
162,Category 2: Average Performer,work,work,NOUN,NN,dobj,submit
162,Category 2: Average Performer,Right,right,ADV,RB,advmod,now
162,Category 2: Average Performer,feel,feel,VERB,VBP,ROOT,feel
162,Category 2: Average Performer,contributing,contribute,VERB,VBG,ccomp,feel
162,Category 2: Average Performer,organization,organization,NOUN,NN,pobj,to
162,Category 2: Average Performer,need,need,VERB,VBP,conj,feel
162,Category 2: Average Performer,improvements,improvement,NOUN,NNS,dobj,show
162,Category 2: Average Performer,exceptional,exceptional,ADJ,JJ,amod,employee
162,Category 2: Average Performer,employee,employee,NOUN,NN,attr,be
162,Category 2: Average Performer,happy,happy,ADJ,JJ,acomp,are
162,Category 2: Average Performer,help,help,VERB,VB,xcomp,happy
162,Category 2: Average Performer,grow,grow,VERB,VB,ccomp,help
162,Category 2: Average Performer,true,true,ADJ,JJ,amod,potential
162,Category 2: Average Performer,potential,potential,NOUN,NN,dobj,show
162,Category 2: Average Performer,truly,truly,ADV,RB,advmod,feel
162,Category 2: Average Performer,feel,feel,VERB,VBP,ROOT,feel
162,Category 2: Average Performer,succeeding,succeed,VERB,VBG,advcl,succeeding
162,Category 2: Average Performer,entire,entire,ADJ,JJ,amod,organization
162,Category 2: Average Performer,organization,organization,NOUN,NN,nsubj,succeeding
162,Category 2: Average Performer,succeeding,succeed,VERB,VBG,ccomp,feel
162,Category 2: Average Performer,questions,question,NOUN,NNS,dobj,have
161,Category 2: Average Performer,Joel,joel,PROPN,NNP,compound,Well
161,Category 2: Average Performer,completes,complete,VERB,VBZ,ROOT,completes
161,Category 2: Average Performer,work,work,NOUN,NN,dobj,completes
161,Category 2: Average Performer,potential,potential,NOUN,NN,dobj,show
161,Category 2: Average Performer,growth,growth,NOUN,NN,pobj,for
161,Category 2: Average Performer,acceptable,acceptable,ADJ,JJ,amod,performance
161,Category 2: Average Performer,performance,performance,NOUN,NN,dobj,has
161,Category 2: Average Performer,job,job,NOUN,NN,pobj,on
161,Category 2: Average Performer,able,able,ADJ,JJ,acomp,is
161,Category 2: Average Performer,finish,finish,VERB,VB,xcomp,able
161,Category 2: Average Performer,tasks,task,NOUN,NNS,dobj,finish
161,Category 2: Average Performer,successfully,successfully,ADV,RB,advmod,finish
161,Category 2: Average Performer,expectations,expectation,NOUN,NNS,pobj,beyond
161,Category 2: Average Performer,improve,improve,VERB,VB,ROOT,improve
161,Category 2: Average Performer,change,change,NOUN,NN,pobj,with
161,Category 2: Average Performer,mindset,mindset,NOUN,NN,pobj,of
161,Category 2: Average Performer,growth,growth,NOUN,NN,pobj,toward
321,Category 2: Average Performer,Sophie,sophie,PROPN,NNP,nsubjpass,assigned
321,Category 2: Average Performer,assigned,assign,VERB,VBN,ROOT,assigned
321,Category 2: Average Performer,projects,project,NOUN,NNS,dobj,assigned
321,Category 2: Average Performer,months,month,NOUN,NNS,pobj,for
321,Category 2: Average Performer,work,work,NOUN,NN,pobj,of
321,Category 2: Average Performer,good,good,ADJ,JJ,acomp,were
321,Category 2: Average Performer,received,receive,VERB,VBN,ROOT,received
321,Category 2: Average Performer,complaints,complaint,NOUN,NNS,dobj,received
321,Category 2: Average Performer,clients,client,NOUN,NNS,pobj,from
321,Category 2: Average Performer,informed,inform,VERB,VBD,advcl,was
321,Category 2: Average Performer,Sophie,sophie,PROPN,NNP,dobj,informed
321,Category 2: Average Performer,quality,quality,NOUN,NN,compound,issues
321,Category 2: Average Performer,issues,issue,NOUN,NNS,pobj,about
321,Category 2: Average Performer,work,work,NOUN,NN,pobj,of
321,Category 2: Average Performer,combative,combative,ADJ,JJ,acomp,was
321,Category 2: Average Performer,Overall,overall,ADV,RB,advmod,is
321,Category 2: Average Performer,Sophie,sophie,PROPN,NNP,nsubj,is
321,Category 2: Average Performer,slow,slow,ADJ,JJ,acomp,is
321,Category 2: Average Performer,pick,pick,VERB,VB,xcomp,slow
321,Category 2: Average Performer,new,new,ADJ,JJ,amod,skills
321,Category 2: Average Performer,skills,skill,NOUN,NNS,dobj,pick
321,Category 2: Average Performer,slow,slow,ADJ,JJ,conj,pick
321,Category 2: Average Performer,getting,get,VERB,VBG,pcomp,in
321,Category 2: Average Performer,work,work,NOUN,NN,nsubj,done
160,Category 2: Average Performer,Joel,joel,PROPN,NNP,nsubj,is
160,Category 2: Average Performer,extremely,extremely,ADV,RB,advmod,competent
160,Category 2: Average Performer,competent,competent,ADJ,JJ,acomp,is
160,Category 2: Average Performer,technical,technical,ADJ,JJ,amod,capabilities
160,Category 2: Average Performer,capabilities,capability,NOUN,NNS,pobj,in
160,Category 2: Average Performer,rely,rely,VERB,VB,conj,is
160,Category 2: Average Performer,know,know,VERB,VB,xcomp,rely
160,Category 2: Average Performer,answer,answer,NOUN,NN,dobj,know
160,Category 2: Average Performer,coding,cod,VERB,VBG,amod,question
160,Category 2: Average Performer,question,question,NOUN,NN,pobj,to
160,Category 2: Average Performer,colleague,colleague,NOUN,NN,nsubj,have
160,Category 2: Average Performer,grammar,grammar,NOUN,NN,compound,skills
160,Category 2: Average Performer,skills,skill,NOUN,NNS,nsubj,are
160,Category 2: Average Performer,somewhat,somewhat,ADV,RB,advmod,lacking
160,Category 2: Average Performer,lacking,lacking,ADJ,JJ,attr,are
160,Category 2: Average Performer,limits,limit,VERB,VBZ,relcl,lacking
160,Category 2: Average Performer,ability,ability,NOUN,NN,dobj,limits
160,Category 2: Average Performer,ideas,idea,NOUN,NNS,pobj,of
160,Category 2: Average Performer,writing,write,VERB,VBG,pcomp,in
160,Category 2: Average Performer,clients,client,NOUN,NNS,pobj,to
160,Category 2: Average Performer,given,give,VERB,VBN,ROOT,given
160,Category 2: Average Performer,number,number,NOUN,NN,dobj,given
160,Category 2: Average Performer,opportunities,opportunity,NOUN,NNS,pobj,of
160,Category 2: Average Performer,improve,improve,VERB,VB,acl,opportunities
160,Category 2: Average Performer,area,area,NOUN,NN,pobj,in
160,Category 2: Average Performer,able,able,ADJ,JJ,acomp,been
160,Category 2: Average Performer,sure,sure,ADJ,JJ,acomp,'m
160,Category 2: Average Performer,comfortable,comfortable,ADJ,JJ,acomp,be
160,Category 2: Average Performer,promoting,promote,VERB,VBG,xcomp,comfortable
160,Category 2: Average Performer,client,client,NOUN,NN,npadvmod,facing
160,Category 2: Average Performer,facing,face,VERB,VBG,amod,role
160,Category 2: Average Performer,role,role,NOUN,NN,pobj,to
160,Category 2: Average Performer,time,time,NOUN,NN,npadvmod,promoting
160,Category 2: Average Performer,soon,soon,ADV,RB,advmod,promoting
170,Category 2: Average Performer,Amaya,amaya,PROPN,NNP,nsubj,complete
170,Category 2: Average Performer,complete,complete,ADJ,JJ,ROOT,complete
170,Category 2: Average Performer,projects,project,NOUN,NNS,dobj,complete
170,Category 2: Average Performer,time,time,NOUN,NN,pobj,on
170,Category 2: Average Performer,work,work,VERB,VB,ROOT,work
170,Category 2: Average Performer,cross,cross,NOUN,NN,amod,teams
170,Category 2: Average Performer,functional,functional,ADJ,JJ,amod,teams
170,Category 2: Average Performer,teams,team,NOUN,NNS,pobj,with
170,Category 2: Average Performer,hesitates,hesitate,VERB,VBZ,ROOT,hesitates
170,Category 2: Average Performer,views,view,NOUN,NNS,nsubj,known
170,Category 2: Average Performer,known,know,VERB,VBN,ccomp,make
170,Category 2: Average Performer,quickly,quickly,ADV,RB,advmod,known
170,Category 2: Average Performer,points,point,NOUN,NNS,nsubj,get
170,Category 2: Average Performer,visibility,visibility,NOUN,NN,nsubj,required
170,Category 2: Average Performer,required,require,VERB,VBN,ccomp,get
170,Category 2: Average Performer,hard,hard,ADJ,JJ,acomp,is
170,Category 2: Average Performer,progress,progress,VERB,VB,advcl,is
170,Category 2: Average Performer,quickly,quickly,ADV,RB,advmod,progress
170,Category 2: Average Performer,probably,probably,ADV,RB,advmod,met
170,Category 2: Average Performer,met,meet,VERB,VBN,conj,progress
170,Category 2: Average Performer,maximum,maximum,ADJ,JJ,amod,grade
170,Category 2: Average Performer,grade,grade,NOUN,NN,dobj,met
380,Category 2: Average Performer,Hannah,hannah,PROPN,NNP,nsubj,done
380,Category 2: Average Performer,satisfactory,satisfactory,ADJ,JJ,amod,job
380,Category 2: Average Performer,job,job,NOUN,NN,dobj,done
380,Category 2: Average Performer,coming,come,VERB,VBG,pcomp,since
380,Category 2: Average Performer,department,department,NOUN,NN,pobj,to
380,Category 2: Average Performer,work,work,NOUN,NN,nsubj,have
380,Category 2: Average Performer,bad,bad,ADJ,JJ,advcl,have
380,Category 2: Average Performer,shine,shine,NOUN,NN,dobj,have
380,Category 2: Average Performer,polish,polish,NOUN,NN,conj,shine
380,Category 2: Average Performer,tier,tier,NOUN,NN,compound,employee
380,Category 2: Average Performer,employee,employee,NOUN,NN,pobj,of
380,Category 2: Average Performer,gets,get,VERB,VBZ,ROOT,gets
380,Category 2: Average Performer,job,job,NOUN,NN,dobj,gets
380,Category 2: Average Performer,fair,fair,ADJ,JJ,amod,amount
380,Category 2: Average Performer,time,time,NOUN,NN,pobj,of
380,Category 2: Average Performer,expected,expect,VERB,VBN,pcomp,beyond
380,Category 2: Average Performer,asked,ask,VERB,VBN,ccomp,does
490,Category 2: Average Performer,good,good,ADJ,JJ,amod,knowledge
490,Category 2: Average Performer,knowledge,knowledge,NOUN,NN,dobj,has
490,Category 2: Average Performer,domain,domain,NOUN,NN,pobj,in
490,Category 2: Average Performer,execution,execution,NOUN,NN,nsubj,is
490,Category 2: Average Performer,mark,mark,VERB,VB,xcomp,up
490,Category 2: Average Performer,perform,perform,VERB,VB,xcomp,has
490,Category 2: Average Performer,match,match,NOUN,NN,dobj,perform
490,Category 2: Average Performer,management,management,NOUN,NN,compound,expectation
490,Category 2: Average Performer,expectation,expectation,NOUN,NN,pobj,with
490,Category 2: Average Performer,response,response,NOUN,NN,conj,expectation
490,Category 2: Average Performer,quick,quick,VERB,VB,conj,has
490,Category 2: Average Performer,possible,possible,ADJ,JJ,amod,as
490,Category 2: Average Performer,task,task,NOUN,NN,pobj,towards
490,Category 2: Average Performer,good,good,ADJ,JJ,amod,performer
490,Category 2: Average Performer,performer,performer,NOUN,NN,attr,is
157,Category 2: Average Performer,Joel,joel,PROPN,NNP,nsubj,is
157,Category 2: Average Performer,able,able,ADJ,JJ,acomp,is
157,Category 2: Average Performer,accomplish,accomplish,VERB,VB,xcomp,able
157,Category 2: Average Performer,tasks,task,NOUN,NNS,dobj,accomplish
157,Category 2: Average Performer,given,give,VERB,VBN,relcl,tasks
157,Category 2: Average Performer,struggles,struggle,VERB,VBZ,conj,given
157,Category 2: Average Performer,accomplishing,accomplish,VERB,VBG,pcomp,with
157,Category 2: Average Performer,time,time,NOUN,NN,pobj,on
157,Category 2: Average Performer,proactive,proactive,ADJ,JJ,acomp,is
157,Category 2: Average Performer,occasionally,occasionally,ADV,RB,advmod,is
157,Category 2: Average Performer,idle,idle,ADJ,JJ,acomp,is
157,Category 2: Average Performer,role,role,NOUN,NN,nsubj,requires
157,Category 2: Average Performer,requires,require,VERB,VBZ,advcl,idle
157,Category 2: Average Performer,proficient,proficient,ADJ,JJ,acomp,is
157,Category 2: Average Performer,regards,regard,NOUN,NNS,pobj,in
157,Category 2: Average Performer,struggles,struggle,VERB,VBZ,ROOT,struggles
157,Category 2: Average Performer,apply,apply,VERB,VB,xcomp,struggles
157,Category 2: Average Performer,knowledge,knowledge,NOUN,NN,dobj,apply
157,Category 2: Average Performer,quickly,quickly,ADV,RB,advmod,apply
157,Category 2: Average Performer,seek,seek,VERB,VB,conj,apply
157,Category 2: Average Performer,new,new,ADJ,JJ,amod,opportunities
157,Category 2: Average Performer,opportunities,opportunity,NOUN,NNS,dobj,seek
157,Category 2: Average Performer,help,help,VERB,VB,relcl,opportunities
20010,Category 2: Average Performer,Elliot,elliot,PROPN,NNP,compound,Gray
20010,Category 2: Average Performer,Gray,gray,PROPN,NNP,nsubj,is
20010,Category 2: Average Performer,hard,hard,ADJ,JJ,amod,worker
20010,Category 2: Average Performer,worker,worker,NOUN,NN,attr,is
20010,Category 2: Average Performer,delivers,deliver,VERB,VBZ,conj,is
20010,Category 2: Average Performer,standard,standard,ADJ,JJ,amod,level
20010,Category 2: Average Performer,level,level,NOUN,NN,pobj,to
20010,Category 2: Average Performer,group,group,NOUN,NN,compound,tasks
20010,Category 2: Average Performer,tasks,task,VERB,VBZ,nsubj,been
20010,Category 2: Average Performer,undertaken,undertake,VERB,VBN,relcl,tasks
20010,Category 2: Average Performer,team,team,NOUN,NN,pobj,with
20010,Category 2: Average Performer,adequate,adequate,ADJ,JJ,amod,standard
20010,Category 2: Average Performer,standard,standard,NOUN,NN,pobj,to
20010,Category 2: Average Performer,lacks,lack,VERB,VBZ,advcl,makes
20010,Category 2: Average Performer,momentum,momentum,NOUN,NN,pobj,in
20010,Category 2: Average Performer,makes,make,VERB,VBZ,ROOT,makes
20010,Category 2: Average Performer,good,good,ADJ,JJ,amod,work
20010,Category 2: Average Performer,work,work,NOUN,NN,pobj,in
20010,Category 2: Average Performer,shown,show,VERB,VBN,ROOT,shown
20010,Category 2: Average Performer,capable,capable,ADJ,JJ,acomp,is
20010,Category 2: Average Performer,holding,hold,VERB,VBG,pcomp,of
20010,Category 2: Average Performer,despite,despite,SCONJ,IN,prep,is
20010,Category 2: Average Performer,circumstances,circumstance,NOUN,NNS,pobj,despite
20009,Category 2: Average Performer,Elliot,elliot,PROPN,NNP,compound,Gray
20009,Category 2: Average Performer,Gray,gray,PROPN,NNP,nsubj,attends
20009,Category 2: Average Performer,attends,attend,VERB,VBZ,ROOT,attends
20009,Category 2: Average Performer,staff,staff,NOUN,NN,compound,meetings
20009,Category 2: Average Performer,meetings,meeting,NOUN,NNS,dobj,attends
20009,Category 2: Average Performer,presented,present,VERB,VBN,conj,attends
20009,Category 2: Average Performer,daily,daily,ADJ,JJ,amod,targets
20009,Category 2: Average Performer,targets,target,NOUN,NNS,pobj,with
20009,Category 2: Average Performer,met,meet,VERB,VBN,relcl,targets
20009,Category 2: Average Performer,time,time,NOUN,NN,pobj,of
20009,Category 2: Average Performer,times,time,NOUN,NNS,pobj,At
20009,Category 2: Average Performer,appears,appear,VERB,VBZ,ROOT,appears
20009,Category 2: Average Performer,Elliot,elliot,PROPN,NNP,nsubj,struggles
20009,Category 2: Average Performer,struggles,struggle,VERB,VBZ,ccomp,appears
20009,Category 2: Average Performer,display,display,VERB,VB,xcomp,struggles
20009,Category 2: Average Performer,ambition,ambition,NOUN,NN,dobj,display
20009,Category 2: Average Performer,succeed,succeed,VERB,VB,acl,ambition
20009,Category 2: Average Performer,close,close,ADJ,JJ,amod,deals
20009,Category 2: Average Performer,deals,deal,NOUN,NNS,conj,succeed
20009,Category 2: Average Performer,rarely,rarely,ADV,RB,advmod,seeks
20009,Category 2: Average Performer,seeks,seek,VERB,VBZ,ROOT,seeks
20009,Category 2: Average Performer,new,new,ADJ,JJ,amod,clients
20009,Category 2: Average Performer,potential,potential,ADJ,JJ,amod,clients
20009,Category 2: Average Performer,clients,client,NOUN,NNS,dobj,seeks
20009,Category 2: Average Performer,times,time,NOUN,NNS,pobj,at
20009,Category 2: Average Performer,timid,timid,ADJ,JJ,acomp,be
20009,Category 2: Average Performer,approach,approach,NOUN,NN,pobj,in
20009,Category 2: Average Performer,reducing,reduce,VERB,VBG,advcl,be
20009,Category 2: Average Performer,confidence,confidence,NOUN,NN,dobj,reducing
20009,Category 2: Average Performer,transaction,transaction,NOUN,NN,pobj,in
20009,Category 2: Average Performer,recommended,recommend,VERB,VBN,ROOT,recommended
20009,Category 2: Average Performer,forth,forth,ADV,RB,advmod,put
20009,Category 2: Average Performer,promotion,promotion,NOUN,NN,pobj,for
20009,Category 2: Average Performer,time,time,NOUN,NN,pobj,at
20009,Category 2: Average Performer,leadership,leadership,NOUN,NN,compound,potential
20009,Category 2: Average Performer,potential,potential,NOUN,NN,nsubj,is
20009,Category 2: Average Performer,high,high,ADJ,JJ,acomp,is
10215,Category 2: Average Performer,Emerson,emerson,PROPN,NNP,compound,Rose
10215,Category 2: Average Performer,Rose,rose,PROPN,NNP,nsubj,is
10215,Category 2: Average Performer,fairly,fairly,ADV,RB,advmod,average
10215,Category 2: Average Performer,average,average,ADJ,JJ,amod,worker
10215,Category 2: Average Performer,worker,worker,NOUN,NN,attr,is
10215,Category 2: Average Performer,puts,put,VERB,VBZ,ROOT,puts
10215,Category 2: Average Performer,satisfactory,satisfactory,ADJ,JJ,amod,work
10215,Category 2: Average Performer,work,work,NOUN,NN,dobj,puts
10215,Category 2: Average Performer,shows,show,VERB,VBZ,conj,puts
10215,Category 2: Average Performer,little,little,ADJ,JJ,amod,potential
10215,Category 2: Average Performer,potential,potential,NOUN,NN,dobj,shows
10215,Category 2: Average Performer,like,like,VERB,VB,ROOT,like
10215,Category 2: Average Performer,little,little,ADJ,JJ,amod,bit
10215,Category 2: Average Performer,bit,bit,NOUN,NN,npadvmod,more
10215,Category 2: Average Performer,people,people,NOUN,NNS,nsubj,tend
10215,Category 2: Average Performer,tend,tend,VERB,VBP,advcl,like
10215,Category 2: Average Performer,work,work,VERB,VB,xcomp,tend
10215,Category 2: Average Performer,satisfied,satisfied,ADJ,JJ,acomp,am
10215,Category 2: Average Performer,company,company,NOUN,NN,pobj,at
10215,Category 2: Average Performer,benefits,benefit,VERB,VBZ,conj,am
10215,Category 2: Average Performer,company,company,NOUN,NN,dobj,benefits
10214,Category 2: Average Performer,Emerson,emerson,PROPN,NNP,compound,Rose
10214,Category 2: Average Performer,Rose,rose,PROPN,NNP,nsubj,is
10214,Category 2: Average Performer,pretty,pretty,ADV,RB,advmod,good
10214,Category 2: Average Performer,good,good,ADJ,JJ,acomp,is
10214,Category 2: Average Performer,job,job,NOUN,NN,pobj,at
10214,Category 2: Average Performer,believe,believe,VERB,VB,conj,is
10214,Category 2: Average Performer,able,able,ADJ,JJ,acomp,be
10214,Category 2: Average Performer,progress,progress,VERB,VB,xcomp,able
10214,Category 2: Average Performer,far,far,ADV,RB,advmod,progress
10214,Category 2: Average Performer,specific,specific,ADJ,JJ,amod,problems
10214,Category 2: Average Performer,problems,problem,NOUN,NNS,dobj,have
10214,Category 2: Average Performer,job,job,NOUN,NN,dobj,does
10214,Category 2: Average Performer,excel,excel,VERB,VB,ROOT,excel
10214,Category 2: Average Performer,company,company,NOUN,NN,pobj,in
10214,Category 2: Average Performer,deserving,deserving,ADJ,JJ,amod,company
10214,Category 2: Average Performer,jobs,job,NOUN,NNS,pobj,of
10214,Category 2: Average Performer,regret,regret,VERB,VBP,ROOT,regret
10214,Category 2: Average Performer,unlikely,unlikely,ADJ,JJ,acomp,is
10214,Category 2: Average Performer,improve,improve,VERB,VB,xcomp,unlikely
10214,Category 2: Average Performer,time,time,NOUN,NN,pobj,with
10212,Category 2: Average Performer,Emerson,emerson,PROPN,NNP,compound,Rose
10212,Category 2: Average Performer,Rose,rose,PROPN,NNP,nsubj,is
10212,Category 2: Average Performer,good,good,ADJ,JJ,amod,player
10212,Category 2: Average Performer,team,team,NOUN,NN,compound,player
10212,Category 2: Average Performer,player,player,NOUN,NN,attr,is
10212,Category 2: Average Performer,able,able,ADJ,JJ,acomp,is
10212,Category 2: Average Performer,perform,perform,VERB,VB,xcomp,able
10212,Category 2: Average Performer,medium,medium,ADJ,JJ,amod,complexity
10212,Category 2: Average Performer,complexity,complexity,NOUN,NN,compound,tasks
10212,Category 2: Average Performer,tasks,task,NOUN,NNS,dobj,perform
10212,Category 2: Average Performer,comes,come,VERB,VBZ,advcl,are
10212,Category 2: Average Performer,somewhat,somewhat,ADV,RB,advmod,complex
10212,Category 2: Average Performer,complex,complex,ADJ,JJ,amod,tasks
10212,Category 2: Average Performer,tasks,task,NOUN,NNS,pobj,to
10212,Category 2: Average Performer,able,able,ADJ,JJ,acomp,are
10212,Category 2: Average Performer,quickly,quickly,ADV,RB,advmod,adapt
10212,Category 2: Average Performer,adapt,adapt,VERB,VB,xcomp,able
10212,Category 2: Average Performer,inasmuch,inasmuch,ADV,RB,mark,is
10212,Category 2: Average Performer,learning,learn,VERB,VBG,compound,curve
10212,Category 2: Average Performer,curve,curve,NOUN,NN,nsubj,is
10212,Category 2: Average Performer,steep,steep,ADJ,JJ,acomp,is
10212,Category 2: Average Performer,relatively,relatively,ADV,RB,advmod,less
10212,Category 2: Average Performer,complex,complex,ADJ,JJ,amod,items
10212,Category 2: Average Performer,items,item,NOUN,NNS,pobj,for
10212,Category 2: Average Performer,Having,having,AUX,VBG,aux,said
10212,Category 2: Average Performer,said,say,VERB,VBD,advcl,believe
10212,Category 2: Average Performer,believe,believe,VERB,VB,ROOT,believe
10212,Category 2: Average Performer,improve,improve,VERB,VB,ccomp,believe
10212,Category 2: Average Performer,asking,ask,VERB,VBG,pcomp,by
10212,Category 2: Average Performer,questions,question,NOUN,NNS,dobj,asking
10212,Category 2: Average Performer,team,team,NOUN,NN,pobj,As
10212,Category 2: Average Performer,ready,ready,ADJ,JJ,acomp,are
10212,Category 2: Average Performer,help,help,VERB,VB,xcomp,ready
10212,Category 2: Average Performer,Emerson,emerson,PROPN,NNP,nsubj,increase
10212,Category 2: Average Performer,increase,increase,VERB,VB,ccomp,help
10212,Category 2: Average Performer,output,output,NOUN,NN,dobj,increase
10212,Category 2: Average Performer,sharing,share,VERB,VBG,pcomp,by
10212,Category 2: Average Performer,knowledge,knowledge,NOUN,NN,dobj,sharing
388,Category 2: Average Performer,Finely,finely,ADV,RB,advmod,shown
388,Category 2: Average Performer,Harrison,harrison,PROPN,NNP,nsubj,shown
388,Category 2: Average Performer,shown,show,VERB,VBN,ROOT,shown
388,Category 2: Average Performer,abilities,ability,NOUN,NNS,dobj,shown
388,Category 2: Average Performer,ball,ball,NOUN,NN,pobj,on
388,Category 2: Average Performer,hands,hand,NOUN,NNS,nsubj,dirty
388,Category 2: Average Performer,dirty,dirty,ADJ,JJ,ccomp,get
388,Category 2: Average Performer,lacks,lack,NOUN,NNS,nsubj,power
388,Category 2: Average Performer,power,power,VERB,VB,conj,shown
388,Category 2: Average Performer,willing,willing,ADJ,JJ,acomp,is
388,Category 2: Average Performer,extra,extra,ADJ,JJ,amod,mile
388,Category 2: Average Performer,mile,mile,NOUN,NN,dobj,go
388,Category 2: Average Performer,company,company,NOUN,NN,pobj,for
388,Category 2: Average Performer,shows,show,VERB,VBZ,ROOT,shows
388,Category 2: Average Performer,work,work,VERB,VB,xcomp,shows
388,Category 2: Average Performer,everyday,everyday,ADV,RB,advmod,work
388,Category 2: Average Performer,timely,timely,ADJ,JJ,amod,manner
388,Category 2: Average Performer,manner,manner,NOUN,NN,pobj,in
388,Category 2: Average Performer,lack,lack,VERB,VB,xcomp,seems
388,Category 2: Average Performer,enthusiasm,enthusiasm,NOUN,NN,dobj,lack
388,Category 2: Average Performer,excellent,excellent,ADJ,JJ,acomp,is
388,Category 2: Average Performer,interest,interest,NOUN,NN,dobj,show
388,Category 2: Average Performer,advancement,advancement,NOUN,NN,pobj,in
388,Category 2: Average Performer,company,company,NOUN,NN,pobj,in
388,Category 2: Average Performer,hope,hope,VERB,VBP,ROOT,hope
388,Category 2: Average Performer,positive,positive,ADJ,JJ,amod,growth
388,Category 2: Average Performer,growth,growth,NOUN,NN,dobj,see
388,Category 2: Average Performer,future,future,NOUN,NN,pobj,in
10174,Category 2: Average Performer,Brynlee,brynlee,PROPN,NNP,nsubj,performs
10174,Category 2: Average Performer,performs,perform,VERB,VBZ,ROOT,performs
10174,Category 2: Average Performer,average,average,ADJ,JJ,amod,level
10174,Category 2: Average Performer,level,level,NOUN,NN,pobj,at
10174,Category 2: Average Performer,position,position,NOUN,NN,pobj,in
10174,Category 2: Average Performer,achieves,achieve,VERB,VBZ,ROOT,achieves
10174,Category 2: Average Performer,minimum,minimum,NOUN,NN,dobj,achieves
10174,Category 2: Average Performer,required,require,VERB,VBN,acl,minimum
10174,Category 2: Average Performer,attends,attend,VERB,VBZ,ROOT,attends
10174,Category 2: Average Performer,duties,duty,NOUN,NNS,pobj,to
10174,Category 2: Average Performer,degree,degree,NOUN,NN,pobj,to
10174,Category 2: Average Performer,necessary,necessary,ADJ,JJ,oprd,attends
10174,Category 2: Average Performer,rarely,rarely,ADV,RB,advmod,goes
10174,Category 2: Average Performer,present,present,NOUN,NN,pobj,At
10174,Category 2: Average Performer,shows,show,VERB,VBZ,ROOT,shows
10174,Category 2: Average Performer,little,little,ADJ,JJ,amod,potential
10174,Category 2: Average Performer,potential,potential,NOUN,NN,dobj,shows
10174,Category 2: Average Performer,future,future,ADJ,JJ,amod,advancement
10174,Category 2: Average Performer,advancement,advancement,NOUN,NN,pobj,for
10174,Category 2: Average Performer,withint,withint,VERB,VBP,ccomp,shows
10174,Category 2: Average Performer,company,company,NOUN,NN,dobj,withint
10088,Category 2: Average Performer,Joyce,joyce,PROPN,NNP,nsubj,been
10088,Category 2: Average Performer,dependable,dependable,ADJ,JJ,acomp,been
10088,Category 2: Average Performer,month,month,NOUN,NN,npadvmod,been
10088,Category 2: Average Performer,excelling,excel,VERB,VBG,conj,been
10088,Category 2: Average Performer,exhibit,exhibit,VERB,VB,ROOT,exhibit
10088,Category 2: Average Performer,learning,learn,VERB,VBG,compound,behaviors
10088,Category 2: Average Performer,behaviors,behavior,NOUN,NNS,dobj,exhibit
10088,Category 2: Average Performer,enthusiastic,enthusiastic,ADJ,JJ,oprd,seem
10088,Category 2: Average Performer,improving,improve,VERB,VBG,pcomp,about
10088,Category 2: Average Performer,meets,meet,VERB,VBZ,ROOT,meets
10088,Category 2: Average Performer,deadlines,deadline,NOUN,NNS,dobj,meets
10088,Category 2: Average Performer,work,work,NOUN,NN,nsubj,is
10088,Category 2: Average Performer,average,average,ADJ,JJ,amod,quality
10088,Category 2: Average Performer,quality,quality,NOUN,NN,pobj,of
10088,Category 2: Average Performer,contributes,contribute,VERB,VBZ,ROOT,contributes
10088,Category 2: Average Performer,company,company,NOUN,NN,pobj,to
10088,Category 2: Average Performer,dead,dead,ADJ,JJ,amod,weight
10088,Category 2: Average Performer,weight,weight,NOUN,NN,attr,is
10088,Category 2: Average Performer,key,key,ADJ,JJ,amod,worker
10088,Category 2: Average Performer,worker,worker,NOUN,NN,attr,is
10053,Category 2: Average Performer,Shannon,shannon,PROPN,NNP,compound,Harvey
10053,Category 2: Average Performer,Harvey,harvey,PROPN,NNP,nsubj,given
10053,Category 2: Average Performer,given,give,VERB,VBN,ROOT,given
10053,Category 2: Average Performer,mediocre,mediocre,ADJ,JJ,amod,performance
10053,Category 2: Average Performer,performance,performance,NOUN,NN,dobj,given
10053,Category 2: Average Performer,performance,performance,NOUN,NN,nsubj,met
10053,Category 2: Average Performer,met,meet,VERB,VBN,ROOT,met
10053,Category 2: Average Performer,satisfaction,satisfaction,NOUN,NN,dobj,met
10053,Category 2: Average Performer,goals,goal,NOUN,NNS,pobj,in
10053,Category 2: Average Performer,given,give,VERB,VBN,relcl,goals
10053,Category 2: Average Performer,predict,predict,VERB,VB,ROOT,predict
10053,Category 2: Average Performer,exceeding,exceed,VERB,VBG,ccomp,predict
10053,Category 2: Average Performer,goals,goal,NOUN,NNS,dobj,exceeding
10053,Category 2: Average Performer,near,near,ADJ,JJ,amod,future
10053,Category 2: Average Performer,future,future,NOUN,NN,pobj,in
10053,Category 2: Average Performer,believe,believe,VERB,VBP,ROOT,believe
10053,Category 2: Average Performer,potential,potential,NOUN,NN,nsubj,is
10053,Category 2: Average Performer,low,low,ADJ,JJ,acomp,is
10053,Category 2: Average Performer,point,point,NOUN,NN,pobj,at
10053,Category 2: Average Performer,exceeding,exceed,VERB,VBG,acl,point
10053,Category 2: Average Performer,goals,goal,NOUN,NNS,dobj,exceeding
10053,Category 2: Average Performer,provided,provide,VERB,VBN,acl,goals
10052,Category 2: Average Performer,Harvey,harvey,PROPN,NNP,nsubj,shown
10052,Category 2: Average Performer,shown,show,VERB,VBN,ROOT,shown
10052,Category 2: Average Performer,mid,mid,ADJ,JJ,amod,dedication
10052,Category 2: Average Performer,level,level,NOUN,NN,compound,dedication
10052,Category 2: Average Performer,dedication,dedication,NOUN,NN,dobj,shown
10052,Category 2: Average Performer,job,job,NOUN,NN,pobj,to
10052,Category 2: Average Performer,lacks,lack,VERB,VBZ,conj,shown
10052,Category 2: Average Performer,ability,ability,NOUN,NN,dobj,lacks
10052,Category 2: Average Performer,forward,forward,ADV,RB,advmod,move
10052,Category 2: Average Performer,meet,meet,VERB,VBP,ROOT,meet
10052,Category 2: Average Performer,demands,demand,NOUN,NNS,dobj,meet
10052,Category 2: Average Performer,job,job,NOUN,NN,pobj,of
10052,Category 2: Average Performer,Showing,show,VERB,VBG,advcl,improve
10052,Category 2: Average Performer,dedication,dedication,NOUN,NN,dobj,Showing
10052,Category 2: Average Performer,team,team,NOUN,NN,pobj,to
10052,Category 2: Average Performer,company,company,NOUN,NN,nsubj,improve
10052,Category 2: Average Performer,job,job,NOUN,NN,conj,company
10052,Category 2: Average Performer,greatly,greatly,ADV,RB,advmod,improve
10052,Category 2: Average Performer,improve,improve,VERB,VB,ROOT,improve
10052,Category 2: Average Performer,rating,rating,NOUN,NN,dobj,improve
10052,Category 2: Average Performer,stands,stand,VERB,VBZ,advcl,exhibiting
10052,Category 2: Average Performer,exhibiting,exhibit,VERB,VBG,ROOT,exhibiting
10052,Category 2: Average Performer,qualities,quality,NOUN,NNS,dobj,exhibiting
10052,Category 2: Average Performer,prefer,prefer,VERB,VBP,relcl,qualities
10052,Category 2: Average Performer,employees,employee,NOUN,NNS,pobj,in
10051,Category 2: Average Performer,Shannon,shannon,PROPN,NNP,compound,Harvey
10051,Category 2: Average Performer,Harvey,harvey,PROPN,NNP,nsubj,shown
10051,Category 2: Average Performer,shown,show,VERB,VBN,ROOT,shown
10051,Category 2: Average Performer,finish,finish,VERB,VB,ccomp,shown
10051,Category 2: Average Performer,task,task,NOUN,NN,dobj,finish
10051,Category 2: Average Performer,good,good,ADJ,JJ,amod,result
10051,Category 2: Average Performer,end,end,NOUN,NN,compound,result
10051,Category 2: Average Performer,result,result,NOUN,NN,pobj,with
10051,Category 2: Average Performer,work,work,NOUN,NN,nsubj,been
10051,Category 2: Average Performer,regularly,regularly,ADV,RB,advmod,consistent
10051,Category 2: Average Performer,consistent,consistent,ADJ,JJ,acomp,been
10051,Category 2: Average Performer,commendable,commendable,ADJ,JJ,amod,level
10051,Category 2: Average Performer,level,level,NOUN,NN,pobj,of
10051,Category 2: Average Performer,looking,look,VERB,VBG,ROOT,looking
10051,Category 2: Average Performer,nurture,nurture,VERB,VB,xcomp,looking
10051,Category 2: Average Performer,talent,talent,NOUN,NN,ROOT,talent
10051,Category 2: Average Performer,lacks,lack,VERB,VBZ,relcl,talent
10051,Category 2: Average Performer,makes,make,VERB,VBZ,relcl,talent
10051,Category 2: Average Performer,hard,hard,ADJ,JJ,amod,work
10051,Category 2: Average Performer,work,work,NOUN,NN,pobj,in
10008,Category 2: Average Performer,Harvey,harvey,PROPN,NNP,compound,Watts
10008,Category 2: Average Performer,Watts,watts,PROPN,NNP,nsubj,is
10008,Category 2: Average Performer,regular,regular,ADJ,JJ,amod,worker
10008,Category 2: Average Performer,worker,worker,NOUN,NN,attr,is
10008,Category 2: Average Performer,completion,completion,NOUN,NN,compound,rate
10008,Category 2: Average Performer,rate,rate,NOUN,NN,nsubj,been
10008,Category 2: Average Performer,average,average,ADJ,JJ,acomp,been
10008,Category 2: Average Performer,seen,see,VERB,VBN,ROOT,seen
10008,Category 2: Average Performer,talent,talent,NOUN,NN,dobj,seen
10008,Category 2: Average Performer,time,time,NOUN,NN,pobj,at
10008,Category 2: Average Performer,continue,continue,VERB,VB,conj,seen
10008,Category 2: Average Performer,guide,guide,VERB,VB,xcomp,continue
10008,Category 2: Average Performer,times,time,NOUN,NNS,pobj,At
10008,Category 2: Average Performer,flashes,flash,NOUN,NNS,dobj,see
10008,Category 2: Average Performer,greatness,greatness,NOUN,NN,pobj,of
10008,Category 2: Average Performer,continue,continue,VERB,VB,conj,see
10008,Category 2: Average Performer,help,help,VERB,VB,xcomp,continue
10008,Category 2: Average Performer,way,way,NOUN,NN,pobj,on
10006,Category 2: Average Performer,Harvey,harvey,NOUN,NN,nsubj,manage
10006,Category 2: Average Performer,manage,manage,VERB,VB,ROOT,manage
10006,Category 2: Average Performer,tasks,task,NOUN,NNS,dobj,manage
10006,Category 2: Average Performer,average,average,ADJ,JJ,amod,complexity
10006,Category 2: Average Performer,complexity,complexity,NOUN,NN,pobj,of
10006,Category 2: Average Performer,bigger,big,ADJ,JJR,amod,picture
10006,Category 2: Average Performer,picture,picture,NOUN,NN,dobj,see
10006,Category 2: Average Performer,relates,relate,VERB,VBZ,pcomp,on
10006,Category 2: Average Performer,company,company,NOUN,NN,poss,aims
10006,Category 2: Average Performer,aims,aim,NOUN,NNS,pobj,to
10006,Category 2: Average Performer,Dependable,dependable,ADJ,JJ,amod,worker
10006,Category 2: Average Performer,worker,worker,NOUN,NN,ROOT,worker
10006,Category 2: Average Performer,average,average,ADJ,JJ,amod,output
10006,Category 2: Average Performer,output,output,NOUN,NN,pobj,of
10006,Category 2: Average Performer,unlikely,unlikely,ADJ,JJ,ROOT,unlikely
10006,Category 2: Average Performer,meet,meet,VERB,VB,xcomp,unlikely
10006,Category 2: Average Performer,management,management,NOUN,NN,compound,eligibility
10006,Category 2: Average Performer,eligibility,eligibility,NOUN,NN,dobj,meet
10006,Category 2: Average Performer,future,future,NOUN,NN,pobj,in
10006,Category 2: Average Performer,Nonetheless,nonetheless,ADV,RB,advmod,good
10006,Category 2: Average Performer,good,good,ADJ,JJ,ROOT,good
10006,Category 2: Average Performer,team,team,NOUN,NN,pobj,on
10132,Category 2: Average Performer,Teagan,teagan,PROPN,NNP,compound,Pate
10132,Category 2: Average Performer,Pate,pate,PROPN,NNP,nsubj,meet
10132,Category 2: Average Performer,meet,meet,VERB,VB,ROOT,meet
10132,Category 2: Average Performer,requirements,requirement,NOUN,NNS,dobj,meet
10132,Category 2: Average Performer,performance,performance,NOUN,NN,pobj,for
10132,Category 2: Average Performer,meet,meet,VERB,VB,ROOT,meet
10132,Category 2: Average Performer,expectations,expectation,NOUN,NNS,dobj,meet
10132,Category 2: Average Performer,needed,need,VERB,VBN,pcomp,of
10132,Category 2: Average Performer,satisfied,satisfied,ADJ,JJ,acomp,are
10132,Category 2: Average Performer,results,result,NOUN,NNS,pobj,with
10132,Category 2: Average Performer,little,little,ADJ,JJ,amod,potential
10132,Category 2: Average Performer,potential,potential,NOUN,NN,attr,is
10132,Category 2: Average Performer,Teagan,teagan,PROPN,NNP,nsubj,ascend
10132,Category 2: Average Performer,ascend,ascend,VERB,VB,advcl,potential
10132,Category 2: Average Performer,average,average,ADJ,JJ,amod,from
10132,Category 2: Average Performer,performance,performance,NOUN,NN,pobj,in
156,Category 2: Average Performer,Amy,amy,PROPN,NNP,compound,John
156,Category 2: Average Performer,John,john,PROPN,NNP,nsubj,succeeds
156,Category 2: Average Performer,succeeds,succeed,VERB,VBZ,ROOT,succeeds
156,Category 2: Average Performer,fulfilling,fulfil,VERB,VBG,amod,tasks
156,Category 2: Average Performer,basic,basic,ADJ,JJ,amod,tasks
156,Category 2: Average Performer,work,work,NOUN,NN,compound,tasks
156,Category 2: Average Performer,tasks,task,NOUN,NNS,pobj,at
156,Category 2: Average Performer,Meets,meet,VERB,VBZ,ROOT,Meets
156,Category 2: Average Performer,minimum,minimum,ADJ,JJ,amod,standard
156,Category 2: Average Performer,standard,standard,NOUN,NN,dobj,Meets
156,Category 2: Average Performer,normally,normally,ADV,RB,advmod,show
156,Category 2: Average Performer,potential,potential,NOUN,NN,dobj,show
156,Category 2: Average Performer,growth,growth,NOUN,NN,pobj,for
156,Category 2: Average Performer,completes,complete,VERB,VBZ,ROOT,completes
156,Category 2: Average Performer,tasks,task,NOUN,NNS,dobj,completes
156,Category 2: Average Performer,assigned,assign,VERB,VBN,acl,tasks
156,Category 2: Average Performer,potential,potential,NOUN,NN,dobj,show
156,Category 2: Average Performer,exceeding,exceed,VERB,VBG,pcomp,for
156,Category 2: Average Performer,expectations,expectation,NOUN,NNS,dobj,exceeding
156,Category 2: Average Performer,time,time,NOUN,NN,pobj,at
98,Category 2: Average Performer,Amy,amy,PROPN,NNP,npadvmod,has
98,Category 2: Average Performer,definite,definite,ADJ,JJ,amod,room
98,Category 2: Average Performer,room,room,NOUN,NN,dobj,has
98,Category 2: Average Performer,improve,improve,VERB,VB,relcl,room
98,Category 2: Average Performer,completing,complete,VERB,VBG,advcl,tends
98,Category 2: Average Performer,work,work,NOUN,NN,pobj,of
98,Category 2: Average Performer,tends,tend,VERB,VBZ,ROOT,tends
98,Category 2: Average Performer,exactly,exactly,ADV,RB,advmod,what
98,Category 2: Average Performer,asked,ask,VERB,VBN,ccomp,do
98,Category 2: Average Performer,shown,show,VERB,VBN,ROOT,shown
98,Category 2: Average Performer,interest,interest,NOUN,NN,dobj,shown
98,Category 2: Average Performer,bare,bare,ADJ,JJ,amod,minimum
98,Category 2: Average Performer,minimum,minimum,NOUN,NN,dobj,doing
98,Category 2: Average Performer,Overall,overall,ADV,RB,advmod,say
98,Category 2: Average Performer,performance,performance,NOUN,NN,nsubj,is
98,Category 2: Average Performer,merely,merely,ADV,RB,advmod,passable
98,Category 2: Average Performer,passable,passable,ADJ,JJ,acomp,is
98,Category 2: Average Performer,know,know,VERB,VB,conj,say
98,Category 2: Average Performer,room,room,NOUN,NN,attr,'s
98,Category 2: Average Performer,grow,grow,VERB,VB,advcl,room
152,Category 2: Average Performer,Amy,amy,PROPN,NNP,nsubj,is
152,Category 2: Average Performer,punctual,punctual,ADJ,JJ,acomp,is
152,Category 2: Average Performer,turning,turn,VERB,VBG,pcomp,about
152,Category 2: Average Performer,assignments,assignment,NOUN,NNS,dobj,turning
152,Category 2: Average Performer,time,time,NOUN,NN,pobj,on
152,Category 2: Average Performer,reasonably,reasonably,ADV,RB,advmod,good
152,Category 2: Average Performer,good,good,ADJ,JJ,amod,job
152,Category 2: Average Performer,job,job,NOUN,NN,dobj,does
152,Category 2: Average Performer,research,research,NOUN,NN,compound,request
152,Category 2: Average Performer,request,request,NOUN,NN,pobj,with
152,Category 2: Average Performer,leaves,leave,VERB,VBZ,conj,does
152,Category 2: Average Performer,counterarguments,counterargument,NOUN,NNS,dobj,leaves
152,Category 2: Average Performer,table,table,NOUN,NN,pobj,on
152,Category 2: Average Performer,drafting,draft,VERB,VBG,advcl,leaves
152,Category 2: Average Performer,reports,report,NOUN,NNS,dobj,drafting
152,Category 2: Average Performer,Moving,move,VERB,VBG,advcl,told
152,Category 2: Average Performer,forward,forward,ADV,RB,advmod,Moving
152,Category 2: Average Performer,told,tell,VERB,VBN,ROOT,told
152,Category 2: Average Performer,needs,need,VERB,VBZ,ccomp,told
152,Category 2: Average Performer,plug,plug,VERB,VB,xcomp,needs
152,Category 2: Average Performer,possible,possible,ADJ,JJ,amod,hole
152,Category 2: Average Performer,hole,hole,NOUN,NN,dobj,plug
152,Category 2: Average Performer,research,research,NOUN,NN,pobj,in
152,Category 2: Average Performer,considering,consider,VERB,VBG,pcomp,by
152,Category 2: Average Performer,multiple,multiple,ADJ,JJ,amod,perspectives
152,Category 2: Average Performer,perspectives,perspective,NOUN,NNS,dobj,considering
152,Category 2: Average Performer,reports,report,NOUN,NNS,pobj,for
152,Category 2: Average Performer,struggled,struggle,VERB,VBN,ccomp,question
152,Category 2: Average Performer,incorporate,incorporate,VERB,VB,xcomp,struggled
152,Category 2: Average Performer,feedback,feedback,NOUN,NN,dobj,incorporate
152,Category 2: Average Performer,date,date,NOUN,NN,pobj,to
152,Category 2: Average Performer,question,question,VERB,VBP,ROOT,question
152,Category 2: Average Performer,able,able,ADJ,JJ,acomp,be
152,Category 2: Average Performer,improve,improve,VERB,VB,xcomp,able
122,Category 2: Average Performer,Michael,michael,PROPN,NNP,nsubj,having
122,Category 2: Average Performer,having,have,VERB,VBG,ROOT,having
122,Category 2: Average Performer,good,good,ADJ,JJ,amod,quarter
122,Category 2: Average Performer,quarter,quarter,NOUN,NN,dobj,having
122,Category 2: Average Performer,waves,wave,NOUN,NNS,dobj,make
122,Category 2: Average Performer,meetings,meeting,NOUN,NNS,pobj,at
122,Category 2: Average Performer,dependable,dependable,ADJ,JJ,acomp,is
122,Category 2: Average Performer,leader,leader,NOUN,NN,attr,is
122,Category 2: Average Performer,enjoy,enjoy,VERB,VB,xcomp,seems
122,Category 2: Average Performer,working,work,VERB,VBG,xcomp,enjoy
122,Category 2: Average Performer,team,team,NOUN,NN,pobj,with
122,Category 2: Average Performer,Michael,michael,PROPN,NNP,nsubj,keep
122,Category 2: Average Performer,toes,toe,NOUN,NNS,pobj,on
120,Category 2: Average Performer,Michael,michael,PROPN,NNP,nsubj,completed
120,Category 2: Average Performer,completed,complete,VERB,VBD,ROOT,completed
120,Category 2: Average Performer,assigned,assign,VERB,VBN,amod,tasks
120,Category 2: Average Performer,tasks,task,NOUN,NNS,dobj,completed
120,Category 2: Average Performer,time,time,NOUN,NN,pobj,on
120,Category 2: Average Performer,Michael,michael,PROPN,NNP,nsubj,strive
120,Category 2: Average Performer,strive,strive,VERB,VB,ccomp,delivers
120,Category 2: Average Performer,offer,offer,VERB,VB,xcomp,strive
120,Category 2: Average Performer,better,well,ADJ,JJR,amod,solutions
120,Category 2: Average Performer,solutions,solution,NOUN,NNS,dobj,offer
120,Category 2: Average Performer,delivers,deliver,VERB,VBZ,ROOT,delivers
120,Category 2: Average Performer,bare,bare,ADJ,JJ,amod,minimum
120,Category 2: Average Performer,minimum,minimum,NOUN,NN,dobj,delivers
120,Category 2: Average Performer,complete,complete,VERB,VB,acl,minimum
120,Category 2: Average Performer,job,job,NOUN,NN,dobj,complete
120,Category 2: Average Performer,Michael,michael,PROPN,NNP,nsubj,asks
120,Category 2: Average Performer,asks,ask,VERB,VBZ,ROOT,asks
120,Category 2: Average Performer,questions,question,NOUN,NNS,dobj,asks
120,Category 2: Average Performer,exhibit,exhibit,VERB,VB,conj,asks
120,Category 2: Average Performer,drive,drive,NOUN,NN,dobj,exhibit
120,Category 2: Average Performer,learn,learn,VERB,VB,advcl,exhibit
120,Category 2: Average Performer,Michael,michael,PROPN,NNP,nsubj,complete
120,Category 2: Average Performer,complete,complete,VERB,VB,ROOT,complete
120,Category 2: Average Performer,task,task,NOUN,NN,dobj,complete
120,Category 2: Average Performer,shine,shine,VERB,VB,conj,complete
120,Category 2: Average Performer,employee,employee,NOUN,NN,pobj,as
118,Category 2: Average Performer,Micheal,micheal,PROPN,NNP,compound,Kuar
118,Category 2: Average Performer,Kuar,kuar,PROPN,NNP,nsubj,seems
118,Category 2: Average Performer,days,day,NOUN,NNS,npadvmod,Kuar
118,Category 2: Average Performer,slip,slip,VERB,VB,xcomp,seems
118,Category 2: Average Performer,cracks,crack,NOUN,NNS,pobj,through
118,Category 2: Average Performer,job,job,NOUN,NN,dobj,does
118,Category 2: Average Performer,cause,cause,VERB,VB,xcomp,enough
118,Category 2: Average Performer,issue,issue,NOUN,NN,dobj,cause
118,Category 2: Average Performer,lacks,lack,VERB,VBZ,conj,cause
118,Category 2: Average Performer,enthusiasm,enthusiasm,NOUN,NN,dobj,lacks
118,Category 2: Average Performer,strive,strive,VERB,VBP,relcl,enthusiasm
118,Category 2: Average Performer,associates,associate,NOUN,NNS,pobj,in
118,Category 2: Average Performer,competent,competent,ADJ,JJ,acomp,is
118,Category 2: Average Performer,hope,hope,VERB,VB,ROOT,hope
118,Category 2: Average Performer,better,well,ADJ,JJR,amod,things
118,Category 2: Average Performer,things,thing,NOUN,NNS,pobj,for
118,Category 2: Average Performer,future,future,NOUN,NN,pobj,in
118,Category 2: Average Performer,expect,expect,VERB,VB,conj,hope
118,Category 2: Average Performer,job,job,NOUN,NN,dobj,do
116,Category 2: Average Performer,Sonny,sonny,PROPN,NNP,nsubj,outperform
116,Category 2: Average Performer,outperform,outperform,VERB,VB,ROOT,outperform
116,Category 2: Average Performer,results,result,NOUN,NNS,dobj,outperform
116,Category 2: Average Performer,quarter,quarter,NOUN,NN,pobj,from
116,Category 2: Average Performer,met,meet,VERB,VBD,conj,outperform
116,Category 2: Average Performer,standard,standard,NOUN,NN,dobj,met
116,Category 2: Average Performer,colleagues,colleague,NOUN,NNS,pobj,of
116,Category 2: Average Performer,work,work,NOUN,NN,nsubj,is
116,Category 2: Average Performer,reasonable,reasonable,ADJ,JJ,amod,quality
116,Category 2: Average Performer,quality,quality,NOUN,NN,pobj,of
116,Category 2: Average Performer,work,work,NOUN,NN,nsubj,is
116,Category 2: Average Performer,ethic,ethic,NOUN,NN,amod,work
116,Category 2: Average Performer,effort,effort,NOUN,NN,conj,ethic
116,Category 2: Average Performer,puts,put,VERB,VBZ,relcl,work
116,Category 2: Average Performer,highly,highly,ADV,RB,advmod,questionable
116,Category 2: Average Performer,questionable,questionable,ADJ,JJ,acomp,is
116,Category 2: Average Performer,spends,spend,VERB,VBZ,ROOT,spends
116,Category 2: Average Performer,time,time,NOUN,NN,dobj,spends
116,Category 2: Average Performer,chatting,chat,VERB,VBG,acl,time
116,Category 2: Average Performer,workers,worker,NOUN,NNS,pobj,with
116,Category 2: Average Performer,serves,serve,VERB,VBZ,conj,spends
116,Category 2: Average Performer,distraction,distraction,NOUN,NN,pobj,as
116,Category 2: Average Performer,presence,presence,NOUN,NN,nsubj,decreases
116,Category 2: Average Performer,decreases,decrease,VERB,VBZ,conj,spends
116,Category 2: Average Performer,efficiency,efficiency,NOUN,NN,dobj,decreases
116,Category 2: Average Performer,workplace,workplace,NOUN,NN,pobj,in
116,Category 2: Average Performer,encouraged,encourage,VERB,VBN,ROOT,encouraged
116,Category 2: Average Performer,behave,behave,VERB,VB,xcomp,encouraged
116,Category 2: Average Performer,maturely,maturely,ADV,RB,advmod,behave
116,Category 2: Average Performer,workplace,workplace,NOUN,NN,pobj,in
116,Category 2: Average Performer,constructive,constructive,ADJ,JJ,amod,feedback
116,Category 2: Average Performer,feedback,feedback,NOUN,NN,dobj,take
116,Category 2: Average Performer,supervisors,supervisor,NOUN,NNS,pobj,from
116,Category 2: Average Performer,encouraged,encourage,VERB,VBN,ROOT,encouraged
116,Category 2: Average Performer,mindful,mindful,ADJ,JJ,acomp,be
116,Category 2: Average Performer,behavior,behavior,NOUN,NN,nsubj,affect
116,Category 2: Average Performer,affect,affect,VERB,VB,pcomp,of
115,Category 2: Average Performer,Sonny,sonny,PROPN,NNP,poss,product
115,Category 2: Average Performer,work,work,NOUN,NN,compound,product
115,Category 2: Average Performer,product,product,NOUN,NN,nsubj,been
115,Category 2: Average Performer,decent,decent,ADJ,JJ,amod,quality
115,Category 2: Average Performer,quality,quality,NOUN,NN,pobj,of
115,Category 2: Average Performer,terms,term,NOUN,NNS,pobj,in
115,Category 2: Average Performer,research,research,NOUN,NN,compound,analysis
115,Category 2: Average Performer,analysis,analysis,NOUN,NN,pobj,of
115,Category 2: Average Performer,argument,argument,NOUN,NN,compound,development
115,Category 2: Average Performer,development,development,NOUN,NN,conj,analysis
115,Category 2: Average Performer,Sonny,sonny,PROPN,NNP,nsubj,reviews
115,Category 2: Average Performer,usually,usually,ADV,RB,advmod,reviews
115,Category 2: Average Performer,reviews,review,VERB,VBZ,ROOT,reviews
115,Category 2: Average Performer,work,work,NOUN,NN,dobj,reviews
115,Category 2: Average Performer,submitting,submit,VERB,VBG,pcomp,before
115,Category 2: Average Performer,final,final,ADJ,JJ,amod,off
115,Category 2: Average Performer,sign,sign,NOUN,NN,compound,off
115,Category 2: Average Performer,review,review,NOUN,NN,nsubj,is
115,Category 2: Average Performer,thorough,thorough,ADJ,JJ,acomp,is
115,Category 2: Average Performer,catch,catch,VERB,VBP,advcl,is
115,Category 2: Average Performer,handful,handful,NOUN,NN,dobj,catch
115,Category 2: Average Performer,minor,minor,ADJ,JJ,amod,errors
115,Category 2: Average Performer,errors,error,NOUN,NNS,pobj,of
115,Category 2: Average Performer,review,review,VERB,VBP,advcl,catch
115,Category 2: Average Performer,reports,report,NOUN,NNS,dobj,review
115,Category 2: Average Performer,asked,ask,VERB,VBN,ccomp,seem
115,Category 2: Average Performer,Sonny,sonny,PROPN,NNP,dobj,asked
115,Category 2: Average Performer,time,time,NOUN,NN,dobj,take
115,Category 2: Average Performer,needs,need,VERB,VBZ,advcl,time
115,Category 2: Average Performer,review,review,VERB,VB,xcomp,needs
115,Category 2: Average Performer,work,work,NOUN,NN,dobj,review
115,Category 2: Average Performer,submitting,submit,VERB,VBG,pcomp,before
115,Category 2: Average Performer,reports,report,NOUN,NNS,nsubj,continue
115,Category 2: Average Performer,continue,continue,VERB,VBP,conj,asked
115,Category 2: Average Performer,errors,error,NOUN,NNS,dobj,have
115,Category 2: Average Performer,willing,willing,ADJ,JJ,oprd,seem
115,Category 2: Average Performer,listen,listen,VERB,VB,xcomp,willing
115,Category 2: Average Performer,improve,improve,VERB,VB,conj,listen
115,Category 2: Average Performer,chances,chance,NOUN,NNS,dobj,improve
115,Category 2: Average Performer,advancement,advancement,NOUN,NN,pobj,of
112,Category 2: Average Performer,Amaya,amaya,PROPN,NNP,nsubj,completing
112,Category 2: Average Performer,completing,complete,VERB,VBG,ROOT,completing
112,Category 2: Average Performer,work,work,NOUN,NN,dobj,completing
112,Category 2: Average Performer,required,require,VERB,VBN,advcl,completing
112,Category 2: Average Performer,completes,complete,VERB,VBZ,ROOT,completes
112,Category 2: Average Performer,asked,ask,VERB,VBN,ccomp,completes
112,Category 2: Average Performer,proactively,proactively,ADV,RB,advmod,look
112,Category 2: Average Performer,look,look,VERB,VB,conj,completes
112,Category 2: Average Performer,improved,improve,VERB,VBN,ROOT,improved
112,Category 2: Average Performer,taking,take,VERB,VBG,pcomp,by
112,Category 2: Average Performer,initiative,initiative,NOUN,NN,dobj,taking
112,Category 2: Average Performer,additional,additional,ADJ,JJ,amod,task
112,Category 2: Average Performer,task,task,NOUN,NN,pobj,in
112,Category 2: Average Performer,workplace,workplace,NOUN,NN,pobj,in
112,Category 2: Average Performer,present,present,ADJ,JJ,amod,time
112,Category 2: Average Performer,time,time,NOUN,NN,pobj,at
112,Category 2: Average Performer,drive,drive,NOUN,NN,nsubj,is
111,Category 2: Average Performer,Sara,sara,PROPN,NNP,nsubj,was
111,Category 2: Average Performer,great,great,ADJ,JJ,amod,colleague
111,Category 2: Average Performer,colleague,colleague,NOUN,NN,attr,was
111,Category 2: Average Performer,day,day,NOUN,NN,dobj,did
111,Category 2: Average Performer,day,day,NOUN,NN,pobj,to
111,Category 2: Average Performer,tasks,task,NOUN,NNS,dobj,did
111,Category 2: Average Performer,met,meet,VERB,VBD,conj,did
111,Category 2: Average Performer,expectations,expectation,NOUN,NNS,dobj,met
111,Category 2: Average Performer,given,give,VERB,VBN,relcl,expectations
111,Category 2: Average Performer,room,room,NOUN,NN,attr,is
111,Category 2: Average Performer,grow,grow,VERB,VB,relcl,room
111,Category 2: Average Performer,Unfortunately,unfortunately,ADV,RB,advmod,believe
111,Category 2: Average Performer,believe,believe,VERB,VBP,ROOT,believe
111,Category 2: Average Performer,maxed,maxe,VERB,VBN,ccomp,believe
111,Category 2: Average Performer,potential,potential,NOUN,NN,dobj,maxed
110,Category 2: Average Performer,Sara,sara,PROPN,NNP,nsubj,turns
110,Category 2: Average Performer,turns,turn,VERB,VBZ,ROOT,turns
110,Category 2: Average Performer,reports,report,NOUN,NNS,pobj,in
110,Category 2: Average Performer,covering,cover,VERB,VBG,acl,reports
110,Category 2: Average Performer,timely,timely,ADJ,JJ,amod,topics
110,Category 2: Average Performer,topics,topic,NOUN,NNS,dobj,covering
110,Category 2: Average Performer,researched,research,VERB,VBN,acomp,are
110,Category 2: Average Performer,analyzed,analyze,VERB,VBN,conj,researched
110,Category 2: Average Performer,despite,despite,SCONJ,IN,prep,proofreads
110,Category 2: Average Performer,research,research,NOUN,NN,pobj,despite
110,Category 2: Average Performer,proofreads,proofread,VERB,VBZ,ROOT,proofreads
110,Category 2: Average Performer,work,work,NOUN,NN,dobj,proofreads
110,Category 2: Average Performer,means,mean,VERB,VBZ,conj,proofreads
110,Category 2: Average Performer,reports,report,NOUN,NNS,nsubj,contain
110,Category 2: Average Performer,contain,contain,VERB,VBP,ccomp,means
110,Category 2: Average Performer,lot,lot,NOUN,NN,dobj,contain
110,Category 2: Average Performer,tiny,tiny,ADJ,JJ,amod,errors
110,Category 2: Average Performer,noticeable,noticeable,ADJ,JJ,conj,tiny
110,Category 2: Average Performer,errors,error,NOUN,NNS,pobj,of
110,Category 2: Average Performer,like,like,ADP,IN,prep,errors
110,Category 2: Average Performer,missing,missing,ADJ,JJ,amod,periods
110,Category 2: Average Performer,periods,period,NOUN,NNS,pobj,like
110,Category 2: Average Performer,extra,extra,ADJ,JJ,amod,spaces
110,Category 2: Average Performer,spaces,space,NOUN,NNS,conj,periods
110,Category 2: Average Performer,typos,typo,NOUN,NNS,conj,spaces
110,Category 2: Average Performer,Unfortunately,unfortunately,ADV,RB,advmod,expect
110,Category 2: Average Performer,expect,expect,VERB,VB,ROOT,expect
110,Category 2: Average Performer,Sara,sara,PROPN,NNP,nsubj,improve
110,Category 2: Average Performer,improve,improve,VERB,VB,ccomp,expect
110,Category 2: Average Performer,area,area,NOUN,NN,pobj,in
110,Category 2: Average Performer,asked,ask,VERB,VBN,advcl,expect
110,Category 2: Average Performer,edit,edit,VERB,VB,xcomp,asked
110,Category 2: Average Performer,work,work,NOUN,NN,dobj,edit
110,Category 2: Average Performer,prior,prior,ADV,RB,advmod,edit
110,Category 2: Average Performer,submission,submission,NOUN,NN,pobj,to
110,Category 2: Average Performer,times,time,NOUN,NNS,npadvmod,submission
110,Category 2: Average Performer,avail,avail,NOUN,NN,pobj,to
110,Category 2: Average Performer,interest,interest,NOUN,NN,dobj,have
110,Category 2: Average Performer,detail,detail,NOUN,NN,npadvmod,oriented
110,Category 2: Average Performer,oriented,orient,VERB,VBN,acomp,becoming
123,Category 2: Average Performer,Isabella,isabella,PROPN,NNP,nsubj,is
123,Category 2: Average Performer,average,average,ADJ,JJ,amod,employee
123,Category 2: Average Performer,employee,employee,NOUN,NN,attr,is
123,Category 2: Average Performer,performs,perform,VERB,VBZ,ROOT,performs
123,Category 2: Average Performer,duties,duty,NOUN,NNS,dobj,performs
123,Category 2: Average Performer,extra,extra,ADJ,JJ,amod,effort
123,Category 2: Average Performer,effort,effort,NOUN,NN,dobj,put
123,Category 2: Average Performer,position,position,NOUN,NN,pobj,into
123,Category 2: Average Performer,drive,drive,NOUN,NN,dobj,have
123,Category 2: Average Performer,forward,forward,ADV,RB,advmod,move
123,Category 2: Average Performer,position,position,NOUN,NN,pobj,in
123,Category 2: Average Performer,forward,forward,ADV,RB,conj,move
123,Category 2: Average Performer,company,company,NOUN,NN,pobj,with
123,Category 2: Average Performer,Isabella,isabella,PROPN,NNP,nsubj,do
123,Category 2: Average Performer,mind,mind,NOUN,NN,dobj,put
108,Category 2: Average Performer,Overall,overall,ADV,RB,advmod,turned
108,Category 2: Average Performer,Joel,joel,PROPN,NNP,nsubj,turned
108,Category 2: Average Performer,turned,turn,VERB,VBD,ROOT,turned
108,Category 2: Average Performer,acceptable,acceptable,ADJ,JJ,amod,product
108,Category 2: Average Performer,work,work,NOUN,NN,compound,product
108,Category 2: Average Performer,product,product,NOUN,NN,dobj,turned
108,Category 2: Average Performer,met,meet,VERB,VBD,conj,turned
108,Category 2: Average Performer,deadlines,deadline,NOUN,NNS,dobj,met
108,Category 2: Average Performer,needed,need,VERB,VBD,ROOT,needed
108,Category 2: Average Performer,reminded,remind,VERB,VBN,xcomp,needed
108,Category 2: Average Performer,times,time,NOUN,NNS,npadvmod,reminded
108,Category 2: Average Performer,basic,basic,ADJ,JJ,amod,instructions
108,Category 2: Average Performer,assignment,assignment,NOUN,NN,compound,instructions
108,Category 2: Average Performer,instructions,instruction,NOUN,NNS,pobj,of
108,Category 2: Average Performer,work,work,NOUN,NN,compound,product
108,Category 2: Average Performer,product,product,NOUN,NN,nsubj,required
108,Category 2: Average Performer,required,require,VERB,VBD,ROOT,required
108,Category 2: Average Performer,round,round,NOUN,NN,dobj,required
108,Category 2: Average Performer,revisions,revision,NOUN,NNS,pobj,of
108,Category 2: Average Performer,felt,feel,VERB,VBD,ROOT,felt
108,Category 2: Average Performer,research,research,NOUN,NN,compound,skills
108,Category 2: Average Performer,skills,skill,NOUN,NNS,nsubj,were
108,Category 2: Average Performer,par,par,NOUN,NN,pobj,to
108,Category 2: Average Performer,turned,turn,VERB,VBN,conj,were
108,Category 2: Average Performer,best,good,ADJ,JJS,amod,work
108,Category 2: Average Performer,work,work,NOUN,NN,pobj,in
108,Category 2: Average Performer,point,point,NOUN,NN,pobj,at
104,Category 2: Average Performer,Amy,amy,PROPN,NNP,nsubj,is
104,Category 2: Average Performer,best,well,ADV,RBS,advmod,is
104,Category 2: Average Performer,Yes,yes,INTJ,UH,intj,completes
104,Category 2: Average Performer,usually,usually,ADV,RB,advmod,completes
104,Category 2: Average Performer,completes,complete,VERB,VBZ,ROOT,completes
104,Category 2: Average Performer,work,work,NOUN,NN,dobj,completes
104,Category 2: Average Performer,usually,usually,ADV,RB,advmod,'s
104,Category 2: Average Performer,bare,bare,ADJ,JJ,amod,minimum
104,Category 2: Average Performer,minimum,minimum,NOUN,NN,attr,'s
104,Category 2: Average Performer,convinced,convince,VERB,VBN,acomp,'m
104,Category 2: Average Performer,cares,care,VERB,VBZ,ccomp,convinced
104,Category 2: Average Performer,shows,show,VERB,VBZ,ROOT,shows
104,Category 2: Average Performer,little,little,ADJ,JJ,amod,enthusiasm
104,Category 2: Average Performer,enthusiasm,enthusiasm,NOUN,NN,dobj,shows
104,Category 2: Average Performer,motivation,motivation,NOUN,NN,conj,enthusiasm
104,Category 2: Average Performer,learning,learn,VERB,VBG,pcomp,to
104,Category 2: Average Performer,new,new,ADJ,JJ,amod,things
104,Category 2: Average Performer,things,thing,NOUN,NNS,dobj,learning
104,Category 2: Average Performer,improving,improve,VERB,VBG,conj,learning
104,Category 2: Average Performer,process,process,NOUN,NN,dobj,improving
104,Category 2: Average Performer,open,open,ADJ,JJ,amod,minded
104,Category 2: Average Performer,minded,minded,ADJ,JJ,acomp,being
104,Category 2: Average Performer,new,new,ADJ,JJ,amod,ideas
104,Category 2: Average Performer,ideas,idea,NOUN,NNS,pobj,to
101,Category 2: Average Performer,reports,report,NOUN,NNS,nsubj,are
101,Category 2: Average Performer,Bailey,bailey,PROPN,NNP,nsubj,produces
101,Category 2: Average Performer,produces,produce,VERB,VBZ,acl,reports
101,Category 2: Average Performer,client,client,NOUN,NN,npadvmod,ready
101,Category 2: Average Performer,ready,ready,ADJ,JJ,acomp,are
101,Category 2: Average Performer,light,light,ADJ,JJ,amod,editing
101,Category 2: Average Performer,editing,editing,NOUN,NN,pobj,after
101,Category 2: Average Performer,thorough,thorough,ADJ,JJ,amod,job
101,Category 2: Average Performer,job,job,NOUN,NN,dobj,does
101,Category 2: Average Performer,research,research,NOUN,NN,compound,analysis
101,Category 2: Average Performer,analysis,analysis,NOUN,NN,pobj,with
101,Category 2: Average Performer,appreciate,appreciate,VERB,VBP,conj,does
101,Category 2: Average Performer,attention,attention,NOUN,NN,dobj,appreciate
101,Category 2: Average Performer,detail,detail,NOUN,NN,pobj,to
101,Category 2: Average Performer,data,data,NOUN,NN,compound,analysis
101,Category 2: Average Performer,analysis,analysis,NOUN,NN,pobj,on
101,Category 2: Average Performer,performance,performance,NOUN,NN,nsubjpass,hindered
101,Category 2: Average Performer,hindered,hinder,VERB,VBN,ROOT,hindered
101,Category 2: Average Performer,shows,show,VERB,VBZ,advcl,hindered
101,Category 2: Average Performer,late,late,ADV,RB,advmod,shows
101,Category 2: Average Performer,work,work,VERB,VB,advcl,shows
101,Category 2: Average Performer,explanation,explanation,NOUN,NN,pobj,without
101,Category 2: Average Performer,told,tell,VERB,VBN,ROOT,told
101,Category 2: Average Performer,frustrating,frustrating,ADJ,JJ,acomp,is
101,Category 2: Average Performer,colleagues,colleague,NOUN,NNS,pobj,to
101,Category 2: Average Performer,depending,depend,VERB,VBG,relcl,colleagues
101,Category 2: Average Performer,office,office,NOUN,NN,pobj,in
101,Category 2: Average Performer,certain,certain,ADJ,JJ,amod,time
101,Category 2: Average Performer,time,time,NOUN,NN,pobj,at
101,Category 2: Average Performer,run,run,VERB,VB,relcl,time
101,Category 2: Average Performer,reports,report,NOUN,NNS,dobj,run
101,Category 2: Average Performer,refused,refuse,VERB,VBN,advcl,assume
101,Category 2: Average Performer,change,change,VERB,VB,xcomp,refused
101,Category 2: Average Performer,pattern,pattern,NOUN,NN,dobj,change
101,Category 2: Average Performer,behavior,behavior,NOUN,NN,pobj,of
101,Category 2: Average Performer,assume,assume,VERB,VB,ROOT,assume
101,Category 2: Average Performer,moving,move,VERB,VBG,ccomp,assume
101,Category 2: Average Performer,far,far,ADV,RB,advmod,moving
101,Category 2: Average Performer,department,department,NOUN,NN,pobj,in
99,Category 2: Average Performer,Amy,amy,PROPN,NNP,compound,John
99,Category 2: Average Performer,John,john,PROPN,NNP,nsubj,done
99,Category 2: Average Performer,job,job,NOUN,NN,dobj,done
99,Category 2: Average Performer,adequate,adequate,ADJ,JJ,amod,fashion
99,Category 2: Average Performer,fashion,fashion,NOUN,NN,pobj,in
99,Category 2: Average Performer,greatest,great,ADJ,JJS,amod,performer
99,Category 2: Average Performer,performer,performer,NOUN,NN,attr,is
99,Category 2: Average Performer,worst,bad,ADJ,JJS,attr,is
99,Category 2: Average Performer,meets,meet,VERB,VBZ,ROOT,meets
99,Category 2: Average Performer,deadlines,deadline,NOUN,NNS,dobj,meets
99,Category 2: Average Performer,regularly,regularly,ADV,RB,advmod,meets
99,Category 2: Average Performer,turns,turn,VERB,VBZ,conj,meets
99,Category 2: Average Performer,expected,expect,VERB,VBN,amod,work
99,Category 2: Average Performer,work,work,NOUN,NN,pobj,in
99,Category 2: Average Performer,Amy,amy,PROPN,NNP,nsubj,have
99,Category 2: Average Performer,high,high,ADJ,JJ,amod,ceiling
99,Category 2: Average Performer,ceiling,ceiling,NOUN,NN,dobj,have
99,Category 2: Average Performer,future,future,NOUN,NN,pobj,for
99,Category 2: Average Performer,makes,make,VERB,VBZ,advcl,have
99,Category 2: Average Performer,replaceable,replaceable,ADJ,JJ,ccomp,makes
99,Category 2: Average Performer,Regardless,regardless,ADV,RB,advmod,is
99,Category 2: Average Performer,net,net,ADJ,JJ,amod,worker
99,Category 2: Average Performer,positive,positive,ADJ,JJ,amod,worker
99,Category 2: Average Performer,worker,worker,NOUN,NN,attr,is
94,Category 2: Average Performer,Bailey,bailey,PROPN,NNP,nsubj,is
94,Category 2: Average Performer,decent,decent,ADJ,JJ,amod,worker
94,Category 2: Average Performer,worker,worker,NOUN,NN,attr,is
94,Category 2: Average Performer,gets,get,VERB,VBZ,ROOT,gets
94,Category 2: Average Performer,work,work,NOUN,NN,nsubj,done
94,Category 2: Average Performer,apply,apply,VERB,VB,conj,gets
94,Category 2: Average Performer,clearly,clearly,ADV,RB,advmod,have
94,Category 2: Average Performer,interest,interest,NOUN,NN,dobj,have
94,Category 2: Average Performer,taking,take,VERB,VBG,pcomp,in
94,Category 2: Average Performer,responsibility,responsibility,NOUN,NN,dobj,taking
94,Category 2: Average Performer,moving,move,VERB,VBG,conj,taking
94,Category 2: Average Performer,organization,organization,NOUN,NN,pobj,in
94,Category 2: Average Performer,likely,likely,ADV,RB,advmod,do
94,Category 2: Average Performer,bare,bare,ADJ,JJ,amod,minimum
94,Category 2: Average Performer,minimum,minimum,NOUN,NN,dobj,do
94,Category 2: Average Performer,asked,ask,VERB,VBN,pcomp,of
89,Category 2: Average Performer,Keys,keys,PROPN,NNP,nsubj,has
89,Category 2: Average Performer,number,number,NOUN,NN,dobj,has
89,Category 2: Average Performer,areas,area,NOUN,NNS,pobj,of
89,Category 2: Average Performer,improve,improve,VERB,VB,relcl,areas
89,Category 2: Average Performer,typically,typically,ADV,RB,advmod,meets
89,Category 2: Average Performer,meets,meet,VERB,VBZ,ROOT,meets
89,Category 2: Average Performer,minimum,minimum,ADJ,JJ,amod,expectations
89,Category 2: Average Performer,expectations,expectation,NOUN,NNS,dobj,meets
89,Category 2: Average Performer,job,job,NOUN,NN,pobj,of
89,Category 2: Average Performer,barely,barely,ADV,RB,advmod,meets
89,Category 2: Average Performer,additional,additional,ADJ,JJ,amod,training
89,Category 2: Average Performer,training,training,NOUN,NN,pobj,With
89,Category 2: Average Performer,improve,improve,VERB,VB,ROOT,improve
89,Category 2: Average Performer,extent,extent,NOUN,NN,pobj,to
89,Category 2: Average Performer,sadly,sadly,ADV,RB,advmod,see
89,Category 2: Average Performer,performer,performer,NOUN,NN,attr,becoming
88,Category 2: Average Performer,Alecia,alecia,PROPN,NNP,nsubj,shown
88,Category 2: Average Performer,shown,show,VERB,VBN,ROOT,shown
88,Category 2: Average Performer,somewhat,somewhat,ADV,RB,advmod,average
88,Category 2: Average Performer,average,average,ADJ,JJ,amod,results
88,Category 2: Average Performer,results,result,NOUN,NNS,dobj,shown
88,Category 2: Average Performer,quarter,quarter,NOUN,NN,npadvmod,shown
88,Category 2: Average Performer,seriously,seriously,ADV,RB,advmod,needs
88,Category 2: Average Performer,needs,need,VERB,VBZ,ROOT,needs
88,Category 2: Average Performer,pick,pick,VERB,VB,xcomp,needs
88,Category 2: Average Performer,speed,speed,NOUN,NN,dobj,pick
88,Category 2: Average Performer,multi,multi,ADJ,JJ,amod,tasking
88,Category 2: Average Performer,tasking,tasking,NOUN,NN,pobj,in
88,Category 2: Average Performer,projects,project,NOUN,NNS,conj,tasking
88,Category 2: Average Performer,Unlikely,unlikely,ADJ,JJ,ROOT,Unlikely
88,Category 2: Average Performer,raise,raise,NOUN,NN,dobj,get
88,Category 2: Average Performer,quarter,quarter,NOUN,NN,npadvmod,get
88,Category 2: Average Performer,Hope,hope,VERB,VB,ROOT,Hope
88,Category 2: Average Performer,better,well,ADJ,JJR,amod,results
88,Category 2: Average Performer,results,result,NOUN,NNS,dobj,see
88,Category 2: Average Performer,quarter,quarter,NOUN,NN,npadvmod,see
154,Category 2: Average Performer,Amy,amy,PROPN,NNP,compound,John
154,Category 2: Average Performer,John,john,PROPN,NNP,nsubjpass,dedicated
154,Category 2: Average Performer,dedicated,dedicate,VERB,VBN,ROOT,dedicated
154,Category 2: Average Performer,work,work,NOUN,NN,compound,atmosphere
154,Category 2: Average Performer,atmosphere,atmosphere,NOUN,NN,pobj,to
154,Category 2: Average Performer,creating,create,VERB,VBG,conj,dedicated
154,Category 2: Average Performer,fun,fun,ADJ,JJ,amod,environment
154,Category 2: Average Performer,environment,environment,NOUN,NN,dobj,creating
154,Category 2: Average Performer,colleagues,colleague,NOUN,NNS,pobj,with
154,Category 2: Average Performer,terms,term,NOUN,NNS,pobj,In
154,Category 2: Average Performer,performance,performance,NOUN,NN,pobj,of
154,Category 2: Average Performer,find,find,VERB,VBP,ROOT,find
154,Category 2: Average Performer,solid,solid,ADJ,JJ,ccomp,find
154,Category 2: Average Performer,extremely,extremely,ADV,RB,advmod,methodical
154,Category 2: Average Performer,methodical,methodical,ADJ,JJ,acomp,is
154,Category 2: Average Performer,extremely,extremely,ADV,RB,advmod,creative
154,Category 2: Average Performer,creative,creative,ADJ,JJ,conj,methodical
154,Category 2: Average Performer,tasks,task,NOUN,NNS,pobj,to
154,Category 2: Average Performer,relatively,relatively,ADV,RB,advmod,decent
154,Category 2: Average Performer,decent,decent,ADJ,JJ,amod,condition
154,Category 2: Average Performer,condition,condition,NOUN,NN,pobj,in
154,Category 2: Average Performer,little,little,ADJ,JJ,npadvmod,hesitant
154,Category 2: Average Performer,hesitant,hesitant,ADJ,JJ,acomp,am
154,Category 2: Average Performer,envision,envision,VERB,VB,xcomp,hesitant
154,Category 2: Average Performer,ways,way,NOUN,NNS,pobj,in
154,Category 2: Average Performer,improve,improve,VERB,VB,relcl,ways
154,Category 2: Average Performer,past,past,NOUN,NN,pobj,in
154,Category 2: Average Performer,shown,show,VERB,VBN,advcl,am
154,Category 2: Average Performer,growth,growth,NOUN,NN,dobj,shown
154,Category 2: Average Performer,time,time,NOUN,NN,pobj,through
154,Category 2: Average Performer,necessarily,necessarily,ADV,RB,advmod,been
154,Category 2: Average Performer,receptive,receptive,ADJ,JJ,acomp,been
154,Category 2: Average Performer,constructive,constructive,ADJ,JJ,amod,comments
154,Category 2: Average Performer,comments,comment,NOUN,NNS,pobj,to
154,Category 2: Average Performer,received,receive,VERB,VBN,acl,comments
154,Category 2: Average Performer,supervisors,supervisor,NOUN,NNS,pobj,from
105,Category 2: Average Performer,Amy,amy,PROPN,NNP,nsubj,had
105,Category 2: Average Performer,excellent,excellent,ADJ,JJ,amod,performance
105,Category 2: Average Performer,performance,performance,NOUN,NN,dobj,had
105,Category 2: Average Performer,quarter,quarter,NOUN,NN,npadvmod,had
105,Category 2: Average Performer,able,able,ADJ,JJ,acomp,was
105,Category 2: Average Performer,bring,bring,VERB,VB,xcomp,able
105,Category 2: Average Performer,new,new,ADJ,JJ,amod,ideas
105,Category 2: Average Performer,ideas,idea,NOUN,NNS,dobj,bring
105,Category 2: Average Performer,table,table,NOUN,NN,pobj,to
105,Category 2: Average Performer,insights,insight,NOUN,NNS,nsubj,allowed
105,Category 2: Average Performer,allowed,allow,VERB,VBD,conj,was
105,Category 2: Average Performer,workers,worker,NOUN,NNS,nsubj,think
105,Category 2: Average Performer,think,think,VERB,VB,ccomp,allowed
105,Category 2: Average Performer,outside,outside,ADP,IN,prep,think
105,Category 2: Average Performer,box,box,NOUN,NN,pobj,outside
105,Category 2: Average Performer,Improvements,improvement,NOUN,NNS,nsubjpass,made
105,Category 2: Average Performer,aspect,aspect,NOUN,NN,pobj,in
105,Category 2: Average Performer,self,self,NOUN,NN,compound,awareness
105,Category 2: Average Performer,awareness,awareness,NOUN,NN,pobj,of
105,Category 2: Average Performer,meetings,meeting,NOUN,NNS,pobj,in
105,Category 2: Average Performer,Amy,amy,PROPN,NNP,nsubjpass,encouraged
105,Category 2: Average Performer,encouraged,encourage,VERB,VBN,ROOT,encouraged
105,Category 2: Average Performer,think,think,VERB,VB,xcomp,encouraged
105,Category 2: Average Performer,carefully,carefully,ADV,RB,advmod,think
105,Category 2: Average Performer,says,say,VERB,VBZ,pcomp,about
105,Category 2: Average Performer,meetings,meeting,NOUN,NNS,pobj,during
105,Category 2: Average Performer,wastes,waste,VERB,VBZ,conj,encouraged
105,Category 2: Average Performer,time,time,NOUN,NN,dobj,wastes
105,Category 2: Average Performer,irrelevant,irrelevant,ADJ,JJ,amod,information
105,Category 2: Average Performer,information,information,NOUN,NN,pobj,with
105,Category 2: Average Performer,problem,problem,NOUN,NN,attr,be
105,Category 2: Average Performer,strong,strong,ADJ,JJ,amod,skills
105,Category 2: Average Performer,interpersonal,interpersonal,ADJ,JJ,amod,skills
105,Category 2: Average Performer,skills,skill,NOUN,NNS,dobj,has
125,Category 2: Average Performer,Isabella,isabella,PROPN,NNP,nsubj,is
125,Category 2: Average Performer,colloborative,colloborative,ADJ,JJ,acomp,is
125,Category 2: Average Performer,approachable,approachable,ADJ,JJ,conj,colloborative
125,Category 2: Average Performer,fairly,fairly,ADV,RB,advmod,responsive
125,Category 2: Average Performer,responsive,responsive,ADJ,JJ,acomp,is
125,Category 2: Average Performer,questions,question,NOUN,NNS,pobj,to
125,Category 2: Average Performer,reports,report,VERB,VBZ,conj,is
125,Category 2: Average Performer,progress,progress,NOUN,NN,dobj,reports
125,Category 2: Average Performer,requested,request,VERB,VBN,advcl,reports
125,Category 2: Average Performer,delivers,deliver,VERB,VBZ,ROOT,delivers
125,Category 2: Average Performer,usual,usual,ADJ,JJ,amod,work
125,Category 2: Average Performer,work,work,NOUN,NN,pobj,on
125,Category 2: Average Performer,assigned,assign,VERB,VBN,acl,work
125,Category 2: Average Performer,struggles,struggle,VERB,VBZ,conj,delivers
125,Category 2: Average Performer,new,new,ADJ,JJ,amod,work
125,Category 2: Average Performer,work,work,NOUN,NN,pobj,with
125,Category 2: Average Performer,variations,variation,NOUN,NNS,conj,work
125,Category 2: Average Performer,normal,normal,ADJ,JJ,pobj,from
125,Category 2: Average Performer,likes,like,VERB,VBZ,ROOT,likes
125,Category 2: Average Performer,follow,follow,VERB,VB,xcomp,likes
125,Category 2: Average Performer,set,set,NOUN,NN,compound,processes
125,Category 2: Average Performer,processes,process,NOUN,NNS,dobj,follow
125,Category 2: Average Performer,rule,rule,NOUN,NN,pobj,beyond
125,Category 2: Average Performer,solve,solve,VERB,VB,advcl,go
125,Category 2: Average Performer,problems,problem,NOUN,NNS,dobj,solve
125,Category 2: Average Performer,innovatively,innovatively,ADV,RB,advmod,solve
51,Category 2: Average Performer,Addison,addison,PROPN,NNP,nsubj,means
51,Category 2: Average Performer,means,mean,VERB,VBZ,ROOT,means
51,Category 2: Average Performer,effort,effort,NOUN,NN,dobj,put
51,Category 2: Average Performer,needed,need,VERB,VBN,relcl,effort
51,Category 2: Average Performer,complete,complete,VERB,VB,xcomp,needed
51,Category 2: Average Performer,work,work,NOUN,NN,dobj,complete
51,Category 2: Average Performer,works,work,VERB,VBZ,ROOT,works
51,Category 2: Average Performer,work,work,VERB,VB,conj,works
51,Category 2: Average Performer,frequently,frequently,ADV,RB,advmod,is
51,Category 2: Average Performer,late,late,ADJ,JJ,acomp,is
51,Category 2: Average Performer,work,work,VERB,VB,xcomp,late
51,Category 2: Average Performer,morning,morning,NOUN,NN,pobj,in
51,Category 2: Average Performer,misses,miss,VERB,VBZ,ROOT,misses
51,Category 2: Average Performer,mandatory,mandatory,ADJ,JJ,amod,meetings
51,Category 2: Average Performer,meetings,meeting,NOUN,NNS,dobj,misses
150,Category 2: Average Performer,Bailey,bailey,PROPN,NNP,nsubj,delivering
150,Category 2: Average Performer,consistently,consistently,ADV,RB,advmod,delivering
150,Category 2: Average Performer,delivering,deliver,VERB,VBG,ROOT,delivering
150,Category 2: Average Performer,work,work,NOUN,NN,dobj,delivering
150,Category 2: Average Performer,time,time,NOUN,NN,pobj,on
150,Category 2: Average Performer,time,time,NOUN,NN,pobj,from
150,Category 2: Average Performer,time,time,NOUN,NN,pobj,to
150,Category 2: Average Performer,easily,easily,ADV,RB,advmod,avoidable
150,Category 2: Average Performer,avoidable,avoidable,ADJ,JJ,amod,mistakes
150,Category 2: Average Performer,mistakes,mistake,NOUN,NNS,dobj,make
150,Category 2: Average Performer,great,great,ADJ,JJ,amod,attitude
150,Category 2: Average Performer,attitude,attitude,NOUN,NN,dobj,has
150,Category 2: Average Performer,work,work,NOUN,NN,pobj,at
150,Category 2: Average Performer,initiative,initiative,NOUN,NN,dobj,show
150,Category 2: Average Performer,friendly,friendly,ADJ,JJ,acomp,is
150,Category 2: Average Performer,keen,keen,ADJ,JJ,acomp,is
150,Category 2: Average Performer,participating,participate,VERB,VBG,pcomp,in
150,Category 2: Average Performer,team,team,NOUN,NN,compound,activities
150,Category 2: Average Performer,activities,activity,NOUN,NNS,pobj,in
150,Category 2: Average Performer,Bailey,bailey,PROPN,NNP,nsubj,is
150,Category 2: Average Performer,good,good,ADJ,JJ,amod,worker
150,Category 2: Average Performer,worker,worker,NOUN,NN,attr,is
150,Category 2: Average Performer,expect,expect,VERB,VBP,ROOT,expect
150,Category 2: Average Performer,continue,continue,VERB,VB,ccomp,expect
150,Category 2: Average Performer,improve,improve,VERB,VB,xcomp,continue
149,Category 2: Average Performer,Bailey,bailey,PROPN,NNP,poss,product
149,Category 2: Average Performer,work,work,NOUN,NN,compound,product
149,Category 2: Average Performer,product,product,NOUN,NN,nsubj,is
149,Category 2: Average Performer,perfectly,perfectly,ADV,RB,advmod,acceptable
149,Category 2: Average Performer,acceptable,acceptable,ADJ,JJ,acomp,is
149,Category 2: Average Performer,year,year,NOUN,NN,compound,analyst
149,Category 2: Average Performer,analyst,analyst,NOUN,NN,pobj,for
149,Category 2: Average Performer,computational,computational,ADJ,JJ,amod,errors
149,Category 2: Average Performer,errors,error,NOUN,NNS,attr,are
149,Category 2: Average Performer,present,present,ADJ,JJ,amod,errors
149,Category 2: Average Performer,reports,report,NOUN,NNS,pobj,in
149,Category 2: Average Performer,solid,solid,ADJ,JJ,amod,job
149,Category 2: Average Performer,job,job,NOUN,NN,dobj,does
149,Category 2: Average Performer,research,research,NOUN,NN,pobj,with
149,Category 2: Average Performer,drafting,drafting,NOUN,NN,conj,research
149,Category 2: Average Performer,Unfortunately,unfortunately,ADV,RB,advmod,see
149,Category 2: Average Performer,Bailey,bailey,PROPN,NNP,nsubj,moving
149,Category 2: Average Performer,moving,move,VERB,VBG,ccomp,see
149,Category 2: Average Performer,far,far,ADV,RB,advmod,moving
149,Category 2: Average Performer,organization,organization,NOUN,NN,pobj,in
149,Category 2: Average Performer,heart,heart,NOUN,NN,nsubj,seems
149,Category 2: Average Performer,fully,fully,ADV,RB,advmod,be
149,Category 2: Average Performer,work,work,NOUN,NN,pobj,in
149,Category 2: Average Performer,distracted,distracted,ADJ,JJ,oprd,seems
149,Category 2: Average Performer,personal,personal,ADJ,JJ,amod,commitments
149,Category 2: Average Performer,commitments,commitment,NOUN,NNS,pobj,with
148,Category 2: Average Performer,Bailey,bailey,PROPN,NNP,compound,Hunter
148,Category 2: Average Performer,Hunter,hunter,PROPN,NNP,nsubj,provides
148,Category 2: Average Performer,provides,provide,VERB,VBZ,ROOT,provides
148,Category 2: Average Performer,solid,solid,ADJ,JJ,amod,base
148,Category 2: Average Performer,base,base,NOUN,NN,dobj,provides
148,Category 2: Average Performer,company,company,NOUN,NN,pobj,for
148,Category 2: Average Performer,valuable,valuable,ADJ,JJ,amod,player
148,Category 2: Average Performer,team,team,NOUN,NN,compound,player
148,Category 2: Average Performer,player,player,NOUN,NN,attr,is
148,Category 2: Average Performer,team,team,NOUN,NN,pobj,for
148,Category 2: Average Performer,require,require,VERB,VB,relcl,player
148,Category 2: Average Performer,people,people,NOUN,NNS,dobj,require
148,Category 2: Average Performer,lead,lead,NOUN,NN,attr,be
148,Category 2: Average Performer,asset,asset,NOUN,NN,attr,is
148,Category 2: Average Performer,team,team,NOUN,NN,pobj,for
148,Category 2: Average Performer,room,room,NOUN,NN,attr,is
148,Category 2: Average Performer,grow,grow,VERB,VB,advcl,room
148,Category 2: Average Performer,excel,excel,VERB,VB,conj,grow
148,Category 2: Average Performer,company,company,NOUN,NN,pobj,within
147,Category 2: Average Performer,Bailey,bailey,PROPN,NNP,compound,Hunter
147,Category 2: Average Performer,Hunter,hunter,PROPN,NNP,poss,oscillates
147,Category 2: Average Performer,daily,daily,ADJ,JJ,amod,oscillates
147,Category 2: Average Performer,production,production,NOUN,NN,compound,oscillates
147,Category 2: Average Performer,oscillates,oscillate,NOUN,NNS,ROOT,oscillates
147,Category 2: Average Performer,poor,poor,ADJ,JJ,amod,from
147,Category 2: Average Performer,excellent,excellent,ADJ,JJ,acl,oscillates
147,Category 2: Average Performer,day,day,NOUN,NN,pobj,from
147,Category 2: Average Performer,day,day,NOUN,NN,conj,day
147,Category 2: Average Performer,day,day,NOUN,NN,npadvmod,produce
147,Category 2: Average Performer,Bailey,bailey,PROPN,NNP,nsubj,produce
147,Category 2: Average Performer,competently,competently,ADV,RB,advmod,produce
147,Category 2: Average Performer,produce,produce,VERB,VB,ROOT,produce
147,Category 2: Average Performer,page,page,NOUN,NN,compound,brief
147,Category 2: Average Performer,brief,brief,NOUN,NN,dobj,produce
147,Category 2: Average Performer,day,day,NOUN,NN,nsubj,struggle
147,Category 2: Average Performer,struggle,struggle,VERB,VB,conj,produce
147,Category 2: Average Performer,complete,complete,VERB,VB,xcomp,struggle
147,Category 2: Average Performer,transmittal,transmittal,ADJ,JJ,amod,letters
147,Category 2: Average Performer,letters,letter,NOUN,NNS,dobj,complete
147,Category 2: Average Performer,interpersonal,interpersonal,ADJ,JJ,amod,skills
147,Category 2: Average Performer,skills,skill,NOUN,NNS,nsubj,are
147,Category 2: Average Performer,unexceptional,unexceptional,ADJ,JJ,acomp,are
147,Category 2: Average Performer,good,good,ADJ,JJ,acomp,are
147,Category 2: Average Performer,bad,bad,ADJ,JJ,conj,good
147,Category 2: Average Performer,balance,balance,NOUN,NN,pobj,On
147,Category 2: Average Performer,believe,believe,VERB,VB,ROOT,believe
147,Category 2: Average Performer,long,long,ADJ,JJ,acomp,is
147,Category 2: Average Performer,job,job,NOUN,NN,pobj,for
146,Category 2: Average Performer,Darius,darius,PROPN,NNP,nsubj,is
146,Category 2: Average Performer,good,good,ADJ,JJ,amod,day
146,Category 2: Average Performer,day,day,NOUN,NN,attr,is
146,Category 2: Average Performer,day,day,NOUN,NN,pobj,to
146,Category 2: Average Performer,task,task,NOUN,NN,compound,person
146,Category 2: Average Performer,person,person,NOUN,NN,appos,day
146,Category 2: Average Performer,lacks,lack,VERB,VBZ,ROOT,lacks
146,Category 2: Average Performer,motivation,motivation,NOUN,NN,dobj,lacks
146,Category 2: Average Performer,future,future,NOUN,NN,pobj,for
146,Category 2: Average Performer,nt,not,PART,RB,neg,see
146,Category 2: Average Performer,need,need,NOUN,NN,dobj,see
146,Category 2: Average Performer,long,long,ADJ,JJ,amod,term
146,Category 2: Average Performer,term,term,NOUN,NN,compound,goals
146,Category 2: Average Performer,goals,goal,NOUN,NNS,pobj,for
146,Category 2: Average Performer,current,current,ADJ,JJ,amod,work
146,Category 2: Average Performer,work,work,NOUN,NN,nsubj,meeting
146,Category 2: Average Performer,meeting,meet,VERB,VBG,conj,lacks
146,Category 2: Average Performer,needs,need,NOUN,NNS,dobj,meeting
146,Category 2: Average Performer,step,step,VERB,VB,advcl,be
146,Category 2: Average Performer,potential,potential,ADJ,JJ,acomp,be
146,Category 2: Average Performer,future,future,NOUN,NN,pobj,for
146,Category 2: Average Performer,company,company,NOUN,NN,pobj,in
146,Category 2: Average Performer,like,like,VERB,VB,ROOT,like
146,Category 2: Average Performer,Darius,darius,PROPN,NNP,pobj,from
146,Category 2: Average Performer,worker,worker,NOUN,NN,pobj,as
145,Category 2: Average Performer,Darius,darius,PROPN,NNP,nsubj,is
145,Category 2: Average Performer,solid,solid,ADJ,JJ,amod,employee
145,Category 2: Average Performer,employee,employee,NOUN,NN,attr,is
145,Category 2: Average Performer,consistently,consistently,ADV,RB,advmod,produces
145,Category 2: Average Performer,produces,produce,VERB,VBZ,relcl,employee
145,Category 2: Average Performer,acceptable,acceptable,ADJ,JJ,amod,work
145,Category 2: Average Performer,work,work,NOUN,NN,dobj,produces
145,Category 2: Average Performer,shown,show,VERB,VBN,ROOT,shown
145,Category 2: Average Performer,competent,competent,ADJ,JJ,acomp,is
145,Category 2: Average Performer,producing,produce,VERB,VBG,pcomp,in
145,Category 2: Average Performer,quality,quality,NOUN,NN,compound,work
145,Category 2: Average Performer,work,work,NOUN,NN,dobj,producing
145,Category 2: Average Performer,meets,meet,VERB,VBZ,relcl,work
145,Category 2: Average Performer,exceed,exceed,VERB,VB,conj,meets
145,Category 2: Average Performer,standards,standard,NOUN,NNS,dobj,exceed
145,Category 2: Average Performer,difficulty,difficulty,NOUN,NN,dobj,has
145,Category 2: Average Performer,learning,learn,VERB,VBG,acl,difficulty
145,Category 2: Average Performer,adapting,adapt,VERB,VBG,conj,learning
145,Category 2: Average Performer,new,new,ADJ,JJ,amod,tasks
145,Category 2: Average Performer,tasks,task,NOUN,NNS,pobj,to
145,Category 2: Average Performer,find,find,VERB,VBP,ROOT,find
145,Category 2: Average Performer,unlikely,unlikely,ADJ,JJ,acomp,is
145,Category 2: Average Performer,improve,improve,VERB,VB,xcomp,unlikely
145,Category 2: Average Performer,current,current,ADJ,JJ,amod,capacity
145,Category 2: Average Performer,work,work,NOUN,NN,compound,capacity
145,Category 2: Average Performer,capacity,capacity,NOUN,NN,nsubj,is
145,Category 2: Average Performer,max,max,NOUN,NN,attr,is
142,Category 2: Average Performer,Darius,darius,PROPN,NNP,nsubj,set
142,Category 2: Average Performer,set,set,VERB,VBD,ROOT,set
142,Category 2: Average Performer,good,good,ADJ,JJ,amod,example
142,Category 2: Average Performer,example,example,NOUN,NN,dobj,set
142,Category 2: Average Performer,great,great,ADJ,JJ,amod,trainee
142,Category 2: Average Performer,trainee,trainee,NOUN,NN,attr,being
142,Category 2: Average Performer,showed,show,VERB,VBD,conj,set
142,Category 2: Average Performer,lot,lot,NOUN,NN,dobj,showed
142,Category 2: Average Performer,potential,potential,NOUN,NN,pobj,of
142,Category 2: Average Performer,career,career,NOUN,NN,compound,field
142,Category 2: Average Performer,field,field,NOUN,NN,pobj,in
142,Category 2: Average Performer,Darius,darius,PROPN,NNP,nsubj,was
142,Category 2: Average Performer,respectful,respectful,ADJ,JJ,acomp,was
142,Category 2: Average Performer,cooperative,cooperative,ADJ,JJ,conj,respectful
142,Category 2: Average Performer,training,training,NOUN,NN,pobj,with
142,Category 2: Average Performer,Darius,darius,PROPN,NNP,nsubj,strive
142,Category 2: Average Performer,strive,strive,VERB,VB,ROOT,strive
142,Category 2: Average Performer,improve,improve,VERB,VB,xcomp,strive
142,Category 2: Average Performer,areas,area,NOUN,NNS,dobj,improve
142,Category 2: Average Performer,better,well,ADJ,JJR,acomp,get
142,Category 2: Average Performer,Darius,darius,PROPN,NNP,nsubj,be
142,Category 2: Average Performer,great,great,ADJ,JJ,amod,addition
142,Category 2: Average Performer,addition,addition,NOUN,NN,attr,be
142,Category 2: Average Performer,team,team,NOUN,NN,pobj,to
141,Category 2: Average Performer,April,april,PROPN,NNP,nsubj,had
141,Category 2: Average Performer,average,average,ADJ,JJ,amod,results
141,Category 2: Average Performer,results,result,NOUN,NNS,dobj,had
141,Category 2: Average Performer,quarter,quarter,NOUN,NN,npadvmod,had
141,Category 2: Average Performer,analyzes,analyze,VERB,VBZ,ROOT,analyzes
141,Category 2: Average Performer,data,datum,NOUN,NNS,dobj,analyzes
141,Category 2: Average Performer,accurately,accurately,ADV,RB,advmod,analyzes
141,Category 2: Average Performer,able,able,ADJ,JJ,acomp,is
141,Category 2: Average Performer,submit,submit,VERB,VB,xcomp,able
141,Category 2: Average Performer,projects,project,NOUN,NNS,dobj,submit
141,Category 2: Average Performer,reasonable,reasonable,ADJ,JJ,amod,quality
141,Category 2: Average Performer,quality,quality,NOUN,NN,pobj,of
141,Category 2: Average Performer,time,time,NOUN,NN,pobj,on
141,Category 2: Average Performer,work,work,NOUN,NN,ROOT,work
141,Category 2: Average Performer,barely,barely,ADV,RB,advmod,exceeds
141,Category 2: Average Performer,exceeds,exceed,VERB,VBZ,relcl,work
141,Category 2: Average Performer,work,work,NOUN,NN,dobj,exceeds
141,Category 2: Average Performer,intern,intern,NOUN,NN,pobj,by
141,Category 2: Average Performer,high,high,ADJ,JJ,amod,school
141,Category 2: Average Performer,school,school,NOUN,NN,compound,student
141,Category 2: Average Performer,student,student,NOUN,NN,attr,is
141,Category 2: Average Performer,seek,seek,VERB,VB,ROOT,seek
141,Category 2: Average Performer,improve,improve,VERB,VB,xcomp,seek
141,Category 2: Average Performer,resisted,resist,VERB,VBN,conj,seek
141,Category 2: Average Performer,form,form,NOUN,NN,dobj,resisted
141,Category 2: Average Performer,criticism,criticism,NOUN,NN,pobj,of
141,Category 2: Average Performer,given,give,VERB,VBN,prep,resisted
141,Category 2: Average Performer,way,way,NOUN,NN,pobj,given
141,Category 2: Average Performer,colleagues,colleague,NOUN,NNS,pobj,by
141,Category 2: Average Performer,superiors,superior,NOUN,NNS,conj,colleagues
141,Category 2: Average Performer,continue,continue,VERB,VB,ROOT,continue
141,Category 2: Average Performer,monitored,monitor,VERB,VBN,xcomp,continue
141,Category 2: Average Performer,human,human,ADJ,JJ,amod,resources
141,Category 2: Average Performer,resources,resource,NOUN,NNS,pobj,by
141,Category 2: Average Performer,ensure,ensure,VERB,VB,advcl,monitored
141,Category 2: Average Performer,resources,resource,NOUN,NNS,nsubjpass,used
141,Category 2: Average Performer,potential,potential,NOUN,NN,pobj,to
151,Category 2: Average Performer,Baily,baily,ADV,RB,nsubj,is
151,Category 2: Average Performer,worker,worker,NOUN,NN,attr,is
151,Category 2: Average Performer,Currently,currently,ADV,RB,advmod,respond
151,Category 2: Average Performer,respond,respond,VERB,VB,ROOT,respond
151,Category 2: Average Performer,feedback,feedback,VERB,VB,pobj,to
151,Category 2: Average Performer,shown,show,VERB,VBN,conj,respond
151,Category 2: Average Performer,improvement,improvement,NOUN,NN,dobj,shown
151,Category 2: Average Performer,time,time,NOUN,NN,pobj,along
151,Category 2: Average Performer,consistently,consistently,ADV,RB,advmod,produces
151,Category 2: Average Performer,produces,produce,VERB,VBZ,ROOT,produces
151,Category 2: Average Performer,acceptable,acceptable,ADJ,JJ,amod,work
151,Category 2: Average Performer,quality,quality,NOUN,NN,compound,work
151,Category 2: Average Performer,work,work,NOUN,NN,dobj,produces
151,Category 2: Average Performer,meet,meet,VERB,VB,conj,produces
151,Category 2: Average Performer,deadlines,deadline,NOUN,NNS,dobj,meet
151,Category 2: Average Performer,solid,solid,ADJ,JJ,amod,performer
151,Category 2: Average Performer,performer,performer,NOUN,NN,attr,is
151,Category 2: Average Performer,expect,expect,VERB,VB,conj,is
151,Category 2: Average Performer,improve,improve,VERB,VB,ccomp,expect
151,Category 2: Average Performer,current,current,ADJ,JJ,amod,skills
151,Category 2: Average Performer,skills,skill,NOUN,NNS,pobj,beyond
139,Category 2: Average Performer,worker,worker,NOUN,NN,nsubj,turns
139,Category 2: Average Performer,turns,turn,VERB,VBZ,ROOT,turns
139,Category 2: Average Performer,work,work,NOUN,NN,pobj,in
139,Category 2: Average Performer,generally,generally,ADV,RB,advmod,is
139,Category 2: Average Performer,mistakes,mistake,NOUN,NNS,dobj,has
139,Category 2: Average Performer,best,good,ADJ,JJS,conj,has
139,Category 2: Average Performer,nt,not,PART,RB,neg,see
139,Category 2: Average Performer,worker,worker,NOUN,NN,nsubj,wants
139,Category 2: Average Performer,wants,want,VERB,VBZ,ccomp,see
139,Category 2: Average Performer,succeed,succeed,VERB,VB,xcomp,wants
139,Category 2: Average Performer,little,little,ADJ,JJ,amod,motivation
139,Category 2: Average Performer,motivation,motivation,NOUN,NN,dobj,have
139,Category 2: Average Performer,better,well,ADV,RBR,advmod,do
139,Category 2: Average Performer,currently,currently,ADV,RB,advmod,doing
139,Category 2: Average Performer,nt,not,PART,RB,neg,is
139,Category 2: Average Performer,actions,action,NOUN,NNS,attr,is
139,Category 2: Average Performer,person,person,NOUN,NN,nsubj,shown
139,Category 2: Average Performer,shown,show,VERB,VBN,relcl,actions
139,Category 2: Average Performer,workplace,workplace,NOUN,NN,pobj,in
139,Category 2: Average Performer,shows,show,VERB,VBZ,relcl,workplace
139,Category 2: Average Performer,great,great,ADJ,JJ,amod,influence
139,Category 2: Average Performer,influence,influence,NOUN,NN,attr,be
139,Category 2: Average Performer,company,company,NOUN,NN,pobj,to
139,Category 2: Average Performer,future,future,NOUN,NN,pobj,in
138,Category 2: Average Performer,April,april,PROPN,NNP,compound,Craft
138,Category 2: Average Performer,Craft,craft,PROPN,NNP,nsubj,is
138,Category 2: Average Performer,typical,typical,ADJ,JJ,amod,employee
138,Category 2: Average Performer,employee,employee,NOUN,NN,attr,is
138,Category 2: Average Performer,tends,tend,VERB,VBZ,ROOT,tends
138,Category 2: Average Performer,job,job,NOUN,NN,dobj,do
138,Category 2: Average Performer,time,time,NOUN,NN,pobj,on
138,Category 2: Average Performer,said,say,VERB,VBD,ROOT,said
138,Category 2: Average Performer,particularly,particularly,ADV,RB,advmod,interested
138,Category 2: Average Performer,interested,interested,ADJ,JJ,oprd,seem
138,Category 2: Average Performer,work,work,NOUN,NN,pobj,in
138,Category 2: Average Performer,given,give,VERB,VBN,relcl,work
138,Category 2: Average Performer,Hopefully,hopefully,ADV,RB,advmod,see
138,Category 2: Average Performer,positive,positive,ADJ,JJ,amod,growth
138,Category 2: Average Performer,growth,growth,NOUN,NN,dobj,see
138,Category 2: Average Performer,near,near,ADJ,JJ,amod,future
138,Category 2: Average Performer,future,future,NOUN,NN,pobj,in
136,Category 2: Average Performer,Lance,lance,PROPN,NNP,compound,Hatfield
136,Category 2: Average Performer,Hatfield,hatfield,PROPN,NNP,nsubj,is
136,Category 2: Average Performer,good,good,ADJ,JJ,amod,player
136,Category 2: Average Performer,team,team,NOUN,NN,compound,player
136,Category 2: Average Performer,player,player,NOUN,NN,attr,is
136,Category 2: Average Performer,meets,meet,VERB,VBZ,ROOT,meets
136,Category 2: Average Performer,goals,goal,NOUN,NNS,dobj,meets
136,Category 2: Average Performer,set,set,VERB,VBN,acl,goals
136,Category 2: Average Performer,manages,manage,VERB,VBZ,conj,meets
136,Category 2: Average Performer,time,time,NOUN,NN,dobj,manages
136,Category 2: Average Performer,takes,take,VERB,VBZ,ROOT,takes
136,Category 2: Average Performer,new,new,ADJ,JJ,amod,tasks
136,Category 2: Average Performer,tasks,task,NOUN,NNS,dobj,takes
136,Category 2: Average Performer,slowly,slowly,ADV,RB,advmod,takes
136,Category 2: Average Performer,works,work,VERB,VBZ,conj,takes
136,Category 2: Average Performer,succeeds,succeed,VERB,VBZ,advcl,works
136,Category 2: Average Performer,content,content,NOUN,NN,oprd,seems
136,Category 2: Average Performer,work,work,NOUN,NN,compound,space
136,Category 2: Average Performer,space,space,NOUN,NN,pobj,in
136,Category 2: Average Performer,friendly,friendly,ADJ,JJ,acomp,is
136,Category 2: Average Performer,team,team,NOUN,NN,pobj,with
134,Category 2: Average Performer,Lance,lance,PROPN,NNP,compound,Hatfield
134,Category 2: Average Performer,Hatfield,hatfield,PROPN,NNP,nsubj,been
134,Category 2: Average Performer,average,average,ADJ,JJ,amod,performer
134,Category 2: Average Performer,performer,performer,NOUN,NN,attr,been
134,Category 2: Average Performer,quarter,quarter,NOUN,NN,npadvmod,been
134,Category 2: Average Performer,performance,performance,NOUN,NN,nsubj,is
134,Category 2: Average Performer,level,level,NOUN,NN,pobj,around
134,Category 2: Average Performer,coworkers,coworker,NOUN,NNS,pobj,of
134,Category 2: Average Performer,stand,stand,VERB,VB,conj,is
134,Category 2: Average Performer,way,way,NOUN,NN,pobj,in
134,Category 2: Average Performer,Lance,lance,PROPN,NNP,nsubjpass,trusted
134,Category 2: Average Performer,trusted,trust,VERB,VBN,ROOT,trusted
134,Category 2: Average Performer,maintain,maintain,VERB,VB,xcomp,trusted
134,Category 2: Average Performer,solid,solid,ADJ,JJ,amod,level
134,Category 2: Average Performer,level,level,NOUN,NN,dobj,maintain
134,Category 2: Average Performer,success,success,NOUN,NN,pobj,of
134,Category 2: Average Performer,low,low,ADJ,JJ,amod,potential
134,Category 2: Average Performer,potential,potential,NOUN,NN,dobj,has
134,Category 2: Average Performer,create,create,VERB,VB,acl,potential
134,Category 2: Average Performer,opportunities,opportunity,NOUN,NNS,dobj,create
134,Category 2: Average Performer,company,company,NOUN,NN,pobj,for
134,Category 2: Average Performer,shown,show,VERB,VBN,ROOT,shown
134,Category 2: Average Performer,ability,ability,NOUN,NN,dobj,shown
134,Category 2: Average Performer,grow,grow,VERB,VB,acl,ability
134,Category 2: Average Performer,roles,role,NOUN,NNS,pobj,in
134,Category 2: Average Performer,responsibilites,responsibilite,NOUN,NNS,conj,roles
132,Category 2: Average Performer,Esmeralda,esmeralda,PROPN,NNP,nsubj,is
132,Category 2: Average Performer,wonderful,wonderful,ADJ,JJ,amod,person
132,Category 2: Average Performer,person,person,NOUN,NN,attr,is
132,Category 2: Average Performer,far,far,ADV,RB,advmod,struggles
132,Category 2: Average Performer,work,work,NOUN,NN,compound,performance
132,Category 2: Average Performer,performance,performance,NOUN,NN,nsubj,goes
132,Category 2: Average Performer,struggles,struggle,VERB,VBZ,conj,is
132,Category 2: Average Performer,understand,understand,VERB,VB,xcomp,struggles
132,Category 2: Average Performer,simple,simple,ADJ,JJ,amod,concepts
132,Category 2: Average Performer,concepts,concept,NOUN,NNS,dobj,understand
132,Category 2: Average Performer,job,job,NOUN,NN,pobj,for
132,Category 2: Average Performer,nt,not,PART,RB,neg,see
132,Category 2: Average Performer,able,able,ADJ,JJ,acomp,being
132,Category 2: Average Performer,Maybe,maybe,ADV,RB,advmod,help
132,Category 2: Average Performer,extra,extra,ADJ,JJ,amod,training
132,Category 2: Average Performer,training,training,NOUN,NN,nsubj,help
132,Category 2: Average Performer,help,help,VERB,VB,ROOT,help
132,Category 2: Average Performer,nt,not,PART,RB,neg,expect
132,Category 2: Average Performer,expect,expect,VERB,VB,conj,help
132,Category 2: Average Performer,good,good,ADJ,JJ,dobj,do
132,Category 2: Average Performer,professional,professional,ADJ,JJ,amod,opinion
132,Category 2: Average Performer,opinion,opinion,NOUN,NN,attr,s
140,Category 2: Average Performer,April,april,PROPN,NNP,nsubj,disappoint
140,Category 2: Average Performer,disappoint,disappoint,VERB,VB,ROOT,disappoint
140,Category 2: Average Performer,came,come,VERB,VBD,advcl,disappoint
140,Category 2: Average Performer,team,team,NOUN,NN,pobj,to
140,Category 2: Average Performer,performed,perform,VERB,VBD,ROOT,performed
140,Category 2: Average Performer,team,team,NOUN,NN,nsubj,loved
140,Category 2: Average Performer,loved,love,VERB,VBD,conj,performed
140,Category 2: Average Performer,nt,not,PART,RB,neg,see
140,Category 2: Average Performer,room,room,NOUN,NN,dobj,see
140,Category 2: Average Performer,growth,growth,NOUN,NN,pobj,for
140,Category 2: Average Performer,Lastly,lastly,ADV,RB,advmod,rehire
140,Category 2: Average Performer,rehire,rehire,VERB,VB,ROOT,rehire
255,Category 3: Solid Performer,Reid,reid,PROPN,NNP,nsubj,been
255,Category 3: Solid Performer,company,company,NOUN,NN,pobj,with
255,Category 3: Solid Performer,years,year,NOUN,NNS,pobj,for
255,Category 3: Solid Performer,work,work,NOUN,NN,nsubj,is
255,Category 3: Solid Performer,consistent,consistent,ADJ,JJ,acomp,is
255,Category 3: Solid Performer,puts,put,VERB,VBZ,conj,is
255,Category 3: Solid Performer,effort,effort,NOUN,NN,dobj,puts
255,Category 3: Solid Performer,work,work,NOUN,NN,pobj,into
255,Category 3: Solid Performer,follows,follow,VERB,VBZ,ROOT,follows
255,Category 3: Solid Performer,instructions,instruction,NOUN,NNS,dobj,follows
255,Category 3: Solid Performer,abilities,ability,NOUN,NNS,nsubj,seem
255,Category 3: Solid Performer,limited,limited,ADJ,JJ,oprd,seem
255,Category 3: Solid Performer,current,current,ADJ,JJ,amod,level
255,Category 3: Solid Performer,experience,experience,NOUN,NN,compound,level
255,Category 3: Solid Performer,level,level,NOUN,NN,pobj,to
255,Category 3: Solid Performer,workers,worker,NOUN,NNS,nsubj,shown
255,Category 3: Solid Performer,hired,hire,VERB,VBN,acl,workers
255,Category 3: Solid Performer,time,time,NOUN,NN,pobj,at
255,Category 3: Solid Performer,shown,show,VERB,VBN,ROOT,shown
255,Category 3: Solid Performer,growth,growth,NOUN,NN,dobj,shown
255,Category 3: Solid Performer,field,field,NOUN,NN,pobj,within
256,Category 3: Solid Performer,Matthew,matthew,PROPN,NNP,compound,Reid
256,Category 3: Solid Performer,Reid,reid,PROPN,NNP,nsubj,have
256,Category 3: Solid Performer,potential,potential,NOUN,NN,dobj,have
256,Category 3: Solid Performer,learn,learn,VERB,VB,acl,potential
256,Category 3: Solid Performer,extra,extra,ADJ,JJ,amod,skills
256,Category 3: Solid Performer,skills,skill,NOUN,NNS,dobj,learn
256,Category 3: Solid Performer,learning,learn,VERB,VBG,compound,disability
256,Category 3: Solid Performer,disability,disability,NOUN,NN,pobj,to
256,Category 3: Solid Performer,able,able,ADJ,JJ,acomp,is
256,Category 3: Solid Performer,perform,perform,VERB,VB,xcomp,able
256,Category 3: Solid Performer,exceptionally,exceptionally,ADV,RB,advmod,well
256,Category 3: Solid Performer,skills,skill,NOUN,NNS,pobj,with
256,Category 3: Solid Performer,gained,gain,VERB,VBN,ROOT,gained
256,Category 3: Solid Performer,confidence,confidence,NOUN,NN,dobj,gained
256,Category 3: Solid Performer,Reid,reid,PROPN,NNP,poss,ability
256,Category 3: Solid Performer,ability,ability,NOUN,NN,pobj,in
256,Category 3: Solid Performer,outwork,outwork,VERB,VB,acl,ability
256,Category 3: Solid Performer,outlast,outlast,VERB,VB,conj,outwork
256,Category 3: Solid Performer,coworkers,coworker,NOUN,NNS,dobj,outlast
256,Category 3: Solid Performer,lot,lot,NOUN,NN,npadvmod,more
256,Category 3: Solid Performer,potential,potential,NOUN,NN,dobj,have
256,Category 3: Solid Performer,given,give,VERB,VBN,ROOT,given
256,Category 3: Solid Performer,projects,project,NOUN,NNS,dobj,given
256,Category 3: Solid Performer,high,high,ADJ,JJ,amod,workers
256,Category 3: Solid Performer,potential,potential,ADJ,JJ,amod,workers
256,Category 3: Solid Performer,workers,worker,NOUN,NNS,nsubj,receive
256,Category 3: Solid Performer,receive,receive,VERB,VB,relcl,projects
256,Category 3: Solid Performer,simply,simply,ADV,RB,advmod,know
256,Category 3: Solid Performer,know,know,VERB,VBP,advcl,given
256,Category 3: Solid Performer,work,work,NOUN,NN,dobj,do
256,Category 3: Solid Performer,faster,fast,ADV,RBR,advmod,do
256,Category 3: Solid Performer,accurate,accurate,ADJ,JJ,conj,faster
256,Category 3: Solid Performer,count,count,VERB,VB,ROOT,count
256,Category 3: Solid Performer,Reid,reid,PROPN,NNP,pobj,on
256,Category 3: Solid Performer,major,major,ADJ,JJ,amod,job
256,Category 3: Solid Performer,job,job,NOUN,NN,dobj,get
256,Category 3: Solid Performer,successfully,successfully,ADV,RB,advmod,done
260,Category 3: Solid Performer,Conner,conner,PROPN,NNP,compound,Mcintyre
260,Category 3: Solid Performer,Mcintyre,mcintyre,PROPN,NNP,nsubj,is
260,Category 3: Solid Performer,good,good,ADJ,JJ,amod,performer
260,Category 3: Solid Performer,performer,performer,NOUN,NN,attr,is
260,Category 3: Solid Performer,lots,lot,NOUN,NNS,dobj,has
260,Category 3: Solid Performer,talent,talent,NOUN,NN,pobj,of
260,Category 3: Solid Performer,potential,potential,ADJ,JJ,dobj,put
260,Category 3: Solid Performer,job,job,NOUN,NN,pobj,in
260,Category 3: Solid Performer,reach,reach,VERB,VB,ROOT,reach
260,Category 3: Solid Performer,good,good,ADJ,JJ,amod,position
260,Category 3: Solid Performer,position,position,NOUN,NN,dobj,reach
260,Category 3: Solid Performer,career,career,NOUN,NN,pobj,in
260,Category 3: Solid Performer,improve,improve,VERB,VB,ROOT,improve
260,Category 3: Solid Performer,potential,potential,ADJ,JJ,amod,level
260,Category 3: Solid Performer,level,level,NOUN,NN,dobj,improve
258,Category 3: Solid Performer,Conner,conner,PROPN,NNP,nsubj,is
258,Category 3: Solid Performer,whiz,whiz,NOUN,NN,attr,is
258,Category 3: Solid Performer,comes,come,VERB,VBZ,advcl,is
258,Category 3: Solid Performer,learning,learn,VERB,VBG,pcomp,to
258,Category 3: Solid Performer,new,new,ADJ,JJ,amod,programs
258,Category 3: Solid Performer,software,software,NOUN,NN,compound,programs
258,Category 3: Solid Performer,programs,program,NOUN,NNS,dobj,learning
258,Category 3: Solid Performer,consistently,consistently,ADV,RB,advmod,come
258,Category 3: Solid Performer,come,come,VERB,VBN,ROOT,come
258,Category 3: Solid Performer,rely,rely,VERB,VB,advcl,come
258,Category 3: Solid Performer,train,train,VERB,VB,advcl,rely
258,Category 3: Solid Performer,younger,young,ADJ,JJR,amod,colleagues
258,Category 3: Solid Performer,colleagues,colleague,NOUN,NNS,dobj,train
258,Category 3: Solid Performer,update,update,NOUN,NN,pobj,on
258,Category 3: Solid Performer,Unfortunately,unfortunately,ADV,RB,advmod,halting
258,Category 3: Solid Performer,communication,communication,NOUN,NN,compound,skills
258,Category 3: Solid Performer,skills,skill,NOUN,NNS,nsubjpass,halting
258,Category 3: Solid Performer,halting,halt,VERB,VBG,ROOT,halting
258,Category 3: Solid Performer,limited,limit,VERB,VBN,conj,halting
258,Category 3: Solid Performer,grammar,grammar,NOUN,NN,nsubj,are
258,Category 3: Solid Performer,spelling,spelling,NOUN,NN,conj,grammar
258,Category 3: Solid Performer,poor,poor,ADJ,JJ,acomp,are
258,Category 3: Solid Performer,nervous,nervous,ADJ,JJ,acomp,be
258,Category 3: Solid Performer,having,have,VERB,VBG,advcl,be
258,Category 3: Solid Performer,send,send,VERB,VB,ccomp,having
258,Category 3: Solid Performer,kind,kind,NOUN,NN,dobj,send
258,Category 3: Solid Performer,reports,report,NOUN,NNS,pobj,of
258,Category 3: Solid Performer,clients,client,NOUN,NNS,pobj,to
258,Category 3: Solid Performer,Conner,conner,PROPN,NNP,nsubj,is
258,Category 3: Solid Performer,delight,delight,NOUN,NN,attr,is
258,Category 3: Solid Performer,team,team,NOUN,NN,pobj,on
258,Category 3: Solid Performer,room,room,NOUN,NN,dobj,see
258,Category 3: Solid Performer,promotion,promotion,NOUN,NN,pobj,for
253,Category 3: Solid Performer,friend,friend,NOUN,NN,nsubj,is
253,Category 3: Solid Performer,colleague,colleague,NOUN,NN,conj,friend
253,Category 3: Solid Performer,Matthew,matthew,PROPN,NNP,compound,Reid
253,Category 3: Solid Performer,Reid,reid,PROPN,NNP,appos,friend
253,Category 3: Solid Performer,great,great,ADJ,JJ,amod,addition
253,Category 3: Solid Performer,addition,addition,NOUN,NN,attr,is
253,Category 3: Solid Performer,team,team,NOUN,NN,pobj,to
253,Category 3: Solid Performer,work,work,NOUN,NN,nsubj,is
253,Category 3: Solid Performer,impressive,impressive,ADJ,JJ,acomp,is
253,Category 3: Solid Performer,late,late,ADV,RB,conj,impressive
253,Category 3: Solid Performer,finest,fine,ADJ,JJS,pobj,of
253,Category 3: Solid Performer,division,division,NOUN,NN,pobj,on
253,Category 3: Solid Performer,great,great,ADJ,JJ,amod,work
253,Category 3: Solid Performer,work,work,NOUN,NN,pobj,with
253,Category 3: Solid Performer,ethic,ethic,ADJ,JJ,amod,work
253,Category 3: Solid Performer,fails,fail,VERB,VBZ,ccomp,ethic
253,Category 3: Solid Performer,apply,apply,VERB,VB,xcomp,fails
253,Category 3: Solid Performer,fully,fully,ADV,RB,advmod,apply
253,Category 3: Solid Performer,reaching,reach,VERB,VBG,pcomp,to
253,Category 3: Solid Performer,higher,high,ADJ,JJR,amod,position
253,Category 3: Solid Performer,position,position,NOUN,NN,dobj,reaching
253,Category 3: Solid Performer,company,company,NOUN,NN,pobj,in
253,Category 3: Solid Performer,believe,believe,VERB,VBP,ROOT,believe
253,Category 3: Solid Performer,eyes,eye,NOUN,NNS,dobj,has
253,Category 3: Solid Performer,ventures,venture,NOUN,NNS,pobj,on
253,Category 3: Solid Performer,love,love,VERB,VB,ROOT,love
253,Category 3: Solid Performer,recruit,recruit,VERB,VB,xcomp,love
253,Category 3: Solid Performer,Matthew,matthew,PROPN,NNP,dobj,keep
253,Category 3: Solid Performer,company,company,NOUN,NN,pobj,in
253,Category 3: Solid Performer,trust,trust,VERB,VB,conj,love
253,Category 3: Solid Performer,wo,will,AUX,MD,aux,pour
253,Category 3: Solid Performer,pour,pour,VERB,VB,ccomp,trust
253,Category 3: Solid Performer,resources,resource,NOUN,NNS,dobj,pour
253,Category 3: Solid Performer,success,success,NOUN,NN,pobj,into
253,Category 3: Solid Performer,leave,leave,VERB,VB,advcl,pour
253,Category 3: Solid Performer,bigger,big,ADJ,JJR,amod,company
253,Category 3: Solid Performer,company,company,NOUN,NN,pobj,for
261,Category 3: Solid Performer,conner,conner,NOUN,NN,compound,mcintyre
261,Category 3: Solid Performer,mcintyre,mcintyre,NOUN,NN,nsubj,is
261,Category 3: Solid Performer,solid,solid,ADJ,JJ,amod,performer
261,Category 3: Solid Performer,high,high,ADJ,JJ,amod,performer
261,Category 3: Solid Performer,performer,performer,NOUN,NN,attr,is
261,Category 3: Solid Performer,good,good,ADJ,JJ,acomp,is
261,Category 3: Solid Performer,potential,potential,NOUN,NN,pobj,in
261,Category 3: Solid Performer,high,high,ADJ,JJ,amod,performance
261,Category 3: Solid Performer,performance,performance,NOUN,NN,dobj,has
261,Category 3: Solid Performer,great,great,ADJ,JJ,acomp,is
261,Category 3: Solid Performer,conner,conner,NOUN,NN,compound,mcintyre
261,Category 3: Solid Performer,mcintyre,mcintyre,PROPN,NNP,nsubj,has
261,Category 3: Solid Performer,high,high,ADJ,JJ,amod,performance
261,Category 3: Solid Performer,performance,performance,NOUN,NN,dobj,has
261,Category 3: Solid Performer,potential,potential,ADJ,JJ,relcl,performance
261,Category 3: Solid Performer,somewhat,somewhat,ADV,RB,advmod,low
261,Category 3: Solid Performer,low,low,ADJ,JJ,acomp,is
257,Category 3: Solid Performer,Matthew,matthew,PROPN,NNP,nsubj,proven
257,Category 3: Solid Performer,proven,prove,VERB,VBN,ROOT,proven
257,Category 3: Solid Performer,exceptional,exceptional,ADJ,JJ,acomp,be
257,Category 3: Solid Performer,duties,duty,NOUN,NNS,pobj,at
257,Category 3: Solid Performer,consistent,consistent,ADJ,JJ,amod,day
257,Category 3: Solid Performer,performer,performer,NOUN,NN,compound,day
257,Category 3: Solid Performer,day,day,NOUN,NN,attr,is
257,Category 3: Solid Performer,day,day,NOUN,NN,conj,day
257,Category 3: Solid Performer,said,say,VERB,VBD,ROOT,said
257,Category 3: Solid Performer,shown,show,VERB,VBN,ccomp,said
257,Category 3: Solid Performer,desire,desire,NOUN,NN,dobj,shown
257,Category 3: Solid Performer,venture,venture,VERB,VB,acl,desire
257,Category 3: Solid Performer,outside,outside,ADV,RB,advmod,venture
257,Category 3: Solid Performer,job,job,NOUN,NN,compound,description
257,Category 3: Solid Performer,description,description,NOUN,NN,pobj,of
257,Category 3: Solid Performer,strong,strong,ADJ,JJ,amod,worker
257,Category 3: Solid Performer,worker,worker,NOUN,NN,attr,is
257,Category 3: Solid Performer,interested,interested,ADJ,JJ,oprd,seem
257,Category 3: Solid Performer,growing,grow,VERB,VBG,pcomp,in
252,Category 3: Solid Performer,Freya,freya,PROPN,NNP,nsubj,is
252,Category 3: Solid Performer,great,great,ADJ,JJ,acomp,is
252,Category 3: Solid Performer,comes,come,VERB,VBZ,advcl,is
252,Category 3: Solid Performer,working,work,VERB,VBG,pcomp,to
252,Category 3: Solid Performer,hard,hard,ADV,RB,advmod,working
252,Category 3: Solid Performer,current,current,ADJ,JJ,amod,role
252,Category 3: Solid Performer,role,role,NOUN,NN,pobj,in
252,Category 3: Solid Performer,difficult,difficult,ADJ,JJ,acomp,'s
252,Category 3: Solid Performer,teaching,teach,VERB,VBG,xcomp,'s
252,Category 3: Solid Performer,new,new,ADJ,JJ,amod,tasks
252,Category 3: Solid Performer,tasks,task,NOUN,NNS,dobj,teaching
252,Category 3: Solid Performer,relying,rely,VERB,VBG,conj,teaching
252,Category 3: Solid Performer,work,work,VERB,VB,xcomp,relying
252,Category 3: Solid Performer,independently,independently,ADV,RB,advmod,work
252,Category 3: Solid Performer,result,result,NOUN,NN,pobj,As
252,Category 3: Solid Performer,indication,indication,NOUN,NN,dobj,see
252,Category 3: Solid Performer,Freya,freya,PROPN,NNP,nsubj,be
252,Category 3: Solid Performer,able,able,ADJ,JJ,acomp,be
252,Category 3: Solid Performer,handle,handle,VERB,VB,xcomp,able
252,Category 3: Solid Performer,pressures,pressure,NOUN,NNS,dobj,handle
252,Category 3: Solid Performer,responsibilities,responsibility,NOUN,NNS,conj,pressures
252,Category 3: Solid Performer,jobs,job,NOUN,NNS,pobj,of
252,Category 3: Solid Performer,ladder,ladder,NOUN,NN,pobj,up
252,Category 3: Solid Performer,great,great,ADJ,JJ,advmod,doing
252,Category 3: Solid Performer,works,work,VERB,VBZ,conj,doing
252,Category 3: Solid Performer,hard,hard,ADV,RB,advmod,works
246,Category 3: Solid Performer,Edward,edward,PROPN,NNP,nsubj,is
246,Category 3: Solid Performer,incredibly,incredibly,ADV,RB,advmod,dedicated
246,Category 3: Solid Performer,dedicated,dedicated,ADJ,JJ,acomp,is
246,Category 3: Solid Performer,work,work,NOUN,NN,pobj,to
246,Category 3: Solid Performer,clients,client,NOUN,NNS,nsubj,call
246,Category 3: Solid Performer,minute,minute,NOUN,NN,compound,requests
246,Category 3: Solid Performer,requests,request,NOUN,NNS,pobj,with
246,Category 3: Solid Performer,midnight,midnight,NOUN,NN,pobj,at
246,Category 3: Solid Performer,willing,willing,ADJ,JJ,acomp,'s
246,Category 3: Solid Performer,pull,pull,VERB,VB,xcomp,willing
246,Category 3: Solid Performer,nighter,nighter,NOUN,NN,dobj,pull
246,Category 3: Solid Performer,respond,respond,VERB,VB,advcl,pull
246,Category 3: Solid Performer,issue,issue,NOUN,NN,pobj,to
246,Category 3: Solid Performer,impressed,impressed,ADJ,JJ,acomp,'m
246,Category 3: Solid Performer,work,work,NOUN,NN,compound,ethic
246,Category 3: Solid Performer,ethic,ethic,NOUN,NN,pobj,by
246,Category 3: Solid Performer,best,good,ADJ,JJS,pobj,among
246,Category 3: Solid Performer,seen,see,VERB,VBN,relcl,best
246,Category 3: Solid Performer,bar,bar,VERB,VB,xcomp,seen
246,Category 3: Solid Performer,Unfortunately,unfortunately,ADV,RB,advmod,is
246,Category 3: Solid Performer,Edward,edward,PROPN,NNP,nsubj,is
246,Category 3: Solid Performer,weeds,weed,NOUN,NNS,pobj,in
246,Category 3: Solid Performer,work,work,NOUN,NN,pobj,with
246,Category 3: Solid Performer,hard,hard,ADJ,JJ,acomp,'s
246,Category 3: Solid Performer,big,big,ADJ,JJ,amod,picture
246,Category 3: Solid Performer,picture,picture,NOUN,NN,dobj,see
246,Category 3: Solid Performer,capability,capability,NOUN,NN,nsubj,is
246,Category 3: Solid Performer,necessary,necessary,ADJ,JJ,acomp,is
246,Category 3: Solid Performer,promoted,promote,VERB,VBN,advcl,is
246,Category 3: Solid Performer,director,director,NOUN,NN,compound,level
246,Category 3: Solid Performer,level,level,NOUN,NN,pobj,to
246,Category 3: Solid Performer,advancing,advance,VERB,VBG,ccomp,see
246,Category 3: Solid Performer,far,far,ADV,RB,advmod,advancing
249,Category 3: Solid Performer,Freya,freya,PROPN,NNP,compound,Price
249,Category 3: Solid Performer,Price,price,PROPN,NNP,nsubj,exceeded
249,Category 3: Solid Performer,exceeded,exceed,VERB,VBD,ROOT,exceeded
249,Category 3: Solid Performer,expectations,expectation,NOUN,NNS,dobj,exceeded
249,Category 3: Solid Performer,deliverables,deliverable,NOUN,NNS,pobj,on
249,Category 3: Solid Performer,period,period,NOUN,NN,pobj,in
249,Category 3: Solid Performer,displayed,display,VERB,VBD,ROOT,displayed
249,Category 3: Solid Performer,hard,hard,ADJ,JJ,amod,work
249,Category 3: Solid Performer,work,work,NOUN,NN,dobj,displayed
249,Category 3: Solid Performer,happen,happen,VERB,VB,ccomp,make
249,Category 3: Solid Performer,delivered,deliver,VERB,VBD,advcl,was
249,Category 3: Solid Performer,exceptionally,exceptionally,ADV,RB,advmod,delivered
249,Category 3: Solid Performer,hard,hard,ADJ,JJ,amod,work
249,Category 3: Solid Performer,work,work,NOUN,NN,pobj,to
249,Category 3: Solid Performer,team,team,NOUN,NN,compound,collaboration
249,Category 3: Solid Performer,collaboration,collaboration,NOUN,NN,conj,work
249,Category 3: Solid Performer,struggles,struggle,VERB,VBZ,ROOT,struggles
249,Category 3: Solid Performer,pull,pull,VERB,VB,xcomp,struggles
249,Category 3: Solid Performer,team,team,NOUN,NN,dobj,pull
249,Category 3: Solid Performer,team,team,NOUN,NN,nsubj,feels
249,Category 3: Solid Performer,feels,feel,VERB,VBZ,advcl,struggles
249,Category 3: Solid Performer,lost,lost,ADJ,JJ,acomp,feels
249,Category 3: Solid Performer,appears,appear,VERB,VBZ,ROOT,appears
249,Category 3: Solid Performer,demonstrated,demonstrate,VERB,VBN,ccomp,appears
249,Category 3: Solid Performer,capability,capability,NOUN,NN,dobj,demonstrated
249,Category 3: Solid Performer,higher,higher,ADV,RBR,advmod,move
249,Category 3: Solid Performer,organization,organization,NOUN,NN,pobj,in
247,Category 3: Solid Performer,Edward,edward,PROPN,NNP,nsubj,is
247,Category 3: Solid Performer,bit,bit,NOUN,NN,npadvmod,dull
247,Category 3: Solid Performer,dull,dull,ADJ,JJ,acomp,is
247,Category 3: Solid Performer,generally,generally,ADV,RB,advmod,participate
247,Category 3: Solid Performer,participate,participate,VERB,VB,ROOT,participate
247,Category 3: Solid Performer,company,company,NOUN,NN,poss,activities
247,Category 3: Solid Performer,activities,activity,NOUN,NNS,dobj,participate
247,Category 3: Solid Performer,smile,smile,VERB,VB,ROOT,smile
247,Category 3: Solid Performer,delivering,deliver,VERB,VBG,ROOT,delivering
247,Category 3: Solid Performer,work,work,NOUN,NN,dobj,delivering
247,Category 3: Solid Performer,delay,delay,NOUN,NN,pobj,without
247,Category 3: Solid Performer,Overall,overall,ADJ,JJ,advmod,is
247,Category 3: Solid Performer,work,work,NOUN,NN,nsubj,is
247,Category 3: Solid Performer,good,good,ADJ,JJ,acomp,is
247,Category 3: Solid Performer,shown,show,VERB,VBN,ROOT,shown
247,Category 3: Solid Performer,interest,interest,NOUN,NN,dobj,shown
247,Category 3: Solid Performer,growing,grow,VERB,VBG,pcomp,in
247,Category 3: Solid Performer,knowledge,knowledge,NOUN,NN,pobj,in
247,Category 3: Solid Performer,business,business,NOUN,NN,pobj,of
247,Category 3: Solid Performer,building,build,VERB,VBG,conj,in
247,Category 3: Solid Performer,better,well,ADJ,JJR,amod,relationship
247,Category 3: Solid Performer,relationship,relationship,NOUN,NN,dobj,building
247,Category 3: Solid Performer,colleagues,colleague,NOUN,NNS,pobj,with
247,Category 3: Solid Performer,clients,client,NOUN,NNS,conj,colleagues
245,Category 3: Solid Performer,Edward,edward,PROPN,NNP,compound,Bates
245,Category 3: Solid Performer,Bates,bates,PROPN,NNP,nsubj,is
245,Category 3: Solid Performer,extremely,extremely,ADV,RB,advmod,committed
245,Category 3: Solid Performer,committed,committed,ADJ,JJ,acomp,is
245,Category 3: Solid Performer,employee,employee,NOUN,NN,pobj,as
245,Category 3: Solid Performer,leave,leave,VERB,VB,relcl,last
245,Category 3: Solid Performer,spends,spend,VERB,VBZ,ROOT,spends
245,Category 3: Solid Performer,lot,lot,NOUN,NN,dobj,spends
245,Category 3: Solid Performer,time,time,NOUN,NN,pobj,of
245,Category 3: Solid Performer,details,detail,NOUN,NNS,pobj,on
245,Category 3: Solid Performer,overlooked,overlook,VERB,VBN,acl,details
245,Category 3: Solid Performer,employees,employee,NOUN,NNS,pobj,by
245,Category 3: Solid Performer,exceptionally,exceptionally,ADV,RB,advmod,dedicated
245,Category 3: Solid Performer,dedicated,dedicated,ADJ,JJ,acomp,is
245,Category 3: Solid Performer,hand,hand,NOUN,NN,pobj,On
245,Category 3: Solid Performer,find,find,VERB,VBP,ROOT,find
245,Category 3: Solid Performer,difficult,difficult,ADJ,JJ,ccomp,find
245,Category 3: Solid Performer,imagine,imagine,VERB,VB,xcomp,difficult
245,Category 3: Solid Performer,ways,way,NOUN,NNS,pcomp,in
245,Category 3: Solid Performer,Edward,edward,PROPN,NNP,nsubj,continue
245,Category 3: Solid Performer,continue,continue,VERB,VB,ccomp,imagine
245,Category 3: Solid Performer,grow,grow,VERB,VB,xcomp,continue
245,Category 3: Solid Performer,employee,employee,NOUN,NN,pobj,as
245,Category 3: Solid Performer,creative,creative,ADJ,JJ,attr,is
245,Category 3: Solid Performer,coming,come,VERB,VBG,advcl,is
245,Category 3: Solid Performer,new,new,ADJ,JJ,amod,solutions
245,Category 3: Solid Performer,solutions,solution,NOUN,NNS,pobj,with
245,Category 3: Solid Performer,uncommon,uncommon,ADJ,JJ,amod,problems
245,Category 3: Solid Performer,problems,problem,NOUN,NNS,pobj,to
245,Category 3: Solid Performer,lack,lack,NOUN,NN,pobj,due
245,Category 3: Solid Performer,ingenuity,ingenuity,NOUN,NN,pobj,of
245,Category 3: Solid Performer,struggle,struggle,VERB,VBP,conj,is
245,Category 3: Solid Performer,star,star,NOUN,NN,compound,employee
245,Category 3: Solid Performer,employee,employee,NOUN,NN,pobj,as
245,Category 3: Solid Performer,solid,solid,ADJ,JJ,amod,addition
245,Category 3: Solid Performer,reliable,reliable,ADJ,JJ,amod,addition
245,Category 3: Solid Performer,addition,addition,NOUN,NN,attr,is
245,Category 3: Solid Performer,team,team,NOUN,NN,pobj,to
244,Category 3: Solid Performer,Surreal,surreal,ADJ,JJ,nsubj,is
244,Category 3: Solid Performer,describe,describe,VERB,VBP,ccomp,is
244,Category 3: Solid Performer,achievements,achievement,NOUN,NNS,dobj,describe
244,Category 3: Solid Performer,Edward,edward,PROPN,NNP,compound,Bates
244,Category 3: Solid Performer,Bates,bates,PROPN,NNP,pobj,of
244,Category 3: Solid Performer,quarter,quarter,NOUN,NN,npadvmod,describe
244,Category 3: Solid Performer,sat,sit,VERB,VBD,ROOT,sat
244,Category 3: Solid Performer,chair,chair,NOUN,NN,dobj,sat
244,Category 3: Solid Performer,important,important,ADJ,JJ,amod,trials
244,Category 3: Solid Performer,trials,trial,NOUN,NNS,pobj,on
244,Category 3: Solid Performer,leading,lead,VERB,VBG,advcl,sat
244,Category 3: Solid Performer,successful,successful,ADJ,JJ,amod,verdicts
244,Category 3: Solid Performer,jury,jury,NOUN,NN,compound,verdicts
244,Category 3: Solid Performer,verdicts,verdict,NOUN,NNS,pobj,to
244,Category 3: Solid Performer,matters,matter,NOUN,NNS,pobj,in
244,Category 3: Solid Performer,apparent,apparent,ADJ,JJ,acomp,is
244,Category 3: Solid Performer,firm,firm,NOUN,NN,pobj,in
244,Category 3: Solid Performer,Edward,edward,PROPN,NNP,nsubj,sees
244,Category 3: Solid Performer,sees,see,VERB,VBZ,ccomp,is
244,Category 3: Solid Performer,future,future,NOUN,NN,dobj,sees
244,Category 3: Solid Performer,politics,politic,NOUN,NNS,pobj,in
244,Category 3: Solid Performer,shareholder,shareholder,NOUN,NN,pobj,as
244,Category 3: Solid Performer,firm,firm,NOUN,NN,pobj,of
244,Category 3: Solid Performer,active,active,ADJ,JJ,acomp,is
244,Category 3: Solid Performer,Camden,camden,PROPN,NNP,compound,County
244,Category 3: Solid Performer,County,county,PROPN,NNP,compound,politics
244,Category 3: Solid Performer,politics,politic,NOUN,NNS,pobj,in
244,Category 3: Solid Performer,rumored,rumor,VERB,VBN,conj,is
244,Category 3: Solid Performer,future,future,ADJ,JJ,amod,candidate
244,Category 3: Solid Performer,candidate,candidate,NOUN,NN,attr,be
244,Category 3: Solid Performer,State,state,PROPN,NNP,compound,Senate
244,Category 3: Solid Performer,Senate,senate,PROPN,NNP,pobj,for
244,Category 3: Solid Performer,legislative,legislative,ADJ,JJ,amod,district
244,Category 3: Solid Performer,district,district,NOUN,NN,pobj,in
243,Category 3: Solid Performer,Edward,edward,PROPN,NNP,nsubj,doing
243,Category 3: Solid Performer,great,great,ADJ,JJ,amod,job
243,Category 3: Solid Performer,job,job,NOUN,NN,dobj,doing
243,Category 3: Solid Performer,work,work,NOUN,NN,pobj,with
243,Category 3: Solid Performer,day,day,NOUN,NN,npadvmod,is
243,Category 3: Solid Performer,consistent,consistent,ADJ,JJ,acomp,is
243,Category 3: Solid Performer,near,near,ADP,IN,conj,at
243,Category 3: Solid Performer,performers,performer,NOUN,NNS,pobj,near
243,Category 3: Solid Performer,refined,refine,VERB,VBN,ROOT,refined
243,Category 3: Solid Performer,ability,ability,NOUN,NN,dobj,refined
243,Category 3: Solid Performer,expected,expect,VERB,VBN,ccomp,do
243,Category 3: Solid Performer,interest,interest,NOUN,NN,dobj,have
243,Category 3: Solid Performer,straying,stray,VERB,VBG,pcomp,in
243,Category 3: Solid Performer,scope,scope,NOUN,NN,pobj,from
243,Category 3: Solid Performer,duties,duty,NOUN,NNS,pobj,of
242,Category 3: Solid Performer,Foster,foster,PROPN,NNP,nsubj,done
242,Category 3: Solid Performer,remarkably,remarkably,ADV,RB,advmod,well
242,Category 3: Solid Performer,project,project,NOUN,NN,pobj,on
242,Category 3: Solid Performer,presentation,presentation,NOUN,NN,pobj,with
242,Category 3: Solid Performer,sure,sure,ADJ,JJ,acomp,made
242,Category 3: Solid Performer,cover,cover,VERB,VB,xcomp,sure
242,Category 3: Solid Performer,confusing,confusing,ADJ,JJ,amod,areas
242,Category 3: Solid Performer,areas,area,NOUN,NNS,dobj,cover
242,Category 3: Solid Performer,extra,extra,ADJ,JJ,amod,detail
242,Category 3: Solid Performer,detail,detail,NOUN,NN,pobj,in
242,Category 3: Solid Performer,Unfortunately,unfortunately,ADV,RB,advmod,seems
242,Category 3: Solid Performer,performance,performance,NOUN,NN,nsubj,seems
242,Category 3: Solid Performer,project,project,NOUN,NN,nsubj,seems
242,Category 3: Solid Performer,outlier,outlier,NOUN,NN,attr,be
242,Category 3: Solid Performer,usually,usually,ADV,RB,advmod,do
242,Category 3: Solid Performer,wondering,wonder,VERB,VBG,ROOT,wondering
242,Category 3: Solid Performer,moved,move,VERB,VBN,ccomp,wondering
242,Category 3: Solid Performer,team,team,NOUN,NN,pobj,to
242,Category 3: Solid Performer,deals,deal,VERB,VBZ,relcl,team
242,Category 3: Solid Performer,kind,kind,NOUN,NN,pobj,with
242,Category 3: Solid Performer,project,project,NOUN,NN,pobj,of
262,Category 3: Solid Performer,Conner,conner,PROPN,NNP,compound,Mcintyre
262,Category 3: Solid Performer,Mcintyre,mcintyre,PROPN,NNP,nsubj,did
262,Category 3: Solid Performer,good,good,ADJ,JJ,amod,job
262,Category 3: Solid Performer,job,job,NOUN,NN,dobj,did
262,Category 3: Solid Performer,performance,performance,NOUN,NN,nsubj,was
262,Category 3: Solid Performer,solid,solid,ADJ,JJ,acomp,was
262,Category 3: Solid Performer,met,meet,VERB,VBD,conj,was
262,Category 3: Solid Performer,standards,standard,NOUN,NNS,dobj,met
262,Category 3: Solid Performer,proud,proud,ADJ,JJ,acomp,be
262,Category 3: Solid Performer,job,job,NOUN,NN,pobj,of
262,Category 3: Solid Performer,improved,improve,VERB,VBN,ROOT,improved
262,Category 3: Solid Performer,better,well,ADJ,JJR,acomp,get
239,Category 3: Solid Performer,Eloise,eloise,PROPN,NNP,nsubj,is
239,Category 3: Solid Performer,hard,hard,ADJ,JJ,amod,worker
239,Category 3: Solid Performer,worker,worker,NOUN,NN,attr,is
239,Category 3: Solid Performer,performed,perform,VERB,VBN,ROOT,performed
239,Category 3: Solid Performer,task,task,NOUN,NN,dobj,performed
239,Category 3: Solid Performer,diligence,diligence,NOUN,NN,pobj,with
239,Category 3: Solid Performer,competence,competence,NOUN,NN,conj,diligence
239,Category 3: Solid Performer,happy,happy,ADJ,JJ,acomp,are
239,Category 3: Solid Performer,team,team,NOUN,NN,pobj,of
239,Category 3: Solid Performer,Eloise,eloise,PROPN,NNP,nsubj,been
239,Category 3: Solid Performer,reluctant,reluctant,ADJ,JJ,acomp,been
239,Category 3: Solid Performer,rise,rise,VERB,VB,xcomp,reluctant
239,Category 3: Solid Performer,occasions,occasion,NOUN,NNS,pobj,to
239,Category 3: Solid Performer,generally,generally,ADV,RB,advmod,fails
239,Category 3: Solid Performer,fails,fail,VERB,VBZ,advcl,been
239,Category 3: Solid Performer,initiatives,initiative,NOUN,NNS,dobj,take
239,Category 3: Solid Performer,lack,lack,VERB,VB,xcomp,seems
239,Category 3: Solid Performer,enthusiasm,enthusiasm,NOUN,NN,dobj,lack
239,Category 3: Solid Performer,company,company,NOUN,NN,poss,mission
239,Category 3: Solid Performer,mission,mission,NOUN,NN,pobj,with
251,Category 3: Solid Performer,Freya,freya,PROPN,NNP,nsubj,is
251,Category 3: Solid Performer,consistent,consistent,ADJ,JJ,amod,worker
251,Category 3: Solid Performer,worker,worker,NOUN,NN,attr,is
251,Category 3: Solid Performer,produces,produce,VERB,VBZ,ROOT,produces
251,Category 3: Solid Performer,high,high,ADJ,JJ,amod,work
251,Category 3: Solid Performer,quality,quality,NOUN,NN,compound,work
251,Category 3: Solid Performer,work,work,NOUN,NN,dobj,produces
251,Category 3: Solid Performer,meets,meet,VERB,VBZ,conj,produces
251,Category 3: Solid Performer,deadlines,deadline,NOUN,NNS,dobj,meets
251,Category 3: Solid Performer,detail,detail,NOUN,NN,npadvmod,orientated
251,Category 3: Solid Performer,orientated,orientate,VERB,VBN,acomp,is
251,Category 3: Solid Performer,gets,get,VERB,VBZ,conj,is
251,Category 3: Solid Performer,work,work,NOUN,NN,nsubj,done
251,Category 3: Solid Performer,bit,bit,NOUN,NN,npadvmod,complacent
251,Category 3: Solid Performer,complacent,complacent,ADJ,JJ,acomp,is
251,Category 3: Solid Performer,generally,generally,ADV,RB,advmod,is
251,Category 3: Solid Performer,unwilling,unwilling,ADJ,JJ,acomp,is
251,Category 3: Solid Performer,improve,improve,VERB,VB,xcomp,unwilling
251,Category 3: Solid Performer,respond,respond,VERB,VB,ROOT,respond
251,Category 3: Solid Performer,feedback,feedback,NOUN,NN,pobj,to
251,Category 3: Solid Performer,generally,generally,ADV,RB,advmod,ignores
251,Category 3: Solid Performer,ignores,ignore,VERB,VBZ,conj,respond
251,Category 3: Solid Performer,comments,comment,NOUN,NNS,dobj,ignores
251,Category 3: Solid Performer,supervisors,supervisor,NOUN,NNS,pobj,from
251,Category 3: Solid Performer,said,say,VERB,VBD,ROOT,said
251,Category 3: Solid Performer,strong,strong,ADJ,JJ,amod,worker
251,Category 3: Solid Performer,worker,worker,NOUN,NN,attr,is
251,Category 3: Solid Performer,improve,improve,VERB,VB,ccomp,seem
251,Category 3: Solid Performer,anymore,anymore,ADV,RB,advmod,improve
10009,Category 3: Solid Performer,Archie,archie,PROPN,NNP,nsubj,is
10009,Category 3: Solid Performer,great,great,ADJ,JJ,amod,worker
10009,Category 3: Solid Performer,worker,worker,NOUN,NN,attr,is
10009,Category 3: Solid Performer,working,work,VERB,VBG,advcl,'s
10009,Category 3: Solid Performer,overtime,overtime,NOUN,NN,dobj,working
10009,Category 3: Solid Performer,volunteering,volunteer,VERB,VBG,conj,overtime
10009,Category 3: Solid Performer,need,need,VERB,VBP,advcl,working
10009,Category 3: Solid Performer,coverage,coverage,NOUN,NN,dobj,need
10009,Category 3: Solid Performer,count,count,VERB,VB,ROOT,count
10009,Category 3: Solid Performer,workload,workload,NOUN,NN,pobj,in
10009,Category 3: Solid Performer,Unfortunately,unfortunately,ADV,RB,advmod,is
10009,Category 3: Solid Performer,interest,interest,NOUN,NN,nsubj,is
10009,Category 3: Solid Performer,moving,move,VERB,VBG,pcomp,in
10009,Category 3: Solid Performer,ahead,ahead,ADV,RB,advmod,moving
10009,Category 3: Solid Performer,company,company,NOUN,NN,pobj,in
10009,Category 3: Solid Performer,non,non,ADJ,JJ,amod,existent
10009,Category 3: Solid Performer,existent,existent,NOUN,NN,attr,is
10009,Category 3: Solid Performer,worry,worry,VERB,VBP,conj,is
10009,Category 3: Solid Performer,bored,bore,VERB,VBN,ccomp,worry
10009,Category 3: Solid Performer,quality,quality,NOUN,NN,pobj,with
10009,Category 3: Solid Performer,work,work,NOUN,NN,pobj,of
10009,Category 3: Solid Performer,provided,provide,VERB,VBN,acl,quality
10009,Category 3: Solid Performer,like,like,VERB,VB,ROOT,like
10009,Category 3: Solid Performer,push,push,VERB,VB,ccomp,see
10009,Category 3: Solid Performer,intellectually,intellectually,ADV,RB,advmod,push
10013,Category 3: Solid Performer,Archie,archie,PROPN,NNP,compound,Dawson
10013,Category 3: Solid Performer,Dawson,dawson,PROPN,NNP,poss,performance
10013,Category 3: Solid Performer,performance,performance,NOUN,NN,nsubj,been
10013,Category 3: Solid Performer,awesome,awesome,ADJ,JJ,acomp,been
10013,Category 3: Solid Performer,able,able,ADJ,JJ,acomp,been
10013,Category 3: Solid Performer,provide,provide,VERB,VB,xcomp,able
10013,Category 3: Solid Performer,consistency,consistency,NOUN,NN,dobj,provide
10013,Category 3: Solid Performer,superb,superb,NOUN,NN,compound,skillset
10013,Category 3: Solid Performer,skillset,skillset,NOUN,NN,pobj,in
10013,Category 3: Solid Performer,exceeded,exceed,VERB,VBN,ROOT,exceeded
10013,Category 3: Solid Performer,expectations,expectation,NOUN,NNS,dobj,exceeded
10013,Category 3: Solid Performer,hope,hope,VERB,VBP,ROOT,hope
10013,Category 3: Solid Performer,continues,continue,VERB,VBZ,ccomp,hope
10013,Category 3: Solid Performer,performance,performance,NOUN,NN,compound,level
10013,Category 3: Solid Performer,level,level,NOUN,NN,dobj,keep
10013,Category 3: Solid Performer,consistent,consistent,ADJ,JJ,oprd,keep
238,Category 3: Solid Performer,Eloise,eloise,PROPN,NNP,nsubj,is
238,Category 3: Solid Performer,capable,capable,ADJ,JJ,amod,worker
238,Category 3: Solid Performer,worker,worker,NOUN,NN,attr,is
238,Category 3: Solid Performer,produces,produce,VERB,VBZ,conj,is
238,Category 3: Solid Performer,excellent,excellent,ADJ,JJ,amod,work
238,Category 3: Solid Performer,work,work,NOUN,NN,dobj,produces
238,Category 3: Solid Performer,finishes,finish,VERB,VBZ,ROOT,finishes
238,Category 3: Solid Performer,work,work,NOUN,NN,dobj,finishes
238,Category 3: Solid Performer,early,early,ADV,RB,advmod,pursues
238,Category 3: Solid Performer,diligently,diligently,ADV,RB,conj,early
238,Category 3: Solid Performer,pursues,pursue,VERB,VBZ,advcl,finishes
238,Category 3: Solid Performer,new,new,ADJ,JJ,amod,tasks
238,Category 3: Solid Performer,tasks,task,NOUN,NNS,dobj,pursues
238,Category 3: Solid Performer,responds,respond,VERB,VBZ,ROOT,responds
238,Category 3: Solid Performer,poorly,poorly,ADV,RB,advmod,responds
238,Category 3: Solid Performer,feedback,feedback,VERB,VB,pobj,to
238,Category 3: Solid Performer,seek,seek,VERB,VB,conj,responds
238,Category 3: Solid Performer,improve,improve,VERB,VB,xcomp,seek
238,Category 3: Solid Performer,incredibly,incredibly,ADV,RB,advmod,strong
238,Category 3: Solid Performer,strong,strong,ADJ,JJ,amod,worker
238,Category 3: Solid Performer,worker,worker,NOUN,NN,attr,is
238,Category 3: Solid Performer,seek,seek,VERB,VB,conj,is
238,Category 3: Solid Performer,improve,improve,VERB,VB,xcomp,seek
10220,Category 3: Solid Performer,Dean,dean,PROPN,NNP,nsubj,is
10220,Category 3: Solid Performer,overall,overall,ADV,RB,advmod,is
10220,Category 3: Solid Performer,effective,effective,ADJ,JJ,amod,worker
10220,Category 3: Solid Performer,worker,worker,NOUN,NN,attr,is
10220,Category 3: Solid Performer,punctual,punctual,ADJ,JJ,acomp,is
10220,Category 3: Solid Performer,shows,show,VERB,VBZ,ROOT,shows
10220,Category 3: Solid Performer,work,work,VERB,VB,xcomp,shows
10220,Category 3: Solid Performer,time,time,NOUN,NN,pobj,on
10220,Category 3: Solid Performer,gets,get,VERB,VBZ,conj,work
10220,Category 3: Solid Performer,work,work,NOUN,NN,nsubj,allotted
10220,Category 3: Solid Performer,time,time,NOUN,NN,pobj,in
10220,Category 3: Solid Performer,allotted,allot,VERB,VBN,ccomp,gets
10220,Category 3: Solid Performer,marketing,marketing,NOUN,NN,compound,content
10220,Category 3: Solid Performer,content,content,NOUN,NN,nsubj,appealing
10220,Category 3: Solid Performer,produces,produce,VERB,VBZ,relcl,content
10220,Category 3: Solid Performer,organization,organization,NOUN,NN,pobj,for
10220,Category 3: Solid Performer,appealing,appeal,VERB,VBG,ROOT,appealing
10220,Category 3: Solid Performer,spot,spot,VERB,VB,conj,appealing
10220,Category 3: Solid Performer,target,target,NOUN,NN,compound,audience
10220,Category 3: Solid Performer,audience,audience,NOUN,NN,pobj,for
10220,Category 3: Solid Performer,great,great,ADJ,JJ,amod,player
10220,Category 3: Solid Performer,team,team,NOUN,NN,compound,player
10220,Category 3: Solid Performer,player,player,NOUN,NN,attr,is
10220,Category 3: Solid Performer,knows,know,VERB,VBZ,conj,is
10220,Category 3: Solid Performer,collaborate,collaborate,VERB,VB,xcomp,knows
10220,Category 3: Solid Performer,team,team,NOUN,NN,pobj,with
10220,Category 3: Solid Performer,step,step,VERB,VB,conj,collaborate
10220,Category 3: Solid Performer,toes,toe,NOUN,NNS,pobj,on
10220,Category 3: Solid Performer,area,area,NOUN,NN,nsubj,is
10220,Category 3: Solid Performer,needs,need,VERB,VBZ,relcl,area
10220,Category 3: Solid Performer,work,work,NOUN,NN,dobj,needs
10220,Category 3: Solid Performer,risk,risk,NOUN,NN,compound,taker
10220,Category 3: Solid Performer,taker,taker,NOUN,NN,attr,is
10220,Category 3: Solid Performer,rarely,rarely,ADV,RB,advmod,initiates
10220,Category 3: Solid Performer,initiates,initiate,VERB,VBZ,conj,is
10220,Category 3: Solid Performer,new,new,ADJ,JJ,amod,ideas
10220,Category 3: Solid Performer,ideas,idea,NOUN,NNS,dobj,initiates
10220,Category 3: Solid Performer,projects,project,NOUN,NNS,conj,ideas
10220,Category 3: Solid Performer,waits,wait,VERB,VBZ,conj,initiates
10220,Category 3: Solid Performer,told,tell,VERB,VBN,xcomp,waits
10219,Category 3: Solid Performer,Working,work,VERB,VBG,advcl,exceeded
10219,Category 3: Solid Performer,individually,individually,ADV,RB,advmod,Working
10219,Category 3: Solid Performer,Dean,dean,PROPN,NNP,nsubj,exceeded
10219,Category 3: Solid Performer,exceeded,exceed,VERB,VBN,ROOT,exceeded
10219,Category 3: Solid Performer,expectations,expectation,NOUN,NNS,dobj,exceeded
10219,Category 3: Solid Performer,lacks,lack,VERB,VBZ,ROOT,lacks
10219,Category 3: Solid Performer,basic,basic,ADJ,JJ,amod,skills
10219,Category 3: Solid Performer,communication,communication,NOUN,NN,compound,skills
10219,Category 3: Solid Performer,skills,skill,NOUN,NNS,dobj,lacks
10219,Category 3: Solid Performer,interfere,interfere,VERB,VBP,relcl,skills
10219,Category 3: Solid Performer,ability,ability,NOUN,NN,pobj,with
10219,Category 3: Solid Performer,integrate,integrate,VERB,VB,acl,ability
10219,Category 3: Solid Performer,team,team,NOUN,NN,pobj,within
10219,Category 3: Solid Performer,voice,voice,NOUN,NN,nsubj,heard
10219,Category 3: Solid Performer,heard,hear,VERB,VBN,ccomp,have
10219,Category 3: Solid Performer,shortcomings,shortcoming,NOUN,NNS,nsubj,affect
10219,Category 3: Solid Performer,affect,affect,VERB,VB,ROOT,affect
10219,Category 3: Solid Performer,project,project,NOUN,NN,compound,contribution
10219,Category 3: Solid Performer,contribution,contribution,NOUN,NN,dobj,affect
10219,Category 3: Solid Performer,Dean,dean,PROPN,NNP,nsubjpass,used
10219,Category 3: Solid Performer,working,work,VERB,VBG,pcomp,to
10219,Category 3: Solid Performer,individual,individual,ADJ,JJ,amod,projects
10219,Category 3: Solid Performer,projects,project,NOUN,NNS,pobj,on
10219,Category 3: Solid Performer,member,member,NOUN,NN,pobj,As
10219,Category 3: Solid Performer,Dean,dean,PROPN,NNP,nsubj,accomplishes
10219,Category 3: Solid Performer,accomplishes,accomplish,VERB,VBZ,ROOT,accomplishes
10219,Category 3: Solid Performer,tasks,task,NOUN,NNS,dobj,accomplishes
10219,Category 3: Solid Performer,team,team,NOUN,NN,pobj,for
10219,Category 3: Solid Performer,suitable,suitable,ADJ,JJ,acomp,is
10219,Category 3: Solid Performer,role,role,NOUN,NN,pobj,for
10216,Category 3: Solid Performer,Dean,dean,PROPN,NNP,nsubj,contributed
10216,Category 3: Solid Performer,contributed,contribute,VERB,VBN,ROOT,contributed
10216,Category 3: Solid Performer,heavily,heavily,ADV,RB,advmod,contributed
10216,Category 3: Solid Performer,project,project,NOUN,NN,pobj,to
10216,Category 3: Solid Performer,past,past,ADJ,JJ,amod,quarter
10216,Category 3: Solid Performer,quarter,quarter,NOUN,NN,pobj,in
10216,Category 3: Solid Performer,led,lead,VERB,VBN,ROOT,led
10216,Category 3: Solid Performer,team,team,NOUN,NN,compound,charts
10216,Category 3: Solid Performer,charts,chart,NOUN,NNS,dobj,led
10216,Category 3: Solid Performer,task,task,NOUN,NN,compound,completion
10216,Category 3: Solid Performer,completion,completion,NOUN,NN,pobj,in
10216,Category 3: Solid Performer,struggled,struggle,VERB,VBN,ROOT,struggled
10216,Category 3: Solid Performer,taking,take,VERB,VBG,pcomp,with
10216,Category 3: Solid Performer,responsibilities,responsibility,NOUN,NNS,dobj,taking
10216,Category 3: Solid Performer,deliver,deliver,VERB,VB,advcl,taking
10216,Category 3: Solid Performer,complex,complex,ADJ,JJ,amod,tasks
10216,Category 3: Solid Performer,tasks,task,NOUN,NNS,dobj,deliver
10216,Category 3: Solid Performer,handle,handle,VERB,VB,ROOT,handle
10216,Category 3: Solid Performer,high,high,ADJ,JJ,amod,situations
10216,Category 3: Solid Performer,pressure,pressure,NOUN,NN,compound,situations
10216,Category 3: Solid Performer,situations,situation,NOUN,NNS,dobj,handle
10180,Category 3: Solid Performer,Aniya,aniya,PROPN,NNP,nsubj,is
10180,Category 3: Solid Performer,good,good,ADJ,JJ,acomp,is
10180,Category 3: Solid Performer,favourite,favourite,NOUN,NN,conj,is
10180,Category 3: Solid Performer,team,team,NOUN,NN,pobj,of
10180,Category 3: Solid Performer,end,end,NOUN,NN,pobj,At
10180,Category 3: Solid Performer,quarter,quarter,NOUN,NN,pobj,of
10180,Category 3: Solid Performer,members,member,NOUN,NNS,pobj,of
10180,Category 3: Solid Performer,rely,rely,VERB,VBP,relcl,members
10180,Category 3: Solid Performer,high,high,ADJ,JJ,amod,output
10180,Category 3: Solid Performer,output,output,NOUN,NN,pobj,to
10180,Category 3: Solid Performer,consistent,consistent,ADJ,JJ,amod,worker
10180,Category 3: Solid Performer,worker,worker,NOUN,NN,attr,is
10180,Category 3: Solid Performer,Unlikely,unlikely,ADJ,JJ,ROOT,Unlikely
10180,Category 3: Solid Performer,moved,move,VERB,VBN,xcomp,Unlikely
10180,Category 3: Solid Performer,managerial,managerial,ADJ,JJ,amod,roles
10180,Category 3: Solid Performer,roles,role,NOUN,NNS,pobj,into
10180,Category 3: Solid Performer,struggled,struggle,VERB,VBN,advcl,moved
10180,Category 3: Solid Performer,leadership,leadership,NOUN,NN,pobj,with
10137,Category 3: Solid Performer,Markus,markus,PROPN,NNP,nsubj,is
10137,Category 3: Solid Performer,great,great,ADJ,JJ,amod,employee
10137,Category 3: Solid Performer,employee,employee,NOUN,NN,attr,is
10137,Category 3: Solid Performer,lot,lot,NOUN,NN,dobj,did
10137,Category 3: Solid Performer,company,company,NOUN,NN,pobj,for
10137,Category 3: Solid Performer,provided,provide,VERB,VBD,conj,did
10137,Category 3: Solid Performer,great,great,ADJ,JJ,amod,idea
10137,Category 3: Solid Performer,idea,idea,NOUN,NN,dobj,provided
10137,Category 3: Solid Performer,upgrade,upgrade,VERB,VB,acl,idea
10137,Category 3: Solid Performer,products,product,NOUN,NNS,dobj,upgrade
10137,Category 3: Solid Performer,working,work,VERB,VBG,ROOT,working
10137,Category 3: Solid Performer,hard,hard,ADV,RB,advmod,working
10137,Category 3: Solid Performer,showing,show,VERB,VBG,conj,working
10137,Category 3: Solid Performer,quality,quality,NOUN,NN,pobj,by
10137,Category 3: Solid Performer,work,work,NOUN,NN,compound,wich
10137,Category 3: Solid Performer,wich,wich,NOUN,NN,nsubj,is
10137,Category 3: Solid Performer,great,great,ADJ,JJ,acomp,is
10137,Category 3: Solid Performer,compared,compare,VERB,VBN,prep,is
10137,Category 3: Solid Performer,colleague,colleague,NOUN,NN,pobj,to
10137,Category 3: Solid Performer,performance,performance,NOUN,NN,nsubj,are
10137,Category 3: Solid Performer,good,good,ADJ,JJ,acomp,are
10137,Category 3: Solid Performer,nt,not,PART,RB,neg,have
10137,Category 3: Solid Performer,lot,lot,NOUN,NN,dobj,have
10137,Category 3: Solid Performer,potential,potential,NOUN,NN,pobj,of
10137,Category 3: Solid Performer,long,long,ADJ,JJ,amod,run
10137,Category 3: Solid Performer,run,run,NOUN,NN,pobj,on
10137,Category 3: Solid Performer,accept,accept,VERB,VB,advcl,have
10137,Category 3: Solid Performer,autority,autority,NOUN,NN,dobj,accept
10137,Category 3: Solid Performer,want,want,VERB,VBP,ROOT,want
10137,Category 3: Solid Performer,decide,decide,VERB,VB,xcomp,want
10137,Category 3: Solid Performer,think,think,VERB,VB,xcomp,seems
10137,Category 3: Solid Performer,boss,boss,NOUN,NN,attr,is
10137,Category 3: Solid Performer,appreciated,appreciated,ADJ,JJ,acomp,is
10137,Category 3: Solid Performer,hight,hight,NOUN,NN,amod,performance
10137,Category 3: Solid Performer,performance,performance,NOUN,NN,dobj,have
10012,Category 3: Solid Performer,Archie,archie,PROPN,NNP,nsubj,shown
10012,Category 3: Solid Performer,shown,show,VERB,VBN,ROOT,shown
10012,Category 3: Solid Performer,considerable,considerable,ADJ,JJ,amod,improvements
10012,Category 3: Solid Performer,improvements,improvement,NOUN,NNS,dobj,shown
10012,Category 3: Solid Performer,past,past,ADJ,JJ,amod,year
10012,Category 3: Solid Performer,half,half,ADJ,JJ,amod,year
10012,Category 3: Solid Performer,year,year,NOUN,NN,pobj,in
10012,Category 3: Solid Performer,taken,take,VERB,VBN,ROOT,taken
10012,Category 3: Solid Performer,initiatives,initiative,NOUN,NNS,dobj,taken
10012,Category 3: Solid Performer,documenting,document,VERB,VBG,pcomp,in
10012,Category 3: Solid Performer,workflows,workflow,NOUN,NNS,dobj,documenting
10012,Category 3: Solid Performer,creating,create,VERB,VBG,conj,documenting
10012,Category 3: Solid Performer,solid,solid,ADJ,JJ,amod,base
10012,Category 3: Solid Performer,knowledge,knowledge,NOUN,NN,compound,base
10012,Category 3: Solid Performer,base,base,NOUN,NN,dobj,creating
10012,Category 3: Solid Performer,needs,need,VERB,VBZ,ROOT,needs
10012,Category 3: Solid Performer,work,work,VERB,VB,xcomp,needs
10012,Category 3: Solid Performer,technical,technical,ADJ,JJ,amod,skills
10012,Category 3: Solid Performer,skills,skill,NOUN,NNS,pobj,on
10012,Category 3: Solid Performer,core,core,NOUN,NN,compound,competency
10012,Category 3: Solid Performer,competency,competency,NOUN,NN,pobj,with
10012,Category 3: Solid Performer,migration,migration,NOUN,NN,compound,project
10012,Category 3: Solid Performer,project,project,NOUN,NN,nsubjpass,handled
10012,Category 3: Solid Performer,handled,handle,VERB,VBN,advcl,needs
10012,Category 3: Solid Performer,smoothly,smoothly,ADV,RB,advmod,handled
10012,Category 3: Solid Performer,sure,sure,ADJ,JJ,acomp,am
10012,Category 3: Solid Performer,upcoming,upcoming,ADJ,JJ,amod,certification
10012,Category 3: Solid Performer,technology,technology,NOUN,NN,compound,certification
10012,Category 3: Solid Performer,certification,certification,NOUN,NN,nsubj,boost
10012,Category 3: Solid Performer,boost,boost,VERB,VB,ccomp,sure
10012,Category 3: Solid Performer,growth,growth,NOUN,NN,dobj,boost
10136,Category 3: Solid Performer,Markus,markus,PROPN,NNP,nsubj,puts
10136,Category 3: Solid Performer,consistently,consistently,ADV,RB,advmod,puts
10136,Category 3: Solid Performer,puts,put,VERB,VBZ,ROOT,puts
10136,Category 3: Solid Performer,effort,effort,NOUN,NN,dobj,puts
10136,Category 3: Solid Performer,work,work,NOUN,NN,nsubj,completed
10136,Category 3: Solid Performer,completed,complete,VERB,VBN,ccomp,get
10136,Category 3: Solid Performer,time,time,NOUN,NN,pobj,on
10136,Category 3: Solid Performer,master,master,NOUN,NN,attr,is
10136,Category 3: Solid Performer,area,area,NOUN,NN,pobj,of
10136,Category 3: Solid Performer,think,think,VERB,VBP,conj,is
10136,Category 3: Solid Performer,trying,try,VERB,VBG,csubj,prove
10136,Category 3: Solid Performer,bigger,big,ADJ,JJR,amod,things
10136,Category 3: Solid Performer,things,thing,NOUN,NNS,pobj,to
10136,Category 3: Solid Performer,prove,prove,VERB,VB,ccomp,think
10136,Category 3: Solid Performer,unsuccessful,unsuccessful,ADJ,JJ,oprd,prove
10136,Category 3: Solid Performer,equipped,equipped,ADJ,JJ,acomp,is
10136,Category 3: Solid Performer,deal,deal,VERB,VB,xcomp,equipped
10136,Category 3: Solid Performer,type,type,NOUN,NN,pobj,with
10136,Category 3: Solid Performer,work,work,NOUN,NN,pobj,of
10136,Category 3: Solid Performer,currently,currently,ADV,RB,advmod,does
10095,Category 3: Solid Performer,Peter,peter,PROPN,NNP,nsubj,is
10095,Category 3: Solid Performer,hard,hard,ADJ,JJ,amod,guy
10095,Category 3: Solid Performer,working,work,VERB,VBG,amod,guy
10095,Category 3: Solid Performer,guy,guy,NOUN,NN,attr,is
10095,Category 3: Solid Performer,joined,join,VERB,VBD,advcl,lacking
10095,Category 3: Solid Performer,team,team,NOUN,NN,dobj,joined
10095,Category 3: Solid Performer,lacking,lack,VERB,VBG,ROOT,lacking
10095,Category 3: Solid Performer,skills,skill,NOUN,NNS,pobj,in
10095,Category 3: Solid Performer,attributes,attribute,NOUN,NNS,conj,skills
10095,Category 3: Solid Performer,areas,area,NOUN,NNS,pobj,in
10095,Category 3: Solid Performer,kept,keep,VERB,VBD,ROOT,kept
10095,Category 3: Solid Performer,taking,take,VERB,VBG,xcomp,kept
10095,Category 3: Solid Performer,huge,huge,ADJ,JJ,amod,efforts
10095,Category 3: Solid Performer,efforts,effort,NOUN,NNS,dobj,taking
10095,Category 3: Solid Performer,overcome,overcome,VERB,VB,acl,efforts
10095,Category 3: Solid Performer,weak,weak,ADJ,JJ,amod,competencies
10095,Category 3: Solid Performer,competencies,competency,NOUN,NNS,dobj,overcome
10095,Category 3: Solid Performer,core,core,ADJ,JJ,compound,pillars
10095,Category 3: Solid Performer,pillars,pillar,NOUN,NNS,pobj,of
10095,Category 3: Solid Performer,project,project,NOUN,NN,pobj,of
10095,Category 3: Solid Performer,hard,hard,ADJ,JJ,acomp,is
10095,Category 3: Solid Performer,imagine,imagine,VERB,VB,xcomp,is
10095,Category 3: Solid Performer,team,team,NOUN,NN,dobj,imagine
10095,Category 3: Solid Performer,contributions,contribution,NOUN,NNS,pobj,without
10095,Category 3: Solid Performer,like,like,VERB,VB,conj,is
10095,Category 3: Solid Performer,step,step,VERB,VB,ccomp,like
10095,Category 3: Solid Performer,lead,lead,VERB,VB,advcl,step
10095,Category 3: Solid Performer,future,future,NOUN,NN,pobj,in
10094,Category 3: Solid Performer,Peter,peter,PROPN,NNP,compound,Allen
10094,Category 3: Solid Performer,Allen,allen,PROPN,NNP,nsubj,does
10094,Category 3: Solid Performer,pretty,pretty,ADV,RB,advmod,decent
10094,Category 3: Solid Performer,decent,decent,ADJ,JJ,amod,job
10094,Category 3: Solid Performer,job,job,NOUN,NN,dobj,does
10094,Category 3: Solid Performer,needs,need,VERB,VBZ,ROOT,needs
10094,Category 3: Solid Performer,improvement,improvement,NOUN,NN,dobj,needs
10094,Category 3: Solid Performer,areas,area,NOUN,NNS,pobj,in
10094,Category 3: Solid Performer,manages,manage,VERB,VBZ,relcl,areas
10094,Category 3: Solid Performer,good,good,ADJ,JJ,amod,job
10094,Category 3: Solid Performer,job,job,NOUN,NN,dobj,do
10094,Category 3: Solid Performer,good,good,ADJ,JJ,acomp,is
10094,Category 3: Solid Performer,managing,manage,VERB,VBG,pcomp,at
10094,Category 3: Solid Performer,people,people,NOUN,NNS,dobj,managing
10094,Category 3: Solid Performer,great,great,ADJ,JJ,amod,person
10094,Category 3: Solid Performer,team,team,NOUN,NN,compound,person
10094,Category 3: Solid Performer,person,person,NOUN,NN,attr,be
10094,Category 3: Solid Performer,Overall,overall,ADV,RB,advmod,does
10094,Category 3: Solid Performer,good,good,ADJ,JJ,amod,work
10094,Category 3: Solid Performer,work,work,NOUN,NN,dobj,does
10093,Category 3: Solid Performer,Peter,peter,PROPN,NNP,nsubj,is
10093,Category 3: Solid Performer,great,great,ADJ,JJ,amod,performer
10093,Category 3: Solid Performer,performer,performer,NOUN,NN,attr,is
10093,Category 3: Solid Performer,little,little,ADJ,JJ,npadvmod,low
10093,Category 3: Solid Performer,low,low,ADJ,JJ,conj,is
10093,Category 3: Solid Performer,potential,potential,ADJ,JJ,amod,side
10093,Category 3: Solid Performer,asked,ask,VERB,VBN,ROOT,asked
10093,Category 3: Solid Performer,motivation,motivation,NOUN,NN,attr,be
10093,Category 3: Solid Performer,think,think,VERB,VBP,ROOT,think
10093,Category 3: Solid Performer,spot,spot,NOUN,NN,pobj,on
10093,Category 3: Solid Performer,gives,give,VERB,VBZ,conj,think
10093,Category 3: Solid Performer,Overall,overall,ADV,RB,advmod,like
10093,Category 3: Solid Performer,like,like,VERB,VBP,ROOT,like
10093,Category 3: Solid Performer,Peter,peter,PROPN,NNP,dobj,like
10093,Category 3: Solid Performer,enjoy,enjoy,VERB,VBP,conj,like
10093,Category 3: Solid Performer,team,team,NOUN,NN,pobj,on
10092,Category 3: Solid Performer,Peter,peter,PROPN,NNP,compound,Allen
10092,Category 3: Solid Performer,Allen,allen,PROPN,NNP,nsubj,is
10092,Category 3: Solid Performer,friendly,friendly,ADJ,JJ,amod,person
10092,Category 3: Solid Performer,person,person,NOUN,NN,attr,is
10092,Category 3: Solid Performer,helps,help,VERB,VBZ,relcl,person
10092,Category 3: Solid Performer,worker,worker,NOUN,NN,dobj,helps
10092,Category 3: Solid Performer,outstanding,outstanding,ADJ,JJ,amod,person
10092,Category 3: Solid Performer,person,person,NOUN,NN,pobj,of
10092,Category 3: Solid Performer,company,company,NOUN,NN,pobj,in
10092,Category 3: Solid Performer,finish,finish,VERB,VB,xcomp,used
10092,Category 3: Solid Performer,work,work,NOUN,NN,dobj,finish
10092,Category 3: Solid Performer,time,time,NOUN,NN,pobj,in
10092,Category 3: Solid Performer,high,high,ADJ,JJ,amod,productivity
10092,Category 3: Solid Performer,productivity,productivity,NOUN,NN,pobj,with
10092,Category 3: Solid Performer,smart,smart,ADJ,JJ,amod,worker
10092,Category 3: Solid Performer,worker,worker,NOUN,NN,pobj,of
10092,Category 3: Solid Performer,manages,manage,VERB,VBZ,conj,is
10092,Category 3: Solid Performer,work,work,NOUN,NN,dobj,manages
10092,Category 3: Solid Performer,perfectly,perfectly,ADV,RB,advmod,manages
10092,Category 3: Solid Performer,performance,performance,NOUN,NN,nsubj,is
10092,Category 3: Solid Performer,high,high,ADJ,JJ,acomp,is
10092,Category 3: Solid Performer,compared,compare,VERB,VBN,prep,is
10092,Category 3: Solid Performer,workers,worker,NOUN,NNS,pobj,to
10056,Category 3: Solid Performer,Jessica,jessica,PROPN,NNP,nsubj,is
10056,Category 3: Solid Performer,hardworking,hardworke,VERB,VBG,amod,person
10056,Category 3: Solid Performer,person,person,NOUN,NN,attr,is
10056,Category 3: Solid Performer,knows,know,VERB,VBZ,ROOT,knows
10056,Category 3: Solid Performer,work,work,NOUN,NN,nsubj,is
10056,Category 3: Solid Performer,accurate,accurate,ADJ,JJ,acomp,is
10056,Category 3: Solid Performer,time,time,NOUN,NN,pobj,on
10056,Category 3: Solid Performer,think,think,VERB,VBP,ROOT,think
10056,Category 3: Solid Performer,work,work,NOUN,NN,pobj,at
10056,Category 3: Solid Performer,achieved,achieve,VERB,VBD,ccomp,think
10056,Category 3: Solid Performer,highest,high,ADJ,JJS,amod,point
10056,Category 3: Solid Performer,point,point,NOUN,NN,dobj,achieved
10056,Category 3: Solid Performer,challenge,challenge,NOUN,NN,attr,is
10056,Category 3: Solid Performer,grow,grow,VERB,VB,advcl,challenge
10055,Category 3: Solid Performer,Jessica,jessica,PROPN,NNP,nsubj,is
10055,Category 3: Solid Performer,efficient,efficient,ADJ,JJ,acomp,is
10055,Category 3: Solid Performer,accomplishing,accomplish,VERB,VBG,pcomp,at
10055,Category 3: Solid Performer,tasks,task,NOUN,NNS,dobj,accomplishing
10055,Category 3: Solid Performer,initiative,initiative,NOUN,NN,dobj,take
10055,Category 3: Solid Performer,consistently,consistently,ADV,RB,advmod,helpful
10055,Category 3: Solid Performer,helpful,helpful,ADJ,JJ,acomp,is
