id,person_name,nine_box_category,feedback,adjusted,reviewed,label,feedback_len,num_of_sent,performance_class,potential_class,feedback_clean,data_type,category_name,performance_name,potential_name,assignment_sentiment,assignment_issue_category,extracted_concerns,predicted_assignment_sentiment,predicted_workplace_issue
1,John Doe,"Category 1: 'Risk' (Low performance, Low potential)","John has not progressed in his position. He is continuously late, leaves early, and takes many breaks throughout the day. He calls out at least every other week and it's always on Fridays. His performance has significantly declined. My suggestion is he is not suitable for this position.",False,True,0,287,5,0,0,john ha not progressed in his position he is continuously late leaf early and take many break throughout the day he call out at least every other week and it always on friday his performance ha significantly declined my suggestion is he is not suitable for this position,train,Category 1: Risk,Low Performance,Low Potential,Negative Feedback,Career Growth,Attendance / Punctuality; Performance Quality,Negative Feedback,Career Growth
10045,Douglas Henry,"Category 1: 'Risk' (Low performance, Low potential)","Douglas Henry has been having trouble in all areas of the job. He rarely arrives at work on time. He often phones in sick and tries to make excuses to leave early. Douglas has not had good feedback from his immediate superior about the quality of his work. He lacks concentration and is often seen daydreaming. In short, it seems that Douglas Henry is not a good employee for this company and should be let go as soon as possible.",False,False,0,430,6,0,0,douglas henry ha been having trouble in all area of the job he rarely arrives at work on time he often phone in sick and try to make excuse to leave early douglas ha not had good feedback from his immediate superior about the quality of his work he lack concentration and is often seen daydreaming in short it seems that douglas henry is not a good employee for this company and should be let go a soon a possible,train,Category 1: Risk,Low Performance,Low Potential,Negative Feedback,Work Culture,Communication; Performance Quality,Negative Feedback,Work Culture
10044,Douglas Henry,"Category 1: 'Risk' (Low performance, Low potential)","Douglas has a lot to work on and areas to grow in at work. He lacks the drive to accomplish any task with sound quality. He comes to work with an apathetic attitude and applies that to his daily tasks. Due to his lack of initiative, we do not think he has much of a future with our company.",False,False,0,290,4,0,0,douglas ha a lot to work on and area to grow in at work he lack the drive to accomplish any task with sound quality he come to work with an apathetic attitude and applies that to his daily task due to his lack of initiative we do not think he ha much of a future with our company,train,Category 1: Risk,Low Performance,Low Potential,Negative Feedback,Work Culture,Performance Quality; Leadership Potential,Negative Feedback,Work Culture
10005,Freddie Davies,"Category 1: 'Risk' (Low performance, Low potential)","Freddie is a nice guy, but his performance and potential levels are ver poor. I am not seeing much motivation to perform, nor am I seeing the potential to want to perform either. I think he may be too risky for our team at this time. If I saw more potential there, I would say let's keep him on so we can see what he does in the long run. However, I am not seeing enough motivation or positivity from him at this time.",False,True,0,418,5,0,0,freddie is a nice guy but his performance and potential level are ver poor i am not seeing much motivation to perform nor am i seeing the potential to want to perform either i think he may be too risky for our team at this time if i saw more potential there i would say let keep him on so we can see what he doe in the long run however i am not seeing enough motivation or positivity from him at this time,train,Category 1: Risk,Low Performance,Low Potential,Negative Feedback,Career Growth,Performance Quality; Leadership Potential; Team Collaboration,Negative Feedback,Career Growth
10004,Freddie Davies,"Category 1: 'Risk' (Low performance, Low potential)","Freddie has been quite disappointing this quarter, quite being an understatement. While the whole team is flooded with phone calls due to the ongoing pandemic, he has taken 7 unplanned leaves citing personal emergency, which turned to be a blatant lie according to his social media accounts. Work-wise, his output is alarmingly lower than the next worst performer in the team. Freddie should redeem himself swiftly if he as to continue in this team.",False,False,0,449,4,0,0,freddie ha been quite disappointing this quarter quite being an understatement while the whole team is flooded with phone call due to the ongoing pandemic he ha taken 7 unplanned leaf citing personal emergency which turned to be a blatant lie according to his social medium account workwise his output is alarmingly lower than the next worst performer in the team freddie should redeem himself swiftly if he a to continue in this team,train,Category 1: Risk,Low Performance,Low Potential,Negative Feedback,Work Culture,Team Collaboration,Negative Feedback,Work Culture
326,Dylan Baker,"Category 1: 'Risk' (Low performance, Low potential)",He is not helpful.  Dylan is not a teamplayer.  He does not incorporate feedback. He is reliable most of the time but would be better if he listened to feedback and cooperated more.,True,True,0,181,4,0,0,he is not helpful dylan is not a teamplayer he doe not incorporate feedback he is reliable most of the time but would be better if he listened to feedback and cooperated more,train,Category 1: Risk,Low Performance,Low Potential,Negative Feedback,Management Issues,Communication,Negative Feedback,Work Culture
285,Isobel Foster,"Category 1: 'Risk' (Low performance, Low potential)","Isobel Foster. What a player to have. Easily one of the worse player that I have ever coached. He does not give enough effort on the defense end that opposing players will exploit it and get easy buckets. Whenever the team falls down into double digits, he gives up too easily and just puts no effort into his game. While his offense can be refined to be a decent scorer, his defensive end dictates his effort into the game. He might be an option for just scoring when the lead is higher but don't expect him to be greater than that.",True,True,0,533,7,0,0,isobel foster what a player to have easily one of the worse player that i have ever coached he doe not give enough effort on the defense end that opposing player will exploit it and get easy bucket whenever the team fall down into double digit he give up too easily and just put no effort into his game while his offense can be refined to be a decent scorer his defensive end dictate his effort into the game he might be an option for just scoring when the lead is higher but dont expect him to be greater than that,train,Category 1: Risk,Low Performance,Low Potential,Negative Feedback,Management Issues,Team Collaboration,Negative Feedback,Management Issues
264,Carl Thorn,"Category 1: 'Risk' (Low performance, Low potential)","Mr. Thorn is somewhat over his head.  He is typically unable to perform the essential functions of his job.  That said, he has shown a willingness to learn.  It would probably be worth it to the organization to provide him with additional support and re evaluate to see if that might improve his performance.",True,True,0,308,4,0,0,mr thorn is somewhat over his head he is typically unable to perform the essential function of his job that said he ha shown a willingness to learn it would probably be worth it to the organization to provide him with additional support and re evaluate to see if that might improve his performance,train,Category 1: Risk,Low Performance,Low Potential,Negative Feedback,Career Growth,Performance Quality; Skill Gap,Negative Feedback,Career Growth
158,Joel Wells,"Category 1: 'Risk' (Low performance, Low potential)",Joel Well's performance is not where we want it to be. His work is not always up to standard. He works slowly and does not work well with the team. His communication is lacking.,True,True,0,177,4,0,0,joel well performance is not where we want it to be his work is not always up to standard he work slowly and doe not work well with the team his communication is lacking,train,Category 1: Risk,Low Performance,Low Potential,Negative Feedback,Work Culture,Communication; Performance Quality; Team Collaboration,Negative Feedback,Work Culture
155,Amy John,"Category 1: 'Risk' (Low performance, Low potential)","He has the attitude of doing only what has been told.  But he is expected to do something implied and not specifically told. Even after repeated instructions, what has been missing, implied even specifically not told, he lags understanding. His capacity to think beyong the specification lags his development.",True,True,0,309,4,0,0,he ha the attitude of doing only what ha been told but he is expected to do something implied and not specifically told even after repeated instruction what ha been missing implied even specifically not told he lag understanding his capacity to think beyong the specification lag his development,train,Category 1: Risk,Low Performance,Low Potential,Negative Feedback,Career Growth,Skill Gap,Negative Feedback,Career Growth
153,Amy John,"Category 1: 'Risk' (Low performance, Low potential)",Amy John is a mediocre worker. She does not try to go above and beyond what is asked of her. She often does the minimum of tasks asked of her. She does not volunteer to take on tasks. She does not work well with the team. Her work is not at the standard we expect.,True,True,0,264,6,0,0,amy john is a mediocre worker she doe not try to go above and beyond what is asked of her she often doe the minimum of task asked of her she doe not volunteer to take on task she doe not work well with the team her work is not at the standard we expect,train,Category 1: Risk,Low Performance,Low Potential,Negative Feedback,Work Culture,Team Collaboration,Negative Feedback,Work Culture
87,Broderick Hays,"Category 1: 'Risk' (Low performance, Low potential)",Even my friend deepen graduated from college he could not find a suitable job. He doesn't concentrated on the subject while he was studying in college. He doesn't attend the campus interview held at the college by his laziness. So It was very difficult for him to get a perfect job. It is very sad to hear that he is currently struggling to find a suitable job relevant to his studies.,False,False,0,385,5,0,0,even my friend deepen graduated from college he could not find a suitable job he doesnt concentrated on the subject while he wa studying in college he doesnt attend the campus interview held at the college by his laziness so it wa very difficult for him to get a perfect job it is very sad to hear that he is currently struggling to find a suitable job relevant to his study,train,Category 1: Risk,Low Performance,Low Potential,Negative Feedback,Work Culture,General Employee Feedback,Negative Feedback,Work Culture
85,Broderick Hays,"Category 1: 'Risk' (Low performance, Low potential)",Broderick Hays is always late. He is always making errors in his projects. He does not collaborate with members on tasks and does not listen to advice. I do not see him as being a good asset for our firm.,False,False,0,204,4,0,0,broderick hay is always late he is always making error in his project he doe not collaborate with member on task and doe not listen to advice i do not see him a being a good asset for our firm,train,Category 1: Risk,Low Performance,Low Potential,Negative Feedback,Work Culture,Attendance / Punctuality; Communication,Negative Feedback,Work Culture
83,Broderick Hays,"Category 1: 'Risk' (Low performance, Low potential)","Broderick's work this project was not usable by the company due to its low quality. Unfortunately, this is not out of the ordinary for Broderick. His work is usually not of high quality, and therefore this project was more to keep him busy and test his performance and potential than to actually use it. I do not think Broderick has proved his worth on this team, although he has certainly been here long enough to do so.",False,False,0,421,4,0,0,brodericks work this project wa not usable by the company due to it low quality unfortunately this is not out of the ordinary for broderick his work is usually not of high quality and therefore this project wa more to keep him busy and test his performance and potential than to actually use it i do not think broderick ha proved his worth on this team although he ha certainly been here long enough to do so,train,Category 1: Risk,Low Performance,Low Potential,Negative Feedback,Work Culture,Performance Quality; Leadership Potential; Team Collaboration,Negative Feedback,Work Culture
81,Mackenzie Jennings,"Category 1: 'Risk' (Low performance, Low potential)","I'm always nervous when assigning Mackenzie a report. When she's turned her drafts back to me I frequently find a lot of glaring typos and miscalculations that would be easy for her to catch if she did any proofreading. I find that I can't trust her to turn work into clients without assigning at least two other colleagues to review it first. This is a waste of resources and worse, she doesn't seem to really care about making any improvements. Thus I don't see her moving far in this organization.",False,False,0,500,5,0,0,im always nervous when assigning mackenzie a report when shes turned her draft back to me i frequently find a lot of glaring typo and miscalculation that would be easy for her to catch if she did any proofreading i find that i cant trust her to turn work into client without assigning at least two other colleague to review it first this is a waste of resource and worse she doesnt seem to really care about making any improvement thus i dont see her moving far in this organization,train,Category 1: Risk,Low Performance,Low Potential,Negative Feedback,Work Culture,General Employee Feedback,Negative Feedback,Work Culture
80,Mackenzie Jennings,"Category 1: 'Risk' (Low performance, Low potential)",Mackenzie has trouble staying on task and completing her duties. She is well-liked by her coworkers but spends too much time socializing. Mackenzie does not seem to be serious about advancing in the company. She needs more instruction on how to adequately complete her duties.,False,False,0,276,4,0,0,mackenzie ha trouble staying on task and completing her duty she is wellliked by her coworkers but spends too much time socializing mackenzie doe not seem to be serious about advancing in the company she need more instruction on how to adequately complete her duty,train,Category 1: Risk,Low Performance,Low Potential,Negative Feedback,Work Culture,Team Collaboration,Negative Feedback,Work Culture
79,Mackenzie Jennings,"Category 1: 'Risk' (Low performance, Low potential)","Mackenzie is an awful employee. He's always late, does not produce quality work, and does not work well with others. Not only that, he constantly ignores feedback from supervisors and shows no desire to learn or improve himself. He is a very worker who will likely not improve.",False,False,0,277,4,0,0,mackenzie is an awful employee he always late doe not produce quality work and doe not work well with others not only that he constantly ignores feedback from supervisor and show no desire to learn or improve himself he is a very worker who will likely not improve,train,Category 1: Risk,Low Performance,Low Potential,Negative Feedback,Work Culture,Attendance / Punctuality; Communication; Performance Quality; Skill Gap,Negative Feedback,Work Culture
77,Jalen Summers,"Category 1: 'Risk' (Low performance, Low potential)",Jalen Summers has fallen very short on all of our companies standards this quarter. The amount of work she manages to actually get done is substandard and she needs constant hand holding. Having her in the office means somebody at some point will most likely have to sacrifice their time helping her figure something out that she should be able to do on her own. She is a serious risk to the organization.,False,False,0,405,4,0,0,jalen summer ha fallen very short on all of our company standard this quarter the amount of work she manages to actually get done is substandard and she need constant hand holding having her in the office mean somebody at some point will most likely have to sacrifice their time helping her figure something out that she should be able to do on her own she is a serious risk to the organization,train,Category 1: Risk,Low Performance,Low Potential,Negative Feedback,Work Culture,General Employee Feedback,Negative Feedback,Work Culture
76,Jalen Summers,"Category 1: 'Risk' (Low performance, Low potential)","Every time I ask Jalen to complete a report I already know that I will need to ask at least one other member of the team to back him up. He's consistently late on his assignments and he rarely spellchecks or proofreads any of his work. Unfortunately, his poor attitude toward work doesn't help matters. When I've spoken with him about his performance he has simply shrugged and given me one-word responses. I don't see Jalen moving up far in this organization as a result.",False,False,0,472,5,0,0,every time i ask jalen to complete a report i already know that i will need to ask at least one other member of the team to back him up he consistently late on his assignment and he rarely spellchecks or proofreads any of his work unfortunately his poor attitude toward work doesnt help matter when ive spoken with him about his performance he ha simply shrugged and given me oneword response i dont see jalen moving up far in this organization a a result,train,Category 1: Risk,Low Performance,Low Potential,Negative Feedback,Work Culture,Attendance / Punctuality; Performance Quality; Team Collaboration,Negative Feedback,Work Culture
75,Jalen Summers,"Category 1: 'Risk' (Low performance, Low potential)",Jalen Summers' performance did not meet standards. It was subpar and needs a lot of work. There is not much potential in that particular performance. He does not get a good review.,False,True,0,180,4,0,0,jalen summer performance did not meet standard it wa subpar and need a lot of work there is not much potential in that particular performance he doe not get a good review,train,Category 1: Risk,Low Performance,Low Potential,Negative Feedback,Career Growth,Performance Quality; Leadership Potential,Negative Feedback,Career Growth
10047,Douglas Henry,"Category 1: 'Risk' (Low performance, Low potential)","Douglas has shown inconsistent performance throughout the review period. At the time of review, multiple documented conversations have occurred regarding the quality and timeliness of submitted documentation. Two additional conversations have occurred regarding appropriate communication and timely follow up when requested to provide information either via phone or email. Douglas will need to significantly improve the quality and timeliness of his work to maintain employment.",False,False,0,479,4,0,0,douglas ha shown inconsistent performance throughout the review period at the time of review multiple documented conversation have occurred regarding the quality and timeliness of submitted documentation two additional conversation have occurred regarding appropriate communication and timely follow up when requested to provide information either via phone or email douglas will need to significantly improve the quality and timeliness of his work to maintain employment,train,Category 1: Risk,Low Performance,Low Potential,Negative Feedback,Work Culture,Communication; Performance Quality,Negative Feedback,Work Culture
74,Jalen Summers,"Category 1: 'Risk' (Low performance, Low potential)","Jalen Summers' performance this quarter was substandard.   On two occasions, he was asked to prepare basic discovery requests and missed both deadlines he was given.  What's more, Jalen is consistently unenthusiastic when asked to stay past regular hours to complete important casework.  More often than nearly anyone, Jalen also takes sporadic vacation days to deal with personal issues.  In my view, Jalen is not long for this firm.",False,True,0,434,5,0,0,jalen summer performance this quarter wa substandard on two occasion he wa asked to prepare basic discovery request and missed both deadline he wa given whats more jalen is consistently unenthusiastic when asked to stay past regular hour to complete important casework more often than nearly anyone jalen also take sporadic vacation day to deal with personal issue in my view jalen is not long for this firm,train,Category 1: Risk,Low Performance,Low Potential,Negative Feedback,Work Culture,Performance Quality,Negative Feedback,Work Culture
10048,Douglas Henry,"Category 1: 'Risk' (Low performance, Low potential)","Douglas Henry has disappointed us this quarter. He lacks motivation to complete his work lately and seems apathetic. His attendance is slipping as well and we've issued multiple warnings. If this continues, we may have to let him go.",False,False,0,233,4,0,0,douglas henry ha disappointed u this quarter he lack motivation to complete his work lately and seems apathetic his attendance is slipping a well and weve issued multiple warning if this continues we may have to let him go,train,Category 1: Risk,Low Performance,Low Potential,Negative Feedback,Work Culture,Attendance / Punctuality,Negative Feedback,Work Culture
10084,Layla Scott,"Category 1: 'Risk' (Low performance, Low potential)","I feel like Layla may have overpromised during her interview. She is often found on extended breaks, or on her phone, with little drive or interest to accomplish the job. She often barely squeaks by with minimal accomplishment. Maybe she should consider something else more appropriate",False,False,0,285,4,0,0,i feel like layla may have overpromised during her interview she is often found on extended break or on her phone with little drive or interest to accomplish the job she often barely squeak by with minimal accomplishment maybe she should consider something else more appropriate,train,Category 1: Risk,Low Performance,Low Potential,Negative Feedback,Work Culture,Attendance / Punctuality,Negative Feedback,Work Culture
20047,Cason Vargas,"Category 1: 'Risk' (Low performance, Low potential)","Carson has not been working out very well in my evaluation. He is not very punctual, and is oft absent. His work quality is poor and so too is his effort. I do not believe he is a viable investment and is not worth the time and resources.",False,True,0,238,4,0,0,carson ha not been working out very well in my evaluation he is not very punctual and is oft absent his work quality is poor and so too is his effort i do not believe he is a viable investment and is not worth the time and resource,train,Category 1: Risk,Low Performance,Low Potential,Negative Feedback,Work Culture,Attendance / Punctuality; Performance Quality,Negative Feedback,Work Culture
20045,Cason Vargas,"Category 1: 'Risk' (Low performance, Low potential)","Cason's performance has been nothing short of disappointing in the past quarter. He is perpetually distracted and has not met the deadline even once in the last month. When he did meet the deadline, his work failed to pass the quality control checkpoint. At this rate, it would be a necessity to find a suitable replacement for Cason, unless he does something miraculous to up his performance on par with the best performers.",False,True,0,425,4,0,0,casons performance ha been nothing short of disappointing in the past quarter he is perpetually distracted and ha not met the deadline even once in the last month when he did meet the deadline his work failed to pas the quality control checkpoint at this rate it would be a necessity to find a suitable replacement for cason unless he doe something miraculous to up his performance on par with the best performer,train,Category 1: Risk,Low Performance,Low Potential,Negative Feedback,Work Culture,Performance Quality,Negative Feedback,Work Culture
20043,Cason Vargas,"Category 1: 'Risk' (Low performance, Low potential)","Cason Vargas is a software developer for our customer service team. He started here last fall and has been responsible for improving user interface errors and bugs on various customer service applications operated on different types of technologies: website, mobile website, mobile app, and in-store machines. He has attended to multiple customers but I have received feedback that many bugs remain on the company's technologies and some customers are not satisfied with their user experience. I have also noticed Cason missing a few staff meetings. I'm concerned about his work record this quarter.",False,True,0,599,5,0,0,cason vargas is a software developer for our customer service team he started here last fall and ha been responsible for improving user interface error and bug on various customer service application operated on different type of technology website mobile website mobile app and instore machine he ha attended to multiple customer but i have received feedback that many bug remain on the company technology and some customer are not satisfied with their user experience i have also noticed cason missing a few staff meeting im concerned about his work record this quarter,train,Category 1: Risk,Low Performance,Low Potential,Negative Feedback,Work Culture,Communication; Team Collaboration,Negative Feedback,Work Culture
20028,Rowan Cain,"Category 1: 'Risk' (Low performance, Low potential)","Mr. Cain started with the company last month and every day has been a ray of sunshine, until it's time to get to work.. Mr. Cain gives 110 percent to every task he likes and is always there to help people, when he feels  like it. If a customers is not to his liking or if it is a Thursday, Mr. Cain is rude in manner and has to be removed from the floor. We wish we could see more consistent performance from Mr. Cain, as right now we are frustrated with his inconsistent performance.",True,True,0,484,3,0,0,mr cain started with the company last month and every day ha been a ray of sunshine until it time to get to work mr cain give 110 percent to every task he like and is always there to help people when he feel like it if a customer is not to his liking or if it is a thursday mr cain is rude in manner and ha to be removed from the floor we wish we could see more consistent performance from mr cain a right now we are frustrated with his inconsistent performance,train,Category 1: Risk,Low Performance,Low Potential,Negative Feedback,Work Culture,Performance Quality,Negative Feedback,Work Culture
20005,Jude May,"Category 1: 'Risk' (Low performance, Low potential)",Jude has potential but needs coaching in several areas. Their quality of work is very poor with many mistakes. I have talked to Jude on many occasions about their work quality and they are defensive and deny the mistakes even when I have shown several examples. Jude also needs to act in a more professional manner. They do not take any sort of feedback well. Jude should not be given a raise this year and needs to complete a rigid coaching program to continue employment.,False,True,0,473,6,0,0,jude ha potential but need coaching in several area their quality of work is very poor with many mistake i have talked to jude on many occasion about their work quality and they are defensive and deny the mistake even when i have shown several example jude also need to act in a more professional manner they do not take any sort of feedback well jude should not be given a raise this year and need to complete a rigid coaching program to continue employment,train,Category 1: Risk,Low Performance,Low Potential,Negative Feedback,Work Culture,Communication; Performance Quality; Leadership Potential; Salary & Benefits,Negative Feedback,Work Culture
20003,Jude May,"Category 1: 'Risk' (Low performance, Low potential)","Jude is an embarrassment. He never even tries or cares at his job. If he keeps this up, he wont have a future here in the company. Such a waste of potential",False,True,0,156,4,0,0,jude is an embarrassment he never even try or care at his job if he keep this up he wont have a future here in the company such a waste of potential,train,Category 1: Risk,Low Performance,Low Potential,Negative Feedback,Career Growth,Leadership Potential,Negative Feedback,Career Growth
20002,Jude May,"Category 1: 'Risk' (Low performance, Low potential)",Jude may has not been working to a satisfactory level and must improve on all aspects on their work. The worker in question needs to show a better attitude and more positive outlook to the work and make sure its completed in a timely manner with better detail. jude can and must show a willingness to progress further. We can look at this again in the future and we can see how we can work with the individual to make the improvements needed.,False,True,0,442,4,0,0,jude may ha not been working to a satisfactory level and must improve on all aspect on their work the worker in question need to show a better attitude and more positive outlook to the work and make sure it completed in a timely manner with better detail jude can and must show a willingness to progress further we can look at this again in the future and we can see how we can work with the individual to make the improvement needed,train,Category 1: Risk,Low Performance,Low Potential,Negative Feedback,Work Culture,Leadership Potential; Career Growth,Negative Feedback,Work Culture
20001,Jude May,"Category 1: 'Risk' (Low performance, Low potential)","Jude has been disappointing in the key aspects of her work. Despite being allocated to a number of different tasks, she has failed to demonstrate a satisfactory level of output. Her engagement with the job has been poor and she shows little interest in developing, even though these opportunities have been provided. There does not seem to be much benefit to retaining Jude in the short or long term.",False,True,0,400,4,0,0,jude ha been disappointing in the key aspect of her work despite being allocated to a number of different task she ha failed to demonstrate a satisfactory level of output her engagement with the job ha been poor and she show little interest in developing even though these opportunity have been provided there doe not seem to be much benefit to retaining jude in the short or long term,train,Category 1: Risk,Low Performance,Low Potential,Negative Feedback,Salary & Benefits,Career Growth; Salary & Benefits,Negative Feedback,Work Culture
10210,Jaiden Horne,"Category 1: 'Risk' (Low performance, Low potential)","Jaiden has been repeatedly failing to deliver what has been asked of him and show little to no interest in the assignments. The team had to work extra hours because of his lacklustre performance this quarter. A simple 1-day task takes 3-4 days when assigned to Jaiden. I believe if this sort of abysmal work continues, he may have to start looking elsewhere.",False,False,0,358,4,0,0,jaiden ha been repeatedly failing to deliver what ha been asked of him and show little to no interest in the assignment the team had to work extra hour because of his lacklustre performance this quarter a simple 1day task take 34 day when assigned to jaiden i believe if this sort of abysmal work continues he may have to start looking elsewhere,train,Category 1: Risk,Low Performance,Low Potential,Negative Feedback,Work Culture,Performance Quality; Team Collaboration,Negative Feedback,Work Culture
10208,Jaiden Horne,"Category 1: 'Risk' (Low performance, Low potential)","Jaiden showed this quarter that he really cannot perform well. I'm sorry to say that, but hiring that guy isn't good for our company. What I've understood is that even if he puts more effort into his work, he won't do good. So i don't know what to tell you, except that i maybe recommend firing him.",False,False,0,299,4,0,0,jaiden showed this quarter that he really cannot perform well im sorry to say that but hiring that guy isnt good for our company what ive understood is that even if he put more effort into his work he wont do good so i dont know what to tell you except that i maybe recommend firing him,train,Category 1: Risk,Low Performance,Low Potential,Negative Feedback,Work Culture,General Employee Feedback,Negative Feedback,Work Culture
10207,Jaiden Horne,"Category 1: 'Risk' (Low performance, Low potential)",Jayden Horne is not a team player. She has shown that her competence is below the level that is required. At present the tasks she has completed are below average. With time Jaiden will improve.,False,False,0,194,4,0,0,jayden horne is not a team player she ha shown that her competence is below the level that is required at present the task she ha completed are below average with time jaiden will improve,train,Category 1: Risk,Low Performance,Low Potential,Negative Feedback,Career Growth,Team Collaboration,Negative Feedback,Career Growth
10169,Katherine Terry,"Category 1: 'Risk' (Low performance, Low potential)","Katherine consistently misses her deadlines. She shows no signs of caring about improving her subpar work. The quality of her performance is always lower than the rest of her team. She is not proficient at organizing spreadsheets, which was listed on her resume. She is late to work more times than not.",False,False,0,303,5,0,0,katherine consistently miss her deadline she show no sign of caring about improving her subpar work the quality of her performance is always lower than the rest of her team she is not proficient at organizing spreadsheet which wa listed on her resume she is late to work more time than not,train,Category 1: Risk,Low Performance,Low Potential,Negative Feedback,Work Culture,Attendance / Punctuality; Performance Quality; Team Collaboration,Negative Feedback,Work Culture
10168,Katherine Terry,"Category 1: 'Risk' (Low performance, Low potential)","Katherine struggles to meet the minimum requirements of her role. On several occasions, she did not perform in accordance with company standards, and this resulted in significant rework. Katherine is perceived as someone who cannot be relied upon, and this has created a toxic atmosphere in her team. Katherine has indicated that she is not willing to work on her performance. For these reasons, Katherine must be seen as both a low performer and a worker with low potential. At this stage, unfortunately it is concluded that Katherine would be at risk of redundancy.",False,False,0,567,6,0,0,katherine struggle to meet the minimum requirement of her role on several occasion she did not perform in accordance with company standard and this resulted in significant rework katherine is perceived a someone who cannot be relied upon and this ha created a toxic atmosphere in her team katherine ha indicated that she is not willing to work on her performance for these reason katherine must be seen a both a low performer and a worker with low potential at this stage unfortunately it is concluded that katherine would be at risk of redundancy,train,Category 1: Risk,Low Performance,Low Potential,Negative Feedback,Work Culture,Performance Quality; Leadership Potential; Team Collaboration,Negative Feedback,Work Culture
10167,Katherine Terry,"Category 1: 'Risk' (Low performance, Low potential)","Katherine has a bad attitude towards work and has caused some concern on the team. Her everyday performance is low in quality, and attempts at training have been unsuccessful. High priority on redundancy list.",False,False,0,209,3,0,0,katherine ha a bad attitude towards work and ha caused some concern on the team her everyday performance is low in quality and attempt at training have been unsuccessful high priority on redundancy list,train,Category 1: Risk,Low Performance,Low Potential,Negative Feedback,Work Culture,Performance Quality; Skill Gap; Team Collaboration,Negative Feedback,Work Culture
10140,Lexi Rogers,"Category 1: 'Risk' (Low performance, Low potential)",Lexi Rogers does not meet expectations with the tasks given to her. Rogers lacks consistency in her work and communication. It is clear to me that more training is required of her until she can meet expectations. If she does not work up to the expectations she should be terminated.,True,True,0,282,4,0,0,lexi rogers doe not meet expectation with the task given to her rogers lack consistency in her work and communication it is clear to me that more training is required of her until she can meet expectation if she doe not work up to the expectation she should be terminated,train,Category 1: Risk,Low Performance,Low Potential,Negative Feedback,Work Culture,Communication; Skill Gap,Negative Feedback,Work Culture
10127,Marc Hughes,"Category 1: 'Risk' (Low performance, Low potential)",Marc Hughes is not showing the intent that is needed at this level. Overall his work has shown little talent. He will do well to continue developing his skills at this time. The work has been irregular at best.,False,False,0,210,4,0,0,marc hughes is not showing the intent that is needed at this level overall his work ha shown little talent he will do well to continue developing his skill at this time the work ha been irregular at best,train,Category 1: Risk,Low Performance,Low Potential,Negative Feedback,Work Culture,Skill Gap,Negative Feedback,Work Culture
10126,Marc Hughes,"Category 1: 'Risk' (Low performance, Low potential)",Your achievements are well below the normal average None of your activities meet quality standards. Your creativity is null Your communication skills are very poor,False,True,0,163,2,0,0,your achievement are well below the normal average none of your activity meet quality standard your creativity is null your communication skill are very poor,train,Category 1: Risk,Low Performance,Low Potential,Negative Feedback,Career Growth,Communication; Performance Quality; Skill Gap,Negative Feedback,Career Growth
10125,Marc Hughes,"Category 1: 'Risk' (Low performance, Low potential)","Marc needs a lot of improvement for next quarter. He needs improvement on listening and using objective language when writing the session notes. Another area to improve on is conducting the therapy sessions with the kids. Marc is great with the children; however, he could improve on his multi-tasking with playing with the kids and working on the protocols.",False,False,0,358,4,0,0,marc need a lot of improvement for next quarter he need improvement on listening and using objective language when writing the session note another area to improve on is conducting the therapy session with the kid marc is great with the child however he could improve on his multitasking with playing with the kid and working on the protocol,train,Category 1: Risk,Low Performance,Low Potential,Negative Feedback,Career Growth,Communication,Negative Feedback,Career Growth
10087,Layla Scott,"Category 1: 'Risk' (Low performance, Low potential)","Layla Scott often shows up to work late, often without an valid email or notification leaving the team wondering. We sometimes could not see her in her office for a long period of time. Her performances were underwhelming. It takes her three times than average worker's time to finish half of a regular assigned tasks.",False,False,0,318,4,0,0,layla scott often show up to work late often without an valid email or notification leaving the team wondering we sometimes could not see her in her office for a long period of time her performance were underwhelming it take her three time than average worker time to finish half of a regular assigned task,train,Category 1: Risk,Low Performance,Low Potential,Negative Feedback,Work Culture,Attendance / Punctuality; Team Collaboration,Negative Feedback,Work Culture
10085,Layla Scott,"Category 1: 'Risk' (Low performance, Low potential)",Layla Scott is an underachiever and does the bare minimum at best.  She seldom comes to work early and we are lucky if she comes on time at all.  She is constantly calling off shifts for work with little notice.  She has very low potential of ever becoming a good waitress simply because she refuses to listen to advice or instruction.,False,False,0,335,4,0,0,layla scott is an underachiever and doe the bare minimum at best she seldom come to work early and we are lucky if she come on time at all she is constantly calling off shift for work with little notice she ha very low potential of ever becoming a good waitress simply because she refuse to listen to advice or instruction,train,Category 1: Risk,Low Performance,Low Potential,Negative Feedback,Work Culture,Communication; Leadership Potential,Negative Feedback,Work Culture
10059,Amelie Martin,"Category 1: 'Risk' (Low performance, Low potential)",Amelie is a fickle minded person. She comes late to the office very often. Is irregular in attending meetings & not listening properly. Unable to answer client's queries in meetings & on emails. Unable to maintain proper balance between Work & Personal Life. Unprofessional behavior with colleagues & seniors. This is in spite of the fact that she has some talent in her to produce better results. Needs to be guided in proper direction.,True,True,0,437,8,0,0,amelie is a fickle minded person she come late to the office very often is irregular in attending meeting not listening properly unable to answer client query in meeting on email unable to maintain proper balance between work personal life unprofessional behavior with colleague senior this is in spite of the fact that she ha some talent in her to produce better result need to be guided in proper direction,train,Category 1: Risk,Low Performance,Low Potential,Negative Feedback,Work Culture,Attendance / Punctuality; Communication; Performance Quality,Negative Feedback,Work Culture
70,Tom Barrett,"Category 1: 'Risk' (Low performance, Low potential)","Tom Barrett has been struggling in his position, his work is rarely up to the minimum acceptable level. He makes too many errors and is reluctant to accept criticism thus hampering his ability to improve. He seems distracted at work and is often late completing tasks when all others have long finished. Overall I can not see any prospect of improvement in the future.",False,False,0,368,4,0,0,tom barrett ha been struggling in his position his work is rarely up to the minimum acceptable level he make too many error and is reluctant to accept criticism thus hampering his ability to improve he seems distracted at work and is often late completing task when all others have long finished overall i can not see any prospect of improvement in the future,train,Category 1: Risk,Low Performance,Low Potential,Negative Feedback,Career Growth,Attendance / Punctuality; Leadership Potential,Negative Feedback,Career Growth
33,Kayden Hill,"Category 1: 'Risk' (Low performance, Low potential)","Kayden Hill struggles with the tasks set before him. He is easily frustrated, and tends to want to give up. He is aloof with his team. He seems unhappy with where he is within the team.",False,True,0,185,4,0,0,kayden hill struggle with the task set before him he is easily frustrated and tends to want to give up he is aloof with his team he seems unhappy with where he is within the team,train,Category 1: Risk,Low Performance,Low Potential,Negative Feedback,Work Culture,Team Collaboration,Negative Feedback,Work Culture
32,Kayden Hill,"Category 1: 'Risk' (Low performance, Low potential)","Kayden has consistently failed to deliver on a numerous amount of tasks around the office. He shows up with a stand-offish attitude and constantly fails to meet expected deadlines. Additionally, the quality of his submissions has been decreasing greatly over the last few months. I do not currently see Kayden as an individual who I expect to succeed in the office, and I do not believe that he is an asset to the team.",False,True,0,419,4,0,0,kayden ha consistently failed to deliver on a numerous amount of task around the office he show up with a standoffish attitude and constantly fails to meet expected deadline additionally the quality of his submission ha been decreasing greatly over the last few month i do not currently see kayden a an individual who i expect to succeed in the office and i do not believe that he is an asset to the team,train,Category 1: Risk,Low Performance,Low Potential,Negative Feedback,Work Culture,Performance Quality; Team Collaboration,Negative Feedback,Work Culture
31,Kayden Hill,"Category 1: 'Risk' (Low performance, Low potential)","Kayden Hill has shown no improvement over the last quarter. She has continued to perform at the lowest standard possible and shows no desire to better herself or seek assistance to improve. Every single area of her work needs immediate improvement, if there is no improvement shown I feel that we have no choice to dismiss this employee as her low performance and work ethic could soon become harmful to the company and effect the work ethic of her peers.",False,True,0,455,3,0,0,kayden hill ha shown no improvement over the last quarter she ha continued to perform at the lowest standard possible and show no desire to better herself or seek assistance to improve every single area of her work need immediate improvement if there is no improvement shown i feel that we have no choice to dismiss this employee a her low performance and work ethic could soon become harmful to the company and effect the work ethic of her peer,train,Category 1: Risk,Low Performance,Low Potential,Negative Feedback,Career Growth,Performance Quality; Team Collaboration,Negative Feedback,Career Growth
30,Broderick Hays,"Category 1: 'Risk' (Low performance, Low potential)","Needs to apply himself at work. Too distracted and no indication that things will improve. 
Possible re-training needed. We need to see that Broderick can work well.",False,True,0,165,4,0,0,need to apply himself at work too distracted and no indication that thing will improve possible retraining needed we need to see that broderick can work well,train,Category 1: Risk,Low Performance,Low Potential,Negative Feedback,Career Growth,Skill Gap,Negative Feedback,Career Growth
29,Broderick Hays,"Category 1: 'Risk' (Low performance, Low potential)","Broderick Hays has been a member of our team for the past year.  He has demonstrated a lack of motivation during work hours.  There have been several customer complaints due to unresolved issues.  Unfortunately, we are unable to continue his employment at this time.",False,True,0,266,4,0,0,broderick hay ha been a member of our team for the past year he ha demonstrated a lack of motivation during work hour there have been several customer complaint due to unresolved issue unfortunately we are unable to continue his employment at this time,train,Category 1: Risk,Low Performance,Low Potential,Negative Feedback,Work Culture,Team Collaboration,Negative Feedback,Work Culture
28,Broderick Hays,"Category 1: 'Risk' (Low performance, Low potential)",Mr. Hays is always running late or missing work. Mr. Hays has yet to hand in an assignment on time. Mr. Hays puts in little effort and work to his assignments. Doesn't appear to enjoy this job.,False,True,0,193,4,0,0,mr hay is always running late or missing work mr hay ha yet to hand in an assignment on time mr hay put in little effort and work to his assignment doesnt appear to enjoy this job,train,Category 1: Risk,Low Performance,Low Potential,Negative Feedback,Work Culture,Attendance / Punctuality,Negative Feedback,Work Culture
26,Mackenzie Jennings,"Category 1: 'Risk' (Low performance, Low potential)","Mackenzie has been frustrating to work with in the last quarter. She's frequently late to return assignments and does not attend meetings on time. Her work product is riddled with typos. When I've asked her to make corrections, she's slow to do so and she's often confused about my instructions. Unfortunately, I believe that Mackenzie does not have the ability to improve much from here.",False,True,0,388,5,0,0,mackenzie ha been frustrating to work with in the last quarter shes frequently late to return assignment and doe not attend meeting on time her work product is riddled with typo when ive asked her to make correction shes slow to do so and shes often confused about my instruction unfortunately i believe that mackenzie doe not have the ability to improve much from here,train,Category 1: Risk,Low Performance,Low Potential,Negative Feedback,Work Culture,Attendance / Punctuality,Negative Feedback,Work Culture
25,Mackenzie Jennings,"Category 1: 'Risk' (Low performance, Low potential)","Where do I start? Mackenzie is detrimental to our company. She is not meeting any of her company goals, and i do not see how she can improve. I would not recommend rehiring her for any position",False,True,0,193,4,0,0,where do i start mackenzie is detrimental to our company she is not meeting any of her company goal and i do not see how she can improve i would not recommend rehiring her for any position,train,Category 1: Risk,Low Performance,Low Potential,Negative Feedback,Career Growth,General Employee Feedback,Negative Feedback,Career Growth
24,Jalen Summers,"Category 1: 'Risk' (Low performance, Low potential)","The reports that Jalen turns in to me usually reflect a very poor effort. For example, they're filled with basic spelling errors. The font randomly changes from page to page, and the formatting and spacing are often inconsistent. This is always frustrating because correcting these errors takes a significant amount of time. When I've spoken to Jalen about the importance of reviewing and proof-reading work, he has blown me off and continued to submit subpar work. Unfortunately, his lack of willingness to change shows me that he's not invested in moving up in this company.",False,True,0,576,6,0,0,the report that jalen turn in to me usually reflect a very poor effort for example theyre filled with basic spelling error the font randomly change from page to page and the formatting and spacing are often inconsistent this is always frustrating because correcting these error take a significant amount of time when ive spoken to jalen about the importance of reviewing and proofreading work he ha blown me off and continued to submit subpar work unfortunately his lack of willingness to change show me that he not invested in moving up in this company,train,Category 1: Risk,Low Performance,Low Potential,Negative Feedback,Work Culture,General Employee Feedback,Negative Feedback,Work Culture
22,Jalen Summers,"Category 1: 'Risk' (Low performance, Low potential)",I think that Jalen should be trained more so as to perfect his skills. I believe that people with low quality skills are willing to learn.So that should not be a problem with him. I say give him more time .,False,False,0,206,3,0,0,i think that jalen should be trained more so a to perfect his skill i believe that people with low quality skill are willing to learnso that should not be a problem with him i say give him more time,train,Category 1: Risk,Low Performance,Low Potential,Negative Feedback,Career Growth,Performance Quality; Skill Gap,Negative Feedback,Career Growth
21,Tom Barrett,"Category 1: 'Risk' (Low performance, Low potential)",Tom does not show any potential in his job performance. Tom never seems to be caught up with the team and is always behind on his work. Tom has a bad attitude and continues to make excuses for his performance. Tom needs more training to make sure we are offering everything to help him be successful in this career.,False,True,0,315,4,0,0,tom doe not show any potential in his job performance tom never seems to be caught up with the team and is always behind on his work tom ha a bad attitude and continues to make excuse for his performance tom need more training to make sure we are offering everything to help him be successful in this career,train,Category 1: Risk,Low Performance,Low Potential,Negative Feedback,Career Growth,Performance Quality; Skill Gap; Leadership Potential; Team Collaboration; Career Growth,Negative Feedback,Career Growth
20,Tom Barrett,"Category 1: 'Risk' (Low performance, Low potential)","Tom Barrett has a problem with keeping up. I wish he would just take more action and work harder, but it seems something is holding him back. Unfortunately, he is not going to be a good long-term worker. If only he was more focused and determined.",False,True,0,247,4,0,0,tom barrett ha a problem with keeping up i wish he would just take more action and work harder but it seems something is holding him back unfortunately he is not going to be a good longterm worker if only he wa more focused and determined,train,Category 1: Risk,Low Performance,Low Potential,Negative Feedback,Work Culture,General Employee Feedback,Negative Feedback,Work Culture
18,Libby Parker,"Category 1: 'Risk' (Low performance, Low potential)",Libby we must talk about your performance. Your numbers do not reflect the amount of time you are spending on tasks. The quality of your work is so low we may need to let you go. Let's see what we can do to improve your work. You can be a much better performer if you work with us to improve.,False,True,0,292,5,0,0,libby we must talk about your performance your number do not reflect the amount of time you are spending on task the quality of your work is so low we may need to let you go let see what we can do to improve your work you can be a much better performer if you work with u to improve,train,Category 1: Risk,Low Performance,Low Potential,Negative Feedback,Work Culture,Performance Quality,Negative Feedback,Work Culture
17,Libby Parker,"Category 1: 'Risk' (Low performance, Low potential)",Libby started off well but no longer has motivation to perform well. She shows no signs of interest and has no ambitions. She is performing poorly and doesn't show effort in her work. She no longer takes the job serious. She needs to change her work ethic soon or else she will no longer have a job within our institution.,False,True,0,322,5,0,0,libby started off well but no longer ha motivation to perform well she show no sign of interest and ha no ambition she is performing poorly and doesnt show effort in her work she no longer take the job serious she need to change her work ethic soon or else she will no longer have a job within our institution,train,Category 1: Risk,Low Performance,Low Potential,Negative Feedback,Work Culture,General Employee Feedback,Negative Feedback,Work Culture
16,Libby Parker,"Category 1: 'Risk' (Low performance, Low potential)","Even though Libby is a senior associate, she turns in work product that consistently seems like it's come from a first-year associate. She makes careless mistakes and never checks her spelling or grammar. She is hesitant and shy about speaking with clients even though that should be a key part of her role at this level. It frequently takes her hours to complete an assignment that should take 20 minutes or less. Moreover, Libby never listens to my feedback or takes it seriously so I cannot imagine that her future at this company will last for much longer.",False,True,0,560,5,0,0,even though libby is a senior associate she turn in work product that consistently seems like it come from a firstyear associate she make careless mistake and never check her spelling or grammar she is hesitant and shy about speaking with client even though that should be a key part of her role at this level it frequently take her hour to complete an assignment that should take 20 minute or le moreover libby never listens to my feedback or take it seriously so i cannot imagine that her future at this company will last for much longer,train,Category 1: Risk,Low Performance,Low Potential,Negative Feedback,Career Growth,Communication; Leadership Potential,Negative Feedback,Career Growth
15,George Gill,"Category 1: 'Risk' (Low performance, Low potential)","George was given ample warning last quarter that his work had fallen below respectable levels. This quarter, George's input in our division has remained subpar. He doesn't seem committed to changing his behavior and shows no enthusiasm towards his job or towards his fellow colleagues. I strongly recommend that we terminate his contract.",False,True,0,338,4,0,0,george wa given ample warning last quarter that his work had fallen below respectable level this quarter george input in our division ha remained subpar he doesnt seem committed to changing his behavior and show no enthusiasm towards his job or towards his fellow colleague i strongly recommend that we terminate his contract,train,Category 1: Risk,Low Performance,Low Potential,Negative Feedback,Work Culture,General Employee Feedback,Negative Feedback,Work Culture
71,Tom Barrett,"Category 1: 'Risk' (Low performance, Low potential)","Tom Barrett does not seem to take his position seriously. His lack of punctuality and useful input make him more of a burden to the team. Tasks are rarely completed within a reasonable timeframe and other team members have had to take on extra work to complete projects. Tom's work often requires proof reading before submission, adding an extra task.",False,False,0,351,4,0,0,tom barrett doe not seem to take his position seriously his lack of punctuality and useful input make him more of a burden to the team task are rarely completed within a reasonable timeframe and other team member have had to take on extra work to complete project tom work often requires proof reading before submission adding an extra task,train,Category 1: Risk,Low Performance,Low Potential,Negative Feedback,Work Culture,Team Collaboration,Negative Feedback,Work Culture
13,George Gill,"Category 1: 'Risk' (Low performance, Low potential)","I'm always nervous to assign George a report to draft, because I know that it's going to require so much of my time to edit. George just simply is not a reliable member of our team since he frequently skirts assignments and relies on others to draft major portions. Even worse, I caught a whole paragraph that he had plagiarized in one of his reports, which was unacceptable. George is not anticipated to advance to further levels within our department given how careless his work product is.",False,True,0,492,4,0,0,im always nervous to assign george a report to draft because i know that it going to require so much of my time to edit george just simply is not a reliable member of our team since he frequently skirt assignment and relies on others to draft major portion even worse i caught a whole paragraph that he had plagiarized in one of his report which wa unacceptable george is not anticipated to advance to further level within our department given how careless his work product is,train,Category 1: Risk,Low Performance,Low Potential,Negative Feedback,Work Culture,Team Collaboration,Negative Feedback,Work Culture
12,Libby Parker,"Category 1: 'Risk' (Low performance, Low potential)",Libby Parker has never been a good worker. Also she shows no promise in the future at the company. From what she shows it appears that she doesn't care. Most days she puts in minimal effort on her work.,False,True,0,202,4,0,0,libby parker ha never been a good worker also she show no promise in the future at the company from what she show it appears that she doesnt care most day she put in minimal effort on her work,train,Category 1: Risk,Low Performance,Low Potential,Negative Feedback,Career Growth,Leadership Potential,Negative Feedback,Career Growth
10,Libby Parker,"Category 1: 'Risk' (Low performance, Low potential)","Libby's work need serious improvement in all areas. Her numbers are dismal and her enthusiasm and work ethic are practically non-existent. I am unsure how she managed to earn the position she's in, as I see nothing from her that would indicate that she's capable. We will likely need to speak with her about her substandard performance.",False,True,0,336,4,0,0,libby work need serious improvement in all area her number are dismal and her enthusiasm and work ethic are practically nonexistent i am unsure how she managed to earn the position shes in a i see nothing from her that would indicate that shes capable we will likely need to speak with her about her substandard performance,train,Category 1: Risk,Low Performance,Low Potential,Negative Feedback,Work Culture,Performance Quality,Negative Feedback,Work Culture
9,George Gill,"Category 1: 'Risk' (Low performance, Low potential)",George Gill presents a lot of risk for the achievement of our company. His work ethic is not consistent and he comes into work late often. George cannot be trusted to complete even simple tasks in a timely manner. Please consider additional training to provide a second chance prior to action being taken on a more permanent level.,False,True,0,331,4,0,0,george gill present a lot of risk for the achievement of our company his work ethic is not consistent and he come into work late often george cannot be trusted to complete even simple task in a timely manner please consider additional training to provide a second chance prior to action being taken on a more permanent level,train,Category 1: Risk,Low Performance,Low Potential,Negative Feedback,Work Culture,Attendance / Punctuality; Skill Gap,Negative Feedback,Work Culture
6,John Doe,"Category 1: 'Risk' (Low performance, Low potential)",John Doe demonstrates a low level of knowledge of the required work procedures and his work does not comply with the required output standards. Also he is reluctant to take on new responsibilities.,False,True,0,197,2,0,0,john doe demonstrates a low level of knowledge of the required work procedure and his work doe not comply with the required output standard also he is reluctant to take on new responsibility,train,Category 1: Risk,Low Performance,Low Potential,Negative Feedback,Work Culture,General Employee Feedback,Negative Feedback,Work Culture
3,John Doe,"Category 1: 'Risk' (Low performance, Low potential)","John turned in subpar work product all quarter. When I asked him to make revisions, he repeatedly failed to implement the corrections that I had requested. He also seemed confused and lost whenever we had discussions about the reports and the numbers in the data. He was not interested in learning more when I gave him opportunities to participate in trainings. He seems to have already reached his full potential here, which is disappointing given the quality of work I've seen from him.",False,True,0,488,5,0,0,john turned in subpar work product all quarter when i asked him to make revision he repeatedly failed to implement the correction that i had requested he also seemed confused and lost whenever we had discussion about the report and the number in the data he wa not interested in learning more when i gave him opportunity to participate in training he seems to have already reached his full potential here which is disappointing given the quality of work ive seen from him,train,Category 1: Risk,Low Performance,Low Potential,Negative Feedback,Career Growth,Performance Quality; Skill Gap; Leadership Potential; Career Growth,Negative Feedback,Career Growth
2,John Doe,"Category 1: 'Risk' (Low performance, Low potential)","John has consistently disappointed me this quarter with his shoddy work product. I asked him for a report and gave him a lenient two-week deadline, but he blew past that deadline without even informing me. When he finally turned the report in, it was three weeks late and riddled with typos. He did not seem interested in any of the comments that I made on that report, even though I made them for his benefit so he would understand what a high-quality report is supposed to look like.",False,True,0,485,4,0,0,john ha consistently disappointed me this quarter with his shoddy work product i asked him for a report and gave him a lenient twoweek deadline but he blew past that deadline without even informing me when he finally turned the report in it wa three week late and riddled with typo he did not seem interested in any of the comment that i made on that report even though i made them for his benefit so he would understand what a highquality report is supposed to look like,train,Category 1: Risk,Low Performance,Low Potential,Negative Feedback,Work Culture,Attendance / Punctuality; Performance Quality; Salary & Benefits,Negative Feedback,Work Culture
35,Kohen Norris,"Category 1: 'Risk' (Low performance, Low potential)","I can never trust Kohen with any assignment, since I know that any work he returns to me will be full of miscalculations and data analysis problems. The last report that he submitted to me had a simple arithmetic error. In order to advance at this company he needs to be willing to put in the time and effort to spot-check his work and catch glaring errors. Because he has been unwilling to do so, even after repeated warnings, I do not see him moving up further in this department.",False,True,0,482,4,0,0,i can never trust kohen with any assignment since i know that any work he return to me will be full of miscalculation and data analysis problem the last report that he submitted to me had a simple arithmetic error in order to advance at this company he need to be willing to put in the time and effort to spotcheck his work and catch glaring error because he ha been unwilling to do so even after repeated warning i do not see him moving up further in this department,train,Category 1: Risk,Low Performance,Low Potential,Negative Feedback,Work Culture,General Employee Feedback,Negative Feedback,Work Culture
14,George Gill,"Category 1: 'Risk' (Low performance, Low potential)",Had a chance to work with George Gill last year on few projects. I am not sure why his performance was as I expected and there could be many reason behind this. I also found him struggling to understanding small tasks. I believe he needs training and counselling so that he could perform better.,False,True,0,295,4,0,0,had a chance to work with george gill last year on few project i am not sure why his performance wa a i expected and there could be many reason behind this i also found him struggling to understanding small task i believe he need training and counselling so that he could perform better,train,Category 1: Risk,Low Performance,Low Potential,Negative Feedback,Career Growth,Performance Quality; Skill Gap,Negative Feedback,Career Growth
37,Kohen Norris,"Category 1: 'Risk' (Low performance, Low potential)",Kohen Norris has been for a lack of better words incompetent. I would like to say more positive things about him but he has not shown any potential in regards to his work. He often is late and smells poorly despite our company guidelines. I feel it is in our best interest to drop him from the company.,False,True,0,302,4,0,0,kohen norris ha been for a lack of better word incompetent i would like to say more positive thing about him but he ha not shown any potential in regard to his work he often is late and smell poorly despite our company guideline i feel it is in our best interest to drop him from the company,train,Category 1: Risk,Low Performance,Low Potential,Negative Feedback,Work Culture,Attendance / Punctuality; Leadership Potential,Negative Feedback,Work Culture
36,Kohen Norris,"Category 1: 'Risk' (Low performance, Low potential)",Kohen is terrible. Would never use them on a team again. Nothing they did was right and it hurt our team. The room for improvement and the desire to improve is not there,False,True,0,169,4,0,0,kohen is terrible would never use them on a team again nothing they did wa right and it hurt our team the room for improvement and the desire to improve is not there,train,Category 1: Risk,Low Performance,Low Potential,Negative Feedback,Career Growth,Team Collaboration,Negative Feedback,Career Growth
69,Tom Barrett,"Category 1: 'Risk' (Low performance, Low potential)",Tom Barrett needs to work harder. I often see him playing on his phone during work hours. He rarely respond to his work email. His projects are never delivered on time. I do not see any potential in him.,False,False,0,203,5,0,0,tom barrett need to work harder i often see him playing on his phone during work hour he rarely respond to his work email his project are never delivered on time i do not see any potential in him,train,Category 1: Risk,Low Performance,Low Potential,Negative Feedback,Work Culture,Performance Quality; Leadership Potential,Negative Feedback,Work Culture
68,Tom Barrett,"Category 1: 'Risk' (Low performance, Low potential)","Unfortunately , Tom is an abysmal worker and I'm not sure how much longer we can employ him. He consistently produces below quality work, is usually late, and works poorly with others. Not only that, he has no drive to improve himself and does not respond to feedback at all. He is a very below average performer and has not improved since he was joined us, and I do not believe he will ever improve.",False,False,0,400,4,0,0,unfortunately tom is an abysmal worker and im not sure how much longer we can employ him he consistently produce below quality work is usually late and work poorly with others not only that he ha no drive to improve himself and doe not respond to feedback at all he is a very below average performer and ha not improved since he wa joined u and i do not believe he will ever improve,train,Category 1: Risk,Low Performance,Low Potential,Negative Feedback,Work Culture,Attendance / Punctuality; Communication; Performance Quality,Negative Feedback,Work Culture
67,Libby Parker,"Category 1: 'Risk' (Low performance, Low potential)","Libby Parker is one of the laziest colleagues I have ever had the displeasure of working with. She shows up late, but lies on her time stamp. She texts during meetings. She turns in rushed work. She talks behind peoples' backs. I think Libby has little of a future in this company and would not blink an eye at her removal from my division.",False,False,0,340,6,0,0,libby parker is one of the laziest colleague i have ever had the displeasure of working with she show up late but lie on her time stamp she text during meeting she turn in rushed work she talk behind people back i think libby ha little of a future in this company and would not blink an eye at her removal from my division,train,Category 1: Risk,Low Performance,Low Potential,Negative Feedback,Work Culture,Attendance / Punctuality; Leadership Potential,Negative Feedback,Work Culture
63,George Gill,"Category 1: 'Risk' (Low performance, Low potential)","George is a less than ideal employee. He struggles to complete basic tasks he is assigned and if he completes them, they are often late. He does not ask questions when he needs clarification and is hesitant in meetings and with his team. I believe his current skill level and unwillingness to seek help or opportunities will hold him back in the long run.",False,False,0,355,4,0,0,george is a le than ideal employee he struggle to complete basic task he is assigned and if he completes them they are often late he doe not ask question when he need clarification and is hesitant in meeting and with his team i believe his current skill level and unwillingness to seek help or opportunity will hold him back in the long run,train,Category 1: Risk,Low Performance,Low Potential,Negative Feedback,Career Growth,Attendance / Punctuality; Skill Gap; Team Collaboration; Career Growth,Negative Feedback,Career Growth
62,George Gill,"Category 1: 'Risk' (Low performance, Low potential)","George shows up late to almost every meeting. He's so distracted during meetings with his instant messaging and his text messages that he often has no idea what the discussion is about. When I ask him to take minutes, his notes are sloppy and incomplete. Since he's our secretary this is unacceptable. He has shown no interest in our work and thus his heart is not in this job. I do not see things turning around for him given his poor attitude.",False,False,0,445,6,0,0,george show up late to almost every meeting he so distracted during meeting with his instant messaging and his text message that he often ha no idea what the discussion is about when i ask him to take minute his note are sloppy and incomplete since he our secretary this is unacceptable he ha shown no interest in our work and thus his heart is not in this job i do not see thing turning around for him given his poor attitude,train,Category 1: Risk,Low Performance,Low Potential,Negative Feedback,Work Culture,Attendance / Punctuality,Negative Feedback,Work Culture
61,George Gill,"Category 1: 'Risk' (Low performance, Low potential)","I do not waste your time or my time so I am going to be a straight shooter: Your performance has not been what we want it to be. I do not see much potential in your motivation right now in the tasks we are asking from you. I need you to increase your performance and live up to all the other colleagues. Most people would probably not give you one more chance, but I need you to do better. But I need you to understand, it is a chance that is timed and extremely sensitive---and quite generous. If you do not improve at all, we will have to let you go.",False,False,0,552,6,0,0,i do not waste your time or my time so i am going to be a straight shooter your performance ha not been what we want it to be i do not see much potential in your motivation right now in the task we are asking from you i need you to increase your performance and live up to all the other colleague most people would probably not give you one more chance but i need you to do better but i need you to understand it is a chance that is timed and extremely sensitiveand quite generous if you do not improve at all we will have to let you go,train,Category 1: Risk,Low Performance,Low Potential,Negative Feedback,Career Growth,Performance Quality; Leadership Potential,Negative Feedback,Career Growth
60,George Gill,"Category 1: 'Risk' (Low performance, Low potential)","Mr Geroge Gill struggles to get the task done. He is constantly distracted chatting with his fellow workers. Also his work performance is poor due to his lack of devotion. He needs to learn to focus. If Mr. Gill keeps up, he won't progress far.",False,False,0,244,5,0,0,mr geroge gill struggle to get the task done he is constantly distracted chatting with his fellow worker also his work performance is poor due to his lack of devotion he need to learn to focus if mr gill keep up he wont progress far,train,Category 1: Risk,Low Performance,Low Potential,Negative Feedback,Career Growth,Performance Quality; Skill Gap; Career Growth,Negative Feedback,Career Growth
58,Caiden Pace,"Category 1: 'Risk' (Low performance, Low potential)",Caiden has had no enthusiasm in working on the major group project. He has consistently missed meetings. He has not given time to his personal goals as we had set them together earlier last quarter. Caiden needs to get his mind on the job very soon.  .,False,False,0,252,5,0,0,caiden ha had no enthusiasm in working on the major group project he ha consistently missed meeting he ha not given time to his personal goal a we had set them together earlier last quarter caiden need to get his mind on the job very soon,train,Category 1: Risk,Low Performance,Low Potential,Negative Feedback,Work Culture,General Employee Feedback,Negative Feedback,Work Culture
57,Caiden Pace,"Category 1: 'Risk' (Low performance, Low potential)","Caiden repeatedly arrives late to work, or neglects to show up at all. He shows no interest in his work and puts as little effort as possible into completing it. He is short and rude in conversations with coworkers. He has expressed dissatisfaction with management and stated that he is looking for another job and won't be here long.",False,False,0,334,4,0,0,caiden repeatedly arrives late to work or neglect to show up at all he show no interest in his work and put a little effort a possible into completing it he is short and rude in conversation with coworkers he ha expressed dissatisfaction with management and stated that he is looking for another job and wont be here long,train,Category 1: Risk,Low Performance,Low Potential,Negative Feedback,Work Culture,Attendance / Punctuality; Team Collaboration,Negative Feedback,Work Culture
56,Caiden Pace,"Category 1: 'Risk' (Low performance, Low potential)","Caiden has slumped greatly in performance this quarter. Although he appears to be working at his desk, I notice that the quality of work he submits has greatly diminished. He also lacks ambition, and makes no effort to improve his work upon feedback. Caiden should seek to use constructive feedback from others, rather than resist it. His performance should continue to be monitored by the quality assurance department.",False,False,0,419,5,0,0,caiden ha slumped greatly in performance this quarter although he appears to be working at his desk i notice that the quality of work he submits ha greatly diminished he also lack ambition and make no effort to improve his work upon feedback caiden should seek to use constructive feedback from others rather than resist it his performance should continue to be monitored by the quality assurance department,train,Category 1: Risk,Low Performance,Low Potential,Negative Feedback,Work Culture,Communication; Performance Quality,Negative Feedback,Work Culture
55,Caiden Pace,"Category 1: 'Risk' (Low performance, Low potential)","Caiden Pace has repeatedly showed a lack of motivation and drive for the position. His work quality and task efficiency have remained sub-par for quite some time. This would generally be expected to improve over time, however his lack of drive leads me to believe we will not see much improvement in the foreseeable future. Unfortunately I do not believe that at the current moment he is suited for the position.",False,False,0,412,4,0,0,caiden pace ha repeatedly showed a lack of motivation and drive for the position his work quality and task efficiency have remained subpar for quite some time this would generally be expected to improve over time however his lack of drive lead me to believe we will not see much improvement in the foreseeable future unfortunately i do not believe that at the current moment he is suited for the position,train,Category 1: Risk,Low Performance,Low Potential,Negative Feedback,Career Growth,Performance Quality; Leadership Potential,Negative Feedback,Career Growth
54,Caiden Pace,"Category 1: 'Risk' (Low performance, Low potential)",Caiden does not produce good work and needs to be supervised constantly. Caiden is disruptive to other employees and can lower others performance levels. Caiden doesn't not engage or ask many questions about assignments. Caiden can be frequently found browsing the internet.,False,False,0,274,4,0,0,caiden doe not produce good work and need to be supervised constantly caiden is disruptive to other employee and can lower others performance level caiden doesnt not engage or ask many question about assignment caiden can be frequently found browsing the internet,train,Category 1: Risk,Low Performance,Low Potential,Negative Feedback,Work Culture,Performance Quality,Negative Feedback,Work Culture
65,Libby Parker,"Category 1: 'Risk' (Low performance, Low potential)","Libby performed poorly this quarter. She consistently misses deadlines and comes into the office late. She often does not get along with her coworkers, creating tension in the office. Her only redeeming quality is when she is focused, she can produce good work. Unfortunately, that is not very often and her negatives outweigh any good work she is able to produce.",False,True,0,364,5,0,0,libby performed poorly this quarter she consistently miss deadline and come into the office late she often doe not get along with her coworkers creating tension in the office her only redeeming quality is when she is focused she can produce good work unfortunately that is not very often and her negative outweigh any good work she is able to produce,train,Category 1: Risk,Low Performance,Low Potential,Negative Feedback,Work Culture,Attendance / Punctuality; Performance Quality; Team Collaboration,Negative Feedback,Work Culture
52,Addison Cohen,"Category 1: 'Risk' (Low performance, Low potential)","Addison Cohen has had a slow start at our company, her output is less than standard.  Addison may benefit from additional training and/or goal setting.  Addison will need to pick up her pace if she would like to continue to work at the company.  Suggest review in 3 months to see if any improvements have occurred.",False,False,0,314,4,0,0,addison cohen ha had a slow start at our company her output is le than standard addison may benefit from additional training andor goal setting addison will need to pick up her pace if she would like to continue to work at the company suggest review in 3 month to see if any improvement have occurred,train,Category 1: Risk,Low Performance,Low Potential,Negative Feedback,Salary & Benefits,Skill Gap; Salary & Benefits,Negative Feedback,Work Culture
53,Addison Cohen,"Category 1: 'Risk' (Low performance, Low potential)",Addison Cohen fails to deliver. He consistently provides significantly sub-par work. The mistakes made by Addison are liable to impact the company significantly. I advise against continuing his employment.,False,False,0,205,4,0,0,addison cohen fails to deliver he consistently provides significantly subpar work the mistake made by addison are liable to impact the company significantly i advise against continuing his employment,train,Category 1: Risk,Low Performance,Low Potential,Negative Feedback,Work Culture,Performance Quality,Negative Feedback,Work Culture
39,Aryanna Carney,"Category 1: 'Risk' (Low performance, Low potential)",Aryanna is a team player but needs guidance in her actual implementation of skills at work. She struggles with following directions and often needs reminders to meet goals on time.,False,True,0,180,2,0,0,aryanna is a team player but need guidance in her actual implementation of skill at work she struggle with following direction and often need reminder to meet goal on time,train,Category 1: Risk,Low Performance,Low Potential,Negative Feedback,Work Culture,Skill Gap; Leadership Potential; Team Collaboration,Negative Feedback,Work Culture
38,Kohen Norris,"Category 1: 'Risk' (Low performance, Low potential)","Kohen Norris has earned the risk rating for the current evaluation period.  This is the second consecutive evaluation in which Kohen has received a negative performance review.  During this time he has been given a detailed outline of what he needs to improve.  However, he has not made progress on any item, nor has he shown the desire to do so.  Finally, he continues to struggle on contributing to projects without significant help.  I believe he is headed toward termination if he does not improve in the next 2 months.",False,True,0,523,6,0,0,kohen norris ha earned the risk rating for the current evaluation period this is the second consecutive evaluation in which kohen ha received a negative performance review during this time he ha been given a detailed outline of what he need to improve however he ha not made progress on any item nor ha he shown the desire to do so finally he continues to struggle on contributing to project without significant help i believe he is headed toward termination if he doe not improve in the next 2 month,train,Category 1: Risk,Low Performance,Low Potential,Negative Feedback,Career Growth,Performance Quality; Career Growth,Negative Feedback,Career Growth
43,Aryanna Carney,"Category 1: 'Risk' (Low performance, Low potential)","Aryanna has had difficulty adjusting to her place at work and the tasks at hand. Aryanna seems confused, or turns in work unfinished or filled with mistakes. She does not seem motivated to learn or change the things she needs to in order to have a future with us. We might be slowed down as a company if we keep this worker around.",False,False,0,331,4,0,0,aryanna ha had difficulty adjusting to her place at work and the task at hand aryanna seems confused or turn in work unfinished or filled with mistake she doe not seem motivated to learn or change the thing she need to in order to have a future with u we might be slowed down a a company if we keep this worker around,train,Category 1: Risk,Low Performance,Low Potential,Negative Feedback,Career Growth,Skill Gap; Leadership Potential,Negative Feedback,Career Growth
44,Wade Stanley,"Category 1: 'Risk' (Low performance, Low potential)","Wade is an abysmal worker who fails to produce any valuable work. He is always late, does not work well with others, and fails to meet every expectation. Furthermore he fails to respond to feed back and I have yet to see him try to improve himself. I recommend that he be removed as soon as possible.",False,False,0,300,4,0,0,wade is an abysmal worker who fails to produce any valuable work he is always late doe not work well with others and fails to meet every expectation furthermore he fails to respond to feed back and i have yet to see him try to improve himself i recommend that he be removed a soon a possible,train,Category 1: Risk,Low Performance,Low Potential,Negative Feedback,Work Culture,Attendance / Punctuality,Negative Feedback,Work Culture
41,Aryanna Carney,"Category 1: 'Risk' (Low performance, Low potential)",Aryanna is a very weak worker. I suggest that she be terminated immediately. She is unable to preform the simplest of tasks and very inconsistently produces acceptable work. She does not work well with others and has shown no desire to learn and improve her self. I do not think she will improve beyond her current abilities and overall is a very disappointing worker.,False,True,0,368,5,0,0,aryanna is a very weak worker i suggest that she be terminated immediately she is unable to preform the simplest of task and very inconsistently produce acceptable work she doe not work well with others and ha shown no desire to learn and improve her self i do not think she will improve beyond her current ability and overall is a very disappointing worker,train,Category 1: Risk,Low Performance,Low Potential,Negative Feedback,Career Growth,Skill Gap,Negative Feedback,Career Growth
47,Wade Stanley,"Category 1: 'Risk' (Low performance, Low potential)","Unfortunately, Mr. Stanley has shown time and time again that he has issues performing. For example, last week he had a deadline that he knew of, instead he took long lunches and never made the deadline. Also, his ability to show up on time and dressed accordingly has never happened. Everyday Wade has been a minimum of 15+ minutes late! This is very unacceptable, he is a nice person and I wish him the best, but potential for growth is not there.",False,False,0,449,5,0,0,unfortunately mr stanley ha shown time and time again that he ha issue performing for example last week he had a deadline that he knew of instead he took long lunch and never made the deadline also his ability to show up on time and dressed accordingly ha never happened everyday wade ha been a minimum of 15 minute late this is very unacceptable he is a nice person and i wish him the best but potential for growth is not there,train,Category 1: Risk,Low Performance,Low Potential,Negative Feedback,Work Culture,Attendance / Punctuality; Leadership Potential; Career Growth,Negative Feedback,Work Culture
50,Addison Cohen,"Category 1: 'Risk' (Low performance, Low potential)","Addison has had a rough time this quarter. From being off sick, Addison was behind on major tasks related to our project. Addison seems to be in another world most of the time. Our main concern is that Addison's continued inattention could be costly to the company.",False,False,0,265,4,0,0,addison ha had a rough time this quarter from being off sick addison wa behind on major task related to our project addison seems to be in another world most of the time our main concern is that addisons continued inattention could be costly to the company,train,Category 1: Risk,Low Performance,Low Potential,Negative Feedback,Work Culture,General Employee Feedback,Negative Feedback,Work Culture
45,Wade Stanley,"Category 1: 'Risk' (Low performance, Low potential)",I would never work with Wade again. He was a hazard to our team and should not be employed again. No room for growth as he has no desire to grow. I would hate to be on a team with him again,False,False,0,189,4,0,0,i would never work with wade again he wa a hazard to our team and should not be employed again no room for growth a he ha no desire to grow i would hate to be on a team with him again,train,Category 1: Risk,Low Performance,Low Potential,Negative Feedback,Work Culture,Team Collaboration; Career Growth,Negative Feedback,Work Culture
218,Finley Gray,"Category 2: 'Average performer' (Moderate performance, Low potential)","Finley Grey completes tasks on time and follows instruction well. However, he does not put forth his on ideas. He follows instruction to the letter but does not offer his own insights as to how to make the project any better. His work is correct, complete and on time as long as he has detailed instruction. He would benefit from thinking outside the box and putting forth his own ideas from time to time. But he does not seem motivated to do so.",True,True,1,446,6,1,0,finley grey completes task on time and follows instruction well however he doe not put forth his on idea he follows instruction to the letter but doe not offer his own insight a to how to make the project any better his work is correct complete and on time a long a he ha detailed instruction he would benefit from thinking outside the box and putting forth his own idea from time to time but he doe not seem motivated to do so,train,Category 2: Average Performer,Medium Performance,Low Potential,Neutral Feedback,Salary & Benefits,Salary & Benefits,Neutral Feedback,Work Culture
259,Conner Mcintyre,"Category 2: 'Average performer' (Moderate performance, Low potential)",He is a good performer of regular activites.  His perfection to his completion of tasks is excellent and in time. His interaction to new activities is not that much remarkable. He cannot be expected to accomplish for developmental activities.,True,True,1,242,4,1,0,he is a good performer of regular activites his perfection to his completion of task is excellent and in time his interaction to new activity is not that much remarkable he cannot be expected to accomplish for developmental activity,train,Category 2: Average Performer,Medium Performance,Low Potential,Neutral Feedback,Work Culture,General Employee Feedback,Neutral Feedback,Work Culture
209,Leo Lee,"Category 2: 'Average performer' (Moderate performance, Low potential)",Leo completes good work and can deliver results. Leo does not show that he willing to contribute more than what is asked of him. Leo is quick to respond to emails but it is the bare minimum. Leo does not have any career goals.,True,True,1,226,4,1,0,leo completes good work and can deliver result leo doe not show that he willing to contribute more than what is asked of him leo is quick to respond to email but it is the bare minimum leo doe not have any career goal,train,Category 2: Average Performer,Medium Performance,Low Potential,Neutral Feedback,Career Growth,Performance Quality; Career Growth,Neutral Feedback,Career Growth
176,Sonny Kidd,"Category 2: 'Average performer' (Moderate performance, Low potential)","Sonny Kidd is one of the most average colleagues I have had. This is not always a bad thing because he is consistent. He completes his work on time with decent results. However, he is a little older and has little drive left in him, thus he is unable to be pushed to reach higher goals.",False,False,1,286,4,1,0,sonny kidd is one of the most average colleague i have had this is not always a bad thing because he is consistent he completes his work on time with decent result however he is a little older and ha little drive left in him thus he is unable to be pushed to reach higher goal,train,Category 2: Average Performer,Medium Performance,Low Potential,Neutral Feedback,Work Culture,Performance Quality,Neutral Feedback,Work Culture
175,Sonny Kidd,"Category 2: 'Average performer' (Moderate performance, Low potential)","Sonny did better in this quarter than the last one. Her performance I would rate as moderate, she has show better efficiency than before. Although, he knowledge for this specific group is not quite at par.",False,False,1,205,3,1,0,sonny did better in this quarter than the last one her performance i would rate a moderate she ha show better efficiency than before although he knowledge for this specific group is not quite at par,train,Category 2: Average Performer,Medium Performance,Low Potential,Neutral Feedback,Work Culture,Performance Quality,Neutral Feedback,Work Culture
173,Sonny Kidd,"Category 2: 'Average performer' (Moderate performance, Low potential)","Sonny masters new software programs quickly and is generally able to turn out reliable work product. However, he also prefers to work independently and this can be to his detriment at times when his drafts could really benefit from another person's review. He is so quick to decline others' assistance that I am concerned about his ability to make any real improvements in his work moving forward. For this reason, I don't see him being able to advance much in our department.",False,False,1,476,4,1,0,sonny master new software program quickly and is generally able to turn out reliable work product however he also prefers to work independently and this can be to his detriment at time when his draft could really benefit from another person review he is so quick to decline others assistance that i am concerned about his ability to make any real improvement in his work moving forward for this reason i dont see him being able to advance much in our department,train,Category 2: Average Performer,Medium Performance,Low Potential,Neutral Feedback,Work Culture,Salary & Benefits,Neutral Feedback,Work Culture
172,Sonny Kidd,"Category 2: 'Average performer' (Moderate performance, Low potential)","Sonny's work so far has been somewhat solid. He has shown the ability to carry out his duties amply. On the other hand, he doesn't seem to show much interest in wanting to improve. Overall, his work is decent, but he doesn't seem to want to improve upon it at all.",False,False,1,264,4,1,0,sonny work so far ha been somewhat solid he ha shown the ability to carry out his duty amply on the other hand he doesnt seem to show much interest in wanting to improve overall his work is decent but he doesnt seem to want to improve upon it at all,train,Category 2: Average Performer,Medium Performance,Low Potential,Neutral Feedback,Career Growth,General Employee Feedback,Neutral Feedback,Career Growth
171,Amaya Gay,"Category 2: 'Average performer' (Moderate performance, Low potential)","Amaya always tries her best on her assignments and I really appreciate how proactive she is about reaching out for guidance when she's unclear on something. However, even though she does perfectly well on basic assignments, sometimes her best effort isn't quite enough to staff her on the more complex client assignments that we have available. Her quantitative skills simply are not up to par with our senior associates. Thus I don't see much room for advancement for her in this department.",False,False,1,492,4,1,0,amaya always try her best on her assignment and i really appreciate how proactive she is about reaching out for guidance when shes unclear on something however even though she doe perfectly well on basic assignment sometimes her best effort isnt quite enough to staff her on the more complex client assignment that we have available her quantitative skill simply are not up to par with our senior associate thus i dont see much room for advancement for her in this department,train,Category 2: Average Performer,Medium Performance,Low Potential,Neutral Feedback,Career Growth,Skill Gap; Leadership Potential,Neutral Feedback,Career Growth
164,Sara Phillips,"Category 2: 'Average performer' (Moderate performance, Low potential)","Sara has maintained her performance in analyzing and tracking sales this quarter. While she did improve on her speed, there was not much else to improve upon. Additionally, Sara tires from work easily and struggles to maintain momentum. Overall, Sara did perform well, however, if she does not find a momentum for her pace of work, she may not last long with the company.",False,False,1,371,4,1,0,sara ha maintained her performance in analyzing and tracking sale this quarter while she did improve on her speed there wa not much else to improve upon additionally sara tire from work easily and struggle to maintain momentum overall sara did perform well however if she doe not find a momentum for her pace of work she may not last long with the company,train,Category 2: Average Performer,Medium Performance,Low Potential,Neutral Feedback,Career Growth,Performance Quality,Neutral Feedback,Career Growth
166,Sara Phillips,"Category 2: 'Average performer' (Moderate performance, Low potential)","Sara's work has been somewhat middling. She does some good things, but also lacks in other ways. She doesn't seem to have much interest in improving her skillset in other ways, either. Overall, I would put her body of work somewhere just about sub-par.",False,False,1,252,4,1,0,saras work ha been somewhat middling she doe some good thing but also lack in other way she doesnt seem to have much interest in improving her skillset in other way either overall i would put her body of work somewhere just about subpar,train,Category 2: Average Performer,Medium Performance,Low Potential,Neutral Feedback,Work Culture,General Employee Feedback,Neutral Feedback,Work Culture
165,Sara Phillips,"Category 2: 'Average performer' (Moderate performance, Low potential)","Sara's work product is always reliable. I know I can trust her to produce reports that are directly responsive to client requests. Unfortunately, she works so quickly sometimes that she leaves a trail of minor typos throughout her reports. This is frustrating to clean up. Even though I've asked her to slow down her pace, she has continued to produce work with typos. Thus I don't think her performance will really improve much over time.",False,False,1,439,6,1,0,saras work product is always reliable i know i can trust her to produce report that are directly responsive to client request unfortunately she work so quickly sometimes that she leaf a trail of minor typo throughout her report this is frustrating to clean up even though ive asked her to slow down her pace she ha continued to produce work with typo thus i dont think her performance will really improve much over time,train,Category 2: Average Performer,Medium Performance,Low Potential,Neutral Feedback,Work Culture,Performance Quality,Neutral Feedback,Work Culture
163,Sara Phillips,"Category 2: 'Average performer' (Moderate performance, Low potential)","Sara, you keep up with your work. The quality of your work is within standards. You are able to keep your work queue low and within our service level agreement with our customers. You interact with your peers as would be expected. You are liked by peers and maintain good relationships with customers.",False,False,1,301,5,1,0,sara you keep up with your work the quality of your work is within standard you are able to keep your work queue low and within our service level agreement with our customer you interact with your peer a would be expected you are liked by peer and maintain good relationship with customer,train,Category 2: Average Performer,Medium Performance,Low Potential,Neutral Feedback,Work Culture,Performance Quality; Team Collaboration,Neutral Feedback,Work Culture
162,Sara Phillips,"Category 2: 'Average performer' (Moderate performance, Low potential)","Sara,
The work that you did on your last assignment was decent and shows that you have room for growth.  I would like you to contribute more to the tasks and ask for help when needed to submit more meaningful work.    Right now, we feel that you aren't contributing enough to the organization and you need to show some improvements to be an exceptional employee.  We are happy to help you to grow and show your true potential.  We truly feel that if you are succeeding then the entire organization is succeeding.  Do you have any questions?",False,False,1,540,6,1,0,sara the work that you did on your last assignment wa decent and show that you have room for growth i would like you to contribute more to the task and ask for help when needed to submit more meaningful work right now we feel that you arent contributing enough to the organization and you need to show some improvement to be an exceptional employee we are happy to help you to grow and show your true potential we truly feel that if you are succeeding then the entire organization is succeeding do you have any question,train,Category 2: Average Performer,Medium Performance,Low Potential,Neutral Feedback,Career Growth,Leadership Potential; Career Growth,Neutral Feedback,Career Growth
161,Joel Wells,"Category 2: 'Average performer' (Moderate performance, Low potential)","Joel Well completes his work, but he does not show much potential for growth. He has acceptable performance on the job. He is able to finish his tasks successfully, but he does not go beyond expectations. He could improve with a change of mindset toward growth.",False,False,1,261,4,1,0,joel well completes his work but he doe not show much potential for growth he ha acceptable performance on the job he is able to finish his task successfully but he doe not go beyond expectation he could improve with a change of mindset toward growth,train,Category 2: Average Performer,Medium Performance,Low Potential,Neutral Feedback,Career Growth,Performance Quality; Leadership Potential; Career Growth,Neutral Feedback,Career Growth
321,Sophie Murray,"Category 2: 'Average performer' (Moderate performance, Low potential)","Sophie had been assigned 10 projects for the last 10 months. Some of her work were quite good, some of them have received complaints from our clients. When we informed Sophie about the quality issues of her work, she was combative. Overall, Sophie is slow to pick up new skills and slow in getting her work done.",False,False,1,312,4,1,0,sophie had been assigned 10 project for the last 10 month some of her work were quite good some of them have received complaint from our client when we informed sophie about the quality issue of her work she wa combative overall sophie is slow to pick up new skill and slow in getting her work done,train,Category 2: Average Performer,Medium Performance,Low Potential,Neutral Feedback,Work Culture,Performance Quality; Skill Gap,Neutral Feedback,Work Culture
160,Joel Wells,"Category 2: 'Average performer' (Moderate performance, Low potential)","Joel is extremely competent in his technical capabilities and I can always rely on him to know the answer to any coding question a colleague might have. However, his grammar skills are somewhat lacking, which limits his ability to put all of his ideas in writing to clients. I've given him a number of opportunities to improve in this area and he still hasn't been able to do so. Thus I'm not sure that I'll be comfortable promoting him to a client-facing role any time soon.",False,False,1,475,4,1,0,joel is extremely competent in his technical capability and i can always rely on him to know the answer to any coding question a colleague might have however his grammar skill are somewhat lacking which limit his ability to put all of his idea in writing to client ive given him a number of opportunity to improve in this area and he still hasnt been able to do so thus im not sure that ill be comfortable promoting him to a clientfacing role any time soon,train,Category 2: Average Performer,Medium Performance,Low Potential,Neutral Feedback,Career Growth,Skill Gap; Career Growth,Neutral Feedback,Career Growth
170,Amaya Gay,"Category 2: 'Average performer' (Moderate performance, Low potential)",Amaya did complete most projects on time. He can work with cross functional teams. However  he hesitates to make his views known to others quickly. So his points do not get the visibility required. It is hard for him to progress quickly across and has probably met his maximum grade by now.,False,False,1,290,5,1,0,amaya did complete most project on time he can work with cross functional team however he hesitates to make his view known to others quickly so his point do not get the visibility required it is hard for him to progress quickly across and ha probably met his maximum grade by now,train,Category 2: Average Performer,Medium Performance,Low Potential,Neutral Feedback,Career Growth,Career Growth,Neutral Feedback,Career Growth
380,Hannah Woods,"Category 2: 'Average performer' (Moderate performance, Low potential)","Hannah has done a satisfactory job since coming to our department. Her work, while not bad, doesn't have the shine and polish of a top tier employee. She gets the job done in a fair amount of time but doesn't go above and beyond what is expected of her. She does what she is asked to do and nothing more.",True,True,1,304,4,1,0,hannah ha done a satisfactory job since coming to our department her work while not bad doesnt have the shine and polish of a top tier employee she get the job done in a fair amount of time but doesnt go above and beyond what is expected of her she doe what she is asked to do and nothing more,train,Category 2: Average Performer,Medium Performance,Low Potential,Neutral Feedback,Work Culture,General Employee Feedback,Neutral Feedback,Work Culture
490,Jessica Black,"Category 2: 'Average performer' (Moderate performance, Low potential)",She has good knowledge in her domain but her execution is not up to mark. She has to perform that match up with management expectation and her response should quick as possible towards her task other than she is a good performer.,True,True,1,229,2,1,0,she ha good knowledge in her domain but her execution is not up to mark she ha to perform that match up with management expectation and her response should quick a possible towards her task other than she is a good performer,train,Category 2: Average Performer,Medium Performance,Low Potential,Neutral Feedback,Management Issues,General Employee Feedback,Neutral Feedback,Work Culture
157,Joel Wells,"Category 2: 'Average performer' (Moderate performance, Low potential)",Joel is able to accomplish the tasks that he is given but often struggles with accomplishing them on time. He is not very proactive and occasionally is more idle than his role requires him to be. He is proficient in most regards. He struggles to apply his knowledge quickly and to seek out new opportunities to help.,False,False,1,316,4,1,0,joel is able to accomplish the task that he is given but often struggle with accomplishing them on time he is not very proactive and occasionally is more idle than his role requires him to be he is proficient in most regard he struggle to apply his knowledge quickly and to seek out new opportunity to help,train,Category 2: Average Performer,Medium Performance,Low Potential,Neutral Feedback,Career Growth,Career Growth,Neutral Feedback,Career Growth
20010,Elliot Gray,"Category 2: 'Average performer' (Moderate performance, Low potential)","Elliot Gray is a hard worker but delivers to a standard level. The group tasks he has undertaken with the team have always been to an adequate standard. What he lacks in momentum he makes up for in good work. He has shown that he is capable of holding his on, despite the circumstances.",False,True,1,286,4,1,0,elliot gray is a hard worker but delivers to a standard level the group task he ha undertaken with the team have always been to an adequate standard what he lack in momentum he make up for in good work he ha shown that he is capable of holding his on despite the circumstance,train,Category 2: Average Performer,Medium Performance,Low Potential,Neutral Feedback,Work Culture,Team Collaboration,Neutral Feedback,Work Culture
20009,Elliot Gray,"Category 2: 'Average performer' (Moderate performance, Low potential)","Elliot Gray attends all staff meetings and has been presented with daily targets, which are met about 65% of the time.  At times it appears that Elliot struggles to display ambition to succeed and close deals.  He rarely seeks out new potential clients and at times can be rather timid in his approach, reducing the confidence in the transaction.  It is therefore not recommended that his name be put forth for promotion at this time as his leadership potential is not high.",False,True,1,474,4,1,0,elliot gray attends all staff meeting and ha been presented with daily target which are met about 65 of the time at time it appears that elliot struggle to display ambition to succeed and close deal he rarely seek out new potential client and at time can be rather timid in his approach reducing the confidence in the transaction it is therefore not recommended that his name be put forth for promotion at this time a his leadership potential is not high,train,Category 2: Average Performer,Medium Performance,Low Potential,Neutral Feedback,Career Growth,Leadership Potential; Career Growth,Neutral Feedback,Career Growth
10215,Emerson Rose,"Category 2: 'Average performer' (Moderate performance, Low potential)",Emerson Rose is a fairly average worker.  she puts out satisfactory work and she shows little potential.  I would like to see a little bit more from her because other people tend to out work her.  However I am satisfied with her being at the company and she benefits the company,False,False,1,278,4,1,0,emerson rose is a fairly average worker she put out satisfactory work and she show little potential i would like to see a little bit more from her because other people tend to out work her however i am satisfied with her being at the company and she benefit the company,train,Category 2: Average Performer,Medium Performance,Low Potential,Neutral Feedback,Work Culture,Leadership Potential; Salary & Benefits,Neutral Feedback,Work Culture
10214,Emerson Rose,"Category 2: 'Average performer' (Moderate performance, Low potential)","Emerson Rose is pretty good at his job, but I don't believe he will be able to progress very far. While I don't have any specific problems with how he does his job, he does not excel either. There are others in the company more deserving of their jobs than he is. I regret that he is unlikely to improve with time.",False,False,1,314,4,1,0,emerson rose is pretty good at his job but i dont believe he will be able to progress very far while i dont have any specific problem with how he doe his job he doe not excel either there are others in the company more deserving of their job than he is i regret that he is unlikely to improve with time,train,Category 2: Average Performer,Medium Performance,Low Potential,Neutral Feedback,Career Growth,Career Growth,Neutral Feedback,Career Growth
10212,Emerson Rose,"Category 2: 'Average performer' (Moderate performance, Low potential)","Emerson Rose is a good team player and is able to perform medium complexity tasks well. However, when it comes to somewhat complex tasks, they are not able to quickly adapt inasmuch their learning curve is quite steep even for relatively less complex items. Having said that, I do believe that they can improve by asking more questions. As a team we are ready to help Emerson increase their output by sharing our knowledge.",False,False,1,423,4,1,0,emerson rose is a good team player and is able to perform medium complexity task well however when it come to somewhat complex task they are not able to quickly adapt inasmuch their learning curve is quite steep even for relatively le complex item having said that i do believe that they can improve by asking more question a a team we are ready to help emerson increase their output by sharing our knowledge,train,Category 2: Average Performer,Medium Performance,Low Potential,Neutral Feedback,Career Growth,Skill Gap; Team Collaboration,Neutral Feedback,Career Growth
388,Finley Harrison,"Category 2: 'Average performer' (Moderate performance, Low potential)",Finely Harrison has shown his abilities to get on the ball and get his hands dirty but lacks will power and sometimes is not willing to go the extra mile for the company. He shows up to work everyday in a timely manner but sometimes seems to lack enthusiasm. He is excellent at what he does but doesnÃ¢â‚¬â„¢t show too much interest in advancement in the company. We hope to see more positive growth in his future.,True,True,1,414,4,1,0,finely harrison ha shown his ability to get on the ball and get his hand dirty but lack will power and sometimes is not willing to go the extra mile for the company he show up to work everyday in a timely manner but sometimes seems to lack enthusiasm he is excellent at what he doe but doesnãâât show too much interest in advancement in the company we hope to see more positive growth in his future,train,Category 2: Average Performer,Medium Performance,Low Potential,Neutral Feedback,Career Growth,Leadership Potential; Career Growth,Neutral Feedback,Career Growth
10174,Brynlee Byers,"Category 2: 'Average performer' (Moderate performance, Low potential)","Brynlee performs at an average level in her position. She achieves the minimum required of her. She attends to her duties to the degree necessary, but rarely goes above and beyond. At present, she shows little potential for future advancement withint the company.",False,False,1,263,4,1,0,brynlee performs at an average level in her position she achieves the minimum required of her she attends to her duty to the degree necessary but rarely go above and beyond at present she show little potential for future advancement withint the company,train,Category 2: Average Performer,Medium Performance,Low Potential,Neutral Feedback,Career Growth,Leadership Potential,Neutral Feedback,Career Growth
10088,Joyce Douglas,"Category 2: 'Average performer' (Moderate performance, Low potential)","Joyce has been dependable this month, but not excelling. She does not exhibit learning behaviors, and does not seem enthusiastic about improving. She almost always meets her deadlines, but her work is only of average quality. She contributes to the company and is not dead weight, but she is not a key worker.",False,False,1,309,4,1,0,joyce ha been dependable this month but not excelling she doe not exhibit learning behavior and doe not seem enthusiastic about improving she almost always meet her deadline but her work is only of average quality she contributes to the company and is not dead weight but she is not a key worker,train,Category 2: Average Performer,Medium Performance,Low Potential,Neutral Feedback,Work Culture,Performance Quality; Skill Gap,Neutral Feedback,Work Culture
10053,Shannon Harvey,"Category 2: 'Average performer' (Moderate performance, Low potential)",Shannon Harvey's has given a mediocre performance. Her performance has met our satisfaction in the goals that were given. We can't predict her exceeding her goals in near future. We believe that her potential is low at this point exceeding the goals provided to her.,False,False,1,266,4,1,0,shannon harvey ha given a mediocre performance her performance ha met our satisfaction in the goal that were given we cant predict her exceeding her goal in near future we believe that her potential is low at this point exceeding the goal provided to her,train,Category 2: Average Performer,Medium Performance,Low Potential,Neutral Feedback,Career Growth,Performance Quality; Leadership Potential,Neutral Feedback,Career Growth
10052,Shannon Harvey,"Category 2: 'Average performer' (Moderate performance, Low potential)","S. Harvey has shown mid level dedication to the job but lacks the ability to move forward. They sometimes meet the demands of their job but just as often do not. Showing more dedication to the team as a whole, the company and their own job would greatly improve their rating. As it stands, they are not exhibiting the qualities that we prefer to see in our employees.",False,False,1,367,4,1,0,s harvey ha shown mid level dedication to the job but lack the ability to move forward they sometimes meet the demand of their job but just a often do not showing more dedication to the team a a whole the company and their own job would greatly improve their rating a it stand they are not exhibiting the quality that we prefer to see in our employee,train,Category 2: Average Performer,Medium Performance,Low Potential,Neutral Feedback,Career Growth,Team Collaboration,Neutral Feedback,Career Growth
10051,Shannon Harvey,"Category 2: 'Average performer' (Moderate performance, Low potential)",Shannon Harvey has shown she can finish a task with good end result. The work has been regularly consistent and of commendable level. We are looking to nurture her further. The talent she lacks she makes up for in hard work.,False,False,1,224,4,1,0,shannon harvey ha shown she can finish a task with good end result the work ha been regularly consistent and of commendable level we are looking to nurture her further the talent she lack she make up for in hard work,train,Category 2: Average Performer,Medium Performance,Low Potential,Neutral Feedback,Work Culture,General Employee Feedback,Neutral Feedback,Work Culture
10008,Harvey Watts,"Category 2: 'Average performer' (Moderate performance, Low potential)",Harvey Watts is a very regular worker. His completion rate has been average. We have not seen his full talent at time and so will continue to guide him. At times we do see flashes of greatness and will continue to help him on his way.,False,False,1,234,4,1,0,harvey watt is a very regular worker his completion rate ha been average we have not seen his full talent at time and so will continue to guide him at time we do see flash of greatness and will continue to help him on his way,train,Category 2: Average Performer,Medium Performance,Low Potential,Neutral Feedback,Work Culture,General Employee Feedback,Neutral Feedback,Work Culture
10006,Harvey Watts,"Category 2: 'Average performer' (Moderate performance, Low potential)","Harvey can manage most tasks of average complexity, but does not see the bigger picture on how this relates to the company's aims. Dependable worker of average output. unlikely to meet management eligibility in the future. Nonetheless, good to have on the team.",False,True,1,261,4,1,0,harvey can manage most task of average complexity but doe not see the bigger picture on how this relates to the company aim dependable worker of average output unlikely to meet management eligibility in the future nonetheless good to have on the team,train,Category 2: Average Performer,Medium Performance,Low Potential,Neutral Feedback,Career Growth,Leadership Potential; Team Collaboration,Neutral Feedback,Career Growth
10132,Teagan Pate,"Category 2: 'Average performer' (Moderate performance, Low potential)",Teagan Pate has meet the requirements for his performance. He has meet his expectations of what was needed. We are satisfied with the results. There is little potential for Teagan to ascend from average in performance.,False,False,1,218,4,1,0,teagan pate ha meet the requirement for his performance he ha meet his expectation of what wa needed we are satisfied with the result there is little potential for teagan to ascend from average in performance,train,Category 2: Average Performer,Medium Performance,Low Potential,Neutral Feedback,Career Growth,Performance Quality; Leadership Potential,Neutral Feedback,Career Growth
156,Amy John,"Category 2: 'Average performer' (Moderate performance, Low potential)","Amy John succeeds at fulfilling basic work tasks. Meets the minimum standard, but does not normally show potential for growth. She completes all tasks assigned to her. Does not show potential for exceeding expectations at this time.",False,False,1,232,4,1,0,amy john succeeds at fulfilling basic work task meet the minimum standard but doe not normally show potential for growth she completes all task assigned to her doe not show potential for exceeding expectation at this time,train,Category 2: Average Performer,Medium Performance,Low Potential,Neutral Feedback,Career Growth,Leadership Potential; Career Growth,Neutral Feedback,Career Growth
98,Amy John,"Category 2: 'Average performer' (Moderate performance, Low potential)","Amy has some definite room to improve. While she has been completing most of her work, she tends to do only exactly what is asked of her and nothing more. She also hasn't shown much interest in going beyond doing the bare minimum. Overall I'd say her performance is merely passable, but I don't know that there's much room for her to grow beyond that.",False,False,1,351,4,1,0,amy ha some definite room to improve while she ha been completing most of her work she tends to do only exactly what is asked of her and nothing more she also hasnt shown much interest in going beyond doing the bare minimum overall id say her performance is merely passable but i dont know that there much room for her to grow beyond that,train,Category 2: Average Performer,Medium Performance,Low Potential,Neutral Feedback,Career Growth,Performance Quality,Neutral Feedback,Career Growth
152,Amy John,"Category 2: 'Average performer' (Moderate performance, Low potential)","Amy is always punctual about turning in her assignments on time. She does a reasonably good job with every research request I make of her but sometimes she leaves some counterarguments on the table when drafting her reports. Moving forward I have told her that she needs to plug in every possible hole in her research by considering multiple perspectives for her reports. She's struggled to incorporate this feedback, to date, so I question whether she will really be able to improve much.",False,False,1,489,4,1,0,amy is always punctual about turning in her assignment on time she doe a reasonably good job with every research request i make of her but sometimes she leaf some counterargument on the table when drafting her report moving forward i have told her that she need to plug in every possible hole in her research by considering multiple perspective for her report shes struggled to incorporate this feedback to date so i question whether she will really be able to improve much,train,Category 2: Average Performer,Medium Performance,Low Potential,Neutral Feedback,Career Growth,Attendance / Punctuality; Communication,Neutral Feedback,Career Growth
122,Michael Kaur,"Category 2: 'Average performer' (Moderate performance, Low potential)",Michael is having a good quarter. He doesn't make waves at meetings but he is dependable. He isn't a leader rather he seems to enjoy working with a team. Michael does keep us on our toes.,False,False,1,187,4,1,0,michael is having a good quarter he doesnt make wave at meeting but he is dependable he isnt a leader rather he seems to enjoy working with a team michael doe keep u on our toe,train,Category 2: Average Performer,Medium Performance,Low Potential,Neutral Feedback,Career Growth,Leadership Potential; Team Collaboration,Neutral Feedback,Career Growth
120,Michael Kaur,"Category 2: 'Average performer' (Moderate performance, Low potential)","Michael completed all his assigned tasks on time. Michael does not strive to offer better solutions, only delivers the bare minimum to complete the job. Michael asks some questions but does not exhibit the drive to learn more. Michael does complete the task, but doesn't shine as an employee.",False,False,1,292,4,1,0,michael completed all his assigned task on time michael doe not strive to offer better solution only delivers the bare minimum to complete the job michael asks some question but doe not exhibit the drive to learn more michael doe complete the task but doesnt shine a an employee,train,Category 2: Average Performer,Medium Performance,Low Potential,Neutral Feedback,Career Growth,Skill Gap,Neutral Feedback,Career Growth
118,Michael Kaur,"Category 2: 'Average performer' (Moderate performance, Low potential)",Micheal Kuar most days seems to slip through the cracks. He does his job well enough to not cause issue but lacks enthusiasm that we strive for in our associates. He is competent but not much else. We can hope for better things in his future but for now I can expect him to do his job and not much else.,False,False,1,303,4,1,0,micheal kuar most day seems to slip through the crack he doe his job well enough to not cause issue but lack enthusiasm that we strive for in our associate he is competent but not much else we can hope for better thing in his future but for now i can expect him to do his job and not much else,train,Category 2: Average Performer,Medium Performance,Low Potential,Neutral Feedback,Career Growth,Leadership Potential,Neutral Feedback,Career Growth
116,Sonny Kidd,"Category 2: 'Average performer' (Moderate performance, Low potential)","Sonny did not outperform results from the last quarter, but he still met the standard of his colleagues. His work is of reasonable quality, but his work ethic and effort that he puts in is highly questionable. He spends time chatting with co-workers and serves as a distraction, and his presence often decreases efficiency in the workplace. He is encouraged to behave more maturely in the workplace and take constructive feedback from his supervisors. He is also encouraged to be mindful of how his behavior would affect those around him.",False,False,1,538,5,1,0,sonny did not outperform result from the last quarter but he still met the standard of his colleague his work is of reasonable quality but his work ethic and effort that he put in is highly questionable he spends time chatting with coworkers and serf a a distraction and his presence often decrease efficiency in the workplace he is encouraged to behave more maturely in the workplace and take constructive feedback from his supervisor he is also encouraged to be mindful of how his behavior would affect those around him,train,Category 2: Average Performer,Medium Performance,Low Potential,Neutral Feedback,Work Culture,Communication; Performance Quality,Neutral Feedback,Work Culture
115,Sonny Kidd,"Category 2: 'Average performer' (Moderate performance, Low potential)","Sonny's work product has always been of decent quality in terms of research analysis and argument development. Sonny usually reviews their work once before submitting it to me for final sign-off, but that review sometimes isn't thorough enough because I still catch a handful of minor errors when I review his reports. I've asked Sonny to really take as much time as he needs to review his work before submitting it, but the reports I see from him continue to have a few errors here and there, so he doesn't seem too willing to listen and improve his chances of advancement.",False,False,1,574,3,1,0,sonny work product ha always been of decent quality in term of research analysis and argument development sonny usually review their work once before submitting it to me for final signoff but that review sometimes isnt thorough enough because i still catch a handful of minor error when i review his report ive asked sonny to really take a much time a he need to review his work before submitting it but the report i see from him continue to have a few error here and there so he doesnt seem too willing to listen and improve his chance of advancement,train,Category 2: Average Performer,Medium Performance,Low Potential,Neutral Feedback,Work Culture,Communication; Performance Quality; Skill Gap,Neutral Feedback,Work Culture
112,Amaya Gay,"Category 2: 'Average performer' (Moderate performance, Low potential)","Amaya has been completing work as required, but really does not go above and beyond. She completes only what is asked, but does not proactively look for anything more than that. This could be improved by taking initiative in additional task in the workplace, but at present time the drive really is not there.",False,False,1,309,3,1,0,amaya ha been completing work a required but really doe not go above and beyond she completes only what is asked but doe not proactively look for anything more than that this could be improved by taking initiative in additional task in the workplace but at present time the drive really is not there,train,Category 2: Average Performer,Medium Performance,Low Potential,Neutral Feedback,Work Culture,General Employee Feedback,Neutral Feedback,Work Culture
111,Sara Phillips,"Category 2: 'Average performer' (Moderate performance, Low potential)",Sara was a great colleague of mine. she did her day to day tasks and met all expectations that she was given. There is not much room to grow. Unfortunately I believe she has maxed out her potential with us,False,False,1,205,4,1,0,sara wa a great colleague of mine she did her day to day task and met all expectation that she wa given there is not much room to grow unfortunately i believe she ha maxed out her potential with u,train,Category 2: Average Performer,Medium Performance,Low Potential,Neutral Feedback,Career Growth,Leadership Potential,Neutral Feedback,Career Growth
110,Sara Phillips,"Category 2: 'Average performer' (Moderate performance, Low potential)","Sara always turns in reports covering very timely topics that are well-researched and well-analyzed. However, despite all the research she does, she never proofreads her work, and this means that her reports often contain a lot of tiny but noticeable errors like missing periods, extra spaces, and typos. Unfortunately, I don't expect Sara to improve in this area since I have already asked her to edit her work prior to submission four times to no avail. She seems not to have an interest in becoming more detail oriented.",False,False,1,523,4,1,0,sara always turn in report covering very timely topic that are wellresearched and wellanalyzed however despite all the research she doe she never proofreads her work and this mean that her report often contain a lot of tiny but noticeable error like missing period extra space and typo unfortunately i dont expect sara to improve in this area since i have already asked her to edit her work prior to submission four time to no avail she seems not to have an interest in becoming more detail oriented,train,Category 2: Average Performer,Medium Performance,Low Potential,Neutral Feedback,Work Culture,General Employee Feedback,Neutral Feedback,Work Culture
123,Isabella James,"Category 2: 'Average performer' (Moderate performance, Low potential)","Isabella is an average employee.  She performs her duties, but not put much extra effort into her position.  She does not seem to have much drive to move forward in her position or forward with the company.  Isabella could do so much more if she put her mind to it.",False,False,1,265,4,1,0,isabella is an average employee she performs her duty but not put much extra effort into her position she doe not seem to have much drive to move forward in her position or forward with the company isabella could do so much more if she put her mind to it,train,Category 2: Average Performer,Medium Performance,Low Potential,Neutral Feedback,Work Culture,General Employee Feedback,Neutral Feedback,Work Culture
108,Joel Wells,"Category 2: 'Average performer' (Moderate performance, Low potential)","Overall, Joel turned in acceptable work product to me and met all deadlines. However, he needed to be reminded several times of basic assignment instructions. Moreover, his work product still required a round of revisions. I also felt that his research skills weren't up to par and that he's already turned in the best work he can at this point.",False,False,1,345,4,1,0,overall joel turned in acceptable work product to me and met all deadline however he needed to be reminded several time of basic assignment instruction moreover his work product still required a round of revision i also felt that his research skill werent up to par and that he already turned in the best work he can at this point,train,Category 2: Average Performer,Medium Performance,Low Potential,Neutral Feedback,Work Culture,Skill Gap,Neutral Feedback,Work Culture
104,Amy John,"Category 2: 'Average performer' (Moderate performance, Low potential)","Amy is a C at best. Yes, she usually completes her work but it's usually the bare minimum to say it's done. I'm not convinced she cares.She shows little enthusiasm or motivation to learning new things, improving process, or being open minded to new ideas.",False,False,1,255,3,1,0,amy is a c at best yes she usually completes her work but it usually the bare minimum to say it done im not convinced she caresshe show little enthusiasm or motivation to learning new thing improving process or being open minded to new idea,train,Category 2: Average Performer,Medium Performance,Low Potential,Neutral Feedback,Career Growth,Skill Gap,Neutral Feedback,Career Growth
101,Bailey Hunter,"Category 2: 'Average performer' (Moderate performance, Low potential)","The reports that Bailey produces are always client-ready after some light editing. She does a thorough job with the research analysis and I appreciate her attention to detail on the data analysis. However, her performance is hindered because she sometimes shows up late to work without any explanation. I have already told her how frustrating this is to her colleagues who are depending on her to be in the office at a certain time to run reports. Because she's refused to change her pattern of behavior I can only assume that she will not be moving up very far in our department.",False,False,1,580,5,1,0,the report that bailey produce are always clientready after some light editing she doe a thorough job with the research analysis and i appreciate her attention to detail on the data analysis however her performance is hindered because she sometimes show up late to work without any explanation i have already told her how frustrating this is to her colleague who are depending on her to be in the office at a certain time to run report because shes refused to change her pattern of behavior i can only assume that she will not be moving up very far in our department,train,Category 2: Average Performer,Medium Performance,Low Potential,Neutral Feedback,Work Culture,Attendance / Punctuality; Performance Quality,Neutral Feedback,Work Culture
99,Amy John,"Category 2: 'Average performer' (Moderate performance, Low potential)","Amy John has done her job in adequate fashion. She is not the greatest performer but she is also not the worst. She meets deadlines regularly and turns in the expected work. However Amy does not have a very high ceiling for the future so this makes her replaceable. Regardless, she is a net positive worker.",False,False,1,307,5,1,0,amy john ha done her job in adequate fashion she is not the greatest performer but she is also not the worst she meet deadline regularly and turn in the expected work however amy doe not have a very high ceiling for the future so this make her replaceable regardless she is a net positive worker,train,Category 2: Average Performer,Medium Performance,Low Potential,Neutral Feedback,Work Culture,Leadership Potential,Neutral Feedback,Work Culture
94,Bailey Hunter,"Category 2: 'Average performer' (Moderate performance, Low potential)","Bailey is only a decent worker. He gets his work done, but doesn't really apply himself otherwise. He clearly doesn't have much interest in taking on more responsibility or moving up in the organization. He will likely only do the bare minimum of whatever he's asked to do.",False,False,1,273,4,1,0,bailey is only a decent worker he get his work done but doesnt really apply himself otherwise he clearly doesnt have much interest in taking on more responsibility or moving up in the organization he will likely only do the bare minimum of whatever he asked to do,train,Category 2: Average Performer,Medium Performance,Low Potential,Neutral Feedback,Work Culture,General Employee Feedback,Neutral Feedback,Work Culture
89,Alecia Keys,"Category 2: 'Average performer' (Moderate performance, Low potential)","Ms. Keys has a number of areas in which she could improve.  She typically meets the minimum expectations of the job but only just barely.  With some additional training she may improve to some extent.  I, sadly, don't however see her as ever becoming a top performer.",False,False,1,267,4,1,0,m key ha a number of area in which she could improve she typically meet the minimum expectation of the job but only just barely with some additional training she may improve to some extent i sadly dont however see her a ever becoming a top performer,train,Category 2: Average Performer,Medium Performance,Low Potential,Neutral Feedback,Career Growth,Skill Gap,Neutral Feedback,Career Growth
88,Alecia Keys,"Category 2: 'Average performer' (Moderate performance, Low potential)",Alecia has shown somewhat average results this quarter. She seriously needs to pick up her speed in multi tasking and projects. Unlikely to get a raise this quarter. Hope to see better results next quarter from you.,False,False,1,215,4,1,0,alecia ha shown somewhat average result this quarter she seriously need to pick up her speed in multi tasking and project unlikely to get a raise this quarter hope to see better result next quarter from you,train,Category 2: Average Performer,Medium Performance,Low Potential,Neutral Feedback,Salary & Benefits,Performance Quality; Salary & Benefits,Neutral Feedback,Career Growth
154,Amy John,"Category 2: 'Average performer' (Moderate performance, Low potential)","Amy John is dedicated to the work atmosphere and creating a fun environment with all the colleagues. In terms of performance, I find her quite solid. She is neither extremely methodical nor extremely creative, but can to the tasks in a relatively decent condition. Still, I am a little hesitant to envision in which ways she might improve in the past, as she has not shown much growth through time -- nor has she been necessarily receptive to the constructive comments received from supervisors.",False,False,1,495,4,1,0,amy john is dedicated to the work atmosphere and creating a fun environment with all the colleague in term of performance i find her quite solid she is neither extremely methodical nor extremely creative but can to the task in a relatively decent condition still i am a little hesitant to envision in which way she might improve in the past a she ha not shown much growth through time nor ha she been necessarily receptive to the constructive comment received from supervisor,train,Category 2: Average Performer,Medium Performance,Low Potential,Neutral Feedback,Career Growth,Performance Quality; Career Growth,Neutral Feedback,Career Growth
105,Amy John,"Category 2: 'Average performer' (Moderate performance, Low potential)","Amy had excellent performance this quarter. She was able to bring many new ideas to the table, and her insights allowed her co-workers to think outside the box. Improvements could be made, however, in the aspect of self-awareness in meetings. Amy is encouraged to think more carefully about what she says during meetings, as sometimes, she wastes time with irrelevant information. This shouldn't be a problem, since she has strong interpersonal skills.",False,False,1,452,5,1,0,amy had excellent performance this quarter she wa able to bring many new idea to the table and her insight allowed her coworkers to think outside the box improvement could be made however in the aspect of selfawareness in meeting amy is encouraged to think more carefully about what she say during meeting a sometimes she waste time with irrelevant information this shouldnt be a problem since she ha strong interpersonal skill,train,Category 2: Average Performer,Medium Performance,Low Potential,Neutral Feedback,Career Growth,Performance Quality; Skill Gap,Neutral Feedback,Career Growth
125,Isabella James,"Category 2: 'Average performer' (Moderate performance, Low potential)",Isabella is colloborative and approachable. She is fairly responsive to questions and reports the progress when requested. She delivers on the usual work assigned to her but struggles with any new work or variations from normal. She likes to follow the set processes and does not go beyond the rule back to solve the problems innovatively.,False,True,1,339,4,1,0,isabella is colloborative and approachable she is fairly responsive to question and report the progress when requested she delivers on the usual work assigned to her but struggle with any new work or variation from normal she like to follow the set process and doe not go beyond the rule back to solve the problem innovatively,train,Category 2: Average Performer,Medium Performance,Low Potential,Neutral Feedback,Work Culture,Career Growth,Neutral Feedback,Work Culture
51,Addison Cohen,"Category 2: 'Average performer' (Moderate performance, Low potential)",Addison means well but does not put the effort in that is needed to complete his work.  He works well alone but does not work well with others. He is frequently late to work in the morning. He often misses mandatory meetings.,True,True,1,225,4,1,0,addison mean well but doe not put the effort in that is needed to complete his work he work well alone but doe not work well with others he is frequently late to work in the morning he often miss mandatory meeting,train,Category 2: Average Performer,Medium Performance,Low Potential,Neutral Feedback,Work Culture,Attendance / Punctuality,Negative Feedback,Work Culture
150,Bailey Hunter,"Category 2: 'Average performer' (Moderate performance, Low potential)","Bailey has been consistently delivering her work on time, though from time to time she would make some easily avoidable mistakes. She has great attitude at work, though she could show more initiative. She is friendly, however, not too keen in participating in team activities. 

In all , Bailey is a good worker. I expect her to continue to improve",False,False,1,348,5,1,0,bailey ha been consistently delivering her work on time though from time to time she would make some easily avoidable mistake she ha great attitude at work though she could show more initiative she is friendly however not too keen in participating in team activity in all bailey is a good worker i expect her to continue to improve,train,Category 2: Average Performer,Medium Performance,Low Potential,Neutral Feedback,Work Culture,Team Collaboration,Neutral Feedback,Work Culture
149,Bailey Hunter,"Category 2: 'Average performer' (Moderate performance, Low potential)","Bailey's work product is perfectly acceptable for a second-year analyst. There are always a few computational errors present in her reports but for the most part, she does a really solid job with her research and drafting. Unfortunately, I don't see Bailey moving up very far in this organization. Her heart never seems to be fully in her work and she always seems distracted with personal commitments.",False,False,1,402,4,1,0,bailey work product is perfectly acceptable for a secondyear analyst there are always a few computational error present in her report but for the most part she doe a really solid job with her research and drafting unfortunately i dont see bailey moving up very far in this organization her heart never seems to be fully in her work and she always seems distracted with personal commitment,train,Category 2: Average Performer,Medium Performance,Low Potential,Neutral Feedback,Work Culture,General Employee Feedback,Neutral Feedback,Work Culture
148,Bailey Hunter,"Category 2: 'Average performer' (Moderate performance, Low potential)","Bailey Hunter provides a solid base for this company. She is a valuable team player for our team which doesn't often require people to be the lead. While she is an asset for our team, there is still room for her to grow and excel within the company.",True,True,1,249,3,1,0,bailey hunter provides a solid base for this company she is a valuable team player for our team which doesnt often require people to be the lead while she is an asset for our team there is still room for her to grow and excel within the company,train,Category 2: Average Performer,Medium Performance,Low Potential,Neutral Feedback,Work Culture,Team Collaboration,Neutral Feedback,Work Culture
147,Bailey Hunter,"Category 2: 'Average performer' (Moderate performance, Low potential)","Bailey Hunter's daily production oscillates from poor to excellent from day-to day.  One day Bailey will competently produce a 50-page brief and the next day will struggle to complete five transmittal letters.  Her interpersonal skills are unexceptional, neither good nor bad.  On balance, I don't believe she is long for this job.",False,True,1,331,4,1,0,bailey hunter daily production oscillates from poor to excellent from dayto day one day bailey will competently produce a 50page brief and the next day will struggle to complete five transmittal letter her interpersonal skill are unexceptional neither good nor bad on balance i dont believe she is long for this job,train,Category 2: Average Performer,Medium Performance,Low Potential,Neutral Feedback,Career Growth,Skill Gap,Neutral Feedback,Career Growth
146,Darius Stafford,"Category 2: 'Average performer' (Moderate performance, Low potential)","Darius is a good day to day task person. He lacks motivation for the future and we dont really see a need to keep him around for our long term goals, but his current work is meeting our needs. If he could step it up, there might be potential for a future in this company as something more. We would like to see more from Darius as a worker.",False,False,1,340,4,1,0,darius is a good day to day task person he lack motivation for the future and we dont really see a need to keep him around for our long term goal but his current work is meeting our need if he could step it up there might be potential for a future in this company a something more we would like to see more from darius a a worker,train,Category 2: Average Performer,Medium Performance,Low Potential,Neutral Feedback,Career Growth,Leadership Potential,Neutral Feedback,Career Growth
145,Darius Stafford,"Category 2: 'Average performer' (Moderate performance, Low potential)",Darius is a solid employee who consistently produces acceptable work. He has shown that he is competent in producing quality work that meets but does not exceed our standards. However he has difficulty learning and adapting to new tasks. I find that he is unlikely to improve any further and that his current work capacity is his max.,False,False,1,334,4,1,0,darius is a solid employee who consistently produce acceptable work he ha shown that he is competent in producing quality work that meet but doe not exceed our standard however he ha difficulty learning and adapting to new task i find that he is unlikely to improve any further and that his current work capacity is his max,train,Category 2: Average Performer,Medium Performance,Low Potential,Neutral Feedback,Work Culture,Performance Quality; Skill Gap,Neutral Feedback,Work Culture
142,Darius Stafford,"Category 2: 'Average performer' (Moderate performance, Low potential)",Darius set a good example at being a great trainee and showed a lot of potential in this career field. Darius was respectful and cooperative with training.  Darius can always strive to improve some areas to get better. Darius will be a great addition to our team.,False,False,1,263,4,1,0,darius set a good example at being a great trainee and showed a lot of potential in this career field darius wa respectful and cooperative with training darius can always strive to improve some area to get better darius will be a great addition to our team,train,Category 2: Average Performer,Medium Performance,Low Potential,Neutral Feedback,Career Growth,Skill Gap; Leadership Potential; Team Collaboration; Career Growth,Neutral Feedback,Career Growth
141,April Craft,"Category 2: 'Average performer' (Moderate performance, Low potential)","April has had average results this quarter. She analyzes data accurately, and she is able to submit projects of reasonable quality on time. However, the work she does barely exceeds the work done by the intern, who is only a high school student. She does not seek to improve herself, and has resisted every form of criticism given her way by colleagues and superiors. She should continue to be monitored by human resources to ensure our resources are being used to their full potential.",False,False,1,486,5,1,0,april ha had average result this quarter she analyzes data accurately and she is able to submit project of reasonable quality on time however the work she doe barely exceeds the work done by the intern who is only a high school student she doe not seek to improve herself and ha resisted every form of criticism given her way by colleague and superior she should continue to be monitored by human resource to ensure our resource are being used to their full potential,train,Category 2: Average Performer,Medium Performance,Low Potential,Neutral Feedback,Work Culture,Performance Quality; Leadership Potential,Neutral Feedback,Work Culture
151,Bailey Hunter,"Category 2: 'Average performer' (Moderate performance, Low potential)",Baily is an OK worker. Currently she doesn't respond well to feedback and hasn't really shown any improvement in along time. However she still consistently produces acceptable quality work and meet her deadlines. She is a solid performer but I do not expect her to improve beyond her current skills.,False,False,1,299,4,1,0,baily is an ok worker currently she doesnt respond well to feedback and hasnt really shown any improvement in along time however she still consistently produce acceptable quality work and meet her deadline she is a solid performer but i do not expect her to improve beyond her current skill,train,Category 2: Average Performer,Medium Performance,Low Potential,Neutral Feedback,Career Growth,Communication; Performance Quality; Skill Gap,Neutral Feedback,Career Growth
139,April Craft,"Category 2: 'Average performer' (Moderate performance, Low potential)","This worker turns in work that is generally ok. It never has mistakes, but its never the best they can do. I dont see that this worker wants to succeed and seems to have little motivation to do better than what they are currently doing. There isnt many actions that this person has shown in the workplace that shows that they may be a great influence to this company in the future.",False,False,1,381,4,1,0,this worker turn in work that is generally ok it never ha mistake but it never the best they can do i dont see that this worker want to succeed and seems to have little motivation to do better than what they are currently doing there isnt many action that this person ha shown in the workplace that show that they may be a great influence to this company in the future,train,Category 2: Average Performer,Medium Performance,Low Potential,Neutral Feedback,Career Growth,Leadership Potential,Neutral Feedback,Career Growth
138,April Craft,"Category 2: 'Average performer' (Moderate performance, Low potential)",April Craft is your typical employee. She tends to do her job and show up on time. With that said she doesn't seem particularly interested in the work she is given. Hopefully we see some positive growth in the near future.,False,False,1,222,4,1,0,april craft is your typical employee she tends to do her job and show up on time with that said she doesnt seem particularly interested in the work she is given hopefully we see some positive growth in the near future,train,Category 2: Average Performer,Medium Performance,Low Potential,Neutral Feedback,Career Growth,Leadership Potential; Career Growth,Neutral Feedback,Career Growth
136,Lance Hatfield,"Category 2: 'Average performer' (Moderate performance, Low potential)","Lance Hatfield is a good team player. He meets the goals set before him, and manages his time well. He takes on new tasks slowly, but works toward them until he succeeds. He seems content in his work space, and is friendly with his team.",False,False,1,237,4,1,0,lance hatfield is a good team player he meet the goal set before him and manages his time well he take on new task slowly but work toward them until he succeeds he seems content in his work space and is friendly with his team,train,Category 2: Average Performer,Medium Performance,Low Potential,Neutral Feedback,Work Culture,Team Collaboration,Neutral Feedback,Work Culture
134,Lance Hatfield,"Category 2: 'Average performer' (Moderate performance, Low potential)","Lance Hatfield has been an average performer this quarter. His performance is around the same level as most of his coworkers, but does not stand out in any way. Lance can be trusted to maintain a solid level of success, but has low potential to create more opportunities for the company. He has not shown the ability to grow in his roles and responsibilites.",False,False,1,358,4,1,0,lance hatfield ha been an average performer this quarter his performance is around the same level a most of his coworkers but doe not stand out in any way lance can be trusted to maintain a solid level of success but ha low potential to create more opportunity for the company he ha not shown the ability to grow in his role and responsibilites,train,Category 2: Average Performer,Medium Performance,Low Potential,Neutral Feedback,Career Growth,Performance Quality; Leadership Potential; Team Collaboration; Career Growth,Neutral Feedback,Career Growth
132,Esmeralda Langley,"Category 2: 'Average performer' (Moderate performance, Low potential)",Esmeralda is a wonderful person but as far as her work performance goes she struggles to understand simple concepts for the job. I dont see her being able to move up any further. Maybe some extra training might help but I wouldnt expect it would do much good but thats just my professional opinion.,False,False,1,298,3,1,0,esmeralda is a wonderful person but a far a her work performance go she struggle to understand simple concept for the job i dont see her being able to move up any further maybe some extra training might help but i wouldnt expect it would do much good but thats just my professional opinion,train,Category 2: Average Performer,Medium Performance,Low Potential,Neutral Feedback,Career Growth,Performance Quality; Skill Gap,Neutral Feedback,Career Growth
140,April Craft,"Category 2: 'Average performer' (Moderate performance, Low potential)","April did not disappoint when she came to our team. She performed well and the team loved her. I dont see much room for growth. Lastly, i would not rehire",False,True,1,154,4,1,0,april did not disappoint when she came to our team she performed well and the team loved her i dont see much room for growth lastly i would not rehire,train,Category 2: Average Performer,Medium Performance,Low Potential,Neutral Feedback,Work Culture,Team Collaboration; Career Growth,Neutral Feedback,Work Culture
255,Matthew Reid,"Category 3: 'Solid Performer' (High performance, Low potential)","Mr. Reid has been with the company for the last two years.  His work is consistent and he puts his full effort into his work.  He follows instructions well, but his abilities seem limited to his current experience level.  Other workers hired at the same time have shown more growth within the field.",False,False,2,299,4,2,0,mr reid ha been with the company for the last two year his work is consistent and he put his full effort into his work he follows instruction well but his ability seem limited to his current experience level other worker hired at the same time have shown more growth within the field,train,Category 3: Solid Performer,High Performance,Low Potential,Positive Feedback,Work Culture,Career Growth,Positive Feedback,Work Culture
256,Matthew Reid,"Category 3: 'Solid Performer' (High performance, Low potential)","While Matthew Reid does not have the potential to learn extra skills due to his learning disability, he is still able to perform exceptionally well with the skills he does have. I have gained much confidence in Reid's ability to outwork and outlast his coworkers who have a lot more potential. I have even given him projects that high potential workers would receive, simply because I know he can do the work faster and more accurate. I can always count on Reid to get a major job done successfully.",False,False,2,499,4,2,0,while matthew reid doe not have the potential to learn extra skill due to his learning disability he is still able to perform exceptionally well with the skill he doe have i have gained much confidence in reid ability to outwork and outlast his coworkers who have a lot more potential i have even given him project that high potential worker would receive simply because i know he can do the work faster and more accurate i can always count on reid to get a major job done successfully,train,Category 3: Solid Performer,High Performance,Low Potential,Positive Feedback,Career Growth,Skill Gap; Leadership Potential; Team Collaboration,Positive Feedback,Career Growth
260,Conner Mcintyre,"Category 3: 'Solid Performer' (High performance, Low potential)",Conner Mcintyre is good performer. He has lots of talent. if he put more potential in his job he will reach the good position in his career. He has improve his potential level.,False,False,2,176,4,2,0,conner mcintyre is good performer he ha lot of talent if he put more potential in his job he will reach the good position in his career he ha improve his potential level,train,Category 3: Solid Performer,High Performance,Low Potential,Positive Feedback,Career Growth,Leadership Potential; Career Growth,Positive Feedback,Career Growth
258,Conner Mcintyre,"Category 3: 'Solid Performer' (High performance, Low potential)","Conner is such a whiz when it comes to learning new software programs. I've consistently come to rely on him to train younger colleagues on every update. Unfortunately, his communication skills can be halting and limited. Moreover, his grammar and spelling are so poor that I'd be nervous having him send any kind of reports to clients. Thus, though Conner is a delight to have on our team I don't see much room for promotion for him.",False,False,2,434,5,2,0,conner is such a whiz when it come to learning new software program ive consistently come to rely on him to train younger colleague on every update unfortunately his communication skill can be halting and limited moreover his grammar and spelling are so poor that id be nervous having him send any kind of report to client thus though conner is a delight to have on our team i dont see much room for promotion for him,train,Category 3: Solid Performer,High Performance,Low Potential,Positive Feedback,Career Growth,Communication; Skill Gap; Team Collaboration; Career Growth,Positive Feedback,Career Growth
253,Matthew Reid,"Category 3: 'Solid Performer' (High performance, Low potential)","My friend and colleague, Matthew Reid, is a great addition to any team. His work is quite impressive, never late, and some of the finest on our division. However, with such a great work ethic that he fails to apply fully to reaching a higher position in this company, I believe he has his eyes on other ventures. I would love to recruit and keep Matthew in our company, but I can't trust that we won't pour resources into his success only for him to leave for a bigger company.",False,False,2,477,4,2,0,my friend and colleague matthew reid is a great addition to any team his work is quite impressive never late and some of the finest on our division however with such a great work ethic that he fails to apply fully to reaching a higher position in this company i believe he ha his eye on other venture i would love to recruit and keep matthew in our company but i cant trust that we wont pour resource into his success only for him to leave for a bigger company,train,Category 3: Solid Performer,High Performance,Low Potential,Positive Feedback,Work Culture,Attendance / Punctuality; Team Collaboration,Positive Feedback,Work Culture
261,Conner Mcintyre,"Category 3: 'Solid Performer' (High performance, Low potential)",The conner mcintyre is a solid high performer. It is very good in its potential. It has a high performance and it is great that it has it. Although the conner mcintyre has a high performance it potential is somewhat low.,False,False,2,220,4,2,0,the conner mcintyre is a solid high performer it is very good in it potential it ha a high performance and it is great that it ha it although the conner mcintyre ha a high performance it potential is somewhat low,train,Category 3: Solid Performer,High Performance,Low Potential,Positive Feedback,Career Growth,Performance Quality; Leadership Potential,Positive Feedback,Career Growth
257,Matthew Reid,"Category 3: 'Solid Performer' (High performance, Low potential)","Matthew has proven to be exceptional at his duties. He is a consistent top performer day in and day out. That said, he has not shown much desire to venture outside of his job description. While he is a strong worker, he doesn't seem very interested in growing at all.",False,False,2,267,4,2,0,matthew ha proven to be exceptional at his duty he is a consistent top performer day in and day out that said he ha not shown much desire to venture outside of his job description while he is a strong worker he doesnt seem very interested in growing at all,train,Category 3: Solid Performer,High Performance,Low Potential,Positive Feedback,Work Culture,General Employee Feedback,Positive Feedback,Work Culture
252,Freya Price,"Category 3: 'Solid Performer' (High performance, Low potential)","Freya is great when it comes to working hard in her current role. However, it's very difficult teaching her new tasks or relying on her to work 100% independently. As a result, I can't see much indication that Freya would be able to handle the pressures and responsibilities of any jobs further up the ladder. But for what she is doing now, she is doing great and works very hard.",False,False,2,380,4,2,0,freya is great when it come to working hard in her current role however it very difficult teaching her new task or relying on her to work 100 independently a a result i cant see much indication that freya would be able to handle the pressure and responsibility of any job further up the ladder but for what she is doing now she is doing great and work very hard,train,Category 3: Solid Performer,High Performance,Low Potential,Positive Feedback,Work Culture,General Employee Feedback,Positive Feedback,Work Culture
246,Edward Bates,"Category 3: 'Solid Performer' (High performance, Low potential)","Edward is incredibly dedicated to his work. Even when clients call him with last minute requests at midnight he's still willing to pull an all-nighter to respond to the issue. I'm impressed by his work ethic, which is among the best I've seen bar none. Unfortunately, Edward is so in the weeds with his work that it's hard for him to see the big picture. This capability is necessary for him to be promoted to the director level, so I do not see him advancing far from here.",False,False,2,474,5,2,0,edward is incredibly dedicated to his work even when client call him with last minute request at midnight he still willing to pull an allnighter to respond to the issue im impressed by his work ethic which is among the best ive seen bar none unfortunately edward is so in the weed with his work that it hard for him to see the big picture this capability is necessary for him to be promoted to the director level so i do not see him advancing far from here,train,Category 3: Solid Performer,High Performance,Low Potential,Positive Feedback,Work Culture,General Employee Feedback,Positive Feedback,Work Culture
249,Freya Price,"Category 3: 'Solid Performer' (High performance, Low potential)","Freya Price exceeded expectations on all her deliverables in this period. She displayed hard work to make this happen. Though she delivered exceptionally, this was due to her hard work but not the team collaboration. She struggles to pull the team together so the team feels lost. With that, it appears that she has not demonstrated the capability to move higher in the organization.",False,False,2,383,5,2,0,freya price exceeded expectation on all her deliverable in this period she displayed hard work to make this happen though she delivered exceptionally this wa due to her hard work but not the team collaboration she struggle to pull the team together so the team feel lost with that it appears that she ha not demonstrated the capability to move higher in the organization,train,Category 3: Solid Performer,High Performance,Low Potential,Positive Feedback,Work Culture,Performance Quality; Team Collaboration,Positive Feedback,Work Culture
247,Edward Bates,"Category 3: 'Solid Performer' (High performance, Low potential)","Edward is a bit dull. He generally does not participate any company's activities. He does not smile.
However, he has been delivering his work without delay. Overall his work is good. 
He has shown no interest in growing, either in further his knowledge of the business, or building better relationship with colleagues or clients.",False,False,2,329,6,2,0,edward is a bit dull he generally doe not participate any company activity he doe not smile however he ha been delivering his work without delay overall his work is good he ha shown no interest in growing either in further his knowledge of the business or building better relationship with colleague or client,train,Category 3: Solid Performer,High Performance,Low Potential,Positive Feedback,Work Culture,General Employee Feedback,Positive Feedback,Work Culture
245,Edward Bates,"Category 3: 'Solid Performer' (High performance, Low potential)","Edward Bates is extremely committed as an employee, he is always the first to show up and the last to leave. He spends a lot of time on details often overlooked by other employees and is exceptionally dedicated. On the other hand, I find it difficult to imagine in which ways Edward could continue to grow as an employee. He is not the most creative coming up with new solutions to uncommon problems, and due to that lack of ingenuity, I struggle to ever see him as the star employee. Still, he is a solid reliable addition to any team.",False,False,2,536,5,2,0,edward bates is extremely committed a an employee he is always the first to show up and the last to leave he spends a lot of time on detail often overlooked by other employee and is exceptionally dedicated on the other hand i find it difficult to imagine in which way edward could continue to grow a an employee he is not the most creative coming up with new solution to uncommon problem and due to that lack of ingenuity i struggle to ever see him a the star employee still he is a solid reliable addition to any team,train,Category 3: Solid Performer,High Performance,Low Potential,Positive Feedback,Work Culture,Team Collaboration,Positive Feedback,Work Culture
244,Edward Bates,"Category 3: 'Solid Performer' (High performance, Low potential)","Surreal is how I describe the achievements of Edward Bates this quarter.  He sat first chair on two important trials, leading to successful jury verdicts in both matters.  It is apparent to many of us in the firm, however, that Edward sees his future in politics and not as a shareholder of the firm.  He is active in Camden County politics and is rumored to be a future candidate for State Senate in the 6th legislative district.",False,False,2,430,4,2,0,surreal is how i describe the achievement of edward bates this quarter he sat first chair on two important trial leading to successful jury verdict in both matter it is apparent to many of u in the firm however that edward see his future in politics and not a a shareholder of the firm he is active in camden county politics and is rumored to be a future candidate for state senate in the 6th legislative district,train,Category 3: Solid Performer,High Performance,Low Potential,Positive Feedback,Career Growth,Leadership Potential,Positive Feedback,Career Growth
243,Edward Bates,"Category 3: 'Solid Performer' (High performance, Low potential)","Edward is doing such a great job with his work. Every day he is consistent at or near the top performers. He has really refined his ability to do what is expected of him. However, it seems he doesn't have much interest in straying from the scope of his duties.",False,False,2,260,4,2,0,edward is doing such a great job with his work every day he is consistent at or near the top performer he ha really refined his ability to do what is expected of him however it seems he doesnt have much interest in straying from the scope of his duty,train,Category 3: Solid Performer,High Performance,Low Potential,Positive Feedback,Work Culture,General Employee Feedback,Positive Feedback,Work Culture
242,Eloise Foster,"Category 3: 'Solid Performer' (High performance, Low potential)","Ms. Foster has done remarkably well on this project. She went above and beyond with her presentation, and made sure to cover any confusing areas in extra detail. Unfortunately her performance this project seems to be an outlier. That is, she does not usually do this well. I am wondering if she should be moved to a team that deals with this kind of project more often.",False,False,2,369,5,2,0,m foster ha done remarkably well on this project she went above and beyond with her presentation and made sure to cover any confusing area in extra detail unfortunately her performance this project seems to be an outlier that is she doe not usually do this well i am wondering if she should be moved to a team that deal with this kind of project more often,train,Category 3: Solid Performer,High Performance,Low Potential,Positive Feedback,Work Culture,Performance Quality; Team Collaboration,Positive Feedback,Work Culture
262,Conner Mcintyre,"Category 3: 'Solid Performer' (High performance, Low potential)","Conner Mcintyre did a good job. His performance was solid and met standards. He can be proud of the job he did. Not much can be improved, can't get much better.",False,False,2,160,4,2,0,conner mcintyre did a good job his performance wa solid and met standard he can be proud of the job he did not much can be improved cant get much better,train,Category 3: Solid Performer,High Performance,Low Potential,Positive Feedback,Work Culture,Performance Quality,Positive Feedback,Work Culture
239,Eloise Foster,"Category 3: 'Solid Performer' (High performance, Low potential)","Eloise is a hard worker. She has performed every task with due diligence and competence. We are all happy with her being part of the team. 

However, Eloise has been reluctant to rise to occasions, generally fails to take initiatives. She also seems to lack enthusiasm with the company's mission.",False,False,2,296,5,2,0,eloise is a hard worker she ha performed every task with due diligence and competence we are all happy with her being part of the team however eloise ha been reluctant to rise to occasion generally fails to take initiative she also seems to lack enthusiasm with the company mission,train,Category 3: Solid Performer,High Performance,Low Potential,Positive Feedback,Work Culture,Team Collaboration,Positive Feedback,Work Culture
251,Freya Price,"Category 3: 'Solid Performer' (High performance, Low potential)",Freya is a very consistent worker. She always produces high quality work and always meets her deadlines. She is very detail orientated and always gets her work done. However she is a bit complacent and is generally unwilling to improve herself. She doesn't really respond to feedback and generally ignores comments from supervisors. However that being said she still is a very strong worker but it doesn't seem she will improve anymore.,False,False,2,436,6,2,0,freya is a very consistent worker she always produce high quality work and always meet her deadline she is very detail orientated and always get her work done however she is a bit complacent and is generally unwilling to improve herself she doesnt really respond to feedback and generally ignores comment from supervisor however that being said she still is a very strong worker but it doesnt seem she will improve anymore,train,Category 3: Solid Performer,High Performance,Low Potential,Positive Feedback,Work Culture,Communication; Performance Quality,Positive Feedback,Work Culture
10009,Archie Dawson,"Category 3: 'Solid Performer' (High performance, Low potential)","Archie is a great worker. He's often here working overtime and volunteering when others need coverage. I can always count on him to go above and beyond in his workload. Unfortunately, his interest in moving ahead in this company is non existent, and I worry that he may be bored with the quality of work provided. I would like to see him push himself intellectually.",False,False,2,366,5,2,0,archie is a great worker he often here working overtime and volunteering when others need coverage i can always count on him to go above and beyond in his workload unfortunately his interest in moving ahead in this company is non existent and i worry that he may be bored with the quality of work provided i would like to see him push himself intellectually,train,Category 3: Solid Performer,High Performance,Low Potential,Positive Feedback,Work Culture,Performance Quality,Positive Feedback,Work Culture
10013,Archie Dawson,"Category 3: 'Solid Performer' (High performance, Low potential)","Archie Dawson's performance has been awesome. He has been able to provide consistency in his superb skillset. He has exceeded our expectations. However, we hope that he continues to keep his performance level consistent.",False,False,2,220,4,2,0,archie dawson performance ha been awesome he ha been able to provide consistency in his superb skillset he ha exceeded our expectation however we hope that he continues to keep his performance level consistent,train,Category 3: Solid Performer,High Performance,Low Potential,Positive Feedback,Work Culture,Performance Quality,Positive Feedback,Work Culture
238,Eloise Foster,"Category 3: 'Solid Performer' (High performance, Low potential)",Eloise is a very capable worker and always produces excellent work. She always finishes her work early and diligently pursues new tasks. However she responds very poorly to feedback and doesn't seek to improve herself. She is an incredibly strong worker but doesn't seek to improve herself.,False,False,2,290,4,2,0,eloise is a very capable worker and always produce excellent work she always finish her work early and diligently pursues new task however she responds very poorly to feedback and doesnt seek to improve herself she is an incredibly strong worker but doesnt seek to improve herself,train,Category 3: Solid Performer,High Performance,Low Potential,Positive Feedback,Career Growth,Communication,Positive Feedback,Career Growth
10220,Dean Phillips,"Category 3: 'Solid Performer' (High performance, Low potential)","Dean is overall a very effective worker. He is very punctual; he always shows up to work on time and gets his work done in the time allotted. The marketing content he produces for our organization is appealing and spot on for our target audience. He is a great team player and knows how to collaborate with his team and not step on any toes. One area that needs work is that he is not a risk taker and rarely initiates new ideas and projects of his own, but rather waits to be told what to do.",True,True,2,493,5,2,0,dean is overall a very effective worker he is very punctual he always show up to work on time and get his work done in the time allotted the marketing content he produce for our organization is appealing and spot on for our target audience he is a great team player and know how to collaborate with his team and not step on any toe one area that need work is that he is not a risk taker and rarely initiate new idea and project of his own but rather wait to be told what to do,train,Category 3: Solid Performer,High Performance,Low Potential,Positive Feedback,Work Culture,Attendance / Punctuality; Team Collaboration,Positive Feedback,Work Culture
10219,Dean Phillips,"Category 3: 'Solid Performer' (High performance, Low potential)","Working individually, Dean has exceeded expectations. However, he lacks many basic communication skills that interfere with his ability to integrate within the team and have his voice heard. These shortcomings don't affect project contribution as Dean has been used to working on individual projects. As a member, Dean accomplishes many tasks for the team but is not suitable for any other role.",False,False,2,395,4,2,0,working individually dean ha exceeded expectation however he lack many basic communication skill that interfere with his ability to integrate within the team and have his voice heard these shortcoming dont affect project contribution a dean ha been used to working on individual project a a member dean accomplishes many task for the team but is not suitable for any other role,train,Category 3: Solid Performer,High Performance,Low Potential,Positive Feedback,Work Culture,Communication; Skill Gap; Team Collaboration,Positive Feedback,Work Culture
10216,Dean Phillips,"Category 3: 'Solid Performer' (High performance, Low potential)","Dean has contributed heavily to the project in the past quarter. He has led the team charts in task completion. However, he has struggled with taking up responsibilities to deliver complex tasks. He also does not handle high pressure situations well.",False,False,2,250,4,2,0,dean ha contributed heavily to the project in the past quarter he ha led the team chart in task completion however he ha struggled with taking up responsibility to deliver complex task he also doe not handle high pressure situation well,train,Category 3: Solid Performer,High Performance,Low Potential,Positive Feedback,Work Culture,Performance Quality; Team Collaboration,Positive Feedback,Work Culture
10180,Aniya Sullivan,"Category 3: 'Solid Performer' (High performance, Low potential)","Aniya is very good at what she does, and a favourite of the whole team. At the end of the quarter, she is one of the members we rely on the most due to her high output. She is a consistent worker. Unlikely to be moved into managerial roles as she has struggled with leadership.",False,False,2,277,4,2,0,aniya is very good at what she doe and a favourite of the whole team at the end of the quarter she is one of the member we rely on the most due to her high output she is a consistent worker unlikely to be moved into managerial role a she ha struggled with leadership,train,Category 3: Solid Performer,High Performance,Low Potential,Positive Feedback,Career Growth,Leadership Potential; Team Collaboration,Positive Feedback,Career Growth
10137,Markus Mathews,"Category 3: 'Solid Performer' (High performance, Low potential)","Markus is a great employee, he did a lot for the company and provided some great idea to upgrade our products. He is working hard and is showing it off by the quality of his work wich is great compared to his colleague. His performance are good but he dont have a lot of potential on the long run because he cannot accept the autority that other have on him, he always want to decide on his own and seems to think he is the boss. This is why he is not very appreciated by us even if he have hight performance.",False,False,2,509,4,2,0,markus is a great employee he did a lot for the company and provided some great idea to upgrade our product he is working hard and is showing it off by the quality of his work wich is great compared to his colleague his performance are good but he dont have a lot of potential on the long run because he cannot accept the autority that other have on him he always want to decide on his own and seems to think he is the bos this is why he is not very appreciated by u even if he have hight performance,train,Category 3: Solid Performer,High Performance,Low Potential,Positive Feedback,Work Culture,Performance Quality; Leadership Potential,Positive Feedback,Work Culture
10012,Archie Dawson,"Category 3: 'Solid Performer' (High performance, Low potential)","Archie has shown considerable improvements in the past half-year. He has taken many initiatives in documenting the workflows and creating a solid knowledge base. However, he needs to work on his technical skills as well, because with his core competency, the migration project cannot be handled smoothly. I am sure his upcoming technology certification will boost his growth.",False,False,2,375,4,2,0,archie ha shown considerable improvement in the past halfyear he ha taken many initiative in documenting the workflow and creating a solid knowledge base however he need to work on his technical skill a well because with his core competency the migration project cannot be handled smoothly i am sure his upcoming technology certification will boost his growth,train,Category 3: Solid Performer,High Performance,Low Potential,Positive Feedback,Career Growth,Skill Gap; Career Growth,Positive Feedback,Career Growth
10136,Markus Mathews,"Category 3: 'Solid Performer' (High performance, Low potential)","Markus consistently puts in an effort to get his work completed on time. He is a master of his own area and I think that trying to move him on to bigger things may prove unsuccessful - however, he is very well equipped to deal with the type of work he currently does.",True,True,2,267,2,2,0,markus consistently put in an effort to get his work completed on time he is a master of his own area and i think that trying to move him on to bigger thing may prove unsuccessful however he is very well equipped to deal with the type of work he currently doe,train,Category 3: Solid Performer,High Performance,Low Potential,Positive Feedback,Work Culture,Skill Gap,Positive Feedback,Work Culture
10095,Peter Allen,"Category 3: 'Solid Performer' (High performance, Low potential)","Peter is a really hard working guy. When he joined the team, he was lacking in skills & attributes in many areas. However, he kept taking huge efforts to overcome his weak competencies & went on to become one of the core pillars of this project. It is hard to imagine this team without his contributions & would like him to step up further to lead it from the front in future.",False,False,2,376,4,2,0,peter is a really hard working guy when he joined the team he wa lacking in skill attribute in many area however he kept taking huge effort to overcome his weak competency went on to become one of the core pillar of this project it is hard to imagine this team without his contribution would like him to step up further to lead it from the front in future,train,Category 3: Solid Performer,High Performance,Low Potential,Positive Feedback,Career Growth,Skill Gap; Leadership Potential; Team Collaboration,Positive Feedback,Career Growth
10094,Peter Allen,"Category 3: 'Solid Performer' (High performance, Low potential)",Peter Allen does a pretty decent job. Though he needs some improvement in some areas he still manages to do a good job. Though he is not that good at managing people but he can be great team person.Overall  he does rather good work whatever he is into.,False,False,2,252,3,2,0,peter allen doe a pretty decent job though he need some improvement in some area he still manages to do a good job though he is not that good at managing people but he can be great team personoverall he doe rather good work whatever he is into,train,Category 3: Solid Performer,High Performance,Low Potential,Positive Feedback,Work Culture,Team Collaboration,Positive Feedback,Work Culture
10093,Peter Allen,"Category 3: 'Solid Performer' (High performance, Low potential)","Peter is a great performer, but just a little low on the potential side. He does well when asked, but there doesn't seem to be much motivation on his own beyond that. I think he can do well when put on the spot, but he gives up after that. Overall, I like Peter and I always enjoy him on my team.",False,False,2,296,4,2,0,peter is a great performer but just a little low on the potential side he doe well when asked but there doesnt seem to be much motivation on his own beyond that i think he can do well when put on the spot but he give up after that overall i like peter and i always enjoy him on my team,train,Category 3: Solid Performer,High Performance,Low Potential,Positive Feedback,Career Growth,Leadership Potential; Team Collaboration,Positive Feedback,Career Growth
10092,Peter Allen,"Category 3: 'Solid Performer' (High performance, Low potential)",Peter Allen is a friendly person who helps the co-worker very much. He is one of the outstanding person in the company he used to finish the work in time with high productivity. He is more of a smart worker and he manages his work perfectly. His performance is so high compared to other workers,False,False,2,294,4,2,0,peter allen is a friendly person who help the coworker very much he is one of the outstanding person in the company he used to finish the work in time with high productivity he is more of a smart worker and he manages his work perfectly his performance is so high compared to other worker,train,Category 3: Solid Performer,High Performance,Low Potential,Positive Feedback,Work Culture,Performance Quality,Positive Feedback,Work Culture
10056,Jessica Dixon,"Category 3: 'Solid Performer' (High performance, Low potential)",Jessica is a hardworking person. She knows very well what she is doing. Her work is always accurate and on time. But I think at her work she achieved her highest point. It is a challenge for her to grow.,False,False,2,203,5,2,0,jessica is a hardworking person she know very well what she is doing her work is always accurate and on time but i think at her work she achieved her highest point it is a challenge for her to grow,train,Category 3: Solid Performer,High Performance,Low Potential,Positive Feedback,Work Culture,General Employee Feedback,Positive Feedback,Work Culture
10055,Jessica Dixon,"Category 3: 'Solid Performer' (High performance, Low potential)","Jessica is efficient at accomplishing her tasks. Although she does not take much initiative, she is consistently helpful and willing to pitch in. She exceeds at collaborating with her peers. She sticks to timelines and deadlines well.",False,False,2,234,4,2,0,jessica is efficient at accomplishing her task although she doe not take much initiative she is consistently helpful and willing to pitch in she exceeds at collaborating with her peer she stick to timeline and deadline well,train,Category 3: Solid Performer,High Performance,Low Potential,Positive Feedback,Work Culture,Team Collaboration,Positive Feedback,Work Culture
10135,Markus Mathews,"Category 3: 'Solid Performer' (High performance, Low potential)","Mark is a man of commitment. He has delivered some great results over the past few months thanks to his solid fundamentals. However, he needs to increase his depth in certain core areas without which it will be a tough road ahead of him. In this business, knowing deeply about a few little things trumps knowing a little about many different things, that is, depth is greater than breadth.",False,False,2,389,4,2,0,mark is a man of commitment he ha delivered some great result over the past few month thanks to his solid fundamental however he need to increase his depth in certain core area without which it will be a tough road ahead of him in this business knowing deeply about a few little thing trump knowing a little about many different thing that is depth is greater than breadth,train,Category 3: Solid Performer,High Performance,Low Potential,Positive Feedback,Work Culture,Performance Quality,Positive Feedback,Work Culture
195,Edward Bates,"Category 3: 'Solid Performer' (High performance, Low potential)",Edward Bates performance is great. He completes what is needed with no problems. What is concerning is his potential. He is lacking the potential to move forward.,False,False,2,162,4,2,0,edward bates performance is great he completes what is needed with no problem what is concerning is his potential he is lacking the potential to move forward,train,Category 3: Solid Performer,High Performance,Low Potential,Positive Feedback,Career Growth,Performance Quality; Leadership Potential,Positive Feedback,Career Growth
233,Benjamin Roberts,"Category 3: 'Solid Performer' (High performance, Low potential)","Benjamin's performance and numbers are outstanding. He consistently excels in everything he does and streamlines workflow for the company. However, he has low potential and this is something that would need to be worked on. Perhaps more training and brainstorming meetings would help improve the overall potential and ability for Benjamin to improve quality in the long-run. Though overall his work is top-notch currently.",False,False,2,422,5,2,0,benjamin performance and number are outstanding he consistently excels in everything he doe and streamlines workflow for the company however he ha low potential and this is something that would need to be worked on perhaps more training and brainstorming meeting would help improve the overall potential and ability for benjamin to improve quality in the longrun though overall his work is topnotch currently,train,Category 3: Solid Performer,High Performance,Low Potential,Positive Feedback,Career Growth,Performance Quality; Skill Gap; Leadership Potential,Positive Feedback,Career Growth
199,Freya Price,"Category 3: 'Solid Performer' (High performance, Low potential)","Freya Price has the right mindset and attitude needed to succeed, despite her having issues problem solving. I think that with proper communication she can be a very reliable employee. However I would not entrust any grand responsibilities onto her with hopes of ingenuity. Every employee has a role and hers is one that we embrace.",False,False,2,332,4,2,0,freya price ha the right mindset and attitude needed to succeed despite her having issue problem solving i think that with proper communication she can be a very reliable employee however i would not entrust any grand responsibility onto her with hope of ingenuity every employee ha a role and hers is one that we embrace,train,Category 3: Solid Performer,High Performance,Low Potential,Positive Feedback,Management Issues,Communication,Positive Feedback,Work Culture
198,Freya Price,"Category 3: 'Solid Performer' (High performance, Low potential)",Freya price is a hard worker. There always has to be solid support at the entry level and this is it. She gives 100% every time but only when the bare minimum is required.,False,False,2,171,3,2,0,freya price is a hard worker there always ha to be solid support at the entry level and this is it she give 100 every time but only when the bare minimum is required,train,Category 3: Solid Performer,High Performance,Low Potential,Positive Feedback,Work Culture,General Employee Feedback,Positive Feedback,Work Culture
196,Edward Bates,"Category 3: 'Solid Performer' (High performance, Low potential)","Edward is someone that I know I can count on in a pinch if a client has requested a report at the last minute. He will stay up late to get the job done on time because he's that conscientious about his work. As much as I appreciate his technical abilities and his diligence I do not see him advancing much further from where he is, because he is so quiet and introverted. Our business requires an aggressive personality for client development and clients find it hard to connect with Edward.",False,False,2,491,4,2,0,edward is someone that i know i can count on in a pinch if a client ha requested a report at the last minute he will stay up late to get the job done on time because he that conscientious about his work a much a i appreciate his technical ability and his diligence i do not see him advancing much further from where he is because he is so quiet and introverted our business requires an aggressive personality for client development and client find it hard to connect with edward,train,Category 3: Solid Performer,High Performance,Low Potential,Positive Feedback,Work Culture,Attendance / Punctuality; Skill Gap,Positive Feedback,Work Culture
193,Eloise Foster,"Category 3: 'Solid Performer' (High performance, Low potential)","I know that I can always count on Eloise to turn in high quality work product to me. She's always met every single deadline I've asked her to meet. Moreover, I never have to review her work since she's so reliable and consistently shows her sophistication in research and writing. At the same time, I believe she's hit her maximum capacity and thus don't see much room for growth in her remaining.",False,False,2,397,4,2,0,i know that i can always count on eloise to turn in high quality work product to me shes always met every single deadline ive asked her to meet moreover i never have to review her work since shes so reliable and consistently show her sophistication in research and writing at the same time i believe shes hit her maximum capacity and thus dont see much room for growth in her remaining,train,Category 3: Solid Performer,High Performance,Low Potential,Positive Feedback,Work Culture,Performance Quality; Career Growth,Positive Feedback,Work Culture
192,Eloise Foster,"Category 3: 'Solid Performer' (High performance, Low potential)",Eloise is a great employee but doesn't have much ambition. She needs to try to help others or become passionate about something outside of her work so she can be promoted into a different role. She is consistently performing well and is a role model to her peers. I expect her to continuously exceed at her work.,False,False,2,312,4,2,0,eloise is a great employee but doesnt have much ambition she need to try to help others or become passionate about something outside of her work so she can be promoted into a different role she is consistently performing well and is a role model to her peer i expect her to continuously exceed at her work,train,Category 3: Solid Performer,High Performance,Low Potential,Positive Feedback,Work Culture,Team Collaboration,Positive Feedback,Work Culture
191,Benjamin Roberts,"Category 3: 'Solid Performer' (High performance, Low potential)","Ben was a great colleague of mine. He did his day to day tasks and went above and beyond. Everything i had him do, he did well. Unfortunately I believe he has maxed out his potential with us",False,False,2,190,4,2,0,ben wa a great colleague of mine he did his day to day task and went above and beyond everything i had him do he did well unfortunately i believe he ha maxed out his potential with u,train,Category 3: Solid Performer,High Performance,Low Potential,Positive Feedback,Career Growth,Leadership Potential,Positive Feedback,Career Growth
187,Eloise Foster,"Category 3: 'Solid Performer' (High performance, Low potential)",Foster works really hard to acheive his targets. He has a few issues when explaining the idea to a larger group of people. He needs more guidance to acheive more outcome. More interactions with the clients enable him to explore more issues and their solutions. He is a good team leader.,False,False,2,286,5,2,0,foster work really hard to acheive his target he ha a few issue when explaining the idea to a larger group of people he need more guidance to acheive more outcome more interaction with the client enable him to explore more issue and their solution he is a good team leader,train,Category 3: Solid Performer,High Performance,Low Potential,Positive Feedback,Management Issues,Leadership Potential; Team Collaboration,Positive Feedback,Management Issues
186,Eloise Foster,"Category 3: 'Solid Performer' (High performance, Low potential)","Eloise Foster is a follower rather than a leader. While she does complete her tasks in a timely manner, she does so without being inventive.
In team settings she gladly does the lions share of work. But does not contribute her own ideas. She will gladly let someone else take the lead.",False,False,2,285,5,2,0,eloise foster is a follower rather than a leader while she doe complete her task in a timely manner she doe so without being inventive in team setting she gladly doe the lion share of work but doe not contribute her own idea she will gladly let someone else take the lead,train,Category 3: Solid Performer,High Performance,Low Potential,Positive Feedback,Management Issues,Leadership Potential; Team Collaboration,Positive Feedback,Work Culture
184,Benjamin Roberts,"Category 3: 'Solid Performer' (High performance, Low potential)","Ben is a great worker who blazes through his duties. His is smart, diligent, and enthusiastic about completing his work. On the flip side, he doesn't really venture outside of his prescribed duties. He also hasn't shown much interest in doing so, either. That said, he is an absolutely workhorse who's doing great with his current duties.",False,False,2,338,5,2,0,ben is a great worker who blaze through his duty his is smart diligent and enthusiastic about completing his work on the flip side he doesnt really venture outside of his prescribed duty he also hasnt shown much interest in doing so either that said he is an absolutely workhorse who doing great with his current duty,train,Category 3: Solid Performer,High Performance,Low Potential,Positive Feedback,Work Culture,General Employee Feedback,Positive Feedback,Work Culture
183,Benjamin Roberts,"Category 3: 'Solid Performer' (High performance, Low potential)","Whenever I give Benjamin an assignment, I put 100% of my trust in him to get the job done, and to get the job done well. I never need to question whether he understood the instructions I provided, or whether he will need follow-up assistance. I love that he's self-motivated and confident enough to complete tasks independently. However, because Benjamin is not interested in the client-facing projects available at our company I do not see him advancing much further in his positions since he is not interested in taking on jobs with more of a challenge.",False,False,2,555,4,2,0,whenever i give benjamin an assignment i put 100 of my trust in him to get the job done and to get the job done well i never need to question whether he understood the instruction i provided or whether he will need followup assistance i love that he selfmotivated and confident enough to complete task independently however because benjamin is not interested in the clientfacing project available at our company i do not see him advancing much further in his position since he is not interested in taking on job with more of a challenge,train,Category 3: Solid Performer,High Performance,Low Potential,Positive Feedback,Work Culture,General Employee Feedback,Positive Feedback,Work Culture
182,Bruno Johns,"Category 3: 'Solid Performer' (High performance, Low potential)","Bruno Johns had a rather strong showing tis quarter with the sales volume. Given his high performance this time around, I question his ability to continue in the long run. We will need to evaluate further to gain a better understanding. He works hard but also has other priorities.",False,False,2,281,4,2,0,bruno john had a rather strong showing ti quarter with the sale volume given his high performance this time around i question his ability to continue in the long run we will need to evaluate further to gain a better understanding he work hard but also ha other priority,train,Category 3: Solid Performer,High Performance,Low Potential,Positive Feedback,Work Culture,Performance Quality,Positive Feedback,Work Culture
181,Bruno Johns,"Category 3: 'Solid Performer' (High performance, Low potential)","Bruno johns is person who performs really great .He is a solid performer. He also does his best in every job assigned .
but the potential of Bruno johns is low",False,False,2,159,3,2,0,bruno john is person who performs really great he is a solid performer he also doe his best in every job assigned but the potential of bruno john is low,train,Category 3: Solid Performer,High Performance,Low Potential,Positive Feedback,Career Growth,Leadership Potential,Positive Feedback,Career Growth
179,Bruno Johns,"Category 3: 'Solid Performer' (High performance, Low potential)",IT WAS GOOD. The employee fully meets the established job expectations and is a reliable and solid performer. The employee generally performs well and requires little additional guidance. The individual demonstrates initiative to meet goals and objectives of the position.,False,False,2,272,4,2,0,it wa good the employee fully meet the established job expectation and is a reliable and solid performer the employee generally performs well and requires little additional guidance the individual demonstrates initiative to meet goal and objective of the position,train,Category 3: Solid Performer,High Performance,Low Potential,Positive Feedback,Management Issues,Leadership Potential,Positive Feedback,Management Issues
177,Bruno Johns,"Category 3: 'Solid Performer' (High performance, Low potential)","John Bruno is a definite asset to your dealership.   I am so happy to be dealing with him during the termination of my 7th vehicle.   He and I understood each other and we were able to make this a very pleasant experience.   He was instrumental in closing this deal with me, as I had already decided that I was not going to return.   However, John made me the offer I was expecting to get initially.  He is a great salesperson, and my husband and I will probably be back to work with him for our 8th and 9th lease.    Thanks John, you are special.   :)",False,False,2,552,8,2,0,john bruno is a definite asset to your dealership i am so happy to be dealing with him during the termination of my 7th vehicle he and i understood each other and we were able to make this a very pleasant experience he wa instrumental in closing this deal with me a i had already decided that i wa not going to return however john made me the offer i wa expecting to get initially he is a great salesperson and my husband and i will probably be back to work with him for our 8th and 9th lease thanks john you are special,train,Category 3: Solid Performer,High Performance,Low Potential,Positive Feedback,Work Culture,General Employee Feedback,Positive Feedback,Work Culture
235,Benjamin Roberts,"Category 3: 'Solid Performer' (High performance, Low potential)","I've never met a harder worker than Benjamin. He's usually the last person to leave the office and I'm always impressed by his dedication to client service. His work is impeccable and he is always eager to jump on new projects and expand his skillset. Unfortunately he is so shy and reserved that I don't see him being able to make the jump up to the director level, since that position requires him to be much more aggressive about building and creating client relationships.",False,False,2,476,4,2,0,ive never met a harder worker than benjamin he usually the last person to leave the office and im always impressed by his dedication to client service his work is impeccable and he is always eager to jump on new project and expand his skillset unfortunately he is so shy and reserved that i dont see him being able to make the jump up to the director level since that position requires him to be much more aggressive about building and creating client relationship,train,Category 3: Solid Performer,High Performance,Low Potential,Positive Feedback,Work Culture,General Employee Feedback,Positive Feedback,Work Culture
201,Matthew Reid,"Category 3: 'Solid Performer' (High performance, Low potential)","I consider Matthew to be the true quarterback of my team of analysts. He is so reliable and his colleagues really respect his advice and opinions about research analysis, report drafting, and client interactions. Unfortunately, however, I think Matthew's chances of promotion to the partner level are slim. He hasn't demonstrated enough ambition or boldness to be able to bring in new client business, and this personality limitation is going to be a hindrance that will be very hard for him to overcome.",False,False,2,504,4,2,0,i consider matthew to be the true quarterback of my team of analyst he is so reliable and his colleague really respect his advice and opinion about research analysis report drafting and client interaction unfortunately however i think matthew chance of promotion to the partner level are slim he hasnt demonstrated enough ambition or boldness to be able to bring in new client business and this personality limitation is going to be a hindrance that will be very hard for him to overcome,train,Category 3: Solid Performer,High Performance,Low Potential,Positive Feedback,Work Culture,Team Collaboration; Career Growth,Positive Feedback,Work Culture
203,Matthew Reid,"Category 3: 'Solid Performer' (High performance, Low potential)","Matthew never steps a foot wrong, he always gets the job done to a well standard and is a joy to work with. Matthew makes sure he listens to others and uses their feedback to help better his work, which allows him to never step a foot wrong. Matthew should try and discuss ideas with others which may help take his work to that next stage, it'll not only mean better quality work but it'll show that he has great leadership skills.",False,False,2,431,3,2,0,matthew never step a foot wrong he always get the job done to a well standard and is a joy to work with matthew make sure he listens to others and us their feedback to help better his work which allows him to never step a foot wrong matthew should try and discus idea with others which may help take his work to that next stage itll not only mean better quality work but itll show that he ha great leadership skill,train,Category 3: Solid Performer,High Performance,Low Potential,Positive Feedback,Work Culture,Communication; Performance Quality; Skill Gap; Leadership Potential,Positive Feedback,Work Culture
189,Benjamin Roberts,"Category 3: 'Solid Performer' (High performance, Low potential)","Benjamin is someone that I can always rely on to turn in strong work. He always meets his deadlines, but more often he will turn in work several days early, which I always appreciate. He doesn't have much more room to grow and improve but ultimately I appreciate that Benjamin is a rock on his team who's always steady, stable, and ready to get the job done. I've been very happy with the reports that I've received from him.",False,False,2,425,4,2,0,benjamin is someone that i can always rely on to turn in strong work he always meet his deadline but more often he will turn in work several day early which i always appreciate he doesnt have much more room to grow and improve but ultimately i appreciate that benjamin is a rock on his team who always steady stable and ready to get the job done ive been very happy with the report that ive received from him,train,Category 3: Solid Performer,High Performance,Low Potential,Positive Feedback,Work Culture,Team Collaboration,Positive Feedback,Work Culture
231,Braydon Terrell,"Category 3: 'Solid Performer' (High performance, Low potential)","Braydon Terrell has been a solid performer for our company this quarter. He has demonstrated high performance in his ability to cultivate and maintain sales. He does well with the resources and contacts that have been given to him, and has worked at a steady level. Mr. Terrell has not demonstrated the potential to build upon the sales that he makes, but continues to do well with existing clients.",False,False,2,399,4,2,0,braydon terrell ha been a solid performer for our company this quarter he ha demonstrated high performance in his ability to cultivate and maintain sale he doe well with the resource and contact that have been given to him and ha worked at a steady level mr terrell ha not demonstrated the potential to build upon the sale that he make but continues to do well with existing client,train,Category 3: Solid Performer,High Performance,Low Potential,Positive Feedback,Career Growth,Performance Quality; Leadership Potential,Positive Feedback,Career Growth
204,Conner Mcintyre,"Category 3: 'Solid Performer' (High performance, Low potential)",The employee fully meets the established job expectations and is a reliable and solid performer. The employee generally performs well and requires little additional guidance. The individual demonstrates initiative to meet goals and objectives of the position.,False,False,2,259,3,2,0,the employee fully meet the established job expectation and is a reliable and solid performer the employee generally performs well and requires little additional guidance the individual demonstrates initiative to meet goal and objective of the position,train,Category 3: Solid Performer,High Performance,Low Potential,Positive Feedback,Management Issues,Leadership Potential,Positive Feedback,Management Issues
230,Braydon Terrell,"Category 3: 'Solid Performer' (High performance, Low potential)","Braydon Terell has earned the solid performer rating during the current evaluation period.  During this time he has excelled in repetitive, simple tasks that required basic knowledge of the business.  He has mastered these introductory assignments, but has shown little desire to go beyond to more complex ones requiring mental agility and judgment calls. Also, he shies away from assignments requiring interpersonal contact with internal and external customers.  We think he can do more, but he needs to communicate this preference if he wants to advance.",False,False,2,556,5,2,0,braydon terell ha earned the solid performer rating during the current evaluation period during this time he ha excelled in repetitive simple task that required basic knowledge of the business he ha mastered these introductory assignment but ha shown little desire to go beyond to more complex one requiring mental agility and judgment call also he shy away from assignment requiring interpersonal contact with internal and external customer we think he can do more but he need to communicate this preference if he want to advance,train,Category 3: Solid Performer,High Performance,Low Potential,Positive Feedback,Management Issues,Communication,Positive Feedback,Career Growth
229,Braydon Terrell,"Category 3: 'Solid Performer' (High performance, Low potential)","Braydon is great with performance based activities on the job. He has a difficult time keeping motivation for the long term goals this company has. There might not be much of a future for this person, due to their lack of energy towards long-term goals. Their lack of promise is saddening since they conduct themselves so well on the day to day basis.",False,False,2,351,4,2,0,braydon is great with performance based activity on the job he ha a difficult time keeping motivation for the long term goal this company ha there might not be much of a future for this person due to their lack of energy towards longterm goal their lack of promise is saddening since they conduct themselves so well on the day to day basis,train,Category 3: Solid Performer,High Performance,Low Potential,Positive Feedback,Career Growth,Performance Quality; Leadership Potential,Positive Feedback,Career Growth
224,Nolan Jacobson,"Category 3: 'Solid Performer' (High performance, Low potential)","Nolan Jackson has been a solid performer for the company this quarter. His ability as a high performer on various tasks has been extremely beneficial and reflective of his diverse skill set. Nolan has shown a low potential for growth and development beyond the skills that he already possesses, however his strong contributions this quarter have been valuable to our company.",False,False,2,375,3,2,0,nolan jackson ha been a solid performer for the company this quarter his ability a a high performer on various task ha been extremely beneficial and reflective of his diverse skill set nolan ha shown a low potential for growth and development beyond the skill that he already posse however his strong contribution this quarter have been valuable to our company,train,Category 3: Solid Performer,High Performance,Low Potential,Positive Feedback,Career Growth,Skill Gap; Leadership Potential; Career Growth,Positive Feedback,Career Growth
223,Nolan Jacobson,"Category 3: 'Solid Performer' (High performance, Low potential)","Nolan is a critical member to have on our team. He is extremely conscientious about his work and is always willing to go the extra mile when I ask for extra volunteers on a last-minute project. However, I believe that Nolan has already met his peak here in the company, since he seems a bit too shy and reserved to make it to the partner level. Partners need to be aggressive about business development and seeking new clients and Nolan would struggle in that capacity.",False,False,2,469,4,2,0,nolan is a critical member to have on our team he is extremely conscientious about his work and is always willing to go the extra mile when i ask for extra volunteer on a lastminute project however i believe that nolan ha already met his peak here in the company since he seems a bit too shy and reserved to make it to the partner level partner need to be aggressive about business development and seeking new client and nolan would struggle in that capacity,train,Category 3: Solid Performer,High Performance,Low Potential,Positive Feedback,Work Culture,Skill Gap; Team Collaboration,Positive Feedback,Work Culture
225,Nolan Jacobson,"Category 3: 'Solid Performer' (High performance, Low potential)","Nolan Jacobson has earned the solid performer rating for the evaluation period.  During this time, he has excelled at simple, repetitive tasks require some degree of analytical and quantitative skill. Tasks at this level are rather straightforward with yes or no outcomes.  He has an above average ability to crunch large numbers of simple problems quickly.  While we think he has the ability to do more, he has not demonstrated the desire to work on other assignments or invest in the personal relationships needed to accomplish team projects.",False,False,2,544,5,2,0,nolan jacobson ha earned the solid performer rating for the evaluation period during this time he ha excelled at simple repetitive task require some degree of analytical and quantitative skill task at this level are rather straightforward with yes or no outcome he ha an above average ability to crunch large number of simple problem quickly while we think he ha the ability to do more he ha not demonstrated the desire to work on other assignment or invest in the personal relationship needed to accomplish team project,train,Category 3: Solid Performer,High Performance,Low Potential,Positive Feedback,Work Culture,Skill Gap; Team Collaboration,Positive Feedback,Work Culture
213,Emilia Davidson,"Category 3: 'Solid Performer' (High performance, Low potential)","Emilia is is a great worker. She is always on time, is very detail oriented, and consistently produces high quality work. My only concern is that she does not respond well to feedback and is a bit complacent. She does not seem to want to learn or improve and is happy with her current skill set. She is a very skilled worker but is unlikely to improve or compromise.",False,False,2,366,5,2,0,emilia is is a great worker she is always on time is very detail oriented and consistently produce high quality work my only concern is that she doe not respond well to feedback and is a bit complacent she doe not seem to want to learn or improve and is happy with her current skill set she is a very skilled worker but is unlikely to improve or compromise,train,Category 3: Solid Performer,High Performance,Low Potential,Positive Feedback,Career Growth,Communication; Performance Quality; Skill Gap,Positive Feedback,Career Growth
221,Nolan Jacobson,"Category 3: 'Solid Performer' (High performance, Low potential)","Nolan Jacobson has kept production levels consistent.  Nolan can be counted on to complete his work and goes beyond to provide more than is expected.  He has high efficency and smashes his goals.  Nolan's output is amazing, I believe he is an asset to our company.",False,False,2,264,4,2,0,nolan jacobson ha kept production level consistent nolan can be counted on to complete his work and go beyond to provide more than is expected he ha high efficency and smash his goal nolans output is amazing i believe he is an asset to our company,train,Category 3: Solid Performer,High Performance,Low Potential,Positive Feedback,Work Culture,General Employee Feedback,Positive Feedback,Work Culture
220,Finley Gray,"Category 3: 'Solid Performer' (High performance, Low potential)","Finley has, as usual, produce quality work. He is easily one of the smartest people in the office, and his work rarely contains any errors. The team rarely has any technical problems when Finley is working with them; however, he does not put in any efforts to improve productivity or the quality of his work. He is often uninterested, and only speaks at work when he has to. Although he is a smart guy, he should seek to greatly improve his attitude towards his work, rather than only working for the paycheck.",False,False,2,510,5,2,0,finley ha a usual produce quality work he is easily one of the smartest people in the office and his work rarely contains any error the team rarely ha any technical problem when finley is working with them however he doe not put in any effort to improve productivity or the quality of his work he is often uninterested and only speaks at work when he ha to although he is a smart guy he should seek to greatly improve his attitude towards his work rather than only working for the paycheck,train,Category 3: Solid Performer,High Performance,Low Potential,Positive Feedback,Work Culture,Performance Quality; Team Collaboration,Positive Feedback,Work Culture
216,Finley Gray,"Category 3: 'Solid Performer' (High performance, Low potential)","Finley always turns in work of impressive quality. She is extremely attentive to detail and always goes the extra mile to check her work. She is skillful at communicating with clients and understanding intuitively what they need from us. At the same time, I don't see Finley succeeding in a manager role in the future, because she has no interest in leading others.",False,False,2,365,4,2,0,finley always turn in work of impressive quality she is extremely attentive to detail and always go the extra mile to check her work she is skillful at communicating with client and understanding intuitively what they need from u at the same time i dont see finley succeeding in a manager role in the future because she ha no interest in leading others,train,Category 3: Solid Performer,High Performance,Low Potential,Positive Feedback,Work Culture,Performance Quality; Leadership Potential,Positive Feedback,Work Culture
215,Emilia Davidson,"Category 3: 'Solid Performer' (High performance, Low potential)","Emilia Davidson has been a consistent employee at our company.  She is very dedicated and determined to complete her assignments, and at the end of the day outshines most of her co-workers with her output.  I believe goal setting in other areas could push Emilia to a possible promotion.  Emilia works very nicely with the standards that our company expects.",False,False,2,358,4,2,0,emilia davidson ha been a consistent employee at our company she is very dedicated and determined to complete her assignment and at the end of the day outshines most of her coworkers with her output i believe goal setting in other area could push emilia to a possible promotion emilia work very nicely with the standard that our company expects,train,Category 3: Solid Performer,High Performance,Low Potential,Positive Feedback,Career Growth,Career Growth,Positive Feedback,Career Growth
214,Emilia Davidson,"Category 3: 'Solid Performer' (High performance, Low potential)","Emilia has produced amazing quality of work this quarter. The work submitted is of top quality, and she often works far more efficiently compared to her coworkers. However, Emilia never seeks to improve her work; she often spends workdays on her phone, and she uses company property for personal use. She is encouraged to maximize her abilities, and be mindful of how she uses company resources.",False,False,2,395,4,2,0,emilia ha produced amazing quality of work this quarter the work submitted is of top quality and she often work far more efficiently compared to her coworkers however emilia never seek to improve her work she often spends workday on her phone and she us company property for personal use she is encouraged to maximize her ability and be mindful of how she us company resource,train,Category 3: Solid Performer,High Performance,Low Potential,Positive Feedback,Work Culture,Performance Quality; Team Collaboration,Positive Feedback,Work Culture
222,Nolan Jacobson,"Category 3: 'Solid Performer' (High performance, Low potential)","Nolan performs well when given direction Nolan's performance is high compared to their peers. Where Nolan might be able to grow is in self- directed tasks, and meaning their own schedule in a more effective way. Nolan seems to be interested in performing their duty as needed but has little interest in going above and beyond.",False,False,2,326,3,2,0,nolan performs well when given direction nolans performance is high compared to their peer where nolan might be able to grow is in self directed task and meaning their own schedule in a more effective way nolan seems to be interested in performing their duty a needed but ha little interest in going above and beyond,train,Category 3: Solid Performer,High Performance,Low Potential,Positive Feedback,Work Culture,Performance Quality; Team Collaboration,Positive Feedback,Work Culture
212,Emilia Davidson,"Category 3: 'Solid Performer' (High performance, Low potential)","Emilia Davidson is great when it comes to her performance. She is always exeptional at what she does. Unfortunately, she lack potential. She will need to work on this to move forward.",False,False,2,183,4,2,0,emilia davidson is great when it come to her performance she is always exeptional at what she doe unfortunately she lack potential she will need to work on this to move forward,train,Category 3: Solid Performer,High Performance,Low Potential,Positive Feedback,Career Growth,Performance Quality; Leadership Potential,Positive Feedback,Career Growth
400,Joseph Burke,"Category 4: 'Inconsistent Player' (Low performance, Moderate potential)",Requires motivation to complete assignments. Develop plan for goals. Needs objectives written with follow up. Demonstrates ability but requires coaching.,True,True,3,153,4,0,1,requires motivation to complete assignment develop plan for goal need objective written with follow up demonstrates ability but requires coaching,train,Category 4: Inconsistent Player,Low Performance,Medium Potential,Negative Feedback,Work Culture,General Employee Feedback,Negative Feedback,Work Culture
502,Kallie Beard,"Category 4: 'Inconsistent Player' (Low performance, Moderate potential)","Kallie Beard should show improvement in task provided to him. Though he has capacity to do, but he may hesitate to work. But he can be improved. He can develop himself.",True,True,3,168,4,0,1,kallie beard should show improvement in task provided to him though he ha capacity to do but he may hesitate to work but he can be improved he can develop himself,train,Category 4: Inconsistent Player,Low Performance,Medium Potential,Negative Feedback,Career Growth,General Employee Feedback,Negative Feedback,Career Growth
558,Logan Ellis,"Category 4: 'Inconsistent Player' (Low performance, Moderate potential)","Logan Ellis is a average worker. I seen him delaying a project so that he can playing games with his friend. He projects have errors and often needs to be re-done. If he focus more on his work, he can be a valuable asset.",True,True,3,221,4,0,1,logan elli is a average worker i seen him delaying a project so that he can playing game with his friend he project have error and often need to be redone if he focus more on his work he can be a valuable asset,train,Category 4: Inconsistent Player,Low Performance,Medium Potential,Negative Feedback,Work Culture,General Employee Feedback,Negative Feedback,Work Culture
551,Braiden Santos,"Category 4: 'Inconsistent Player' (Low performance, Moderate potential)",Braiden Santos has the capacity to do the work. His ability to do the work is more. But he did not do such. And he lacks in that place but he can improve himself.,True,True,3,162,4,0,1,braiden santos ha the capacity to do the work his ability to do the work is more but he did not do such and he lack in that place but he can improve himself,train,Category 4: Inconsistent Player,Low Performance,Medium Potential,Negative Feedback,Work Culture,General Employee Feedback,Negative Feedback,Work Culture
10014,Tom Houghton,"Category 4: 'Inconsistent Player' (Low performance, Moderate potential)",Tom Houghton has shown that his work consistency has been patchy at times. This does not take away from his striving to learn and improve. His work for the team has been at times of high level. Tom will be a better team member if he continues to develop his skills to better himself.,False,False,3,283,4,0,1,tom houghton ha shown that his work consistency ha been patchy at time this doe not take away from his striving to learn and improve his work for the team ha been at time of high level tom will be a better team member if he continues to develop his skill to better himself,train,Category 4: Inconsistent Player,Low Performance,Medium Potential,Negative Feedback,Work Culture,Skill Gap; Team Collaboration,Negative Feedback,Work Culture
532,George Jones,"Category 4: 'Inconsistent Player' (Low performance, Moderate potential)","George sometimes struggles here and there with the assignments I give him, even though I only ask him to complete menial tasks like proofreading and copy-editing. He misses basic spelling errors and most of his work has needed a second set of eyes. However, I believe that George can do much better in the future. I think the reason he turns in low-quality work is that he rushes through assignments, thinking he needs to be the first to complete them. I have now emphasized to him that I care more about the work's quality than I care about his speed, which he understands and is taking to heart.",True,True,3,597,5,0,1,george sometimes struggle here and there with the assignment i give him even though i only ask him to complete menial task like proofreading and copyediting he miss basic spelling error and most of his work ha needed a second set of eye however i believe that george can do much better in the future i think the reason he turn in lowquality work is that he rush through assignment thinking he need to be the first to complete them i have now emphasized to him that i care more about the work quality than i care about his speed which he understands and is taking to heart,train,Category 4: Inconsistent Player,Low Performance,Medium Potential,Negative Feedback,Work Culture,Performance Quality; Leadership Potential,Negative Feedback,Work Culture
373,Jade Mason,"Category 4: 'Inconsistent Player' (Low performance, Moderate potential)","Jade Mason was the desire to work and learn, But Jade seems distracted at time which makes her lose focus on her project, I sometime find myself repeating the same task multiple time. Jade throughout the years has shown much potential and great working skills. Jade needs to have a more one on one management",True,True,3,308,3,0,1,jade mason wa the desire to work and learn but jade seems distracted at time which make her lose focus on her project i sometime find myself repeating the same task multiple time jade throughout the year ha shown much potential and great working skill jade need to have a more one on one management,train,Category 4: Inconsistent Player,Low Performance,Medium Potential,Negative Feedback,Career Growth,Skill Gap; Leadership Potential,Negative Feedback,Career Growth
335,Alfie Wright,"Category 4: 'Inconsistent Player' (Low performance, Moderate potential)","This quarter, Alfie's performance left much to be desired. There are many areas in which he could improve, especially coming through on deadlines. But when he does come through, he comes through well and this reveals a glimmering of perhaps greater potential. It would be nice to get Alfie to get in touch with that part of himself more often.",False,False,3,343,4,0,1,this quarter alfies performance left much to be desired there are many area in which he could improve especially coming through on deadline but when he doe come through he come through well and this reveals a glimmering of perhaps greater potential it would be nice to get alfie to get in touch with that part of himself more often,train,Category 4: Inconsistent Player,Low Performance,Medium Potential,Negative Feedback,Career Growth,Performance Quality; Leadership Potential,Negative Feedback,Career Growth
334,Alfie Wright,"Category 4: 'Inconsistent Player' (Low performance, Moderate potential)",Alfie has a habit of not being consistent. He will work really well some days and be at the top of his game. Then he will hit days where he is not anywhere near the mark. His work also can be inconsistent even if he has projects that are similar.,False,False,3,246,4,0,1,alfie ha a habit of not being consistent he will work really well some day and be at the top of his game then he will hit day where he is not anywhere near the mark his work also can be inconsistent even if he ha project that are similar,train,Category 4: Inconsistent Player,Low Performance,Medium Potential,Negative Feedback,Work Culture,General Employee Feedback,Negative Feedback,Work Culture
333,Alfie Wright,"Category 4: 'Inconsistent Player' (Low performance, Moderate potential)","Alfie is punctual, but does not seem engaged in the work day.  More time needs to be spent pursuing additional tasks rather than waiting for them to come to him.  With more application, he would be able to handle greater responsibilities.",False,False,3,238,3,0,1,alfie is punctual but doe not seem engaged in the work day more time need to be spent pursuing additional task rather than waiting for them to come to him with more application he would be able to handle greater responsibility,train,Category 4: Inconsistent Player,Low Performance,Medium Potential,Negative Feedback,Work Culture,Attendance / Punctuality,Negative Feedback,Work Culture
332,Isobel Foster,"Category 4: 'Inconsistent Player' (Low performance, Moderate potential)","Isobel's work hasn't been a strong point during her tenure here. She hasn't demonstrated a capacity for doing her duties capably. She does, however, show a few flashes of growing into a better employee. But as it currently stands, she has some things she needs to work on.",False,False,3,272,4,0,1,isobels work hasnt been a strong point during her tenure here she hasnt demonstrated a capacity for doing her duty capably she doe however show a few flash of growing into a better employee but a it currently stand she ha some thing she need to work on,train,Category 4: Inconsistent Player,Low Performance,Medium Potential,Negative Feedback,Work Culture,General Employee Feedback,Negative Feedback,Work Culture
329,Isobel Foster,"Category 4: 'Inconsistent Player' (Low performance, Moderate potential)","Isobel Foster is not the worst colleague I have had, but she is not consistent in her performance. We could potentially train her to be a higher performer, but at the moment, she is not quite there. Her work is subpar, and it is sometimes late. I would say she has potential to be a valuable member of this team in the future with the right discipline. We nee to increase her work performance first and foremost.",False,False,3,412,5,0,1,isobel foster is not the worst colleague i have had but she is not consistent in her performance we could potentially train her to be a higher performer but at the moment she is not quite there her work is subpar and it is sometimes late i would say she ha potential to be a valuable member of this team in the future with the right discipline we nee to increase her work performance first and foremost,train,Category 4: Inconsistent Player,Low Performance,Medium Potential,Negative Feedback,Work Culture,Attendance / Punctuality; Performance Quality; Leadership Potential; Team Collaboration,Negative Feedback,Work Culture
324,Dylan Baker,"Category 4: 'Inconsistent Player' (Low performance, Moderate potential)","My feedback for Mr. Dylan Baker, would be that he has the chance to improve on his work ethics. The things I suggest he work on to become better, are be a more engaging team player. Secondly I would say to work harder on doing the best you can at work to be able to advance in his job. It is possible to always do better in your work than you think you are doing.",False,True,3,363,4,0,1,my feedback for mr dylan baker would be that he ha the chance to improve on his work ethic the thing i suggest he work on to become better are be a more engaging team player secondly i would say to work harder on doing the best you can at work to be able to advance in his job it is possible to always do better in your work than you think you are doing,train,Category 4: Inconsistent Player,Low Performance,Medium Potential,Negative Feedback,Work Culture,Communication; Team Collaboration,Negative Feedback,Work Culture
322,Sophie Murray,"Category 4: 'Inconsistent Player' (Low performance, Moderate potential)",Sophie is an interesting worker. She is generally a poor performer as her work is usually below standard and she has a habit of being late. However she has shown some potential to improve. She responds to feedback and tries to improve her self sometimes. Currently she does not perform well but she might be able to improve herself with experience and guidance.,False,False,3,361,5,0,1,sophie is an interesting worker she is generally a poor performer a her work is usually below standard and she ha a habit of being late however she ha shown some potential to improve she responds to feedback and try to improve her self sometimes currently she doe not perform well but she might be able to improve herself with experience and guidance,train,Category 4: Inconsistent Player,Low Performance,Medium Potential,Negative Feedback,Career Growth,Attendance / Punctuality; Communication; Leadership Potential,Negative Feedback,Career Growth
10015,Tom Houghton,"Category 4: 'Inconsistent Player' (Low performance, Moderate potential)","Tom Houghton has not met the required targets this quarter. He seems to have a wavering worth ethic- some days he's on top of the game while other days he's producing poor quality work. I would like to see Tom take on a more consistent work ethic, and produce work that I know he is capable of.",False,False,3,294,3,0,1,tom houghton ha not met the required target this quarter he seems to have a wavering worth ethic some day he on top of the game while other day he producing poor quality work i would like to see tom take on a more consistent work ethic and produce work that i know he is capable of,train,Category 4: Inconsistent Player,Low Performance,Medium Potential,Negative Feedback,Work Culture,Performance Quality,Negative Feedback,Work Culture
319,Sophie Murray,"Category 4: 'Inconsistent Player' (Low performance, Moderate potential)","Sophie Murray can be a good worker, but she will need to work hard. Her projects are often late and she does not reply to emails. Team members often have to fix her mistakes. If she focus more, I believe she can be a good asset for us.",False,False,3,235,4,0,1,sophie murray can be a good worker but she will need to work hard her project are often late and she doe not reply to email team member often have to fix her mistake if she focus more i believe she can be a good asset for u,train,Category 4: Inconsistent Player,Low Performance,Medium Potential,Negative Feedback,Work Culture,Attendance / Punctuality; Team Collaboration,Negative Feedback,Work Culture
336,Alfie Wright,"Category 4: 'Inconsistent Player' (Low performance, Moderate potential)","Alfie Wright's work has been substandard this quarter.  Twice, Alfie failed to hand-deliver important filings before the courthouse clerk's office closed.  In fairness to Alfie, however, his child is suffering from a chronic disorder that seems to be sapping Alfie's energy.  We should consider offering Alfie greater support because he has been a reliable courier in the past.",False,True,3,377,4,0,1,alfie wright work ha been substandard this quarter twice alfie failed to handdeliver important filing before the courthouse clerk office closed in fairness to alfie however his child is suffering from a chronic disorder that seems to be sapping alfies energy we should consider offering alfie greater support because he ha been a reliable courier in the past,train,Category 4: Inconsistent Player,Low Performance,Medium Potential,Negative Feedback,Work Culture,Performance Quality,Negative Feedback,Work Culture
10016,Tom Houghton,"Category 4: 'Inconsistent Player' (Low performance, Moderate potential)","Tom Houghton has had a poor performance throughout his time working here. He does not proof read his work and makes careless mistakes. He has one of the lowest performance out of any employee working here. He has shown flashes of being capable of doing the work, but needs to apply himself more and learn time management skills.",True,True,3,328,4,0,1,tom houghton ha had a poor performance throughout his time working here he doe not proof read his work and make careless mistake he ha one of the lowest performance out of any employee working here he ha shown flash of being capable of doing the work but need to apply himself more and learn time management skill,train,Category 4: Inconsistent Player,Low Performance,Medium Potential,Negative Feedback,Career Growth,Performance Quality; Skill Gap,Negative Feedback,Career Growth
10061,Amelie Martin,"Category 4: 'Inconsistent Player' (Low performance, Moderate potential)","Although her coworkers enjoy her company, I wish Amelie would put more effort into working with them. She has passion for this work, as she claimed since she was hired, but it isn't always evident in her results. She needs to focus more on excelling at work than her social life. She must also pick up the pace.",False,False,3,311,4,0,1,although her coworkers enjoy her company i wish amelie would put more effort into working with them she ha passion for this work a she claimed since she wa hired but it isnt always evident in her result she need to focus more on excelling at work than her social life she must also pick up the pace,train,Category 4: Inconsistent Player,Low Performance,Medium Potential,Negative Feedback,Work Culture,Performance Quality; Team Collaboration,Negative Feedback,Work Culture
536,George Jones,"Category 4: 'Inconsistent Player' (Low performance, Moderate potential)","George is very uncomfortable in the work place and often produces lower quality work. However, he has the potential to drastically improve. Since joining us he is diligently learning as much as he can and seeks to improve himself in any way. With lots of experience and guidance, George can become an incredibly strong worker.",True,True,3,326,4,0,1,george is very uncomfortable in the work place and often produce lower quality work however he ha the potential to drastically improve since joining u he is diligently learning a much a he can and seek to improve himself in any way with lot of experience and guidance george can become an incredibly strong worker,train,Category 4: Inconsistent Player,Low Performance,Medium Potential,Negative Feedback,Career Growth,Performance Quality; Skill Gap; Leadership Potential,Negative Feedback,Career Growth
523,Zachary Doyle,"Category 4: 'Inconsistent Player' (Low performance, Moderate potential)",Zachary's performance was not up to the mark in last quarter. However given one more chance he should be able to perform better considering he had done well in first quarter.  He needs to take few assignments at a time and delegate some to his assistant instead of working himself on all together. He can be more productive and efficient if he prioritize his work.  He needs to be more confident.,True,True,3,396,5,0,1,zacharys performance wa not up to the mark in last quarter however given one more chance he should be able to perform better considering he had done well in first quarter he need to take few assignment at a time and delegate some to his assistant instead of working himself on all together he can be more productive and efficient if he prioritize his work he need to be more confident,train,Category 4: Inconsistent Player,Low Performance,Medium Potential,Negative Feedback,Work Culture,Performance Quality,Negative Feedback,Work Culture
510,Briley Mcknight,"Category 4: 'Inconsistent Player' (Low performance, Moderate potential)","I've gotten frustrated with Briley before for not following my instructions. When she first started working here, she turned in a report that was half the length that I wanted it to be, only because she zoned out when I provided her my instructions. This reflected poorly on my overall opinion of her work product. At the same time I believe that Briley has a lot of room in which to grow and improve. She's naturally bubbly and she's very willing to adapt to feedback, so I consider her future at this company to be bright.",True,True,3,524,5,0,1,ive gotten frustrated with briley before for not following my instruction when she first started working here she turned in a report that wa half the length that i wanted it to be only because she zoned out when i provided her my instruction this reflected poorly on my overall opinion of her work product at the same time i believe that briley ha a lot of room in which to grow and improve shes naturally bubbly and shes very willing to adapt to feedback so i consider her future at this company to be bright,train,Category 4: Inconsistent Player,Low Performance,Medium Potential,Negative Feedback,Career Growth,Communication; Leadership Potential,Negative Feedback,Career Growth
318,Sophie Murray,"Category 4: 'Inconsistent Player' (Low performance, Moderate potential)","Sophie often has a difficult time with the quantitative aspects of her role. Even though she's head of business strategy she often seems at a loss for even the most basic questions about revenue, growth statistics and profitability. However, Sophie has spoken to me about her plans to pursue a part-time master's in statistics. I think this shows she's trying to be proactive about making improvements in her work and I'm also confident she'll be able to become a little more confident in her role once she has that degree.",False,False,3,523,4,0,1,sophie often ha a difficult time with the quantitative aspect of her role even though shes head of business strategy she often seems at a loss for even the most basic question about revenue growth statistic and profitability however sophie ha spoken to me about her plan to pursue a parttime master in statistic i think this show shes trying to be proactive about making improvement in her work and im also confident shell be able to become a little more confident in her role once she ha that degree,train,Category 4: Inconsistent Player,Low Performance,Medium Potential,Negative Feedback,Career Growth,Skill Gap; Career Growth,Negative Feedback,Career Growth
499,Brantley Whitfield,"Category 4: 'Inconsistent Player' (Low performance, Moderate potential)","Brantley is new to our department, and at first he had a hard time finding his bearings. He misunderstood my instructions for the first report I asked for and submitted a two-page report to the client when that client had actually purchased a fifty-page report. I've coached Brantley on ways that he can be more proactive about asking for clarification whenever he's not sure about guidance he's been given. He has really taken my advice to heart and committed to improve in this area. Thus I have no doubt that he will be able to become a reliable member of our team.",True,True,3,568,5,0,1,brantley is new to our department and at first he had a hard time finding his bearing he misunderstood my instruction for the first report i asked for and submitted a twopage report to the client when that client had actually purchased a fiftypage report ive coached brantley on way that he can be more proactive about asking for clarification whenever he not sure about guidance he been given he ha really taken my advice to heart and committed to improve in this area thus i have no doubt that he will be able to become a reliable member of our team,train,Category 4: Inconsistent Player,Low Performance,Medium Potential,Negative Feedback,Career Growth,Leadership Potential; Team Collaboration,Negative Feedback,Career Growth
10221,Andy Kennedy,"Category 4: 'Inconsistent Player' (Low performance, Moderate potential)",Andy is an okay worker.  He does not perform very well at work but he shows some potential.  He need to change that potential energy into kinetic energy and he will be of greater value to the company.  Andy needs to step up to the plate and start caring a little more.,False,False,3,268,4,0,1,andy is an okay worker he doe not perform very well at work but he show some potential he need to change that potential energy into kinetic energy and he will be of greater value to the company andy need to step up to the plate and start caring a little more,train,Category 4: Inconsistent Player,Low Performance,Medium Potential,Negative Feedback,Career Growth,Leadership Potential,Negative Feedback,Career Growth
10183,Camille Hahn,"Category 4: 'Inconsistent Player' (Low performance, Moderate potential)","Camille has changed her preferences a lot,  when she started her classes they were unmatched,  now they have been deteriorating a lot. She has been a regular student for a long time,  she does not come to class on time and I have heard   complaints about her although nothing to worry much about",False,False,3,295,2,0,1,camille ha changed her preference a lot when she started her class they were unmatched now they have been deteriorating a lot she ha been a regular student for a long time she doe not come to class on time and i have heard complaint about her although nothing to worry much about,train,Category 4: Inconsistent Player,Low Performance,Medium Potential,Negative Feedback,Work Culture,General Employee Feedback,Negative Feedback,Work Culture
10182,Camille Hahn,"Category 4: 'Inconsistent Player' (Low performance, Moderate potential)","Camille does not put in the same level of effort as the rest of the team. On occasion, he has risen to the challenge, showing that he has the potential to work hard when needed - unfortunately, this does not translate to the every day workplace. I think he may be a bit lazy or unmotivated to perform the task.",False,False,3,310,3,0,1,camille doe not put in the same level of effort a the rest of the team on occasion he ha risen to the challenge showing that he ha the potential to work hard when needed unfortunately this doe not translate to the every day workplace i think he may be a bit lazy or unmotivated to perform the task,train,Category 4: Inconsistent Player,Low Performance,Medium Potential,Negative Feedback,Work Culture,Leadership Potential; Team Collaboration,Negative Feedback,Work Culture
10181,Camille Hahn,"Category 4: 'Inconsistent Player' (Low performance, Moderate potential)",Camille Hahn performance shows a lot of inconsistency. She didn't perform well on the given tasks and goals. There were times that she had a stellar performance. We believ that she has potential to do better in the future.,False,False,3,222,4,0,1,camille hahn performance show a lot of inconsistency she didnt perform well on the given task and goal there were time that she had a stellar performance we believ that she ha potential to do better in the future,train,Category 4: Inconsistent Player,Low Performance,Medium Potential,Negative Feedback,Career Growth,Performance Quality; Leadership Potential,Negative Feedback,Career Growth
10157,Erin Harvey,"Category 4: 'Inconsistent Player' (Low performance, Moderate potential)",Erin Harvey is not developing as of yet. Her overall work ethic has been very inconsistent. This does not take away from what she can show. With the right development she can show what she is made of.,True,True,3,200,4,0,1,erin harvey is not developing a of yet her overall work ethic ha been very inconsistent this doe not take away from what she can show with the right development she can show what she is made of,train,Category 4: Inconsistent Player,Low Performance,Medium Potential,Negative Feedback,Career Growth,Skill Gap,Negative Feedback,Career Growth
10141,Lexi Rogers,"Category 4: 'Inconsistent Player' (Low performance, Moderate potential)","Lexi seems to like being here, but is putting in the bare minimum. I want to see Lexi really push herself to excel and show her true passions! Allowing Lexi to explore different work options within out company may allow her to thrive. However, if Lexi does not step up to the plate, we may need to consider other options.",False,True,3,321,4,0,1,lexi seems to like being here but is putting in the bare minimum i want to see lexi really push herself to excel and show her true passion allowing lexi to explore different work option within out company may allow her to thrive however if lexi doe not step up to the plate we may need to consider other option,train,Category 4: Inconsistent Player,Low Performance,Medium Potential,Negative Feedback,Work Culture,General Employee Feedback,Negative Feedback,Work Culture
10139,Lexi Rogers,"Category 4: 'Inconsistent Player' (Low performance, Moderate potential)","Lexi shows potential to be able to perform consistently. During the period for this review, there have been multiple instances where Lexi does not meet an established expectation. Through coaching and extended time to complete an assigned task, Lexi has shown to be capable of completing assigned work. Moving forward, Lexi will need to perform consistently and in the initially established timeline to meet expectations. To do so, Lexi should establish a timeline for work completion and check in regularly to ensure adequate progress and consistency.",False,False,3,552,5,0,1,lexi show potential to be able to perform consistently during the period for this review there have been multiple instance where lexi doe not meet an established expectation through coaching and extended time to complete an assigned task lexi ha shown to be capable of completing assigned work moving forward lexi will need to perform consistently and in the initially established timeline to meet expectation to do so lexi should establish a timeline for work completion and check in regularly to ensure adequate progress and consistency,train,Category 4: Inconsistent Player,Low Performance,Medium Potential,Negative Feedback,Career Growth,Leadership Potential; Career Growth,Negative Feedback,Career Growth
10138,Lexi Rogers,"Category 4: 'Inconsistent Player' (Low performance, Moderate potential)","Lexi's performance varied over the year. At times she met the requirements of her role, but such occasions were dwarfed by big mistakes made in her regular duties. Overall, her performance is perceived as low by the whole team, and her obvious lack of motivation has caused frustration on several occasions. Lexi may be able to recover from the state of low performance that she finds herself in. If Lexi manages to find the right motivation and persistence, she may deliver at a more reliable level, and this would greatly benefit the performance and mood of the whole team.",False,False,3,575,5,0,1,lexis performance varied over the year at time she met the requirement of her role but such occasion were dwarfed by big mistake made in her regular duty overall her performance is perceived a low by the whole team and her obvious lack of motivation ha caused frustration on several occasion lexi may be able to recover from the state of low performance that she find herself in if lexi manages to find the right motivation and persistence she may deliver at a more reliable level and this would greatly benefit the performance and mood of the whole team,train,Category 4: Inconsistent Player,Low Performance,Medium Potential,Negative Feedback,Work Culture,Performance Quality; Team Collaboration; Salary & Benefits,Negative Feedback,Work Culture
10130,Teagan Pate,"Category 4: 'Inconsistent Player' (Low performance, Moderate potential)","Teagan was lacking in many key areas while joining this team. He has tried to overcome some of them with some efforts. However, they are not enough so far in achieving required results. Needs to put more focus & determination to meet expectations.",True,True,3,247,4,0,1,teagan wa lacking in many key area while joining this team he ha tried to overcome some of them with some effort however they are not enough so far in achieving required result need to put more focus determination to meet expectation,train,Category 4: Inconsistent Player,Low Performance,Medium Potential,Negative Feedback,Work Culture,Performance Quality; Team Collaboration,Negative Feedback,Work Culture
10100,Peter Lloyd,"Category 4: 'Inconsistent Player' (Low performance, Moderate potential)","Peter seems like a laid back type of person. This company needs all employees to put maximum effort. Peter doesn't, and it't clear through his work. He has an impressive history of experiences, and has the talent to succeed at this position. Peter must focus on completing projects entirely, and on time.",False,False,3,304,5,0,1,peter seems like a laid back type of person this company need all employee to put maximum effort peter doesnt and itt clear through his work he ha an impressive history of experience and ha the talent to succeed at this position peter must focus on completing project entirely and on time,train,Category 4: Inconsistent Player,Low Performance,Medium Potential,Negative Feedback,Work Culture,General Employee Feedback,Negative Feedback,Work Culture
10099,Peter Lloyd,"Category 4: 'Inconsistent Player' (Low performance, Moderate potential)","Peter has been underperforming this quarter. He seems distracted from his work, as if there may be something going on in his personal life. His skills indicate that he has promise, but he has not been exhibiting it lately. He does not contribute to group discussions often, but when he does, he has good ideas.",False,False,3,310,4,0,1,peter ha been underperforming this quarter he seems distracted from his work a if there may be something going on in his personal life his skill indicate that he ha promise but he ha not been exhibiting it lately he doe not contribute to group discussion often but when he doe he ha good idea,train,Category 4: Inconsistent Player,Low Performance,Medium Potential,Negative Feedback,Career Growth,Skill Gap,Negative Feedback,Career Growth
10098,Peter Lloyd,"Category 4: 'Inconsistent Player' (Low performance, Moderate potential)","Peter appears to be interested in work, but is unfortunately consistently lacking in showing initiative. Peter has failed to meet many deadlines and as such does not have a good reputation amongst his colleagues. With proper mentorship, Peter may discover more confidence in his competence of his role and learn to integrate more smoothly into his team. Peter needs to show improvement in the areas of earning trust and delivery.",False,False,3,429,4,0,1,peter appears to be interested in work but is unfortunately consistently lacking in showing initiative peter ha failed to meet many deadline and a such doe not have a good reputation amongst his colleague with proper mentorship peter may discover more confidence in his competence of his role and learn to integrate more smoothly into his team peter need to show improvement in the area of earning trust and delivery,train,Category 4: Inconsistent Player,Low Performance,Medium Potential,Negative Feedback,Work Culture,Skill Gap; Team Collaboration,Negative Feedback,Work Culture
10097,Peter Lloyd,"Category 4: 'Inconsistent Player' (Low performance, Moderate potential)","Peter Lloyd has been assigned to the Systems Analytics business unit and has worked there since March. His performance this quarter was moderate, completing some of his assigned duties but not all. He has experience in several technical areas but I have not seen any modere-to-high level display of skill in those areas. I think his foundational knowledge as it applies to his business unit can be built upon going forward. He has room to improve, particularly in achieving his tasks, but I think he will do better in the future if he is willing to learn and stay motivated.",False,False,3,574,5,0,1,peter lloyd ha been assigned to the system analytics business unit and ha worked there since march his performance this quarter wa moderate completing some of his assigned duty but not all he ha experience in several technical area but i have not seen any moderetohigh level display of skill in those area i think his foundational knowledge a it applies to his business unit can be built upon going forward he ha room to improve particularly in achieving his task but i think he will do better in the future if he is willing to learn and stay motivated,train,Category 4: Inconsistent Player,Low Performance,Medium Potential,Negative Feedback,Career Growth,Performance Quality; Skill Gap; Leadership Potential,Negative Feedback,Career Growth
10089,Joyce Douglas,"Category 4: 'Inconsistent Player' (Low performance, Moderate potential)","During this quarter Joyce has shown improvements, but is still lacking in performance. She seems to need a little push to keep going on a simple task. Her potential would rise if she put forth more effort. Joyce is at an average level but can improve in time.",True,True,3,259,4,0,1,during this quarter joyce ha shown improvement but is still lacking in performance she seems to need a little push to keep going on a simple task her potential would rise if she put forth more effort joyce is at an average level but can improve in time,train,Category 4: Inconsistent Player,Low Performance,Medium Potential,Negative Feedback,Career Growth,Performance Quality; Leadership Potential,Negative Feedback,Career Growth
317,Jay Reid,"Category 4: 'Inconsistent Player' (Low performance, Moderate potential)",Jay Reid is often late to work. He is often late with his projects. I once seen him play his phone during a work meeting. He can be a good asset if he get his acts together.,False,False,3,173,4,0,1,jay reid is often late to work he is often late with his project i once seen him play his phone during a work meeting he can be a good asset if he get his act together,train,Category 4: Inconsistent Player,Low Performance,Medium Potential,Negative Feedback,Work Culture,Attendance / Punctuality,Negative Feedback,Work Culture
323,Dylan Baker,"Category 4: 'Inconsistent Player' (Low performance, Moderate potential)","Dylan is currently a underperforming worker. Most of his work is below quality and he has trouble meeting deadlines. He is not very detail oriented and misses small informations here and there. However he is eager to learn and improve himself and responds well to feedback. He often learns from mistakes and has shown moderate progress. Although he is currently a weaker worker, he may be able to improve with lots of guidance.",False,False,3,427,6,0,1,dylan is currently a underperforming worker most of his work is below quality and he ha trouble meeting deadline he is not very detail oriented and miss small information here and there however he is eager to learn and improve himself and responds well to feedback he often learns from mistake and ha shown moderate progress although he is currently a weaker worker he may be able to improve with lot of guidance,train,Category 4: Inconsistent Player,Low Performance,Medium Potential,Negative Feedback,Career Growth,Communication; Performance Quality; Skill Gap; Leadership Potential; Career Growth,Negative Feedback,Career Growth
315,Jay Reid,"Category 4: 'Inconsistent Player' (Low performance, Moderate potential)","I am writing a review for Mr. Jay Reid. While he is a great person, unfortunately that doesn't show up in his performance at work. He is not engaging consistently in team projects. He does have some good with his work so he does have the possibility of becoming a better worker.",False,False,3,278,4,0,1,i am writing a review for mr jay reid while he is a great person unfortunately that doesnt show up in his performance at work he is not engaging consistently in team project he doe have some good with his work so he doe have the possibility of becoming a better worker,train,Category 4: Inconsistent Player,Low Performance,Medium Potential,Negative Feedback,Work Culture,Performance Quality; Team Collaboration,Negative Feedback,Work Culture
284,Isobel Foster,"Category 4: 'Inconsistent Player' (Low performance, Moderate potential)","Isobel is capable of much more if she has the motivation, but typically she gets little done or does things lower quality. But given the right situation, she sometimes surprises me and delivers more. If she has a personal interest in the project, she usually performs better than most of the time, when I feel she gives only about 25%.",False,False,3,335,3,0,1,isobel is capable of much more if she ha the motivation but typically she get little done or doe thing lower quality but given the right situation she sometimes surprise me and delivers more if she ha a personal interest in the project she usually performs better than most of the time when i feel she give only about 25,train,Category 4: Inconsistent Player,Low Performance,Medium Potential,Negative Feedback,Work Culture,Performance Quality,Negative Feedback,Work Culture
283,Dylan Baker,"Category 4: 'Inconsistent Player' (Low performance, Moderate potential)","Dylan Baker cannot be counted on. Sometimes he shows up, sometimes he doesn't. If we are patient, he might step up his game but do we want to wait around for that?",False,False,3,163,3,0,1,dylan baker cannot be counted on sometimes he show up sometimes he doesnt if we are patient he might step up his game but do we want to wait around for that,train,Category 4: Inconsistent Player,Low Performance,Medium Potential,Negative Feedback,Work Culture,General Employee Feedback,Negative Feedback,Work Culture
281,Dylan Baker,"Category 4: 'Inconsistent Player' (Low performance, Moderate potential)","Dylan's reports frequently contain typos, numerical miscalculations, and formatting issues. It is always frustrating for his colleagues to have to work with him, because they know they will need to stay up late revising his drafts. I believe that Dylan can make improvements to his performance, however, just by slowing down a bit. He frequently feels pressured to turn work in within 24 hours and that's really not necessary. If he takes the time he needs to do a reasonable job I have no doubt that he'll be able to produce stronger work product.",False,False,3,548,5,0,1,dylan report frequently contain typo numerical miscalculation and formatting issue it is always frustrating for his colleague to have to work with him because they know they will need to stay up late revising his draft i believe that dylan can make improvement to his performance however just by slowing down a bit he frequently feel pressured to turn work in within 24 hour and thats really not necessary if he take the time he need to do a reasonable job i have no doubt that hell be able to produce stronger work product,train,Category 4: Inconsistent Player,Low Performance,Medium Potential,Negative Feedback,Work Culture,Attendance / Punctuality; Performance Quality,Negative Feedback,Work Culture
280,Sophie Murray,"Category 4: 'Inconsistent Player' (Low performance, Moderate potential)","Sophie is a new analyst and her prior work experience does not correlate with her job duties at all. Thus she oftentimes makes mistakes in her data analysis and reports numbers and formulas incorrectly in her reports. This has been frustrating for her teammates to correct all the time. However, I am sure that Sophie will become a much stronger team member once she nails the quantitative skills needed for the job, which she should be able to grasp fully within the next six months.",False,False,3,484,4,0,1,sophie is a new analyst and her prior work experience doe not correlate with her job duty at all thus she oftentimes make mistake in her data analysis and report number and formula incorrectly in her report this ha been frustrating for her teammate to correct all the time however i am sure that sophie will become a much stronger team member once she nail the quantitative skill needed for the job which she should be able to grasp fully within the next six month,train,Category 4: Inconsistent Player,Low Performance,Medium Potential,Negative Feedback,Work Culture,Skill Gap; Team Collaboration,Negative Feedback,Work Culture
278,Sophie Murray,"Category 4: 'Inconsistent Player' (Low performance, Moderate potential)","Sophie Murray struggles with some tasks, but works hard to overcome that. She will attempt any new task set before her. She is a valued team member but requires more attention than her coworkers. She seems content in her works space.",False,False,3,233,4,0,1,sophie murray struggle with some task but work hard to overcome that she will attempt any new task set before her she is a valued team member but requires more attention than her coworkers she seems content in her work space,train,Category 4: Inconsistent Player,Low Performance,Medium Potential,Negative Feedback,Work Culture,Team Collaboration,Negative Feedback,Work Culture
277,Jay Reid,"Category 4: 'Inconsistent Player' (Low performance, Moderate potential)","Jay needs some work to fully unlock his capabilities working with our company. Right now he doesn't excel as well as all the other coworkers, but will take tasks that nobody else will. I wish that his skills would match more with the tasks he is assigned. Management should consider moving Jay to a different section.",False,False,3,317,4,0,1,jay need some work to fully unlock his capability working with our company right now he doesnt excel a well a all the other coworkers but will take task that nobody else will i wish that his skill would match more with the task he is assigned management should consider moving jay to a different section,train,Category 4: Inconsistent Player,Low Performance,Medium Potential,Negative Feedback,Work Culture,Skill Gap; Team Collaboration,Negative Feedback,Work Culture
275,Jay Reid,"Category 4: 'Inconsistent Player' (Low performance, Moderate potential)","Jay has at times shown promise, but is not meeting expectations. His work is inconsistent, and he at times seems distracted. Perhaps with some mentoring he could show improvement over time, as he is intelligent and capable. But it might well be that is not the a good fit for the organization.",False,False,3,293,4,0,1,jay ha at time shown promise but is not meeting expectation his work is inconsistent and he at time seems distracted perhaps with some mentoring he could show improvement over time a he is intelligent and capable but it might well be that is not the a good fit for the organization,train,Category 4: Inconsistent Player,Low Performance,Medium Potential,Negative Feedback,Career Growth,General Employee Feedback,Negative Feedback,Career Growth
274,Sophie Murray,"Category 4: 'Inconsistent Player' (Low performance, Moderate potential)","Sophie needs to be determined for a given task. Lack of initiative keeps her at bay. Despite of many warnings, she is still unable to perform upto the standards. She tried to be a good team player but usually dont speak her thoughts in group.",False,False,3,242,4,0,1,sophie need to be determined for a given task lack of initiative keep her at bay despite of many warning she is still unable to perform upto the standard she tried to be a good team player but usually dont speak her thought in group,train,Category 4: Inconsistent Player,Low Performance,Medium Potential,Negative Feedback,Work Culture,Team Collaboration,Negative Feedback,Work Culture
273,Sophie Murray,"Category 4: 'Inconsistent Player' (Low performance, Moderate potential)","Everyone loves Sophie! She is such a lovable person and fun to be around that I think it masks the fact that she doesn't get any of her work done. Sophie is meant to be in the action, not cooped up at a desk pushing papers, so I think with her great social skills and warmth, she'd do so much better in a role that had more employee interaction - like HR, public relations, or social community management.",False,True,3,405,3,0,1,everyone love sophie she is such a lovable person and fun to be around that i think it mask the fact that she doesnt get any of her work done sophie is meant to be in the action not cooped up at a desk pushing paper so i think with her great social skill and warmth shed do so much better in a role that had more employee interaction like hr public relation or social community management,train,Category 4: Inconsistent Player,Low Performance,Medium Potential,Negative Feedback,Career Growth,Skill Gap,Negative Feedback,Career Growth
286,Isobel Foster,"Category 4: 'Inconsistent Player' (Low performance, Moderate potential)","Isobel Foster has shown difficulty in completing her tasks this year.  She has a strong background that qualifies her for this position.  However, she has been unable to complete assignments on time.  She has also missed mandatory training sessions.",False,False,3,249,4,0,1,isobel foster ha shown difficulty in completing her task this year she ha a strong background that qualifies her for this position however she ha been unable to complete assignment on time she ha also missed mandatory training session,train,Category 4: Inconsistent Player,Low Performance,Medium Potential,Negative Feedback,Career Growth,Skill Gap,Negative Feedback,Career Growth
267,Carl Thorn,"Category 4: 'Inconsistent Player' (Low performance, Moderate potential)",Carl doesn't work hard at all and hiss performance is poor in the workplace. however he does show some potential in room for improvement in his skills.,False,False,3,151,2,0,1,carl doesnt work hard at all and hiss performance is poor in the workplace however he doe show some potential in room for improvement in his skill,train,Category 4: Inconsistent Player,Low Performance,Medium Potential,Negative Feedback,Career Growth,Performance Quality; Skill Gap; Leadership Potential,Negative Feedback,Career Growth
266,Carl Thorn,"Category 4: 'Inconsistent Player' (Low performance, Moderate potential)","Carl has been a below average performer in the latest quarter. He does appear to have adequate ability but rarely performs up to expectations. Reasons for this include poor attendance, poor time management, and lack of attention to detail. He is very inconsistent. If he managed to shore up these deficiencies, I could see him being an average performer.",False,False,3,354,5,0,1,carl ha been a below average performer in the latest quarter he doe appear to have adequate ability but rarely performs up to expectation reason for this include poor attendance poor time management and lack of attention to detail he is very inconsistent if he managed to shore up these deficiency i could see him being an average performer,train,Category 4: Inconsistent Player,Low Performance,Medium Potential,Negative Feedback,Management Issues,Attendance / Punctuality,Negative Feedback,Career Growth
265,Carl Thorn,"Category 4: 'Inconsistent Player' (Low performance, Moderate potential)","Carl is capable but just doesn't apply himself most of the time. When completely under the gun and under pressure, I see that Carl has the know-how to complete a task successfully. Yet usually he will take a long time accomplishing a task that should take a fraction of the time.",False,False,3,279,3,0,1,carl is capable but just doesnt apply himself most of the time when completely under the gun and under pressure i see that carl ha the knowhow to complete a task successfully yet usually he will take a long time accomplishing a task that should take a fraction of the time,train,Category 4: Inconsistent Player,Low Performance,Medium Potential,Negative Feedback,Work Culture,General Employee Feedback,Negative Feedback,Work Culture
263,Carl Thorn,"Category 4: 'Inconsistent Player' (Low performance, Moderate potential)","Carl is not so good to work with. He shows very little consistency. He also shows low performance and only has moderate potential. He is okay in a few areas, but all in all, showing only moderate potential, he's probably not the best choice and I would be surprised if he did better than mediocre.",False,False,3,297,4,0,1,carl is not so good to work with he show very little consistency he also show low performance and only ha moderate potential he is okay in a few area but all in all showing only moderate potential he probably not the best choice and i would be surprised if he did better than mediocre,train,Category 4: Inconsistent Player,Low Performance,Medium Potential,Negative Feedback,Career Growth,Performance Quality; Leadership Potential,Negative Feedback,Career Growth
208,Leo Lee,"Category 4: 'Inconsistent Player' (Low performance, Moderate potential)","Leo exhibits classic traits which point to his work not being aligned to his  goals . He does possess the drive if out in the right area which may require additional training in specific areas.If he is developed in those areas , it can lead to him garner strength in those fields and prove himself . This can lead to an improvement in his potential.",True,True,3,349,3,0,1,leo exhibit classic trait which point to his work not being aligned to his goal he doe posse the drive if out in the right area which may require additional training in specific areasif he is developed in those area it can lead to him garner strength in those field and prove himself this can lead to an improvement in his potential,train,Category 4: Inconsistent Player,Low Performance,Medium Potential,Negative Feedback,Career Growth,Skill Gap; Leadership Potential,Negative Feedback,Career Growth
135,Lance Hatfield,"Category 4: 'Inconsistent Player' (Low performance, Moderate potential)",Lance trys his hardest in giving it his best. Lance needs to work more in this area to help improve his scores. Lance could improve by turning his work in on time. Lance could also work on his attitude.,True,True,3,202,4,0,1,lance try his hardest in giving it his best lance need to work more in this area to help improve his score lance could improve by turning his work in on time lance could also work on his attitude,train,Category 4: Inconsistent Player,Low Performance,Medium Potential,Negative Feedback,Work Culture,General Employee Feedback,Negative Feedback,Work Culture
73,Jalen Summers,"Category 4: 'Inconsistent Player' (Low performance, Moderate potential)","Jalen is a reliable employee, but he needs to work at completing assignments in a more timely manner. He is eager and willing to learn, but needs to focus on the task at hand. He seems easily distracted. Jalen needs a bit more training to build competency and skill at compiling and analyzing data sets.",True,True,3,303,4,0,1,jalen is a reliable employee but he need to work at completing assignment in a more timely manner he is eager and willing to learn but need to focus on the task at hand he seems easily distracted jalen need a bit more training to build competency and skill at compiling and analyzing data set,train,Category 4: Inconsistent Player,Low Performance,Medium Potential,Negative Feedback,Career Growth,Skill Gap,Negative Feedback,Career Growth
316,Jay Reid,"Category 4: 'Inconsistent Player' (Low performance, Moderate potential)","Jay frequently shows up late to the office and misses deadlines that have been set for his assignments. Unfortunately each assignment I've received from him to date has been subpar since they frequently have math errors. I believe that Jay has some ability to improve, however, since he is eager to ask for feedback and has been working hard to incorporate my comments into other assignments he's completed. He has the right attitude toward his work, so I am confident that he can right the ship a bit.",False,False,3,502,4,0,1,jay frequently show up late to the office and miss deadline that have been set for his assignment unfortunately each assignment ive received from him to date ha been subpar since they frequently have math error i believe that jay ha some ability to improve however since he is eager to ask for feedback and ha been working hard to incorporate my comment into other assignment he completed he ha the right attitude toward his work so i am confident that he can right the ship a bit,train,Category 4: Inconsistent Player,Low Performance,Medium Potential,Negative Feedback,Work Culture,Attendance / Punctuality; Communication,Negative Feedback,Work Culture
268,Carl Thorn,"Category 4: 'Inconsistent Player' (Low performance, Moderate potential)","Carl thorn's performances are really low . He does not pay any attention to the work assigned.
but his potential is moderate .He must improve his performance to  reach heights .",False,False,3,177,3,0,1,carl thorn performance are really low he doe not pay any attention to the work assigned but his potential is moderate he must improve his performance to reach height,train,Category 4: Inconsistent Player,Low Performance,Medium Potential,Negative Feedback,Career Growth,Performance Quality; Leadership Potential; Salary & Benefits,Negative Feedback,Career Growth
271,Jay Reid,"Category 4: 'Inconsistent Player' (Low performance, Moderate potential)","Jay does subpar work. I have to recheck all his work to make sure he didn't make a mistake, which doubles my work load. However when he knows that he's stuck, he usually asks decent questions and I can tell he listens and wants to learn. In exactly the same scenario, he will apply what he learned before, but we usually start from scratch if the next scenario is lightly different.",False,False,3,382,4,0,1,jay doe subpar work i have to recheck all his work to make sure he didnt make a mistake which double my work load however when he know that he stuck he usually asks decent question and i can tell he listens and want to learn in exactly the same scenario he will apply what he learned before but we usually start from scratch if the next scenario is lightly different,train,Category 4: Inconsistent Player,Low Performance,Medium Potential,Negative Feedback,Work Culture,Skill Gap,Negative Feedback,Work Culture
313,Jay Reid,"Category 4: 'Inconsistent Player' (Low performance, Moderate potential)","Jay still shows room for improvement after this quarter. He is sometimes late finishing projects, is sometimes late arriving at work or returning from break. He has some difficulty when taking constructive criticism. I feel that if Jay is able to improve in these areas we will see a huge improvement in his work.",False,False,3,313,4,0,1,jay still show room for improvement after this quarter he is sometimes late finishing project is sometimes late arriving at work or returning from break he ha some difficulty when taking constructive criticism i feel that if jay is able to improve in these area we will see a huge improvement in his work,train,Category 4: Inconsistent Player,Low Performance,Medium Potential,Negative Feedback,Work Culture,Attendance / Punctuality,Negative Feedback,Work Culture
310,Caylee Donovan,"Category 4: 'Inconsistent Player' (Low performance, Moderate potential)","Caylee's work needs a fair amount of improvement. Her day-to-day work thus far has not been strong. She does, however, flash a few hints that she might one day improve. She has a few intangibles and redeemable qualities.",False,False,3,220,4,0,1,caylees work need a fair amount of improvement her daytoday work thus far ha not been strong she doe however flash a few hint that she might one day improve she ha a few intangible and redeemable quality,train,Category 4: Inconsistent Player,Low Performance,Medium Potential,Negative Feedback,Career Growth,General Employee Feedback,Negative Feedback,Career Growth
309,Caylee Donovan,"Category 4: 'Inconsistent Player' (Low performance, Moderate potential)",Caylee Donovan has been avoiding her responsibilities as of late. She has been cited for her attitude towards her clients. There are days she shows up potential and comes in with a genuine smile but most of the time she seems to just trudge through the work day. It is not uncommon to find her at her desk playing on her phone.,False,False,3,327,4,0,1,caylee donovan ha been avoiding her responsibility a of late she ha been cited for her attitude towards her client there are day she show up potential and come in with a genuine smile but most of the time she seems to just trudge through the work day it is not uncommon to find her at her desk playing on her phone,train,Category 4: Inconsistent Player,Low Performance,Medium Potential,Negative Feedback,Work Culture,Attendance / Punctuality; Leadership Potential,Negative Feedback,Work Culture
308,Caylee Donovan,"Category 4: 'Inconsistent Player' (Low performance, Moderate potential)",Caylee is an ok worker. She does not perform very well and often produces work that is below our standard. That being said she has shown the ability to learn and improve herself diligently. With lots experience and guidance she has the ability to become a strong and consistent employee.,False,False,3,287,4,0,1,caylee is an ok worker she doe not perform very well and often produce work that is below our standard that being said she ha shown the ability to learn and improve herself diligently with lot experience and guidance she ha the ability to become a strong and consistent employee,train,Category 4: Inconsistent Player,Low Performance,Medium Potential,Negative Feedback,Career Growth,Skill Gap; Leadership Potential,Negative Feedback,Career Growth
307,Sofia Doyle,"Category 4: 'Inconsistent Player' (Low performance, Moderate potential)",Sofia doesn't focus at work. Sofia talks to other employees and is disruptive. Sofia's work she does submit shows quality. Sofia could be a better employee but has be been motivated.,False,False,3,182,4,0,1,sofia doesnt focus at work sofia talk to other employee and is disruptive sofia work she doe submit show quality sofia could be a better employee but ha be been motivated,train,Category 4: Inconsistent Player,Low Performance,Medium Potential,Negative Feedback,Work Culture,Performance Quality,Negative Feedback,Work Culture
305,Sofia Doyle,"Category 4: 'Inconsistent Player' (Low performance, Moderate potential)","Sofia Doyle struggles with her current workload. She is making progress, and seems to want to do well. She is amiable with her team. She works diligently toward any goal set before her.",False,False,3,185,4,0,1,sofia doyle struggle with her current workload she is making progress and seems to want to do well she is amiable with her team she work diligently toward any goal set before her,train,Category 4: Inconsistent Player,Low Performance,Medium Potential,Negative Feedback,Work Culture,Team Collaboration; Career Growth,Negative Feedback,Work Culture
304,Ollie Mason,"Category 4: 'Inconsistent Player' (Low performance, Moderate potential)","Ollie had a good deal of drive and a solid work ethic, but their skills are lacking in most tasks in the department. They have struggled with some of the most basic functions, such as paperwork and record keeping. They make the same mistakes over and over again, despite repeated coaching by peers and superiors. Hopefully with time they will improve with detailed functions.",False,False,3,375,4,0,1,ollie had a good deal of drive and a solid work ethic but their skill are lacking in most task in the department they have struggled with some of the most basic function such a paperwork and record keeping they make the same mistake over and over again despite repeated coaching by peer and superior hopefully with time they will improve with detailed function,train,Category 4: Inconsistent Player,Low Performance,Medium Potential,Negative Feedback,Career Growth,Skill Gap; Team Collaboration,Negative Feedback,Career Growth
303,Ollie Mason,"Category 4: 'Inconsistent Player' (Low performance, Moderate potential)",Ollie Mason has been an inconsistent player over the past quarter with the company. He has not completed tasks or responsibilities well and has demonstrated poor performance routinely. Ollie has moderate potential for growth and expanded responsibilities if he can develop a stronger and more diverse skill set within our company.,False,False,3,330,3,0,1,ollie mason ha been an inconsistent player over the past quarter with the company he ha not completed task or responsibility well and ha demonstrated poor performance routinely ollie ha moderate potential for growth and expanded responsibility if he can develop a stronger and more diverse skill set within our company,train,Category 4: Inconsistent Player,Low Performance,Medium Potential,Negative Feedback,Career Growth,Performance Quality; Skill Gap; Leadership Potential; Career Growth,Negative Feedback,Career Growth
302,Ollie Mason,"Category 4: 'Inconsistent Player' (Low performance, Moderate potential)","Ollie Mason seems a bit scattered in his performance at our company.  He has good and bad days, sometimes smashing the competition yet sometimes he barely turns in any work.  I feel Ollie could become a great employee with some goal setting and some focus.  I would like to see some consistency in his work and suggest another review in 3 months time.",False,False,3,351,4,0,1,ollie mason seems a bit scattered in his performance at our company he ha good and bad day sometimes smashing the competition yet sometimes he barely turn in any work i feel ollie could become a great employee with some goal setting and some focus i would like to see some consistency in his work and suggest another review in 3 month time,train,Category 4: Inconsistent Player,Low Performance,Medium Potential,Negative Feedback,Work Culture,Performance Quality,Negative Feedback,Work Culture
306,Sofia Doyle,"Category 4: 'Inconsistent Player' (Low performance, Moderate potential)","Sofia shows a lot of energy when it comes to work, but her performance is lacking. She has difficulty working with her peers, and meeting deadlines. When she does get her work done, it is satisfactory, sometimes quite impressive. Sofia needs to meet deadlines more efficiently and work with her peers, not against them. She is inconsistent, only working hard when she sees fit to do so.",False,False,3,386,5,0,1,sofia show a lot of energy when it come to work but her performance is lacking she ha difficulty working with her peer and meeting deadline when she doe get her work done it is satisfactory sometimes quite impressive sofia need to meet deadline more efficiently and work with her peer not against them she is inconsistent only working hard when she see fit to do so,train,Category 4: Inconsistent Player,Low Performance,Medium Potential,Negative Feedback,Work Culture,Performance Quality; Team Collaboration,Negative Feedback,Work Culture
301,Ollie Mason,"Category 4: 'Inconsistent Player' (Low performance, Moderate potential)",Ollie does not complete tasks on time and needs to reminded constantly. Ollie shows up late and leaves early.The work Ollie produces shows some potential but Ollie needs to increase his motivation. Ollie should think about some career goals within the organzination.,False,False,3,266,3,0,1,ollie doe not complete task on time and need to reminded constantly ollie show up late and leaf earlythe work ollie produce show some potential but ollie need to increase his motivation ollie should think about some career goal within the organzination,train,Category 4: Inconsistent Player,Low Performance,Medium Potential,Negative Feedback,Career Growth,Attendance / Punctuality; Leadership Potential; Career Growth,Negative Feedback,Career Growth
290,Isaac Parry,"Category 4: 'Inconsistent Player' (Low performance, Moderate potential)",Isaac doesn't complete assigned tasks on time and needs to reminded and pushed. Isaac's work does show moderate potential and he does show signs that he could approve. Isaac does ask intelligent questions and does strive to learn the process better. Isaac could use extra training in time management.,False,False,3,300,4,0,1,isaac doesnt complete assigned task on time and need to reminded and pushed isaac work doe show moderate potential and he doe show sign that he could approve isaac doe ask intelligent question and doe strive to learn the process better isaac could use extra training in time management,train,Category 4: Inconsistent Player,Low Performance,Medium Potential,Negative Feedback,Career Growth,Skill Gap; Leadership Potential,Negative Feedback,Career Growth
292,Isaac Parry,"Category 4: 'Inconsistent Player' (Low performance, Moderate potential)",Isaac was very tough to work with. He rarely showed up on time and we could not count on him. I do see some potential if he gets his head on right. I would not hire him,False,False,3,168,4,0,1,isaac wa very tough to work with he rarely showed up on time and we could not count on him i do see some potential if he get his head on right i would not hire him,train,Category 4: Inconsistent Player,Low Performance,Medium Potential,Negative Feedback,Career Growth,Leadership Potential,Negative Feedback,Career Growth
293,Isaac Parry,"Category 4: 'Inconsistent Player' (Low performance, Moderate potential)","Isaac has shown growth in some areas this past month. He is regularly on time and works diligently to get his tasks done. He should, however, ask questions more often as he's completing a task just to make sure he's on the right track, and to avoid having to revisit and redo work in the long run. With some mentoring from company leadership, I feel Isaac could grow his skill set and become a stronger member of the team, and perhaps move ahead in the company in the future.",False,True,3,475,4,0,1,isaac ha shown growth in some area this past month he is regularly on time and work diligently to get his task done he should however ask question more often a he completing a task just to make sure he on the right track and to avoid having to revisit and redo work in the long run with some mentoring from company leadership i feel isaac could grow his skill set and become a stronger member of the team and perhaps move ahead in the company in the future,train,Category 4: Inconsistent Player,Low Performance,Medium Potential,Negative Feedback,Career Growth,Skill Gap; Leadership Potential; Team Collaboration; Career Growth,Negative Feedback,Career Growth
294,Isaac Parry,"Category 4: 'Inconsistent Player' (Low performance, Moderate potential)","Isaac has demonstrated average performance this quarter. He was able to maintain an efficient workflow standard, and he was able to provide up-to-date and accurate analysis of data. Significant improvements, however, would be communication skills. He is encouraged to participate more actively in meetings and project discussions. His data analysis insights would definitely help his colleagues do their jobs better as well.",True,True,3,424,5,0,1,isaac ha demonstrated average performance this quarter he wa able to maintain an efficient workflow standard and he wa able to provide uptodate and accurate analysis of data significant improvement however would be communication skill he is encouraged to participate more actively in meeting and project discussion his data analysis insight would definitely help his colleague do their job better a well,train,Category 4: Inconsistent Player,Low Performance,Medium Potential,Negative Feedback,Career Growth,Communication; Performance Quality; Skill Gap,Negative Feedback,Career Growth
291,Isaac Parry,"Category 4: 'Inconsistent Player' (Low performance, Moderate potential)","Isaac currently is not doing a good job. He is very slow, usually submits projects late, and the projects he does submit are of lower quality.  However he is able to work well with others and learn from mistakes. I suggest he undergo further rigorous training inorder to get  him up to speed.  He is not a great worker right now but perhaps some practice and guidance will catch him up.",False,False,3,386,5,0,1,isaac currently is not doing a good job he is very slow usually submits project late and the project he doe submit are of lower quality however he is able to work well with others and learn from mistake i suggest he undergo further rigorous training inorder to get him up to speed he is not a great worker right now but perhaps some practice and guidance will catch him up,train,Category 4: Inconsistent Player,Low Performance,Medium Potential,Negative Feedback,Work Culture,Attendance / Punctuality; Performance Quality; Skill Gap; Leadership Potential,Negative Feedback,Work Culture
296,Lacey Thomas,"Category 4: 'Inconsistent Player' (Low performance, Moderate potential)","Lacey is very inconsistent.  She currently only produces work that meets our expectations 50% of the time. That being said she has shown some ability to learn and improve herself, and so has the potential to be a middle of the pack worker. Her current products are inconsistent but she has the potential to improve.",False,False,3,315,4,0,1,lacey is very inconsistent she currently only produce work that meet our expectation 50 of the time that being said she ha shown some ability to learn and improve herself and so ha the potential to be a middle of the pack worker her current product are inconsistent but she ha the potential to improve,train,Category 4: Inconsistent Player,Low Performance,Medium Potential,Negative Feedback,Career Growth,Skill Gap; Leadership Potential,Negative Feedback,Career Growth
297,Lacey Thomas,"Category 4: 'Inconsistent Player' (Low performance, Moderate potential)",Lacey was very tough to deal with. She never showed on time and did not perform well. There is some potential for improvement if she works harder. Low risk medium reward teammate,False,False,3,178,4,0,1,lacey wa very tough to deal with she never showed on time and did not perform well there is some potential for improvement if she work harder low risk medium reward teammate,train,Category 4: Inconsistent Player,Low Performance,Medium Potential,Negative Feedback,Career Growth,Leadership Potential,Negative Feedback,Career Growth
295,Lacey Thomas,"Category 4: 'Inconsistent Player' (Low performance, Moderate potential)","I believe Lacey Thomas would benefit from goal setting.  Lacey's work has many ups and downs.  She has the determination to become a solid performer, however she seems to lack focus.  On many days she is a shining star, but her low producing days make her a gamble.",False,False,3,265,4,0,1,i believe lacey thomas would benefit from goal setting laceys work ha many ups and down she ha the determination to become a solid performer however she seems to lack focus on many day she is a shining star but her low producing day make her a gamble,train,Category 4: Inconsistent Player,Low Performance,Medium Potential,Negative Feedback,Salary & Benefits,Salary & Benefits,Negative Feedback,Career Growth
10019,Kieran Clarke,"Category 5: 'Core Player' (Moderate performance, Moderate potential)","Kieran is a valued team member. Kieran tries hard, but shows potential for further growth. Kieran could show more dedication to tasks at hand and focus to improve work performance. Kieran is a good fit for their current role in the company.",False,True,4,240,4,1,1,kieran is a valued team member kieran try hard but show potential for further growth kieran could show more dedication to task at hand and focus to improve work performance kieran is a good fit for their current role in the company,train,Category 5: Core Player,Medium Performance,Medium Potential,Neutral Feedback,Career Growth,Performance Quality; Leadership Potential; Team Collaboration; Career Growth,Neutral Feedback,Career Growth
10020,Kieran Clarke,"Category 5: 'Core Player' (Moderate performance, Moderate potential)","Kieran is a linchpin of the team, and a dependable worker. Can be trusted with tasks of moderate complexity, and excellent interpersonal skills - potential management material in the future.",False,False,4,190,2,1,1,kieran is a linchpin of the team and a dependable worker can be trusted with task of moderate complexity and excellent interpersonal skill potential management material in the future,train,Category 5: Core Player,Medium Performance,Medium Potential,Neutral Feedback,Career Growth,Skill Gap; Leadership Potential; Team Collaboration,Neutral Feedback,Career Growth
10007,Harvey Watts,"Category 5: 'Core Player' (Moderate performance, Moderate potential)",Harvey Watts is definitely a team player with high communication skills. He handles lots of daily tasks without hesitation and provide useful feedbacks in meetings. He often request coaching and validation on multiple stages of an assigned project. He does not usually handle or lead a project independently. He is more comfortable provide support with excellency.,True,True,4,364,5,1,1,harvey watt is definitely a team player with high communication skill he handle lot of daily task without hesitation and provide useful feedback in meeting he often request coaching and validation on multiple stage of an assigned project he doe not usually handle or lead a project independently he is more comfortable provide support with excellency,train,Category 5: Core Player,Medium Performance,Medium Potential,Neutral Feedback,Management Issues,Communication; Skill Gap; Team Collaboration,Neutral Feedback,Work Culture
631,Jamari Roberts,"Category 5: 'Core Player' (Moderate performance, Moderate potential)","Jamari is a solid member of our team who's always willing to volunteer and help out colleagues who are struggling to meet their deadlines. Sometimes this jeopardizes his own work, however, when he's left scrambling to meet the deadlines his clients have set for him. I have spoken with Jamari about his time management skills and he's gotten much better about setting boundaries for himself. I anticipate that his work product will really improve now that he's juggling less on his plate.",True,True,4,488,4,1,1,jamari is a solid member of our team who always willing to volunteer and help out colleague who are struggling to meet their deadline sometimes this jeopardizes his own work however when he left scrambling to meet the deadline his client have set for him i have spoken with jamari about his time management skill and he gotten much better about setting boundary for himself i anticipate that his work product will really improve now that he juggling le on his plate,train,Category 5: Core Player,Medium Performance,Medium Potential,Neutral Feedback,Work Culture,Skill Gap; Team Collaboration,Neutral Feedback,Work Culture
610,Owen Hamilton,"Category 5: 'Core Player' (Moderate performance, Moderate potential)","Owen has shown promising results this quarter. He submits reports regularly and on time, and he has only one minor accounting error on record, which he apologized for and fixed in time for tax season. He has room for improvement, however, as he should continue to check his work for errors and missing information, since he is prone to small errors and careless mistakes. This should not be a problem though, since many of these errors would only take 5 minutes to correct.",True,True,4,473,4,1,1,owen ha shown promising result this quarter he submits report regularly and on time and he ha only one minor accounting error on record which he apologized for and fixed in time for tax season he ha room for improvement however a he should continue to check his work for error and missing information since he is prone to small error and careless mistake this should not be a problem though since many of these error would only take 5 minute to correct,train,Category 5: Core Player,Medium Performance,Medium Potential,Neutral Feedback,Career Growth,Performance Quality,Neutral Feedback,Career Growth
591,Noel Chapman,"Category 5: 'Core Player' (Moderate performance, Moderate potential)",Noel Chapman has done a good job of completing tasks thus far.  Chapman has an easy way with colleagues that could go a long way towards a promotion.  Chapman could improve on goal setting and reaching those goals.  Chapman is detail oriented and I believe sometimes lets those details get in the way of completing work.,True,True,4,320,4,1,1,noel chapman ha done a good job of completing task thus far chapman ha an easy way with colleague that could go a long way towards a promotion chapman could improve on goal setting and reaching those goal chapman is detail oriented and i believe sometimes let those detail get in the way of completing work,train,Category 5: Core Player,Medium Performance,Medium Potential,Neutral Feedback,Career Growth,Career Growth,Neutral Feedback,Career Growth
491,Jessica Black,"Category 5: 'Core Player' (Moderate performance, Moderate potential)",Jessica has the capacity to develop her skillset and innate talents to achieve more in our organization. Jessica should work to apply her skills in different areas. She should consider asking for additional assignments that would interest and challenge her. Jessica is not functioning up to her full capacity.,True,True,4,309,4,1,1,jessica ha the capacity to develop her skillset and innate talent to achieve more in our organization jessica should work to apply her skill in different area she should consider asking for additional assignment that would interest and challenge her jessica is not functioning up to her full capacity,train,Category 5: Core Player,Medium Performance,Medium Potential,Neutral Feedback,Career Growth,Skill Gap,Neutral Feedback,Career Growth
404,Alex Watts,"Category 5: 'Core Player' (Moderate performance, Moderate potential)","Alex turns in work that's solidly reliable. I can trust that he's done all the due diligence requested of him by the client. However, he sometimes rushes through his work since he's too eager to take on additional projects on his plate. This results in work product that has a few errors here and there. We've discussed the need to slow down a bit so he has time to proofread all his drafts. He's committed to doing so, so I'm confident that his work will improve a bit moving forward.",False,False,4,485,6,1,1,alex turn in work thats solidly reliable i can trust that he done all the due diligence requested of him by the client however he sometimes rush through his work since he too eager to take on additional project on his plate this result in work product that ha a few error here and there weve discussed the need to slow down a bit so he ha time to proofread all his draft he committed to doing so so im confident that his work will improve a bit moving forward,train,Category 5: Core Player,Medium Performance,Medium Potential,Neutral Feedback,Work Culture,Performance Quality,Neutral Feedback,Work Culture
413,Bobby Lowe,"Category 5: 'Core Player' (Moderate performance, Moderate potential)","Bobby's performance with the company so far would rate as average all around. He has shown decent aptitude for the work he does. He also has shown some capacity for growth, even if somewhat limited. Overall, he's a middle-of-the-pack employee who's doing well but also isn't blowing anyone away.",False,False,4,295,4,1,1,bobby performance with the company so far would rate a average all around he ha shown decent aptitude for the work he doe he also ha shown some capacity for growth even if somewhat limited overall he a middleofthepack employee who doing well but also isnt blowing anyone away,train,Category 5: Core Player,Medium Performance,Medium Potential,Neutral Feedback,Career Growth,Performance Quality; Career Growth,Neutral Feedback,Career Growth
412,Bobby Lowe,"Category 5: 'Core Player' (Moderate performance, Moderate potential)","Bobby's work is always flawless and I can trust that it's in good shape to send directly to a client without much review on my part. However, he pays such close attention to details that he's often unwilling to let go of a draft until he deems it perfect. This means he misses some key deadlines along the way. I've spoken with him about this issue and he's willing to focus on his time management as an area of development. However, he's such a perfectionist that I'm not sure whether he'll be able to make significant improvements in this area.",False,True,4,546,5,1,1,bobby work is always flawless and i can trust that it in good shape to send directly to a client without much review on my part however he pay such close attention to detail that he often unwilling to let go of a draft until he deems it perfect this mean he miss some key deadline along the way ive spoken with him about this issue and he willing to focus on his time management a an area of development however he such a perfectionist that im not sure whether hell be able to make significant improvement in this area,train,Category 5: Core Player,Medium Performance,Medium Potential,Neutral Feedback,Work Culture,Skill Gap,Neutral Feedback,Work Culture
411,Bobby Lowe,"Category 5: 'Core Player' (Moderate performance, Moderate potential)","Bobby Lowe is a good worker. He has done well this year. We would like to see more from him. He works well with the team, but his work is of average quality. He does not go above and beyond in his work. His work is quality, but could be improved upon.",False,False,4,251,6,1,1,bobby lowe is a good worker he ha done well this year we would like to see more from him he work well with the team but his work is of average quality he doe not go above and beyond in his work his work is quality but could be improved upon,train,Category 5: Core Player,Medium Performance,Medium Potential,Neutral Feedback,Work Culture,Performance Quality; Team Collaboration,Neutral Feedback,Work Culture
410,Bobby Lowe,"Category 5: 'Core Player' (Moderate performance, Moderate potential)",Bobby is a solid standard employee. He is a very consistent worker and usually produces quality work. He sometimes makes error but is generally detail orientated. He also has shown good learning skills and seeks to improve himself regularly. He is a solid player and with lots of experience he may be able to improve.,False,False,4,317,5,1,1,bobby is a solid standard employee he is a very consistent worker and usually produce quality work he sometimes make error but is generally detail orientated he also ha shown good learning skill and seek to improve himself regularly he is a solid player and with lot of experience he may be able to improve,train,Category 5: Core Player,Medium Performance,Medium Potential,Neutral Feedback,Career Growth,Performance Quality; Skill Gap,Neutral Feedback,Career Growth
408,Alex Watts,"Category 5: 'Core Player' (Moderate performance, Moderate potential)","Alex is a decent performer of his duties. His work has been solid all around. He has also shown some promise as far as learning skills outside of his job description. On the whole, he falls somewhere in the middle of the pack.",False,False,4,226,4,1,1,alex is a decent performer of his duty his work ha been solid all around he ha also shown some promise a far a learning skill outside of his job description on the whole he fall somewhere in the middle of the pack,train,Category 5: Core Player,Medium Performance,Medium Potential,Neutral Feedback,Career Growth,Skill Gap,Neutral Feedback,Career Growth
407,Alex Watts,"Category 5: 'Core Player' (Moderate performance, Moderate potential)",Alex's work is greatly appreciated. He achieves at the level that is expected of him and complies with what is expected. He is a valuable asset to our team. I would like to see Alex to strive to go above and behind in his work. I believe that he has great potential to become a more critical component within the company. Alex can strive to improve his communication skills in specifically.,False,False,4,390,6,1,1,alexs work is greatly appreciated he achieves at the level that is expected of him and complies with what is expected he is a valuable asset to our team i would like to see alex to strive to go above and behind in his work i believe that he ha great potential to become a more critical component within the company alex can strive to improve his communication skill in specifically,train,Category 5: Core Player,Medium Performance,Medium Potential,Neutral Feedback,Career Growth,Communication; Skill Gap; Leadership Potential; Team Collaboration,Neutral Feedback,Career Growth
406,Alex Watts,"Category 5: 'Core Player' (Moderate performance, Moderate potential)","Alex is a stable and consistent working on the team.  He does what is required and necessary for the job and does it with minimal effort.  Alex has a solid understand of his job and communicates well with others. Alex has been in his position an adequate amount of time, and we would encourage him to take on additional tasks and learn new tasks, to assist in career development.",False,False,4,379,4,1,1,alex is a stable and consistent working on the team he doe what is required and necessary for the job and doe it with minimal effort alex ha a solid understand of his job and communicates well with others alex ha been in his position an adequate amount of time and we would encourage him to take on additional task and learn new task to assist in career development,train,Category 5: Core Player,Medium Performance,Medium Potential,Neutral Feedback,Career Growth,Skill Gap; Team Collaboration; Career Growth,Neutral Feedback,Career Growth
405,Alex Watts,"Category 5: 'Core Player' (Moderate performance, Moderate potential)",Alex watts is one of my favorite people to work with.  He demonstrates constant love for his job and for his co-workers.  He is an essential member of our team and he is the foundation of the work that we do.  Alex is truly a core player,True,True,4,237,4,1,1,alex watt is one of my favorite people to work with he demonstrates constant love for his job and for his coworkers he is an essential member of our team and he is the foundation of the work that we do alex is truly a core player,train,Category 5: Core Player,Medium Performance,Medium Potential,Neutral Feedback,Work Culture,Team Collaboration,Neutral Feedback,Work Culture
403,Joseph Burke,"Category 5: 'Core Player' (Moderate performance, Moderate potential)",Joseph Burke is an important member of our team. He works at a good pace with good results. He is always finishing his task on time. He will have a good future in the company as long as he works hard.,False,False,4,200,4,1,1,joseph burke is an important member of our team he work at a good pace with good result he is always finishing his task on time he will have a good future in the company a long a he work hard,train,Category 5: Core Player,Medium Performance,Medium Potential,Neutral Feedback,Career Growth,Performance Quality; Leadership Potential; Team Collaboration,Neutral Feedback,Career Growth
10021,Kieran Clarke,"Category 5: 'Core Player' (Moderate performance, Moderate potential)",Kieran Clarke has shown a consistent approach to the problems that have crossed his path. As an asset to the team he has shown he can maintain a level of work required. His intent should be nurtured so as to achieve the best out of him. Kieran should be happy with the regularity and commitment to the team.,False,False,4,307,4,1,1,kieran clarke ha shown a consistent approach to the problem that have crossed his path a an asset to the team he ha shown he can maintain a level of work required his intent should be nurtured so a to achieve the best out of him kieran should be happy with the regularity and commitment to the team,train,Category 5: Core Player,Medium Performance,Medium Potential,Neutral Feedback,Work Culture,Team Collaboration,Neutral Feedback,Work Culture
418,Andrea Thomas,"Category 5: 'Core Player' (Moderate performance, Moderate potential)",Andrea Works well in all areas of data entry. Her high performance of 230 kpm when doing numerical entry is exceptional. She works hard at what she does and completes her work in a timely manner. I think she could handle more responsibilities.,True,True,4,243,4,1,1,andrea work well in all area of data entry her high performance of 230 kpm when doing numerical entry is exceptional she work hard at what she doe and completes her work in a timely manner i think she could handle more responsibility,train,Category 5: Core Player,Medium Performance,Medium Potential,Neutral Feedback,Work Culture,Performance Quality,Neutral Feedback,Work Culture
10022,Kieran Clarke,"Category 5: 'Core Player' (Moderate performance, Moderate potential)","Kieran is motivated and shows initiative when it comes to the tasks assigned. They are able to deliver what is asked. One possible area of improvement is they ought to pro-active in taking responsibilities without waiting for work to be assigned. If that is taken care, they would fly really high!",False,False,4,297,4,1,1,kieran is motivated and show initiative when it come to the task assigned they are able to deliver what is asked one possible area of improvement is they ought to proactive in taking responsibility without waiting for work to be assigned if that is taken care they would fly really high,train,Category 5: Core Player,Medium Performance,Medium Potential,Neutral Feedback,Career Growth,Performance Quality,Neutral Feedback,Career Growth
10228,Thaddeus Burgess,"Category 5: 'Core Player' (Moderate performance, Moderate potential)",T. Burgess has shown a fair level of effort in their job thus far. They usually contribute to the company in positive ways. They regularly display team effort and are adept at accomplishing most tasks. If they would engage in more passion and drive in their current position they could be an outstanding employee.,False,False,4,313,4,1,1,t burgess ha shown a fair level of effort in their job thus far they usually contribute to the company in positive way they regularly display team effort and are adept at accomplishing most task if they would engage in more passion and drive in their current position they could be an outstanding employee,train,Category 5: Core Player,Medium Performance,Medium Potential,Neutral Feedback,Work Culture,Team Collaboration,Neutral Feedback,Work Culture
10037,Moises Houston,"Category 5: 'Core Player' (Moderate performance, Moderate potential)","Moises is conscientious about her work and I know I can trust her to get the job done well. She sometimes stretches herself too thin though. When this happens her work product has minor typos and errors in it. However I am confident she'll go far in our department. With her work ethic, the sky is the limit.",True,True,4,308,5,1,1,moises is conscientious about her work and i know i can trust her to get the job done well she sometimes stretch herself too thin though when this happens her work product ha minor typo and error in it however i am confident shell go far in our department with her work ethic the sky is the limit,train,Category 5: Core Player,Medium Performance,Medium Potential,Neutral Feedback,Work Culture,General Employee Feedback,Neutral Feedback,Work Culture
402,Joseph Burke,"Category 5: 'Core Player' (Moderate performance, Moderate potential)",Joseph is never leave early and adhere to all company break times.He find new solutions any complex problems. He is fair treat everyone in his office as an equal.,False,False,4,162,2,1,1,joseph is never leave early and adhere to all company break timeshe find new solution any complex problem he is fair treat everyone in his office a an equal,train,Category 5: Core Player,Medium Performance,Medium Potential,Neutral Feedback,Work Culture,General Employee Feedback,Neutral Feedback,Work Culture
515,Jaxson Giles,"Category 5: 'Core Player' (Moderate performance, Moderate potential)","Jaxson Giles works very hard to understand the tasks set before him. He takes a little longer to learn those skills, but when he learns them, he does them well. He needs to work on time management to give himself time to check over his work. He seems eager to please and works well with the team.",True,True,4,296,4,1,1,jaxson giles work very hard to understand the task set before him he take a little longer to learn those skill but when he learns them he doe them well he need to work on time management to give himself time to check over his work he seems eager to please and work well with the team,train,Category 5: Core Player,Medium Performance,Medium Potential,Neutral Feedback,Work Culture,Skill Gap; Team Collaboration,Neutral Feedback,Work Culture
496,Kallie Beard,"Category 5: 'Core Player' (Moderate performance, Moderate potential)","Kallie may not seem like a top worker in her results, but based on her intangibles she could possibly grow into strong worker here. Her attitude and attention to detail are certainly assets that she can leverage. Perhaps if she were put in a different position, she might have a better opportunity to succeed. The potential is definitely there, we just need to find a way to let her fully utilize her talents.",True,True,4,409,4,1,1,kallie may not seem like a top worker in her result but based on her intangible she could possibly grow into strong worker here her attitude and attention to detail are certainly asset that she can leverage perhaps if she were put in a different position she might have a better opportunity to succeed the potential is definitely there we just need to find a way to let her fully utilize her talent,train,Category 5: Core Player,Medium Performance,Medium Potential,Neutral Feedback,Career Growth,Performance Quality; Leadership Potential; Career Growth,Neutral Feedback,Career Growth
10222,Andy Kennedy,"Category 5: 'Core Player' (Moderate performance, Moderate potential)","Andy Kennedy has been working with a varied approach. At times his promise has shown with rewarding outcome. At other times he has let himself down. With that being said, he will continue to improve with the right guidance and nurture from the team.",True,True,4,249,4,1,1,andy kennedy ha been working with a varied approach at time his promise ha shown with rewarding outcome at other time he ha let himself down with that being said he will continue to improve with the right guidance and nurture from the team,train,Category 5: Core Player,Medium Performance,Medium Potential,Neutral Feedback,Career Growth,Leadership Potential; Team Collaboration,Neutral Feedback,Career Growth
10217,Dean Phillips,"Category 5: 'Core Player' (Moderate performance, Moderate potential)","Dean is a great member of the team.  He accomplishes every task satisfactorily and the team respects his contributions.  A particularly good contribution was stepping up to stay late when we recently had a couple members out sick.  Though Dean may not be seen as a natural leader, he is welcomed to join our program for top employees.  Some become managers or supervisors.",True,True,4,372,5,1,1,dean is a great member of the team he accomplishes every task satisfactorily and the team respect his contribution a particularly good contribution wa stepping up to stay late when we recently had a couple member out sick though dean may not be seen a a natural leader he is welcomed to join our program for top employee some become manager or supervisor,train,Category 5: Core Player,Medium Performance,Medium Potential,Neutral Feedback,Work Culture,Attendance / Punctuality; Leadership Potential; Team Collaboration,Neutral Feedback,Work Culture
10186,Logan Russell,"Category 5: 'Core Player' (Moderate performance, Moderate potential)","Logan is a normal employee, his performance are not bad but not excellent. He is doing some sales and his number show us that he is not bad, He is always willing to take the hardest customers to deal with, and that is why we appreciate him. He have a moderate potential in our enterprise because he is not putting as much effort as we want him too. Overall he's not bad but could be better.",False,True,4,390,4,1,1,logan is a normal employee his performance are not bad but not excellent he is doing some sale and his number show u that he is not bad he is always willing to take the hardest customer to deal with and that is why we appreciate him he have a moderate potential in our enterprise because he is not putting a much effort a we want him too overall he not bad but could be better,train,Category 5: Core Player,Medium Performance,Medium Potential,Neutral Feedback,Career Growth,Performance Quality; Leadership Potential,Neutral Feedback,Career Growth
10184,Logan Russell,"Category 5: 'Core Player' (Moderate performance, Moderate potential)",Logan Russell has shown he has the makings of consistency. We have been pleasantly surprised with his work. Without Logan the team would not be as glued together as it is. With continued nurture we are happy to develop his skills further.,False,False,4,238,4,1,1,logan russell ha shown he ha the making of consistency we have been pleasantly surprised with his work without logan the team would not be a glued together a it is with continued nurture we are happy to develop his skill further,train,Category 5: Core Player,Medium Performance,Medium Potential,Neutral Feedback,Work Culture,Skill Gap; Team Collaboration,Neutral Feedback,Work Culture
10154,Erin Harvey,"Category 5: 'Core Player' (Moderate performance, Moderate potential)","Erin Harvey has had difficulty getting settled into her position but her immediate superior has said that she has produced a few pieces of good work that show she could do well as time goes on. Erin arrives on time every day but can often be seen wandering the office chatting to others. It is felt that the manager of her department should have a good face to face chat with her about how things have been going. In this discussion, her inability to focus well should be addressed but she should be praised on her good work.",True,True,4,525,4,1,1,erin harvey ha had difficulty getting settled into her position but her immediate superior ha said that she ha produced a few piece of good work that show she could do well a time go on erin arrives on time every day but can often be seen wandering the office chatting to others it is felt that the manager of her department should have a good face to face chat with her about how thing have been going in this discussion her inability to focus well should be addressed but she should be praised on her good work,train,Category 5: Core Player,Medium Performance,Medium Potential,Neutral Feedback,Work Culture,General Employee Feedback,Neutral Feedback,Work Culture
10151,Bethany Cunningham,"Category 5: 'Core Player' (Moderate performance, Moderate potential)",Bethany Cunningham has been perfecting her skill. As a team player her tasks have been completed with optimal skill. At the present time we are hoping to nurture her talent further. So far she has shown she has the continued resilience needed.,True,True,4,243,4,1,1,bethany cunningham ha been perfecting her skill a a team player her task have been completed with optimal skill at the present time we are hoping to nurture her talent further so far she ha shown she ha the continued resilience needed,train,Category 5: Core Player,Medium Performance,Medium Potential,Neutral Feedback,Career Growth,Skill Gap; Team Collaboration,Neutral Feedback,Career Growth
10147,Rebecca Murphy,"Category 5: 'Core Player' (Moderate performance, Moderate potential)",Rebecca is a key player on our team. She has a thorough grasp on most core areas of her job function; however she does need to work on submitting her work in a timely manner. Rebecca works well with the rest of her department and she has shown great improvement in her active listening skills this quarter. Rebecca is a great fit for her role and has room to learn some of the deeper nuances of her position.,False,False,4,408,4,1,1,rebecca is a key player on our team she ha a thorough grasp on most core area of her job function however she doe need to work on submitting her work in a timely manner rebecca work well with the rest of her department and she ha shown great improvement in her active listening skill this quarter rebecca is a great fit for her role and ha room to learn some of the deeper nuance of her position,train,Category 5: Core Player,Medium Performance,Medium Potential,Neutral Feedback,Career Growth,Communication; Skill Gap; Team Collaboration,Neutral Feedback,Career Growth
10146,Rebecca Murphy,"Category 5: 'Core Player' (Moderate performance, Moderate potential)","Rebecca consistently completes her work, but does not excel at it. This matches her previous behavior, and I expect it will stay the same in the future. She is dependable for data analytics, but her skillset is only average compared to other workers. She is a good worker, but not in the running for any kind of promotion.",False,False,4,322,4,1,1,rebecca consistently completes her work but doe not excel at it this match her previous behavior and i expect it will stay the same in the future she is dependable for data analytics but her skillset is only average compared to other worker she is a good worker but not in the running for any kind of promotion,train,Category 5: Core Player,Medium Performance,Medium Potential,Neutral Feedback,Career Growth,Leadership Potential; Career Growth,Neutral Feedback,Career Growth
10145,Rebecca Murphy,"Category 5: 'Core Player' (Moderate performance, Moderate potential)","Rebecca shows up to literally everything. You can't find a project without her name on it nad a host of her colleagues with overall positive sentiments about her contributions. She's a great team player, though she rarely stands out. She is solid as a rock and essential to our department's functioning.",False,True,4,303,4,1,1,rebecca show up to literally everything you cant find a project without her name on it nad a host of her colleague with overall positive sentiment about her contribution shes a great team player though she rarely stand out she is solid a a rock and essential to our department functioning,train,Category 5: Core Player,Medium Performance,Medium Potential,Neutral Feedback,Work Culture,Team Collaboration,Neutral Feedback,Work Culture
10144,Rebecca Murphy,"Category 5: 'Core Player' (Moderate performance, Moderate potential)","Rebecca Murphy is a core player in our company. She doesn't slack whatsoever. Her work is very valued and we can always count on her to perform consistently well.  She can quickly process information and do tasks. She is a little shaky on instructions sometimes, but once they're read over a couple times she's solid.",False,False,4,317,5,1,1,rebecca murphy is a core player in our company she doesnt slack whatsoever her work is very valued and we can always count on her to perform consistently well she can quickly process information and do task she is a little shaky on instruction sometimes but once theyre read over a couple time shes solid,train,Category 5: Core Player,Medium Performance,Medium Potential,Neutral Feedback,Work Culture,General Employee Feedback,Neutral Feedback,Work Culture
10104,Declan Houghton,"Category 5: 'Core Player' (Moderate performance, Moderate potential)",Declan Houghton is a very consistent part of the team. His task finishing has been consistent and well managed. We are hoping that he will continue to be an asset to the team. His work and task finishing has shown consistency.,False,False,4,226,4,1,1,declan houghton is a very consistent part of the team his task finishing ha been consistent and well managed we are hoping that he will continue to be an asset to the team his work and task finishing ha shown consistency,train,Category 5: Core Player,Medium Performance,Medium Potential,Neutral Feedback,Work Culture,Team Collaboration,Neutral Feedback,Work Culture
10102,Declan Houghton,"Category 5: 'Core Player' (Moderate performance, Moderate potential)",Declan houghtan is a very influential player when it comes to our business.  he shows pretty good potential and good performance.  Without declan we would have to spend a lot of time training a new person to fill in their big shoes.  He is very important to our production,False,True,4,272,4,1,1,declan houghtan is a very influential player when it come to our business he show pretty good potential and good performance without declan we would have to spend a lot of time training a new person to fill in their big shoe he is very important to our production,train,Category 5: Core Player,Medium Performance,Medium Potential,Neutral Feedback,Career Growth,Performance Quality; Skill Gap; Leadership Potential,Neutral Feedback,Career Growth
10090,Joyce Douglas,"Category 5: 'Core Player' (Moderate performance, Moderate potential)",Joyce Douglas is a good asset to the team. Consistently delivering she can achieve tasks with good proficiency. We have a good relationship with Joyce and hope to develop her skills further. At present we may not have much to say for her talent moving on.,True,True,4,255,4,1,1,joyce douglas is a good asset to the team consistently delivering she can achieve task with good proficiency we have a good relationship with joyce and hope to develop her skill further at present we may not have much to say for her talent moving on,train,Category 5: Core Player,Medium Performance,Medium Potential,Neutral Feedback,Career Growth,Skill Gap; Team Collaboration,Neutral Feedback,Career Growth
10066,Ava West,"Category 5: 'Core Player' (Moderate performance, Moderate potential)","Overall Ava showed a lot of motivation for the job, she is always coming on time and bringing new idea to our team. She seems to like the job and always provide usefull feedback on our project. However, sometime she seems a little distracted and that is affecting her potential for the company. Ava should listen more to our idea and take less space on our team, that would increase her potential.",False,False,4,397,4,1,1,overall ava showed a lot of motivation for the job she is always coming on time and bringing new idea to our team she seems to like the job and always provide usefull feedback on our project however sometime she seems a little distracted and that is affecting her potential for the company ava should listen more to our idea and take le space on our team that would increase her potential,train,Category 5: Core Player,Medium Performance,Medium Potential,Neutral Feedback,Career Growth,Communication; Leadership Potential; Team Collaboration,Neutral Feedback,Career Growth
10065,Ava West,"Category 5: 'Core Player' (Moderate performance, Moderate potential)",Ava West has been consistent in many areas of her work. We have been happy with her skills so far. Her work has been at all times of great quality. We have much to thank Ava for being on the team.,False,False,4,196,4,1,1,ava west ha been consistent in many area of her work we have been happy with her skill so far her work ha been at all time of great quality we have much to thank ava for being on the team,train,Category 5: Core Player,Medium Performance,Medium Potential,Neutral Feedback,Work Culture,Performance Quality; Skill Gap; Team Collaboration,Neutral Feedback,Work Culture
10058,Jessica Dixon,"Category 5: 'Core Player' (Moderate performance, Moderate potential)","Jessica can be reliably counted on to deliver results. However, she has multiple issues in working with a team and accepting feedback which has affected project placement. Nevertheless, her competence more than outweighs this issue in cases of individual contribution. Jessica needs more time to determine whether or not she is able to accept more responsibility.",False,False,4,363,4,1,1,jessica can be reliably counted on to deliver result however she ha multiple issue in working with a team and accepting feedback which ha affected project placement nevertheless her competence more than outweighs this issue in case of individual contribution jessica need more time to determine whether or not she is able to accept more responsibility,train,Category 5: Core Player,Medium Performance,Medium Potential,Neutral Feedback,Management Issues,Communication; Performance Quality; Team Collaboration,Neutral Feedback,Work Culture
10050,Shannon Harvey,"Category 5: 'Core Player' (Moderate performance, Moderate potential)","Shannon is dependable, clearing her expected work every day. She seems happy in her role and unlikely to want to move up the ladder. Shannon is a great addition to the team and you can ask her for help where needed. Recommended for projects.",True,True,4,241,4,1,1,shannon is dependable clearing her expected work every day she seems happy in her role and unlikely to want to move up the ladder shannon is a great addition to the team and you can ask her for help where needed recommended for project,train,Category 5: Core Player,Medium Performance,Medium Potential,Neutral Feedback,Work Culture,Team Collaboration,Neutral Feedback,Work Culture
10023,Kieran Clarke,"Category 5: 'Core Player' (Moderate performance, Moderate potential)",Kieran Clarke is a good team player in our teamHe performs exemplary in all assigned duties .His potential is moderate though he can still improve.  He represents the future of the organisation .,False,False,4,195,2,1,1,kieran clarke is a good team player in our teamhe performs exemplary in all assigned duty his potential is moderate though he can still improve he represents the future of the organisation,train,Category 5: Core Player,Medium Performance,Medium Potential,Neutral Feedback,Career Growth,Leadership Potential; Team Collaboration,Neutral Feedback,Career Growth
401,Joseph Burke,"Category 5: 'Core Player' (Moderate performance, Moderate potential)","Joseph has been with the company for 5 years. He is great with coaching juniors, kind to coworkers. However, Joseph is not actively seeking opportunities to improve himself. He is content in showing up, getting some work done then leaving. Compared to some of his co-workers, Joseph's work is less than stellar. Also some of his work can be done more efficiently.",False,False,4,363,6,1,1,joseph ha been with the company for 5 year he is great with coaching junior kind to coworkers however joseph is not actively seeking opportunity to improve himself he is content in showing up getting some work done then leaving compared to some of his coworkers joseph work is le than stellar also some of his work can be done more efficiently,train,Category 5: Core Player,Medium Performance,Medium Potential,Neutral Feedback,Work Culture,Team Collaboration; Career Growth,Neutral Feedback,Work Culture
339,Tom Williams,"Category 5: 'Core Player' (Moderate performance, Moderate potential)","Tom Williams is a core member of this team, he is good at what he does and pays attention to details. i feel like he could do better in his performance though if given some time to work on it.",False,False,4,192,2,1,1,tom williams is a core member of this team he is good at what he doe and pay attention to detail i feel like he could do better in his performance though if given some time to work on it,train,Category 5: Core Player,Medium Performance,Medium Potential,Neutral Feedback,Work Culture,Performance Quality; Team Collaboration,Neutral Feedback,Work Culture
397,Morgan Butler,"Category 5: 'Core Player' (Moderate performance, Moderate potential)","Morgan can be best characterized as a middle-of-the-road employee. She's shown both good and bad in her job performance thus far. She has also flashed some possibility for improvement. I would rate her as solid overall, but nothing especially impressive.",True,True,4,254,4,1,1,morgan can be best characterized a a middleoftheroad employee shes shown both good and bad in her job performance thus far she ha also flashed some possibility for improvement i would rate her a solid overall but nothing especially impressive,train,Category 5: Core Player,Medium Performance,Medium Potential,Neutral Feedback,Career Growth,Performance Quality,Neutral Feedback,Career Growth
355,Morgan Butler,"Category 5: 'Core Player' (Moderate performance, Moderate potential)","Morgan Butler while not exceptional in any one facet, is fairly reliable and non-abrasive to the workplace environment. Her work while not great by any stretch of the imagination, is neither awful, and consistent in it's mediocrity nonetheless. The greatest gift Morgan presents to an employer is quiet simply : availability. I for one am thankful for all of the times Morgan has covered for coworkers on short notice.",False,False,4,418,4,1,1,morgan butler while not exceptional in any one facet is fairly reliable and nonabrasive to the workplace environment her work while not great by any stretch of the imagination is neither awful and consistent in it mediocrity nonetheless the greatest gift morgan present to an employer is quiet simply availability i for one am thankful for all of the time morgan ha covered for coworkers on short notice,train,Category 5: Core Player,Medium Performance,Medium Potential,Neutral Feedback,Work Culture,Team Collaboration,Neutral Feedback,Work Culture
354,Morgan Butler,"Category 5: 'Core Player' (Moderate performance, Moderate potential)","Morgan Butler has demonstrated solid work this year.  She is a friendly, efficient member of the team.  She has shown the ability to adapt quickly to changing demands, and works her scheduled hours.  One area of opportunity is to attend further training related to her job.",False,False,4,273,4,1,1,morgan butler ha demonstrated solid work this year she is a friendly efficient member of the team she ha shown the ability to adapt quickly to changing demand and work her scheduled hour one area of opportunity is to attend further training related to her job,train,Category 5: Core Player,Medium Performance,Medium Potential,Neutral Feedback,Career Growth,Skill Gap; Team Collaboration; Career Growth,Neutral Feedback,Career Growth
353,Morgan Butler,"Category 5: 'Core Player' (Moderate performance, Moderate potential)","Morgan sometimes struggles to finish every assignment on her plate, but I'm always happy with the quality of her work for the assignments that she does submit. For example, I never have to worry about whether she's done a thorough enough editing job on her reports. I think that Morgan can improve her performance by managing her time better and setting stricter deadlines for herself. Oftentimes she gets in a time crunch because she leaves projects to the last minute. I'm confident that she'll be able to turn this habit around and thus produce better work for me moving forward.",False,False,4,582,5,1,1,morgan sometimes struggle to finish every assignment on her plate but im always happy with the quality of her work for the assignment that she doe submit for example i never have to worry about whether shes done a thorough enough editing job on her report i think that morgan can improve her performance by managing her time better and setting stricter deadline for herself oftentimes she get in a time crunch because she leaf project to the last minute im confident that shell be able to turn this habit around and thus produce better work for me moving forward,train,Category 5: Core Player,Medium Performance,Medium Potential,Neutral Feedback,Work Culture,Performance Quality,Neutral Feedback,Work Culture
352,Kyle Lawson,"Category 5: 'Core Player' (Moderate performance, Moderate potential)","Reliable and hard working much of the time. Could go far if he applied himself. Needs to consider how much work can be done during his shift.
Always happy to help out, just need a continued standard of work.",False,False,4,207,4,1,1,reliable and hard working much of the time could go far if he applied himself need to consider how much work can be done during his shift always happy to help out just need a continued standard of work,train,Category 5: Core Player,Medium Performance,Medium Potential,Neutral Feedback,Work Culture,General Employee Feedback,Neutral Feedback,Work Culture
350,Kyle Lawson,"Category 5: 'Core Player' (Moderate performance, Moderate potential)","This quarter, Kyle Lawson performance in help desk was fairly good. He has consistently kept his customer satisfaction percentage above 80%, and has a good rapport with the frequent customers.  Since he has only been with us for about a year, we should consider having him spend a few days shadowing Bill Fry in Engineering. I think he could benefit by having that insight in the deployment and configuration of the product, and we might be able to move him to Tier II. He has a willing and positive attitude and I think he would be up for the extra responsibility.",False,False,4,565,5,1,1,this quarter kyle lawson performance in help desk wa fairly good he ha consistently kept his customer satisfaction percentage above 80 and ha a good rapport with the frequent customer since he ha only been with u for about a year we should consider having him spend a few day shadowing bill fry in engineering i think he could benefit by having that insight in the deployment and configuration of the product and we might be able to move him to tier ii he ha a willing and positive attitude and i think he would be up for the extra responsibility,train,Category 5: Core Player,Medium Performance,Medium Potential,Neutral Feedback,Work Culture,Performance Quality; Salary & Benefits,Neutral Feedback,Work Culture
348,Morgan Butler,"Category 5: 'Core Player' (Moderate performance, Moderate potential)",Morgan is meeting expectations. Morgan's delivers solid work and can be relied on to meet deadlines and demands. Morgan is a strong team member. Morgan is to be commended for his solid contributions to the organization.,False,False,4,219,4,1,1,morgan is meeting expectation morgan delivers solid work and can be relied on to meet deadline and demand morgan is a strong team member morgan is to be commended for his solid contribution to the organization,train,Category 5: Core Player,Medium Performance,Medium Potential,Neutral Feedback,Work Culture,Team Collaboration,Neutral Feedback,Work Culture
347,Morgan Butler,"Category 5: 'Core Player' (Moderate performance, Moderate potential)","Morgan Butler is a very solid player. He knows his role in the team and does the best he can do. While he is not a very outgoing person or a playmaker, he is a good role player for catch-and-shoot position. He definitely has potential to be one of the usual rotation players but the lack of defense is what is holding him back. He is an average player that does exactly what is required.",False,False,4,387,5,1,1,morgan butler is a very solid player he know his role in the team and doe the best he can do while he is not a very outgoing person or a playmaker he is a good role player for catchandshoot position he definitely ha potential to be one of the usual rotation player but the lack of defense is what is holding him back he is an average player that doe exactly what is required,train,Category 5: Core Player,Medium Performance,Medium Potential,Neutral Feedback,Career Growth,Leadership Potential; Team Collaboration,Neutral Feedback,Career Growth
343,Tom Williams,"Category 5: 'Core Player' (Moderate performance, Moderate potential)","Tom is a solid member to have on the team. I know I can count on him to pull through whenever we have a last-minute deadline to meet. He turns in quality work and I never have to question whether he's reviewed, proofread, and copy-edited the reports he turns in to me. At the same time, he is sometimes a little sloppy with his research since he glosses over key issues. I believe he can grow a bit in this area, since he has signed up to participate in a research training taking place next month.",False,False,4,498,5,1,1,tom is a solid member to have on the team i know i can count on him to pull through whenever we have a lastminute deadline to meet he turn in quality work and i never have to question whether he reviewed proofread and copyedited the report he turn in to me at the same time he is sometimes a little sloppy with his research since he gloss over key issue i believe he can grow a bit in this area since he ha signed up to participate in a research training taking place next month,train,Category 5: Core Player,Medium Performance,Medium Potential,Neutral Feedback,Work Culture,Performance Quality; Skill Gap; Team Collaboration,Neutral Feedback,Work Culture
342,Tom Williams,"Category 5: 'Core Player' (Moderate performance, Moderate potential)","If I had to use one word to describe Tom's work here, it would be solid. He's got an old-school, blue-collar work ethic that shows he can get things done at a consistent pace, but also isn't blowing anyone away with his efficiency. He also has a few intangibles that would indicate he could be worth investing training in to move up. On the whole, he's a steady performer with things he's doing well but also areas in which he could improve.",False,False,4,441,4,1,1,if i had to use one word to describe tom work here it would be solid he got an oldschool bluecollar work ethic that show he can get thing done at a consistent pace but also isnt blowing anyone away with his efficiency he also ha a few intangible that would indicate he could be worth investing training in to move up on the whole he a steady performer with thing he doing well but also area in which he could improve,train,Category 5: Core Player,Medium Performance,Medium Potential,Neutral Feedback,Career Growth,Skill Gap,Neutral Feedback,Career Growth
399,Joseph Burke,"Category 5: 'Core Player' (Moderate performance, Moderate potential)","Joseph Burke showed a modest and average development this quarter. Although his work ethic isn't subpar or necessary bad, he does get the job done. In the future it would be most best to show improvement in the quality of his work and see an increase of workload. Joseph shows a lot of potential for improvement and has the ability to excel and surpass in his current state.",False,True,4,374,4,1,1,joseph burke showed a modest and average development this quarter although his work ethic isnt subpar or necessary bad he doe get the job done in the future it would be most best to show improvement in the quality of his work and see an increase of workload joseph show a lot of potential for improvement and ha the ability to excel and surpass in his current state,train,Category 5: Core Player,Medium Performance,Medium Potential,Neutral Feedback,Career Growth,Performance Quality; Skill Gap; Leadership Potential,Neutral Feedback,Career Growth
338,Tom Williams,"Category 5: 'Core Player' (Moderate performance, Moderate potential)","Tom produced solid work this quarter that was consistently of reasonable quality. He shows potential to improve in the future as he readily adapted to my feedback on his last report. I anticipate that Tom will be able to produce reports more quickly in the future, and with fewer rounds of revisions. However, he seems to have already reached his maximum potential in terms of research analysis skills.",False,False,4,402,4,1,1,tom produced solid work this quarter that wa consistently of reasonable quality he show potential to improve in the future a he readily adapted to my feedback on his last report i anticipate that tom will be able to produce report more quickly in the future and with fewer round of revision however he seems to have already reached his maximum potential in term of research analysis skill,train,Category 5: Core Player,Medium Performance,Medium Potential,Neutral Feedback,Career Growth,Communication; Performance Quality; Skill Gap; Leadership Potential,Neutral Feedback,Career Growth
207,Leo Lee,"Category 5: 'Core Player' (Moderate performance, Moderate potential)",Leo is a solid worker. He's usually on time and gets along with most of our crew.  His projects are pretty much always acceptable and I have very few concerns with him.  I've told him he could improve his attention to detail and he seemed to internalize and apply this feedback very well. He is a bright worker who responds to feedback and tries to learn.,True,True,4,355,5,1,1,leo is a solid worker he usually on time and get along with most of our crew his project are pretty much always acceptable and i have very few concern with him ive told him he could improve his attention to detail and he seemed to internalize and apply this feedback very well he is a bright worker who responds to feedback and try to learn,train,Category 5: Core Player,Medium Performance,Medium Potential,Neutral Feedback,Career Growth,Communication; Skill Gap,Neutral Feedback,Career Growth
131,Esmeralda Langley,"Category 5: 'Core Player' (Moderate performance, Moderate potential)",Esmeralda works well with others. She is considerate of other's ideas and helps to bring out the best in others. She doesn't choose to be the center of attention. She makes others look like stars and is content. Her work ethic is solid but she isn't progressing.,True,True,4,262,5,1,1,esmeralda work well with others she is considerate of others idea and help to bring out the best in others she doesnt choose to be the center of attention she make others look like star and is content her work ethic is solid but she isnt progressing,train,Category 5: Core Player,Medium Performance,Medium Potential,Neutral Feedback,Work Culture,General Employee Feedback,Neutral Feedback,Work Culture
124,Isabella James,"Category 5: 'Core Player' (Moderate performance, Moderate potential)","Hi I want to give you a little feedback on my friend Isabella James. 
She is starting out and is an average performance artist.
She sings and dances and does a lot of art as well as acting.
She has been put in a few tv series and hopes to be put in more.",True,True,4,254,4,1,1,hi i want to give you a little feedback on my friend isabella james she is starting out and is an average performance artist she sings and dance and doe a lot of art a well a acting she ha been put in a few tv series and hope to be put in more,train,Category 5: Core Player,Medium Performance,Medium Potential,Neutral Feedback,Management Issues,Communication; Performance Quality,Neutral Feedback,Management Issues
107,Joel Wells,"Category 5: 'Core Player' (Moderate performance, Moderate potential)","Joel is an able worker who is yet to really develop. He shows good signs of being able to work well with others but we really want him to push himself to become that worker who stands out. Joel does everything right and fits well in the company, we are happy to have him but would like that little bit more from him to help the company and his colleagues around him.",True,True,4,366,3,1,1,joel is an able worker who is yet to really develop he show good sign of being able to work well with others but we really want him to push himself to become that worker who stand out joel doe everything right and fit well in the company we are happy to have him but would like that little bit more from him to help the company and his colleague around him,train,Category 5: Core Player,Medium Performance,Medium Potential,Neutral Feedback,Work Culture,General Employee Feedback,Neutral Feedback,Work Culture
106,Joel Wells,"Category 5: 'Core Player' (Moderate performance, Moderate potential)","Joel is a good worker. While it looks like he might not get promoted soon, there could be promise.
With a bit of application to the work in hand, Joel might succeed a little more. Possible re-training needed.",True,True,4,208,4,1,1,joel is a good worker while it look like he might not get promoted soon there could be promise with a bit of application to the work in hand joel might succeed a little more possible retraining needed,train,Category 5: Core Player,Medium Performance,Medium Potential,Neutral Feedback,Career Growth,Skill Gap,Neutral Feedback,Career Growth
340,Tom Williams,"Category 5: 'Core Player' (Moderate performance, Moderate potential)",Tom has been steady in his performance. His potential is solid and he can do good work for us. He can get better in certain areas but for now he's been good. I think he will keep up the solid work in the future.,False,False,4,211,4,1,1,tom ha been steady in his performance his potential is solid and he can do good work for u he can get better in certain area but for now he been good i think he will keep up the solid work in the future,train,Category 5: Core Player,Medium Performance,Medium Potential,Neutral Feedback,Career Growth,Performance Quality; Leadership Potential,Neutral Feedback,Career Growth
359,Alex Watts,"Category 5: 'Core Player' (Moderate performance, Moderate potential)","Alex is a competent and consistent worker. There are certainly no complaints in terms of undertaking his work for us and work is completed to a satisfactory level. This said, there is definitely room for improvement in both the work being carried out. Alex seems to lack the desire to push further through his career.",False,False,4,317,4,1,1,alex is a competent and consistent worker there are certainly no complaint in term of undertaking his work for u and work is completed to a satisfactory level this said there is definitely room for improvement in both the work being carried out alex seems to lack the desire to push further through his career,train,Category 5: Core Player,Medium Performance,Medium Potential,Neutral Feedback,Work Culture,Career Growth,Neutral Feedback,Work Culture
143,Darius Stafford,"Category 5: 'Core Player' (Moderate performance, Moderate potential)","Darius Stafford performed well this quarter, but has room for improvement. He is an efficient worker, and the team seems to respond well to his management style. Despite the fact that his performance is satisfactory, it is not exemplary. He does not go above and beyond in his work.",True,True,4,282,4,1,1,darius stafford performed well this quarter but ha room for improvement he is an efficient worker and the team seems to respond well to his management style despite the fact that his performance is satisfactory it is not exemplary he doe not go above and beyond in his work,train,Category 5: Core Player,Medium Performance,Medium Potential,Neutral Feedback,Work Culture,Performance Quality; Team Collaboration,Neutral Feedback,Work Culture
362,Bobby Lowe,"Category 5: 'Core Player' (Moderate performance, Moderate potential)","Bobby's work product is consistently average. He's always ready and willing to take on new tasks, but he sometimes has a hard time balancing everything he's committed to on his plate. Moving forward he can improve his performance by being a little more judicious with his time. Though his work product covers all bases currently, I think his research analysis skills have room to grow since I'd like him to make more sophisticated arguments in his reports in the future. I am confident he'll be able to do so based on his adaptation of past feedback I've given him.",False,False,4,565,5,1,1,bobby work product is consistently average he always ready and willing to take on new task but he sometimes ha a hard time balancing everything he committed to on his plate moving forward he can improve his performance by being a little more judicious with his time though his work product cover all base currently i think his research analysis skill have room to grow since id like him to make more sophisticated argument in his report in the future i am confident hell be able to do so based on his adaptation of past feedback ive given him,train,Category 5: Core Player,Medium Performance,Medium Potential,Neutral Feedback,Career Growth,Communication; Performance Quality; Skill Gap; Leadership Potential,Neutral Feedback,Career Growth
360,Alex Watts,"Category 5: 'Core Player' (Moderate performance, Moderate potential)","Alex has always completed assignments to my satisfaction. However, sometimes he turns in reports that only state the obvious, and it's clear that he hasn't thought about more sophisticated arguments. I believe that he can improve as an employee if he takes the time to parse out the nuances in his research materials. I fully trust that he can grow a bit in this area since I've seen glimmers of smart arguments in his submitted work product.",False,False,4,442,4,1,1,alex ha always completed assignment to my satisfaction however sometimes he turn in report that only state the obvious and it clear that he hasnt thought about more sophisticated argument i believe that he can improve a an employee if he take the time to parse out the nuance in his research material i fully trust that he can grow a bit in this area since ive seen glimmer of smart argument in his submitted work product,train,Category 5: Core Player,Medium Performance,Medium Potential,Neutral Feedback,Career Growth,General Employee Feedback,Neutral Feedback,Career Growth
396,Morgan Butler,"Category 5: 'Core Player' (Moderate performance, Moderate potential)","Morgan Butler's work this quarter was steady.  As you will recall, he cranked out quite a bit of discovery in the Amazon matter, although he is not long on incisiveness.  Morgan is a team player, getting along well with colleagues, but I would generally describe his work as adequate.  He can be trusted for everyday work, although as mentioned, his production was high in the Amazon case.",False,False,4,389,4,1,1,morgan butler work this quarter wa steady a you will recall he cranked out quite a bit of discovery in the amazon matter although he is not long on incisiveness morgan is a team player getting along well with colleague but i would generally describe his work a adequate he can be trusted for everyday work although a mentioned his production wa high in the amazon case,train,Category 5: Core Player,Medium Performance,Medium Potential,Neutral Feedback,Work Culture,Team Collaboration,Neutral Feedback,Work Culture
395,Morgan Butler,"Category 5: 'Core Player' (Moderate performance, Moderate potential)","Morgan has continued to prove  himself as a dependable worker. He consistently completes his tasks, but more care could be taken to complete them more timely and thoroughly. Morgan could be ideal as an hourly supervisor if the opportunity arises. He needs to continue to improve on  his task completion.",False,False,4,303,4,1,1,morgan ha continued to prove himself a a dependable worker he consistently completes his task but more care could be taken to complete them more timely and thoroughly morgan could be ideal a an hourly supervisor if the opportunity arises he need to continue to improve on his task completion,train,Category 5: Core Player,Medium Performance,Medium Potential,Neutral Feedback,Career Growth,Career Growth,Neutral Feedback,Career Growth
394,Morgan Butler,"Category 5: 'Core Player' (Moderate performance, Moderate potential)",Ms.Butler is a very good employee who always completes work in a timely and efficient manner. She follow instructions and can work both independently and with other with ease. She shows great potential in her field and continues to grow and advance in her department. She shows adequate leadership skills but works best as part of the team.,False,True,4,340,4,1,1,msbutler is a very good employee who always completes work in a timely and efficient manner she follow instruction and can work both independently and with other with ease she show great potential in her field and continues to grow and advance in her department she show adequate leadership skill but work best a part of the team,train,Category 5: Core Player,Medium Performance,Medium Potential,Neutral Feedback,Career Growth,Skill Gap; Leadership Potential; Team Collaboration,Neutral Feedback,Career Growth
392,Kyle Lawson,"Category 5: 'Core Player' (Moderate performance, Moderate potential)","Kyle is popular with clients since he can so intuitively meet their needs and respond to their requests. However, I sometimes catch an error here or there in his reports, and want Kyle to be more careful about proofreading and spot-checking his drafts before turning in final copies to me. I believe that Kyle can make some improvements in this regard since he is always asking for feedback on his work. He's proactive, but sometimes just not diligent enough to implement all the advice he's given.",False,False,4,498,4,1,1,kyle is popular with client since he can so intuitively meet their need and respond to their request however i sometimes catch an error here or there in his report and want kyle to be more careful about proofreading and spotchecking his draft before turning in final copy to me i believe that kyle can make some improvement in this regard since he is always asking for feedback on his work he proactive but sometimes just not diligent enough to implement all the advice he given,train,Category 5: Core Player,Medium Performance,Medium Potential,Neutral Feedback,Management Issues,Communication,Neutral Feedback,Work Culture
386,Finley Harrison,"Category 5: 'Core Player' (Moderate performance, Moderate potential)",Finley is an average worker with nothing extraordinarily good or bad. He consistently makes decent quality work. He is open to learning but does not seek to improve himself proactively as much as I would like to. He works well with others and is almost always on time. Overall a solid worker with no faults but no stand out strengths either.,False,False,4,341,5,1,1,finley is an average worker with nothing extraordinarily good or bad he consistently make decent quality work he is open to learning but doe not seek to improve himself proactively a much a i would like to he work well with others and is almost always on time overall a solid worker with no fault but no stand out strength either,train,Category 5: Core Player,Medium Performance,Medium Potential,Neutral Feedback,Career Growth,Performance Quality; Skill Gap,Neutral Feedback,Career Growth
385,Finley Harrison,"Category 5: 'Core Player' (Moderate performance, Moderate potential)","Finley is a reliable member to have on the team. I know that I can ask him to complete a report with a quick 24-hour deadline and he will have it back on my desk by then without any spelling errors or typos. However, he's sometimes quick to blame others whenever he runs into a challenge with his work, and this has caused some personnel issues involving his colleagues. I believe that he can improve in this area with some coaching, since he has adapted readily to my feedback about other issues (relating to his writing style) previously.",False,False,4,540,4,1,1,finley is a reliable member to have on the team i know that i can ask him to complete a report with a quick 24hour deadline and he will have it back on my desk by then without any spelling error or typo however he sometimes quick to blame others whenever he run into a challenge with his work and this ha caused some personnel issue involving his colleague i believe that he can improve in this area with some coaching since he ha adapted readily to my feedback about other issue relating to his writing style previously,train,Category 5: Core Player,Medium Performance,Medium Potential,Neutral Feedback,Work Culture,Communication; Team Collaboration,Neutral Feedback,Work Culture
384,Finley Harrison,"Category 5: 'Core Player' (Moderate performance, Moderate potential)","During this past quarter, Finley has performed tasks asked of her without complain. Although she has not gone above and beyond her performance has not required any reprimands. It seems she is still adjusting to her position because when asked her opinion on certain matters, she seems hesitant to give true feedback. She seems content where she is, but I am sure she will come to her own soon enough.",False,False,4,400,4,1,1,during this past quarter finley ha performed task asked of her without complain although she ha not gone above and beyond her performance ha not required any reprimand it seems she is still adjusting to her position because when asked her opinion on certain matter she seems hesitant to give true feedback she seems content where she is but i am sure she will come to her own soon enough,train,Category 5: Core Player,Medium Performance,Medium Potential,Neutral Feedback,Management Issues,Communication; Performance Quality,Neutral Feedback,Career Growth
382,Hannah Woods,"Category 5: 'Core Player' (Moderate performance, Moderate potential)",Hannah is a strong employee. She consistently produces work that meets our expectations. She is a dependable worker and has proven her competency time and time again. Further more she has shown the ability to learn and improve herself through hardwork and determination. She potential to improve her self more with lots of experience.,False,False,4,334,5,1,1,hannah is a strong employee she consistently produce work that meet our expectation she is a dependable worker and ha proven her competency time and time again further more she ha shown the ability to learn and improve herself through hardwork and determination she potential to improve her self more with lot of experience,train,Category 5: Core Player,Medium Performance,Medium Potential,Neutral Feedback,Career Growth,Skill Gap; Leadership Potential,Neutral Feedback,Career Growth
379,Hannah Woods,"Category 5: 'Core Player' (Moderate performance, Moderate potential)","Hannah is a core contributor to the team. When you ask Hannah to help you with something you can be sure she will deliver, but quality will be moderate. Hannah has the potential to better her performance if she can focus on the task better. Hannah could potentially increase her worth to the organization if she herself more.",False,False,4,325,4,1,1,hannah is a core contributor to the team when you ask hannah to help you with something you can be sure she will deliver but quality will be moderate hannah ha the potential to better her performance if she can focus on the task better hannah could potentially increase her worth to the organization if she herself more,train,Category 5: Core Player,Medium Performance,Medium Potential,Neutral Feedback,Work Culture,Performance Quality; Leadership Potential; Team Collaboration,Neutral Feedback,Work Culture
377,Finlay Gardner,"Category 5: 'Core Player' (Moderate performance, Moderate potential)","Finlay is a great day to day person in the workplace. She is very consistent in the way she moves in the office and the way she handles her tasks on the job. Her potential is average, but I think she could be a key piece to the puzzle that is this company. Finlay could be a key person to help uphold her coworkers that might advance us further with their out of the box thinking.",False,False,4,380,4,1,1,finlay is a great day to day person in the workplace she is very consistent in the way she move in the office and the way she handle her task on the job her potential is average but i think she could be a key piece to the puzzle that is this company finlay could be a key person to help uphold her coworkers that might advance u further with their out of the box thinking,train,Category 5: Core Player,Medium Performance,Medium Potential,Neutral Feedback,Work Culture,Leadership Potential; Team Collaboration,Neutral Feedback,Work Culture
378,Finlay Gardner,"Category 5: 'Core Player' (Moderate performance, Moderate potential)","Finlay has produced an average quality of work this quarter. He submits work on time, and his work meets the quality submitted by his colleagues. Finlay should seek to improve his communication skills, since he is often quiet at meetings. He is encouraged to talk more with his fellow colleagues, and discuss projects with others to improve them.",False,False,4,346,4,1,1,finlay ha produced an average quality of work this quarter he submits work on time and his work meet the quality submitted by his colleague finlay should seek to improve his communication skill since he is often quiet at meeting he is encouraged to talk more with his fellow colleague and discus project with others to improve them,train,Category 5: Core Player,Medium Performance,Medium Potential,Neutral Feedback,Work Culture,Communication; Performance Quality; Skill Gap,Neutral Feedback,Work Culture
365,Joseph Cook,"Category 5: 'Core Player' (Moderate performance, Moderate potential)",Joseph Cook is a consistent performer. He always gets the basic job done even though he could do better. He does not take as much time as he should to be at a higher performance level. He has shown only moderate potential which is risky.,False,True,4,237,4,1,1,joseph cook is a consistent performer he always get the basic job done even though he could do better he doe not take a much time a he should to be at a higher performance level he ha shown only moderate potential which is risky,train,Category 5: Core Player,Medium Performance,Medium Potential,Neutral Feedback,Career Growth,Performance Quality; Leadership Potential,Neutral Feedback,Career Growth
366,Joseph Cook,"Category 5: 'Core Player' (Moderate performance, Moderate potential)","This worker seems to be on the line between fantastic and ordinary. There is a lot of possible potential if they were to show some more energy and motivation around the office. Nothing this person does is above and beyond, but nothing they do is bad either. Their work is always acceptable but never impressing.",False,False,4,311,4,1,1,this worker seems to be on the line between fantastic and ordinary there is a lot of possible potential if they were to show some more energy and motivation around the office nothing this person doe is above and beyond but nothing they do is bad either their work is always acceptable but never impressing,train,Category 5: Core Player,Medium Performance,Medium Potential,Neutral Feedback,Work Culture,Leadership Potential,Neutral Feedback,Work Culture
363,Bobby Lowe,"Category 5: 'Core Player' (Moderate performance, Moderate potential)",Bobby Lowe is essential to my team. He work is consistent and up to par. He can remain an asset as long as he continues to work at this satisfactory level.,False,False,4,155,3,1,1,bobby lowe is essential to my team he work is consistent and up to par he can remain an asset a long a he continues to work at this satisfactory level,train,Category 5: Core Player,Medium Performance,Medium Potential,Neutral Feedback,Work Culture,Team Collaboration,Neutral Feedback,Work Culture
368,Joseph Cook,"Category 5: 'Core Player' (Moderate performance, Moderate potential)","Joseph Cook has been a core player for the company this quarter. His performance has been moderate and he has completed tasks as required, though not above and beyond expectations. Joseph has shown moderate potential from improvement and development. He has skills necessary to be a valuable contributor to our company on a steady basis, with the potential to become more with time and effort.",False,False,4,393,4,1,1,joseph cook ha been a core player for the company this quarter his performance ha been moderate and he ha completed task a required though not above and beyond expectation joseph ha shown moderate potential from improvement and development he ha skill necessary to be a valuable contributor to our company on a steady basis with the potential to become more with time and effort,train,Category 5: Core Player,Medium Performance,Medium Potential,Neutral Feedback,Career Growth,Performance Quality; Skill Gap; Leadership Potential,Neutral Feedback,Career Growth
367,Joseph Cook,"Category 5: 'Core Player' (Moderate performance, Moderate potential)","Joseph's work this quarter has been wholly acceptable. Whilst not excelling as highly as his contemporaries yet, Joseph is a consistent and reliable worker. With some guidance and assistance from his colleagues, I can see Joseph fulfilling a more important role within the workplace. Continued effort on his part to improve and take on criticism will only benefit his work.",False,False,4,373,4,1,1,joseph work this quarter ha been wholly acceptable whilst not excelling a highly a his contemporary yet joseph is a consistent and reliable worker with some guidance and assistance from his colleague i can see joseph fulfilling a more important role within the workplace continued effort on his part to improve and take on criticism will only benefit his work,train,Category 5: Core Player,Medium Performance,Medium Potential,Neutral Feedback,Work Culture,Leadership Potential; Salary & Benefits,Neutral Feedback,Work Culture
370,Jade Mason,"Category 5: 'Core Player' (Moderate performance, Moderate potential)","Jade is a solid worker who always holds her own. While she does not excel in any field she consistently completes high quality work.
She is also a solid learner  and has the potential to improve her skills if given the opportunity.  She is a strong middle of the pack employee with the potential to improve further with experience.",False,False,4,331,4,1,1,jade is a solid worker who always hold her own while she doe not excel in any field she consistently completes high quality work she is also a solid learner and ha the potential to improve her skill if given the opportunity she is a strong middle of the pack employee with the potential to improve further with experience,train,Category 5: Core Player,Medium Performance,Medium Potential,Neutral Feedback,Career Growth,Performance Quality; Skill Gap; Leadership Potential; Career Growth,Neutral Feedback,Career Growth
372,Jade Mason,"Category 5: 'Core Player' (Moderate performance, Moderate potential)",Jade Mason is a well respected in his field of study. Tomorrow Jade will be receiving his degree. His most notable work has been done in the scientific field of Astronomy. This will an exciting time for jim as he has studied his whole life to become the leader in the field.,False,False,4,274,4,1,1,jade mason is a well respected in his field of study tomorrow jade will be receiving his degree his most notable work ha been done in the scientific field of astronomy this will an exciting time for jim a he ha studied his whole life to become the leader in the field,train,Category 5: Core Player,Medium Performance,Medium Potential,Neutral Feedback,Career Growth,Leadership Potential,Neutral Feedback,Career Growth
374,Jade Mason,"Category 5: 'Core Player' (Moderate performance, Moderate potential)","Jade has been one of the key players in our team this quarter. Jade keeps all of the main team members informed on jobs we are working on. Jade's reluctant to offer new ideas but always improves in what is presented by other team members. In time, I feel Jade could become a top team member.",False,False,4,291,4,1,1,jade ha been one of the key player in our team this quarter jade keep all of the main team member informed on job we are working on jade reluctant to offer new idea but always improves in what is presented by other team member in time i feel jade could become a top team member,train,Category 5: Core Player,Medium Performance,Medium Potential,Neutral Feedback,Work Culture,Team Collaboration,Neutral Feedback,Work Culture
376,Finlay Gardner,"Category 5: 'Core Player' (Moderate performance, Moderate potential)","Finlay has shown a work ethic and drive consistent with what we expect from our team. While they don't look to expand far outside their sphere of responsibilities, they consistently deliver results. We've seen an uptick in work quality and efficiency with them, though it isn't what we expect from someone we're searching to fast-track higher in the company. Finlay is a great member of the team but I do not believe they are suitable for promotion or advancement at this time or in the near future.",True,True,4,499,4,1,1,finlay ha shown a work ethic and drive consistent with what we expect from our team while they dont look to expand far outside their sphere of responsibility they consistently deliver result weve seen an uptick in work quality and efficiency with them though it isnt what we expect from someone were searching to fasttrack higher in the company finlay is a great member of the team but i do not believe they are suitable for promotion or advancement at this time or in the near future,train,Category 5: Core Player,Medium Performance,Medium Potential,Neutral Feedback,Work Culture,Performance Quality; Leadership Potential; Team Collaboration; Career Growth,Neutral Feedback,Work Culture
369,Joseph Cook,"Category 5: 'Core Player' (Moderate performance, Moderate potential)","Joseph is always responsive to my requests and adeptly tailors his reports to my feedback. His willingness to adapt his work is what makes him such a strong player on our team. He is humble and extremely receptive to making his work better by incorporating client input and revisions from more senior colleagues. I believe he still has some room to grow, however, because sometimes his reports have spelling errors and grammar mistakes. These are not a significant issue and they are relatively quick and easy to fix, so I believe he can make improvements to the quality of his work.",False,False,4,583,5,1,1,joseph is always responsive to my request and adeptly tailor his report to my feedback his willingness to adapt his work is what make him such a strong player on our team he is humble and extremely receptive to making his work better by incorporating client input and revision from more senior colleague i believe he still ha some room to grow however because sometimes his report have spelling error and grammar mistake these are not a significant issue and they are relatively quick and easy to fix so i believe he can make improvement to the quality of his work,train,Category 5: Core Player,Medium Performance,Medium Potential,Neutral Feedback,Work Culture,Communication; Performance Quality; Team Collaboration,Neutral Feedback,Work Culture
10028,Cristian Fleming,"Category 6: 'High Performer' (High performance, Moderate potential)","Mr. Fleming is a strong performer in his current position. He regularly completes assignments and duties per his job description. He can be counted on to perform at a high level. At present, Mr. Fleming demonstrates some potential for advancement within the company.",False,False,5,266,4,2,1,mr fleming is a strong performer in his current position he regularly completes assignment and duty per his job description he can be counted on to perform at a high level at present mr fleming demonstrates some potential for advancement within the company,train,Category 6: High Performer,High Performance,Medium Potential,Positive Feedback,Career Growth,Leadership Potential,Positive Feedback,Career Growth
10026,Cristian Fleming,"Category 6: 'High Performer' (High performance, Moderate potential)","Christian Fleming performance this year has been exceptional. Christian has taken the time to learn, ask questions and quickly adapt to the task at hand and complete them in a timely manner. Christian's work ethic is second to none.  Always learning on the fly and enjoys working a team oriented environment.",False,False,5,308,4,2,1,christian fleming performance this year ha been exceptional christian ha taken the time to learn ask question and quickly adapt to the task at hand and complete them in a timely manner christian work ethic is second to none always learning on the fly and enjoys working a team oriented environment,train,Category 6: High Performer,High Performance,Medium Potential,Positive Feedback,Work Culture,Performance Quality; Skill Gap; Team Collaboration,Positive Feedback,Work Culture
10025,Cristian Fleming,"Category 6: 'High Performer' (High performance, Moderate potential)","Cristian has really great performance levels. However, his potential for long term success does not seem that promising. He is not always motivated, but when he is, he is fantastic. The problem is getting him motivated enough to to the job. I am not sure if that equates to a good team player. He may let the team down during critical moments when his performance is really needed. Overall, I think Cristian is a high performer, but not very reliable.",False,False,5,451,7,2,1,cristian ha really great performance level however his potential for long term success doe not seem that promising he is not always motivated but when he is he is fantastic the problem is getting him motivated enough to to the job i am not sure if that equates to a good team player he may let the team down during critical moment when his performance is really needed overall i think cristian is a high performer but not very reliable,train,Category 6: High Performer,High Performance,Medium Potential,Positive Feedback,Work Culture,Performance Quality; Leadership Potential; Team Collaboration,Positive Feedback,Work Culture
10024,Cristian Fleming,"Category 6: 'High Performer' (High performance, Moderate potential)","Cristian is an integral part of the team and is more of a senior member. With his experience, Cristian has the capability to take on more responsibility but doesn't seem to be proactively looking for the opportunity. Cristian is dutiful with his work and always delivers on time. Overall, Cristian is a significant individual contributor to the team and continues to excel.",False,True,5,373,4,2,1,cristian is an integral part of the team and is more of a senior member with his experience cristian ha the capability to take on more responsibility but doesnt seem to be proactively looking for the opportunity cristian is dutiful with his work and always delivers on time overall cristian is a significant individual contributor to the team and continues to excel,train,Category 6: High Performer,High Performance,Medium Potential,Positive Feedback,Work Culture,Team Collaboration; Career Growth,Positive Feedback,Work Culture
663,Jamie Chandler,"Category 6: 'High Performer' (High performance, Moderate potential)","Jamie has delivered fantastic results. The work she submits is regularly better than the work of her colleagues, and she continues to seek feedback for her work. Jamie should continue to be monitored to determine whether or not she would be a good fit for a management position. She should seek to improve leadership skills, but it shouldn't be too difficult, since she has rapport with all her colleagues and has led many projects to success.",True,True,5,443,4,2,1,jamie ha delivered fantastic result the work she submits is regularly better than the work of her colleague and she continues to seek feedback for her work jamie should continue to be monitored to determine whether or not she would be a good fit for a management position she should seek to improve leadership skill but it shouldnt be too difficult since she ha rapport with all her colleague and ha led many project to success,train,Category 6: High Performer,High Performance,Medium Potential,Positive Feedback,Career Growth,Communication; Performance Quality; Skill Gap; Leadership Potential,Positive Feedback,Career Growth
486,David Kelly,"Category 6: 'High Performer' (High performance, Moderate potential)","My coworker, David Kelly is very helpful in the workplace and is overall an amazing colleague. He completes his work in a timely fashion and maintains a high standard of quality for his work. He is able to perform extremely well and I would rate him an overall 6. His potential is slightly less impressive as he still does have room to grow.",False,True,5,341,4,2,1,my coworker david kelly is very helpful in the workplace and is overall an amazing colleague he completes his work in a timely fashion and maintains a high standard of quality for his work he is able to perform extremely well and i would rate him an overall 6 his potential is slightly le impressive a he still doe have room to grow,train,Category 6: High Performer,High Performance,Medium Potential,Positive Feedback,Work Culture,Performance Quality; Leadership Potential; Team Collaboration,Positive Feedback,Work Culture
485,David Kelly,"Category 6: 'High Performer' (High performance, Moderate potential)","David Kelly set a high water mark this quarter.  He was successful on 11 of 13 Motions for Summary Judgment, which included a motion for one of the firm's most important clients.  David, however, remains a lone-wolf, preferring to work alone while demanding constant recognition for his work.  He still struggles with interpersonal skills and, therefore, I am currently dispassionate about David's partnership track.",False,False,5,416,4,2,1,david kelly set a high water mark this quarter he wa successful on 11 of 13 motion for summary judgment which included a motion for one of the firm most important client david however remains a lonewolf preferring to work alone while demanding constant recognition for his work he still struggle with interpersonal skill and therefore i am currently dispassionate about david partnership track,train,Category 6: High Performer,High Performance,Medium Potential,Positive Feedback,Work Culture,Skill Gap,Positive Feedback,Work Culture
482,Natasha Richardson,"Category 6: 'High Performer' (High performance, Moderate potential)","Natasha has proven to be an effective worker. She consistently creates excellent work on time. Her performance within the company is very strong. However, we do not see her currently moving forward within the company at this time due to a number of issues that be discussed if requested.",False,True,5,287,4,2,1,natasha ha proven to be an effective worker she consistently creates excellent work on time her performance within the company is very strong however we do not see her currently moving forward within the company at this time due to a number of issue that be discussed if requested,train,Category 6: High Performer,High Performance,Medium Potential,Positive Feedback,Work Culture,Performance Quality,Positive Feedback,Work Culture
476,Pedro David,"Category 6: 'High Performer' (High performance, Moderate potential)","Perdo has once again demonstrated his expertise within his team. With every task, he was able to quickly and thoroughly analyze the requirements and produce quality work that passed all test cases. Additionally, he responds well to feedback from peers as he internalizes it and self improves. Pedro is a great asset to this company as he also has demonstrated great capability in leading his entire team.",False,False,5,404,4,2,1,perdo ha once again demonstrated his expertise within his team with every task he wa able to quickly and thoroughly analyze the requirement and produce quality work that passed all test case additionally he responds well to feedback from peer a he internalizes it and self improves pedro is a great asset to this company a he also ha demonstrated great capability in leading his entire team,train,Category 6: High Performer,High Performance,Medium Potential,Positive Feedback,Work Culture,Communication; Performance Quality; Team Collaboration,Positive Feedback,Work Culture
480,Natasha Richardson,"Category 6: 'High Performer' (High performance, Moderate potential)",Natasha Richardson is a hard worker. She completes tasks on time. She works well with the team. She is always willing to take on tasks asked of her. She does quality work in a timely manner.,False,False,5,190,5,2,1,natasha richardson is a hard worker she completes task on time she work well with the team she is always willing to take on task asked of her she doe quality work in a timely manner,train,Category 6: High Performer,High Performance,Medium Potential,Positive Feedback,Work Culture,Performance Quality; Team Collaboration,Positive Feedback,Work Culture
478,Natasha Richardson,"Category 6: 'High Performer' (High performance, Moderate potential)",She always use to be awarded for her performance very often.  She is always committed to her duties. Her education and talent are not superior that she can be employed for higher role.  She uses to be excel in day to day activites.,False,False,5,231,4,2,1,she always use to be awarded for her performance very often she is always committed to her duty her education and talent are not superior that she can be employed for higher role she us to be excel in day to day activites,train,Category 6: High Performer,High Performance,Medium Potential,Positive Feedback,Work Culture,Performance Quality,Positive Feedback,Work Culture
475,Pedro David,"Category 6: 'High Performer' (High performance, Moderate potential)","Pedro has an incredible work ethic and that really shines whenever a client provides a last-minute assignment to us. Pedro is always the first to volunteer and one of the last to leave the office. I trust the work product that he puts out and know that I can rely on Pedro to review and edit others' work as well. However, Pedro has expressed hesitance to take on additional leadership roles so even though I believe he can take on incremental promotions I am slightly doubtful about whether he can move up to the director level.",False,False,5,529,4,2,1,pedro ha an incredible work ethic and that really shine whenever a client provides a lastminute assignment to u pedro is always the first to volunteer and one of the last to leave the office i trust the work product that he put out and know that i can rely on pedro to review and edit others work a well however pedro ha expressed hesitance to take on additional leadership role so even though i believe he can take on incremental promotion i am slightly doubtful about whether he can move up to the director level,train,Category 6: High Performer,High Performance,Medium Potential,Positive Feedback,Work Culture,Leadership Potential,Positive Feedback,Work Culture
481,Natasha Richardson,"Category 6: 'High Performer' (High performance, Moderate potential)","Natasha Richardson was a peak producer this quarter.  In addition to logging over 600 billable hours, Natasha's business contacts and interpersonal skills led to us securing Amazon as a new client.   I do, however, believe there is a strong likelihood that Natasha aspires to an in-house counsel job at Amazon. Consequently, I am tepid about her future here.",False,True,5,358,4,2,1,natasha richardson wa a peak producer this quarter in addition to logging over 600 billable hour natashas business contact and interpersonal skill led to u securing amazon a a new client i do however believe there is a strong likelihood that natasha aspires to an inhouse counsel job at amazon consequently i am tepid about her future here,train,Category 6: High Performer,High Performance,Medium Potential,Positive Feedback,Career Growth,Skill Gap; Leadership Potential,Positive Feedback,Career Growth
10069,Rachel Turner,"Category 6: 'High Performer' (High performance, Moderate potential)","Rachel is an excellent worker. She is organized, detail-oriented, and efficient. Rachel consistently seeks feedback and takes constructive criticism well. When something does not come easily to her, she perseveres until she is an expert.",False,False,5,237,4,2,1,rachel is an excellent worker she is organized detailoriented and efficient rachel consistently seek feedback and take constructive criticism well when something doe not come easily to her she perseveres until she is an expert,train,Category 6: High Performer,High Performance,Medium Potential,Positive Feedback,Management Issues,Communication,Positive Feedback,Work Culture
10190,Noah Riley,"Category 6: 'High Performer' (High performance, Moderate potential)","Once again, Noah has proven his value on the team this quarter with contributions to several substantial projects. He is very reliable and has consistently beaten set timelines. Noah has certain areas of improvement in working more closely with team members and trusting decisions of other members. Despite these shortcomings, Noah is an impressive individual contributor.",False,False,5,372,4,2,1,once again noah ha proven his value on the team this quarter with contribution to several substantial project he is very reliable and ha consistently beaten set timeline noah ha certain area of improvement in working more closely with team member and trusting decision of other member despite these shortcoming noah is an impressive individual contributor,train,Category 6: High Performer,High Performance,Medium Potential,Positive Feedback,Work Culture,Team Collaboration,Positive Feedback,Work Culture
10107,Toby Harvey,"Category 6: 'High Performer' (High performance, Moderate potential)","Toby Harvey, hired onto our Maintenance Operations unit this past fall, has been a great addition to the team. This has been indicated by his stellar record this quarter, successfully providing maintenance on various industry appliances adding up to an average of 20 appliances per shift. He also seems to get along great with his co-workers, displays some leadership ability, and goes above and beyond in terms of quality and timeliness of task completion. While he has struggled on very few occasions to fix some difficult appliances, he is persistent and I wish him all the best going forward.",False,False,5,596,4,2,1,toby harvey hired onto our maintenance operation unit this past fall ha been a great addition to the team this ha been indicated by his stellar record this quarter successfully providing maintenance on various industry appliance adding up to an average of 20 appliance per shift he also seems to get along great with his coworkers display some leadership ability and go above and beyond in term of quality and timeliness of task completion while he ha struggled on very few occasion to fix some difficult appliance he is persistent and i wish him all the best going forward,train,Category 6: High Performer,High Performance,Medium Potential,Positive Feedback,Work Culture,Performance Quality; Leadership Potential; Team Collaboration,Positive Feedback,Work Culture
20019,Max Miller,"Category 6: 'High Performer' (High performance, Moderate potential)","Max Miller is a valuable member of our marketing team. Successfully meeting deadlines and submitting quality work on marketing materials for various key products, Max continues to prove himself as a tremendous employee. Though late to some meetings and having some ""far out there"" ideas and marketing material, he isn't afraid to think outside the box. I have little concern for his future success in our company.",True,True,5,413,4,2,1,max miller is a valuable member of our marketing team successfully meeting deadline and submitting quality work on marketing material for various key product max continues to prove himself a a tremendous employee though late to some meeting and having some far out there idea and marketing material he isnt afraid to think outside the box i have little concern for his future success in our company,train,Category 6: High Performer,High Performance,Medium Potential,Positive Feedback,Work Culture,Attendance / Punctuality; Performance Quality; Leadership Potential; Team Collaboration,Positive Feedback,Work Culture
20222,Deon Griffith,"Category 6: 'High Performer' (High performance, Moderate potential)","Deon shows up to work on time, if not ten minutes before his shift begins. His attendance record is impressive, and he has yet to call out sick. He offers to take on any task, regardless if it's within his own department. It's admirable how eager he is to contribute. Unfortunately, it seems that he has a temporary role here.  Unless he is willing to continue to further his education by taking recommended classes, he may not fit the company for long-term growth.",True,True,5,465,6,2,1,deon show up to work on time if not ten minute before his shift begin his attendance record is impressive and he ha yet to call out sick he offer to take on any task regardless if it within his own department it admirable how eager he is to contribute unfortunately it seems that he ha a temporary role here unless he is willing to continue to further his education by taking recommended class he may not fit the company for longterm growth,train,Category 6: High Performer,High Performance,Medium Potential,Positive Feedback,Work Culture,Attendance / Punctuality; Career Growth,Positive Feedback,Work Culture
20012,Scott Phillips,"Category 6: 'High Performer' (High performance, Moderate potential)",Scott is a working machine. He does everything and above and beyond. He doesn't have the skills to be a leader due to his lack of judgment. Overall an excellent employee.,True,True,5,170,4,2,1,scott is a working machine he doe everything and above and beyond he doesnt have the skill to be a leader due to his lack of judgment overall an excellent employee,train,Category 6: High Performer,High Performance,Medium Potential,Positive Feedback,Career Growth,Skill Gap; Leadership Potential,Positive Feedback,Career Growth
10224,Thaddeus Burgess,"Category 6: 'High Performer' (High performance, Moderate potential)","Thaddeus is our rock. In a meeting, he is the calm in the storm. HE is able to jump on board any project and perform adequately. He is exactly where he needs to be.",True,True,5,164,4,2,1,thaddeus is our rock in a meeting he is the calm in the storm he is able to jump on board any project and perform adequately he is exactly where he need to be,train,Category 6: High Performer,High Performance,Medium Potential,Positive Feedback,Work Culture,General Employee Feedback,Positive Feedback,Work Culture
10191,Noah Riley,"Category 6: 'High Performer' (High performance, Moderate potential)","Noah Riley is an employee with amazing performance. He is very valued in our company. He performs consistently and promptly in every task we give him and does great work. We would like to see a little more drive behind his actions, everything else is absolutely perfect.",False,False,5,270,4,2,1,noah riley is an employee with amazing performance he is very valued in our company he performs consistently and promptly in every task we give him and doe great work we would like to see a little more drive behind his action everything else is absolutely perfect,train,Category 6: High Performer,High Performance,Medium Potential,Positive Feedback,Work Culture,Performance Quality,Positive Feedback,Work Culture
10106,Toby Harvey,"Category 6: 'High Performer' (High performance, Moderate potential)",Toby Harvey is the best of the best at the team. He has shown he can finish a task to a very high level. We hope that with further work he can achieve great things. It is with nurture he will develop. A valuable member to the team we would like to give him the best chance.,False,False,5,273,5,2,1,toby harvey is the best of the best at the team he ha shown he can finish a task to a very high level we hope that with further work he can achieve great thing it is with nurture he will develop a valuable member to the team we would like to give him the best chance,train,Category 6: High Performer,High Performance,Medium Potential,Positive Feedback,Work Culture,Team Collaboration,Positive Feedback,Work Culture
10189,Noah Riley,"Category 6: 'High Performer' (High performance, Moderate potential)","Noah Riley brings hard work and dedication everyday to work. Noah is a team player capable of independent work. Additionally, he has been punctual the entire time being here. Lastly, he is just a joy to be around.",False,False,5,213,4,2,1,noah riley brings hard work and dedication everyday to work noah is a team player capable of independent work additionally he ha been punctual the entire time being here lastly he is just a joy to be around,train,Category 6: High Performer,High Performance,Medium Potential,Positive Feedback,Work Culture,Attendance / Punctuality; Team Collaboration,Positive Feedback,Work Culture
10185,Logan Russell,"Category 6: 'High Performer' (High performance, Moderate potential)",Logan is a valuable asset of our team. She is a very reliable person. Her work is always accurate and is done on time.  But she still can grow as a professional.,True,True,5,161,4,2,1,logan is a valuable asset of our team she is a very reliable person her work is always accurate and is done on time but she still can grow a a professional,train,Category 6: High Performer,High Performance,Medium Potential,Positive Feedback,Work Culture,Team Collaboration,Positive Feedback,Work Culture
10152,Bethany Cunningham,"Category 6: 'High Performer' (High performance, Moderate potential)","Bethany Cunningham takes great pride in their work. They are very driven, and focused on the task at hand. They give their all in whatever they put their mind to. They have good potential. The work that Bethany produces is of good quality.",False,False,5,239,5,2,1,bethany cunningham take great pride in their work they are very driven and focused on the task at hand they give their all in whatever they put their mind to they have good potential the work that bethany produce is of good quality,train,Category 6: High Performer,High Performance,Medium Potential,Positive Feedback,Work Culture,Performance Quality; Leadership Potential,Positive Feedback,Work Culture
10150,Bethany Cunningham,"Category 6: 'High Performer' (High performance, Moderate potential)",Bethany exhibits great drive and motivation towards in her career. She completes tasks promptly and accurately with minimal to no errors. Bethany does show potential for some further growth within the company. Bethany could work to improve skills such as interpersonal relationships to further enhance her potential.,False,False,5,316,4,2,1,bethany exhibit great drive and motivation towards in her career she completes task promptly and accurately with minimal to no error bethany doe show potential for some further growth within the company bethany could work to improve skill such a interpersonal relationship to further enhance her potential,train,Category 6: High Performer,High Performance,Medium Potential,Positive Feedback,Career Growth,Skill Gap; Leadership Potential; Career Growth,Positive Feedback,Career Growth
10149,Bethany Cunningham,"Category 6: 'High Performer' (High performance, Moderate potential)","Bethany shows great character and is very efficient in completing her daily tasks. She always ask questions to ensure she completes things in the proper manner. She also helps others in areas that she has mastered, showing she wants the company as a while to succeed. She tends to do things best when under direct supervision, yet can slack when working independent; so that is something we are working through with her at the moment to ensure she reaches her full potential!",False,False,5,475,4,2,1,bethany show great character and is very efficient in completing her daily task she always ask question to ensure she completes thing in the proper manner she also help others in area that she ha mastered showing she want the company a a while to succeed she tends to do thing best when under direct supervision yet can slack when working independent so that is something we are working through with her at the moment to ensure she reach her full potential,train,Category 6: High Performer,High Performance,Medium Potential,Positive Feedback,Career Growth,Leadership Potential,Positive Feedback,Career Growth
10148,Bethany Cunningham,"Category 6: 'High Performer' (High performance, Moderate potential)","Bethany Cunningham is great at her job; she meets what is expected of her and beyond. This company would not function as smoothly as it does without her. Her attitude about increasing her knowledge of our field is concerning, though, she's more worried about her work life balance; that is, perform her duties and leave. She could move up, but I think she's just content with where she's at.",False,True,5,391,4,2,1,bethany cunningham is great at her job she meet what is expected of her and beyond this company would not function a smoothly a it doe without her her attitude about increasing her knowledge of our field is concerning though shes more worried about her work life balance that is perform her duty and leave she could move up but i think shes just content with where shes at,train,Category 6: High Performer,High Performance,Medium Potential,Positive Feedback,Work Culture,General Employee Feedback,Positive Feedback,Work Culture
10134,Markus Mathews,"Category 6: 'High Performer' (High performance, Moderate potential)",Markus Mathews is a great worker. He has shown he can complete tasks with high level service. He has not yet proven his best work which as a team we are helping him improve. With further nurture we hope he will succeed.,False,False,5,219,4,2,1,markus mathews is a great worker he ha shown he can complete task with high level service he ha not yet proven his best work which a a team we are helping him improve with further nurture we hope he will succeed,train,Category 6: High Performer,High Performance,Medium Potential,Positive Feedback,Work Culture,Team Collaboration,Positive Feedback,Work Culture
10109,Toby Harvey,"Category 6: 'High Performer' (High performance, Moderate potential)","Toby is a real asset to the team. His volumes have been excellent and he is currently only behind the Regional Sales Manager. At this rate, I won't be surprise if he makes Regional Manager in another 3-6 months. A minor area of improvement would be team skill - I noticed that he has trouble collaborating virtually, but with the new instant messaging app, that shouldn't be an issue at all!",False,False,5,391,4,2,1,toby is a real asset to the team his volume have been excellent and he is currently only behind the regional sale manager at this rate i wont be surprise if he make regional manager in another 36 month a minor area of improvement would be team skill i noticed that he ha trouble collaborating virtually but with the new instant messaging app that shouldnt be an issue at all,train,Category 6: High Performer,High Performance,Medium Potential,Positive Feedback,Career Growth,Skill Gap; Team Collaboration,Positive Feedback,Career Growth
10187,Noah Riley,"Category 6: 'High Performer' (High performance, Moderate potential)","Noah has been showing higher numbers than almost anyone in the district, but I have noticed reluctance when dealing with customers. Noah should begin to pay more attention to the moods of customers that he is dealing with. If he can improve on this, and display  his natural confidence across the board, he will be one of our best workers in the district, and I am confident that he will be able to do so.",False,True,5,405,3,2,1,noah ha been showing higher number than almost anyone in the district but i have noticed reluctance when dealing with customer noah should begin to pay more attention to the mood of customer that he is dealing with if he can improve on this and display his natural confidence across the board he will be one of our best worker in the district and i am confident that he will be able to do so,train,Category 6: High Performer,High Performance,Medium Potential,Positive Feedback,Work Culture,Salary & Benefits,Positive Feedback,Work Culture
471,Angelica Peterson,"Category 6: 'High Performer' (High performance, Moderate potential)","Angelica is quite close to being a perfect employee. Her day-to-day work is exceptional, often standing out above the rest. She also has demonstrated some desire to want to continue to learn so she can grow beyond her current role. Overall, we are very fortunate to have her as a part of our organization.",False,False,5,305,4,2,1,angelica is quite close to being a perfect employee her daytoday work is exceptional often standing out above the rest she also ha demonstrated some desire to want to continue to learn so she can grow beyond her current role overall we are very fortunate to have her a a part of our organization,train,Category 6: High Performer,High Performance,Medium Potential,Positive Feedback,Career Growth,Skill Gap,Positive Feedback,Career Growth
484,David Kelly,"Category 6: 'High Performer' (High performance, Moderate potential)",David Kelly is an excellent worker. He completes tasks on time. He is always willing to take on any tasks that need to get done. He works well on a team. He always tries to go above and beyond.,False,False,5,193,5,2,1,david kelly is an excellent worker he completes task on time he is always willing to take on any task that need to get done he work well on a team he always try to go above and beyond,train,Category 6: High Performer,High Performance,Medium Potential,Positive Feedback,Work Culture,Team Collaboration,Positive Feedback,Work Culture
438,David Kelly,"Category 6: 'High Performer' (High performance, Moderate potential)","David is my go-to employee whenever I need to get a report done at the last minute. I know he'll be able to deliver and produce results that are suitable for client review. I've never once needed to fact-check, copy-edit, or proofread his work since he's consistently so on top of all of these tasks. He has some room to continue growing since he's interested in softening his verbal communication skills and getting more involved in mentoring younger colleagues.",False,True,5,463,4,2,1,david is my goto employee whenever i need to get a report done at the last minute i know hell be able to deliver and produce result that are suitable for client review ive never once needed to factcheck copyedit or proofread his work since he consistently so on top of all of these task he ha some room to continue growing since he interested in softening his verbal communication skill and getting more involved in mentoring younger colleague,train,Category 6: High Performer,High Performance,Medium Potential,Positive Feedback,Career Growth,Communication; Performance Quality; Skill Gap,Positive Feedback,Career Growth
434,Pedro David,"Category 6: 'High Performer' (High performance, Moderate potential)",Pedro is a very friendly worker who gets along with most people. On top of that he tries to learn from his mistakes and generally responds well to feedback. It takes him a couple tries to learn new concepts but he tries his best. His work is always top notch quality and consistently exceeds my expectations.,False,False,5,308,4,2,1,pedro is a very friendly worker who get along with most people on top of that he try to learn from his mistake and generally responds well to feedback it take him a couple try to learn new concept but he try his best his work is always top notch quality and consistently exceeds my expectation,train,Category 6: High Performer,High Performance,Medium Potential,Positive Feedback,Career Growth,Communication; Performance Quality; Skill Gap,Positive Feedback,Career Growth
433,Pedro David,"Category 6: 'High Performer' (High performance, Moderate potential)","I was very much pleased to work on few projects with Pedro David this year. I found him hardworking, skilful and very thorough in his work. I am fan of his collaborative work. He went to the next level to complete all projects efficiently and effectively. I will love to work with him again and highly recommend for any upcoming work. Thanks.",False,False,5,342,6,2,1,i wa very much pleased to work on few project with pedro david this year i found him hardworking skilful and very thorough in his work i am fan of his collaborative work he went to the next level to complete all project efficiently and effectively i will love to work with him again and highly recommend for any upcoming work thanks,train,Category 6: High Performer,High Performance,Medium Potential,Positive Feedback,Work Culture,Team Collaboration,Positive Feedback,Work Culture
431,Angelica Peterson,"Category 6: 'High Performer' (High performance, Moderate potential)",Angelica Peterson has been a very hard worker in the past quarter. She has exceeded all company expectations. She is lacking in a few areas (giving eye contact while speaking with clients) but shows moderate potential to advance in this company.,False,True,5,245,3,2,1,angelica peterson ha been a very hard worker in the past quarter she ha exceeded all company expectation she is lacking in a few area giving eye contact while speaking with client but show moderate potential to advance in this company,train,Category 6: High Performer,High Performance,Medium Potential,Positive Feedback,Career Growth,Leadership Potential,Positive Feedback,Career Growth
430,Angelica Peterson,"Category 6: 'High Performer' (High performance, Moderate potential)","I'm very satisfied with the quality of work that I receive from Angelica. She's a real team player and is adept at coaching younger, less experienced colleagues when she collaborates with them on reports. She is a stickler for detail and I know I can rely on her to make sure that every report she generates is flawless. She still has some room left for growth, however, since her communication skills can be a bit abrupt. When I've mentioned this to her she has agreed and acknowledged that she will work on this issue. I am confident she can improve on her communication.",False,False,5,573,6,2,1,im very satisfied with the quality of work that i receive from angelica shes a real team player and is adept at coaching younger le experienced colleague when she collaborates with them on report she is a stickler for detail and i know i can rely on her to make sure that every report she generates is flawless she still ha some room left for growth however since her communication skill can be a bit abrupt when ive mentioned this to her she ha agreed and acknowledged that she will work on this issue i am confident she can improve on her communication,train,Category 6: High Performer,High Performance,Medium Potential,Positive Feedback,Work Culture,Communication; Performance Quality; Skill Gap; Team Collaboration; Career Growth,Positive Feedback,Work Culture
428,Dallas Whitehead,"Category 6: 'High Performer' (High performance, Moderate potential)","Dallas Whitehead is a joy to work with. He manages his time well, and is efficient. He seems excited to learn new tasks and is willing to take on new responsibilities. He is amiable and is a good member of the work team.",False,False,5,220,4,2,1,dallas whitehead is a joy to work with he manages his time well and is efficient he seems excited to learn new task and is willing to take on new responsibility he is amiable and is a good member of the work team,train,Category 6: High Performer,High Performance,Medium Potential,Positive Feedback,Work Culture,Skill Gap; Team Collaboration,Positive Feedback,Work Culture
426,Dallas Whitehead,"Category 6: 'High Performer' (High performance, Moderate potential)","I've never once been unhappy with Dallas's work. Rather, I've come to count on him to serve as a senior mentor to all of his less-experienced colleagues, so that they can learn his tips and strategies for turning in flawless reports. He is incredibly detail-oriented and I appreciate that he takes the time and effort to make each report perfectly free of all typos and grammar issues. He still has a bit of room in which to improve since his business development skills could be developed further.",False,False,5,498,4,2,1,ive never once been unhappy with dallas work rather ive come to count on him to serve a a senior mentor to all of his lessexperienced colleague so that they can learn his tip and strategy for turning in flawless report he is incredibly detailoriented and i appreciate that he take the time and effort to make each report perfectly free of all typo and grammar issue he still ha a bit of room in which to improve since his business development skill could be developed further,train,Category 6: High Performer,High Performance,Medium Potential,Positive Feedback,Career Growth,Skill Gap; Leadership Potential,Positive Feedback,Career Growth
439,David Kelly,"Category 6: 'High Performer' (High performance, Moderate potential)",David Kelly has proven to be a great asset to this company. He works efficiency and thoroughly on every task he is given. He has room to improve but is already doing great. David maintains great communication with all employees.,False,False,5,228,4,2,1,david kelly ha proven to be a great asset to this company he work efficiency and thoroughly on every task he is given he ha room to improve but is already doing great david maintains great communication with all employee,train,Category 6: High Performer,High Performance,Medium Potential,Positive Feedback,Career Growth,Communication,Positive Feedback,Career Growth
424,Angelica Peterson,"Category 6: 'High Performer' (High performance, Moderate potential)","Angelica has proven to be quite excellent in her current role. Her numbers and results speak for themselves, and her attitude clearly suggests that she wants to be here. Moreover, she has shown some capacity for growth, but could use some additional training or experience in that regard. She most definitely has her current responsibilities down, and she might also be a decent candidate for taking on more.",False,True,5,408,4,2,1,angelica ha proven to be quite excellent in her current role her number and result speak for themselves and her attitude clearly suggests that she want to be here moreover she ha shown some capacity for growth but could use some additional training or experience in that regard she most definitely ha her current responsibility down and she might also be a decent candidate for taking on more,train,Category 6: High Performer,High Performance,Medium Potential,Positive Feedback,Career Growth,Performance Quality; Skill Gap; Career Growth,Positive Feedback,Career Growth
421,Dallas Whitehead,"Category 6: 'High Performer' (High performance, Moderate potential)",Dallas Whitehead has shown a good and productive performance which has resulted in a good margin of profits for the company. He has shown a great enthusiasm in tasks where he has to learn but has proved to be great performer. He has proven to be a more reliable person because he has given the confidence to the management that any task he can complete on time.,False,False,5,361,3,2,1,dallas whitehead ha shown a good and productive performance which ha resulted in a good margin of profit for the company he ha shown a great enthusiasm in task where he ha to learn but ha proved to be great performer he ha proven to be a more reliable person because he ha given the confidence to the management that any task he can complete on time,train,Category 6: High Performer,High Performance,Medium Potential,Positive Feedback,Career Growth,Performance Quality; Skill Gap,Positive Feedback,Career Growth
415,Andrea Thomas,"Category 6: 'High Performer' (High performance, Moderate potential)",Andrea is one of the best workers at this company. She is always prompt when given an assignment and we can count on her to always get the job done. I will say one area Andrea struggles is the ability to be creative and innovative. Andrea is by the book and gets the job done. She's the kind of worker that can hold a company together.,True,True,5,335,5,2,1,andrea is one of the best worker at this company she is always prompt when given an assignment and we can count on her to always get the job done i will say one area andrea struggle is the ability to be creative and innovative andrea is by the book and get the job done shes the kind of worker that can hold a company together,train,Category 6: High Performer,High Performance,Medium Potential,Positive Feedback,Work Culture,General Employee Feedback,Positive Feedback,Work Culture
414,Andrea Thomas,"Category 6: 'High Performer' (High performance, Moderate potential)",Ms. Thomas continually exceeds job expectations by turning in high quality work on a regular basis.  She meets deadlines and clearly understands the work.  She is a solid performer who should do well here.  A good member of the team.,False,False,5,233,4,2,1,m thomas continually exceeds job expectation by turning in high quality work on a regular basis she meet deadline and clearly understands the work she is a solid performer who should do well here a good member of the team,train,Category 6: High Performer,High Performance,Medium Potential,Positive Feedback,Work Culture,Performance Quality; Team Collaboration,Positive Feedback,Work Culture
237,Benjamin Roberts,"Category 6: 'High Performer' (High performance, Moderate potential)","Benjamin Roberts is a very solid coworker, he can always be relied upon to get tasks done on time. Benjamin is pleasant to work with as he is very punctual and to task. He is not one to be rushing to finish a task right before clocking out, nor does he waste time. Benjamin is a perfect fit for his current position.",True,True,5,316,4,2,1,benjamin robert is a very solid coworker he can always be relied upon to get task done on time benjamin is pleasant to work with a he is very punctual and to task he is not one to be rushing to finish a task right before clocking out nor doe he waste time benjamin is a perfect fit for his current position,train,Category 6: High Performer,High Performance,Medium Potential,Positive Feedback,Work Culture,Attendance / Punctuality; Team Collaboration,Positive Feedback,Work Culture
423,Angelica Peterson,"Category 6: 'High Performer' (High performance, Moderate potential)","Angelica is a very good worker here. She does work on time and with high quality. A great team member, good at delegating, and fantastic at time management. She does not necessarily stand out from an aptitude standpoint, but she consistently delivers good results.",False,False,5,264,4,2,1,angelica is a very good worker here she doe work on time and with high quality a great team member good at delegating and fantastic at time management she doe not necessarily stand out from an aptitude standpoint but she consistently delivers good result,train,Category 6: High Performer,High Performance,Medium Potential,Positive Feedback,Work Culture,Performance Quality; Team Collaboration,Positive Feedback,Work Culture
427,Dallas Whitehead,"Category 6: 'High Performer' (High performance, Moderate potential)","While working with Dallas Whitehead last year, I found him hard working and very thorough in his work. He has proved himself as an essential team member. He completed all his goals before time with little support from colleagues and manager.",False,False,5,241,3,2,1,while working with dallas whitehead last year i found him hard working and very thorough in his work he ha proved himself a an essential team member he completed all his goal before time with little support from colleague and manager,train,Category 6: High Performer,High Performance,Medium Potential,Positive Feedback,Work Culture,Team Collaboration,Positive Feedback,Work Culture
445,Chelsea Ross,"Category 6: 'High Performer' (High performance, Moderate potential)","Chelsea is a great worker who excels at all of her tasks. She is consistently early,  detailed orientated, and produces work that exceeds my expectations. She also responds pretty well to feedback from coworkers. She usually tries to learn new concepts but  doesnt proactively seek them. She is a very capable high quality worker with the potential to improve somewhat with more guidance.",False,False,5,388,5,2,1,chelsea is a great worker who excels at all of her task she is consistently early detailed orientated and produce work that exceeds my expectation she also responds pretty well to feedback from coworkers she usually try to learn new concept but doesnt proactively seek them she is a very capable high quality worker with the potential to improve somewhat with more guidance,train,Category 6: High Performer,High Performance,Medium Potential,Positive Feedback,Career Growth,Communication; Performance Quality; Skill Gap; Leadership Potential; Team Collaboration,Positive Feedback,Career Growth
441,Jimmy Curry,"Category 6: 'High Performer' (High performance, Moderate potential)","Jimmy was a great add to our team. I am very happy with how he performed and what he did. There is room for growth, but i do think he may be on the upper half of his potential. I am happy to have him",False,False,5,199,4,2,1,jimmy wa a great add to our team i am very happy with how he performed and what he did there is room for growth but i do think he may be on the upper half of his potential i am happy to have him,train,Category 6: High Performer,High Performance,Medium Potential,Positive Feedback,Career Growth,Leadership Potential; Team Collaboration; Career Growth,Positive Feedback,Career Growth
466,Dallas Whitehead,"Category 6: 'High Performer' (High performance, Moderate potential)",Dallas is a very proficient worker. He has the knowledge to complete tasks and often completes them on time or early. He occasionally struggles to seek out new opportunity but he applies himself when asked. Dallas proves he has the ability to work in this role and excels with his execution of tasks presented to him.,False,False,5,317,4,2,1,dallas is a very proficient worker he ha the knowledge to complete task and often completes them on time or early he occasionally struggle to seek out new opportunity but he applies himself when asked dallas prof he ha the ability to work in this role and excels with his execution of task presented to him,train,Category 6: High Performer,High Performance,Medium Potential,Positive Feedback,Career Growth,Career Growth,Positive Feedback,Career Growth
465,Dallas Whitehead,"Category 6: 'High Performer' (High performance, Moderate potential)","Dallas did very well this quarter, exceeding what they were able to accomplish last time. Their work ethic has proven to be rigorous and admirable. The quality of their achievements this quarter is something to be looked up to€perhaps Dallas might even benefit from taking on more leader-driven tasks. Dallas should keep up the good work but also not lose sight of where their achievements might take them.",False,False,5,407,4,2,1,dallas did very well this quarter exceeding what they were able to accomplish last time their work ethic ha proven to be rigorous and admirable the quality of their achievement this quarter is something to be looked up toperhaps dallas might even benefit from taking on more leaderdriven task dallas should keep up the good work but also not lose sight of where their achievement might take them,train,Category 6: High Performer,High Performance,Medium Potential,Positive Feedback,Work Culture,Performance Quality; Leadership Potential; Salary & Benefits,Positive Feedback,Work Culture
463,Dallas Whitehead,"Category 6: 'High Performer' (High performance, Moderate potential)",Dallas Whitehead is very careful with his work. He does not make errors in his work. He delivers projects on time. I believe he can be a good asset to our firm.,False,False,5,160,4,2,1,dallas whitehead is very careful with his work he doe not make error in his work he delivers project on time i believe he can be a good asset to our firm,train,Category 6: High Performer,High Performance,Medium Potential,Positive Feedback,Work Culture,General Employee Feedback,Positive Feedback,Work Culture
462,Noah Cooke,"Category 6: 'High Performer' (High performance, Moderate potential)","Noah is a really key member to have on our team and I am grateful for all the ways in which he steps up to deliver high quality work for our clients. For example, he's always the first to volunteer for assignments. He's always the last one to leave the office, since he's so committed to reviewing reports and double checking his work in a painstaking way. I can certainly see Noah's dedication as an asset in a manager role in the future. However, I don't see him reaching the director level since he is somewhat abrasive in his communication skills.",False,False,5,551,5,2,1,noah is a really key member to have on our team and i am grateful for all the way in which he step up to deliver high quality work for our client for example he always the first to volunteer for assignment he always the last one to leave the office since he so committed to reviewing report and double checking his work in a painstaking way i can certainly see noah dedication a an asset in a manager role in the future however i dont see him reaching the director level since he is somewhat abrasive in his communication skill,train,Category 6: High Performer,High Performance,Medium Potential,Positive Feedback,Work Culture,Communication; Performance Quality; Skill Gap; Leadership Potential; Team Collaboration,Positive Feedback,Work Culture
461,Noah Cooke,"Category 6: 'High Performer' (High performance, Moderate potential)",Noah strives to be the best. Noah could do a little more training in what his is doing to prevent any areas. Noah is a team player. Noah has a great attitude,False,True,5,157,4,2,1,noah strives to be the best noah could do a little more training in what his is doing to prevent any area noah is a team player noah ha a great attitude,train,Category 6: High Performer,High Performance,Medium Potential,Positive Feedback,Work Culture,Skill Gap; Team Collaboration,Positive Feedback,Work Culture
458,Noah Cooke,"Category 6: 'High Performer' (High performance, Moderate potential)","Noah Cooke is a great worker in terms of day to day tasks. He turns in great work and were never not impressed by how quickly or well its done. Their potential could be something great, if they continue to work on everything they do here. We would like to see more from Noah in the future.",False,False,5,289,4,2,1,noah cooke is a great worker in term of day to day task he turn in great work and were never not impressed by how quickly or well it done their potential could be something great if they continue to work on everything they do here we would like to see more from noah in the future,train,Category 6: High Performer,High Performance,Medium Potential,Positive Feedback,Career Growth,Leadership Potential,Positive Feedback,Career Growth
457,Madison Hawkins,"Category 6: 'High Performer' (High performance, Moderate potential)",Madison is a very strong worker that consistently produces high-quality work. She is a wonderful person and works very well in all situations. She also responds well to feed back and has shown the desire to learn and improve herself. She has the potential to become even better as she gains more experience. Overall she is a very strong worker with the potential to improve even further with more  guidance.,False,False,5,407,5,2,1,madison is a very strong worker that consistently produce highquality work she is a wonderful person and work very well in all situation she also responds well to feed back and ha shown the desire to learn and improve herself she ha the potential to become even better a she gain more experience overall she is a very strong worker with the potential to improve even further with more guidance,train,Category 6: High Performer,High Performance,Medium Potential,Positive Feedback,Career Growth,Performance Quality; Skill Gap; Leadership Potential,Positive Feedback,Career Growth
456,Madison Hawkins,"Category 6: 'High Performer' (High performance, Moderate potential)",Madison Hawkins has been a high performer for our company this quarter. She has demonstrated high performance on a litany of projects and has contributed valuable ideas to the team that she leads. Madison's work this quarter has revealed moderate potential for growth moving forward as a leader if given the chance to develop her skills further.,False,False,5,345,3,2,1,madison hawkins ha been a high performer for our company this quarter she ha demonstrated high performance on a litany of project and ha contributed valuable idea to the team that she lead madison work this quarter ha revealed moderate potential for growth moving forward a a leader if given the chance to develop her skill further,train,Category 6: High Performer,High Performance,Medium Potential,Positive Feedback,Career Growth,Performance Quality; Skill Gap; Leadership Potential; Team Collaboration; Career Growth,Positive Feedback,Career Growth
467,Dallas Whitehead,"Category 6: 'High Performer' (High performance, Moderate potential)",Dallas Whitehead exceed expectations in everything he did in this period. He can accommodate multiple difficult deadlines in short period. He can bring teams together easily. He understands organization behavior easily and can easily overcome barriers easily.,False,False,5,259,4,2,1,dallas whitehead exceed expectation in everything he did in this period he can accommodate multiple difficult deadline in short period he can bring team together easily he understands organization behavior easily and can easily overcome barrier easily,train,Category 6: High Performer,High Performance,Medium Potential,Positive Feedback,Work Culture,General Employee Feedback,Positive Feedback,Work Culture
469,Angelica Peterson,"Category 6: 'High Performer' (High performance, Moderate potential)","Angelica Peterson was a peak performer this quarter.  She recorded 632 billable hours and was a workhorse during the Amazon trial.  This marked a significant change from her workaday production in the previous three quarters.  In sum, Angelica's potential is passable albeit potentially promising.",False,False,5,297,4,2,1,angelica peterson wa a peak performer this quarter she recorded 632 billable hour and wa a workhorse during the amazon trial this marked a significant change from her workaday production in the previous three quarter in sum angelica potential is passable albeit potentially promising,train,Category 6: High Performer,High Performance,Medium Potential,Positive Feedback,Career Growth,Leadership Potential,Positive Feedback,Career Growth
452,Daniel Carr,"Category 6: 'High Performer' (High performance, Moderate potential)","Daniel works is consistent and shows he has improved on his abilities since starting with us. He shows interest in the work, and can self motivate, not just take instruction from supervisors. Daniel has had impressive moments through his time here, and seems eager to work more deeply in the future. Based on his high performance, I believe he has the potential to go far here.",False,True,5,377,4,2,1,daniel work is consistent and show he ha improved on his ability since starting with u he show interest in the work and can self motivate not just take instruction from supervisor daniel ha had impressive moment through his time here and seems eager to work more deeply in the future based on his high performance i believe he ha the potential to go far here,train,Category 6: High Performer,High Performance,Medium Potential,Positive Feedback,Career Growth,Performance Quality; Leadership Potential,Positive Feedback,Career Growth
450,Daniel Carr,"Category 6: 'High Performer' (High performance, Moderate potential)","Mr. Carr has provided exceptional sells performance. His numbers continue to impress. He is most ideal for his current position and I expect that his performance will continue to advance. However, I do not see him as a candidate for upper management at this time.",True,True,5,263,4,2,1,mr carr ha provided exceptional sell performance his number continue to impress he is most ideal for his current position and i expect that his performance will continue to advance however i do not see him a a candidate for upper management at this time,train,Category 6: High Performer,High Performance,Medium Potential,Positive Feedback,Management Issues,Performance Quality,Positive Feedback,Work Culture
449,Daniel Carr,"Category 6: 'High Performer' (High performance, Moderate potential)","Daniel is a rock-solid member of the team and is consistently one of the last people to leave the office. Whenever I get a report from him I can trust that it will be free of mistakes and that he's already fact-checked each source and footnoted all citations to perfection. I imagine that Daniel will have no problem as a successful manager in the future, but I question whether Daniel is really fit to become a partner. He's often hesitant about taking on leadership roles and lacks the communication skills to be able to reach the highest level in this firm.",False,True,5,560,4,2,1,daniel is a rocksolid member of the team and is consistently one of the last people to leave the office whenever i get a report from him i can trust that it will be free of mistake and that he already factchecked each source and footnoted all citation to perfection i imagine that daniel will have no problem a a successful manager in the future but i question whether daniel is really fit to become a partner he often hesitant about taking on leadership role and lack the communication skill to be able to reach the highest level in this firm,train,Category 6: High Performer,High Performance,Medium Potential,Positive Feedback,Career Growth,Communication; Skill Gap; Leadership Potential; Team Collaboration,Positive Feedback,Career Growth
448,Chelsea Ross,"Category 6: 'High Performer' (High performance, Moderate potential)","I'm so glad that we have Chelsea as a member of our team. Whenever a client assigns us a really sophisticated research project, I know that Chelsea is the person I can count on to take that assignment on and deliver it with professionalism and efficiency. I believe Chelsea can move up within the next few years to become a manager. However I don't think she has what it takes to become a director since she really struggles to balance multiple assignments at the same time and that is a critical skill to have for the director role.",False,False,5,533,4,2,1,im so glad that we have chelsea a a member of our team whenever a client assigns u a really sophisticated research project i know that chelsea is the person i can count on to take that assignment on and deliver it with professionalism and efficiency i believe chelsea can move up within the next few year to become a manager however i dont think she ha what it take to become a director since she really struggle to balance multiple assignment at the same time and that is a critical skill to have for the director role,train,Category 6: High Performer,High Performance,Medium Potential,Positive Feedback,Management Issues,Performance Quality; Skill Gap; Team Collaboration,Positive Feedback,Work Culture
447,Chelsea Ross,"Category 6: 'High Performer' (High performance, Moderate potential)",Chelsea Ross performed at a high level this past year.  She is one of the most reliable and solid performers on my team.  She has a firm grasp on the material and possess's the skill sets needed.  She definitely has potential to continue to grow and possibly move up in the organization.,False,False,5,287,4,2,1,chelsea ross performed at a high level this past year she is one of the most reliable and solid performer on my team she ha a firm grasp on the material and posse the skill set needed she definitely ha potential to continue to grow and possibly move up in the organization,train,Category 6: High Performer,High Performance,Medium Potential,Positive Feedback,Career Growth,Skill Gap; Leadership Potential; Team Collaboration,Positive Feedback,Career Growth
446,Chelsea Ross,"Category 6: 'High Performer' (High performance, Moderate potential)","This worker always turns in great results. They seem to really have motivation to get the job done and in a way that exceeds expectations. Their potential is possibly promising. Its seems they work themselves to the bone on the day to day, but im not sure if theres potential for growth with their span of thinking as it is.",False,False,5,324,4,2,1,this worker always turn in great result they seem to really have motivation to get the job done and in a way that exceeds expectation their potential is possibly promising it seems they work themselves to the bone on the day to day but im not sure if there potential for growth with their span of thinking a it is,train,Category 6: High Performer,High Performance,Medium Potential,Positive Feedback,Career Growth,Performance Quality; Leadership Potential; Career Growth,Positive Feedback,Career Growth
10029,Dylan Bailey,"Category 7: 'Potential Gem' (Low performance, High potential)","Dylan has not shown much potential, but he does seem to light up once he sees the other workers start working and meeting their goals. Little progress is being made, but it seems like he is inching his way higher and higher up the achievement latter as each day goes by. I think he may just be shy. I think we should give him more time to get settled into the job to see what he can really do over time. I don't want to pass up someone who may turn out to be a gem in the long run.",False,False,6,481,5,0,2,dylan ha not shown much potential but he doe seem to light up once he see the other worker start working and meeting their goal little progress is being made but it seems like he is inching his way higher and higher up the achievement latter a each day go by i think he may just be shy i think we should give him more time to get settled into the job to see what he can really do over time i dont want to pas up someone who may turn out to be a gem in the long run,train,Category 7: Potential Gem,Low Performance,High Potential,Negative Feedback,Career Growth,Leadership Potential; Career Growth,Negative Feedback,Career Growth
10031,Dylan Bailey,"Category 7: 'Potential Gem' (Low performance, High potential)","Dylan Bailey seems to be an ideal candidate with a strong understanding of the fundamentals and theoretical aspects of the work we are doing here. By all accounts he should fit well but he ultimately seems to struggle and not perform as well as he should. When working, he underperforms and tends to provide minimal effort and makes several mistakes that are inconsistent with his level of experience. Mr. Bailey may struggle with the specific nature of the work we are doing but if he is provided assistance he may become an excellent employee.",False,False,6,545,4,0,2,dylan bailey seems to be an ideal candidate with a strong understanding of the fundamental and theoretical aspect of the work we are doing here by all account he should fit well but he ultimately seems to struggle and not perform a well a he should when working he underperforms and tends to provide minimal effort and make several mistake that are inconsistent with his level of experience mr bailey may struggle with the specific nature of the work we are doing but if he is provided assistance he may become an excellent employee,train,Category 7: Potential Gem,Low Performance,High Potential,Negative Feedback,Work Culture,General Employee Feedback,Negative Feedback,Work Culture
10032,Dylan Bailey,"Category 7: 'Potential Gem' (Low performance, High potential)","Dylan has a great personality, and his communication skills are ideal for this company. However, it's unfortunate that he often fails to complete a project by the deadline. His team members often complain that he doesn't participate in e-mail discussions or phone meetings. His skills as a team leader in his previous job is certainly not showing. He needs to focus and understand company policies more.",False,False,6,403,5,0,2,dylan ha a great personality and his communication skill are ideal for this company however it unfortunate that he often fails to complete a project by the deadline his team member often complain that he doesnt participate in email discussion or phone meeting his skill a a team leader in his previous job is certainly not showing he need to focus and understand company policy more,train,Category 7: Potential Gem,Low Performance,High Potential,Negative Feedback,Career Growth,Communication; Skill Gap; Leadership Potential; Team Collaboration,Negative Feedback,Career Growth
10033,Dylan Bailey,"Category 7: 'Potential Gem' (Low performance, High potential)","Currently, Dylan is not performing up to company standards. This is unfortunate because he shows great potential for the future. If Dylan applies himself to reaching greater performance levels, he may indeed reach the potential he is capable of. We see him achieving greater success in the future with more effort.",False,False,6,314,4,0,2,currently dylan is not performing up to company standard this is unfortunate because he show great potential for the future if dylan applies himself to reaching greater performance level he may indeed reach the potential he is capable of we see him achieving greater success in the future with more effort,train,Category 7: Potential Gem,Low Performance,High Potential,Negative Feedback,Career Growth,Performance Quality; Leadership Potential,Negative Feedback,Career Growth
10070,Makenna Justice,"Category 7: 'Potential Gem' (Low performance, High potential)","Makenna had some issues getting started in our department. Her work product frequently had a lot of errors and I noticed that her reports were underdeveloped and under-researched. That said, I'm confident that she has a ton of room for growth. She's enthusiastic about the work and willing to make serious changes based on feedback she's received. I am confident that this can-do attitude will serve her well.",False,False,6,409,5,0,2,makenna had some issue getting started in our department her work product frequently had a lot of error and i noticed that her report were underdeveloped and underresearched that said im confident that she ha a ton of room for growth shes enthusiastic about the work and willing to make serious change based on feedback shes received i am confident that this cando attitude will serve her well,train,Category 7: Potential Gem,Low Performance,High Potential,Negative Feedback,Work Culture,Communication; Career Growth,Negative Feedback,Work Culture
10071,Makenna Justice,"Category 7: 'Potential Gem' (Low performance, High potential)","Makenna has a lot of really good potential, but the performance levels are not quite there yet. She seems to be motivated to do the work, but there seems to be a bit of procrastination when it comes down to actually doing the work. I would like to see higher performance levels before committing Makenna to the team. There are other high performers on the team and I do now want to drag them down with a teammate who has low performance rates. I think Makenna can do better, but I am still waiting to see it.",False,False,6,508,5,0,2,makenna ha a lot of really good potential but the performance level are not quite there yet she seems to be motivated to do the work but there seems to be a bit of procrastination when it come down to actually doing the work i would like to see higher performance level before committing makenna to the team there are other high performer on the team and i do now want to drag them down with a teammate who ha low performance rate i think makenna can do better but i am still waiting to see it,train,Category 7: Potential Gem,Low Performance,High Potential,Negative Feedback,Work Culture,Performance Quality; Leadership Potential; Team Collaboration,Negative Feedback,Work Culture
10073,Makenna Justice,"Category 7: 'Potential Gem' (Low performance, High potential)",Makenna Justice is a dark horse but has not yet proven herself. As a team member and doing tasks she has not shown full commitment yet. We are hoping with the right help she can achieve great work. We are looking to guide her further so she can improve.,False,False,6,253,4,0,2,makenna justice is a dark horse but ha not yet proven herself a a team member and doing task she ha not shown full commitment yet we are hoping with the right help she can achieve great work we are looking to guide her further so she can improve,train,Category 7: Potential Gem,Low Performance,High Potential,Negative Feedback,Work Culture,Team Collaboration,Negative Feedback,Work Culture
559,Logan Ellis,"Category 7: 'Potential Gem' (Low performance, High potential)","Right now Logan is a new worker who is not performing very well. He is still learning the ropes and is having trouble producing work on time. He misses details very often and makes simple mistakes. However, he has shown a strong willingness to learn and improve. He internalizes all feedback and proactively tries to get better. Even though he is having trouble right now, I think he will improve greatly with more experience.",False,False,6,426,6,0,2,right now logan is a new worker who is not performing very well he is still learning the rope and is having trouble producing work on time he miss detail very often and make simple mistake however he ha shown a strong willingness to learn and improve he internalizes all feedback and proactively try to get better even though he is having trouble right now i think he will improve greatly with more experience,train,Category 7: Potential Gem,Low Performance,High Potential,Negative Feedback,Career Growth,Communication; Skill Gap,Negative Feedback,Career Growth
10111,Jayden Rees,"Category 7: 'Potential Gem' (Low performance, High potential)","Jayden has been a bit lackluster in his current role. However, I have seen what he can accomplish when he is inspired by a task and think that he could go very far indeed if he were in the right role. Consider a review with Jayden to see what his goals are and how the company can support this - it would be a shame to lose him.",False,False,6,328,3,0,2,jayden ha been a bit lackluster in his current role however i have seen what he can accomplish when he is inspired by a task and think that he could go very far indeed if he were in the right role consider a review with jayden to see what his goal are and how the company can support this it would be a shame to lose him,train,Category 7: Potential Gem,Low Performance,High Potential,Negative Feedback,Work Culture,General Employee Feedback,Negative Feedback,Work Culture
10153,Erin Harvey,"Category 7: 'Potential Gem' (Low performance, High potential)","Erin has struggled with general work output. However, despite her seemingly low work ability, she has consistently displayed an innate knowledge of business needs. I think she sees the bigger picture more than her colleagues and should be mentored with a view towards management in the future. Development on output would also help to this end.",False,False,6,344,4,0,2,erin ha struggled with general work output however despite her seemingly low work ability she ha consistently displayed an innate knowledge of business need i think she see the bigger picture more than her colleague and should be mentored with a view towards management in the future development on output would also help to this end,train,Category 7: Potential Gem,Low Performance,High Potential,Negative Feedback,Career Growth,Skill Gap; Leadership Potential,Negative Feedback,Career Growth
10156,Erin Harvey,"Category 7: 'Potential Gem' (Low performance, High potential)","This is a difficult job with a steep learning curve. Training Erin, though, it's very apparent she is intelligent and cognizant of what it is she needs to do. She asks all of the right questions and when she makes a mistake she corrects her thought process to avoid such ordeals in the future. Given a few more months, Erin will be a star at this company.",False,False,6,355,4,0,2,this is a difficult job with a steep learning curve training erin though it very apparent she is intelligent and cognizant of what it is she need to do she asks all of the right question and when she make a mistake she corrects her thought process to avoid such ordeal in the future given a few more month erin will be a star at this company,train,Category 7: Potential Gem,Low Performance,High Potential,Negative Feedback,Career Growth,Skill Gap; Leadership Potential,Negative Feedback,Career Growth
10192,Daniel Hill,"Category 7: 'Potential Gem' (Low performance, High potential)","Daniel Hill has come far and has it in him to be a real star player here. While he has great enthusiasm and practical solutions, he oftentimes down not put the work in and get this hands dirt with the rest of the team. Hopefully, he can pick up on the behaviors of those around him.",False,False,6,282,3,0,2,daniel hill ha come far and ha it in him to be a real star player here while he ha great enthusiasm and practical solution he oftentimes down not put the work in and get this hand dirt with the rest of the team hopefully he can pick up on the behavior of those around him,train,Category 7: Potential Gem,Low Performance,High Potential,Negative Feedback,Work Culture,Team Collaboration,Negative Feedback,Work Culture
10193,Daniel Hill,"Category 7: 'Potential Gem' (Low performance, High potential)","Daniel has shown terrific improvement this month. He has solved one of the P1 bugs with relative ease. Sadly, due to his carelessness, he introduced a totally avoidable P2 the following week. He just needs to iron out a few kinks and improve his concentration. Once he focuses, I am certain he will be a real asset in no time.",False,False,6,326,5,0,2,daniel ha shown terrific improvement this month he ha solved one of the p1 bug with relative ease sadly due to his carelessness he introduced a totally avoidable p2 the following week he just need to iron out a few kink and improve his concentration once he focus i am certain he will be a real asset in no time,train,Category 7: Potential Gem,Low Performance,High Potential,Negative Feedback,Career Growth,General Employee Feedback,Negative Feedback,Career Growth
10074,Makenna Justice,"Category 7: 'Potential Gem' (Low performance, High potential)","Makenna Justice has both much to be impressed by and much to be desired. They are a potential gem in the workplace. There are times where they may let the group down, or maybe not pull their weight. The times that they really pull it together though, it can push our group to new heights. With a little work, they could be one of the strongest employees this company has.",False,False,6,371,5,0,2,makenna justice ha both much to be impressed by and much to be desired they are a potential gem in the workplace there are time where they may let the group down or maybe not pull their weight the time that they really pull it together though it can push our group to new height with a little work they could be one of the strongest employee this company ha,train,Category 7: Potential Gem,Low Performance,High Potential,Negative Feedback,Career Growth,Leadership Potential,Negative Feedback,Career Growth
10113,Jayden Rees,"Category 7: 'Potential Gem' (Low performance, High potential)",Jayden is a very promising worker. He has great memory and learns a lot of new stuff in a very short time. His effectiveness right now is a bit low. He needs a little more time to catch up with the rest of out team.,False,False,6,215,4,0,2,jayden is a very promising worker he ha great memory and learns a lot of new stuff in a very short time his effectiveness right now is a bit low he need a little more time to catch up with the rest of out team,train,Category 7: Potential Gem,Low Performance,High Potential,Negative Feedback,Work Culture,Team Collaboration,Negative Feedback,Work Culture
557,Logan Ellis,"Category 7: 'Potential Gem' (Low performance, High potential)","Logan lags behind her colleagues every time her job requires her to learn a new software program. She's unable to master the programs quickly and this can hinder her ability to generate reports that are accurate and timely. However, I appreciate the enthusiasm Logan has for the job and her strong work ethic means she's always willing to stay late and put in extra hours to learn the software as quickly as she's able. I see her work ethic being an asset in the future so I believe she has a lot of opportunities for promotion in the future.",False,False,6,542,4,0,2,logan lag behind her colleague every time her job requires her to learn a new software program shes unable to master the program quickly and this can hinder her ability to generate report that are accurate and timely however i appreciate the enthusiasm logan ha for the job and her strong work ethic mean shes always willing to stay late and put in extra hour to learn the software a quickly a shes able i see her work ethic being an asset in the future so i believe she ha a lot of opportunity for promotion in the future,train,Category 7: Potential Gem,Low Performance,High Potential,Negative Feedback,Career Growth,Attendance / Punctuality; Skill Gap; Leadership Potential; Career Growth,Negative Feedback,Career Growth
553,Briley Mcknight,"Category 7: 'Potential Gem' (Low performance, High potential)","Briley has had a number of issues learning the ropes of our new software package. The reports that she's generated this quarter have often been late. Moreover, when I've fact-checked her work I've found some glaring computational errors. However, Briley has really been proactive about making sure she learns the new software and she's enrolled in a training next month to get a better handle on it. Once she does, I'm confident that she'll be able to make great improvements in her work since this is the only aspect of her work that's holding her back.",False,False,6,554,5,0,2,briley ha had a number of issue learning the rope of our new software package the report that shes generated this quarter have often been late moreover when ive factchecked her work ive found some glaring computational error however briley ha really been proactive about making sure she learns the new software and shes enrolled in a training next month to get a better handle on it once she doe im confident that shell be able to make great improvement in her work since this is the only aspect of her work thats holding her back,train,Category 7: Potential Gem,Low Performance,High Potential,Negative Feedback,Work Culture,Attendance / Punctuality; Skill Gap,Negative Feedback,Work Culture
554,Briley Mcknight,"Category 7: 'Potential Gem' (Low performance, High potential)","Briley Mcknight is one of the good co-worker in our office. Though he has a lots of potential, he doesn't implement on his work. If he improved himself better he is one of the finest worker in our office.",False,False,6,204,3,0,2,briley mcknight is one of the good coworker in our office though he ha a lot of potential he doesnt implement on his work if he improved himself better he is one of the finest worker in our office,train,Category 7: Potential Gem,Low Performance,High Potential,Negative Feedback,Work Culture,Leadership Potential,Negative Feedback,Work Culture
534,George Jones,"Category 7: 'Potential Gem' (Low performance, High potential)",George does not complete work on time and needs to be constantly supervised. He does show high potential due to the work he does eventually submit. George is very intelligent but some incentive should be made to get him to realize his potential. George could probably choose a different career path within the company to ignite his ambition. George might seem lazy sometimes but shows high potential of being a great contributor.,True,True,6,429,5,0,2,george doe not complete work on time and need to be constantly supervised he doe show high potential due to the work he doe eventually submit george is very intelligent but some incentive should be made to get him to realize his potential george could probably choose a different career path within the company to ignite his ambition george might seem lazy sometimes but show high potential of being a great contributor,train,Category 7: Potential Gem,Low Performance,High Potential,Negative Feedback,Career Growth,Leadership Potential; Career Growth,Negative Feedback,Career Growth
537,Brantley Whitfield,"Category 7: 'Potential Gem' (Low performance, High potential)","Brantley has been with the firm for a year. He has proved himself to be intelligent, quick-learning, highly responsive. He is a great communicator. 

Though due family issues, Brantley has not given his 100%. He has been lagging in delivering his work. He has been absent in meetings and occasional for work. Recommend that we allow him time to sort out his family issues and come back to contribute to the firm fully",False,True,6,417,7,0,2,brantley ha been with the firm for a year he ha proved himself to be intelligent quicklearning highly responsive he is a great communicator though due family issue brantley ha not given his 100 he ha been lagging in delivering his work he ha been absent in meeting and occasional for work recommend that we allow him time to sort out his family issue and come back to contribute to the firm fully,train,Category 7: Potential Gem,Low Performance,High Potential,Negative Feedback,Work Culture,Attendance / Punctuality; Skill Gap,Negative Feedback,Work Culture
538,Brantley Whitfield,"Category 7: 'Potential Gem' (Low performance, High potential)",Brantley Whitfield is always late. He rarely delivers projects on time. He need to focus more on his work and double check before delivery. I can see his having very high potential as he does work very hard when motivated.,True,True,6,222,4,0,2,brantley whitfield is always late he rarely delivers project on time he need to focus more on his work and double check before delivery i can see his having very high potential a he doe work very hard when motivated,train,Category 7: Potential Gem,Low Performance,High Potential,Negative Feedback,Work Culture,Attendance / Punctuality; Leadership Potential,Negative Feedback,Work Culture
540,Brantley Whitfield,"Category 7: 'Potential Gem' (Low performance, High potential)","Brantley continues to be less productive than I believe he could be. He is intelligent and when he pushes himself, he has been able to suggest ways to increase productivity and profit in his department. If he improves in his productivity, he could become an invaluable asset to the company. He may need some guidance to find his ideal position.",False,True,6,344,4,0,2,brantley continues to be le productive than i believe he could be he is intelligent and when he push himself he ha been able to suggest way to increase productivity and profit in his department if he improves in his productivity he could become an invaluable asset to the company he may need some guidance to find his ideal position,train,Category 7: Potential Gem,Low Performance,High Potential,Negative Feedback,Work Culture,Performance Quality; Leadership Potential,Negative Feedback,Work Culture
541,Brantley Whitfield,"Category 7: 'Potential Gem' (Low performance, High potential)","Brantley's time with our organization could be characterized as unusual in both good and bad ways. On one hand, he hasn't shown much in the way of numbers or standout work. On the other, he does show strong aptitude and interest in learning to contribute to our organization in other ways. While his performance may be low, it may be a good idea to give him a chance when put in a better position to succeed.",False,True,6,408,4,0,2,brantleys time with our organization could be characterized a unusual in both good and bad way on one hand he hasnt shown much in the way of number or standout work on the other he doe show strong aptitude and interest in learning to contribute to our organization in other way while his performance may be low it may be a good idea to give him a chance when put in a better position to succeed,train,Category 7: Potential Gem,Low Performance,High Potential,Negative Feedback,Career Growth,Performance Quality; Skill Gap,Negative Feedback,Career Growth
539,Brantley Whitfield,"Category 7: 'Potential Gem' (Low performance, High potential)","Brantley's confidence issues have really impacted his performance in a negative way. He's a new member of the team, so I'll cut him some slack. But he's constantly questioning whether he's approaching his assignments in the right way. Moreover his self-doubt impacts the impression that he gives to clients, so I'm always nervous to have him with me in meetings. Fortunately I think Brantley has a ton of room to grow. There is absolutely no reason for him to have shaky confidence since his work product is always outstanding.",False,True,6,527,6,0,2,brantleys confidence issue have really impacted his performance in a negative way he a new member of the team so ill cut him some slack but he constantly questioning whether he approaching his assignment in the right way moreover his selfdoubt impact the impression that he give to client so im always nervous to have him with me in meeting fortunately i think brantley ha a ton of room to grow there is absolutely no reason for him to have shaky confidence since his work product is always outstanding,train,Category 7: Potential Gem,Low Performance,High Potential,Negative Feedback,Work Culture,Performance Quality; Team Collaboration,Negative Feedback,Work Culture
543,Kallie Beard,"Category 7: 'Potential Gem' (Low performance, High potential)","Kallie struggled significantly this quarter, however she did make a couple of improvements. While she has made many errors in charting change over time, she take feedback well and looks at her work more critically after her mistakes are acknowledged. Additionally, she has sought help from other members in the office if she is unclear about a situation, or needs guidance. Her willingness to find solutions for her mistakes make her an excellent candidate to continue with the organization. Overall, Kallie does have significant improvement to make, however, she is on the right path to do so.",False,True,6,594,5,0,2,kallie struggled significantly this quarter however she did make a couple of improvement while she ha made many error in charting change over time she take feedback well and look at her work more critically after her mistake are acknowledged additionally she ha sought help from other member in the office if she is unclear about a situation or need guidance her willingness to find solution for her mistake make her an excellent candidate to continue with the organization overall kallie doe have significant improvement to make however she is on the right path to do so,train,Category 7: Potential Gem,Low Performance,High Potential,Negative Feedback,Management Issues,Communication; Leadership Potential,Negative Feedback,Career Growth
544,Kallie Beard,"Category 7: 'Potential Gem' (Low performance, High potential)","Kallie within the past term hasn't quite adjusted to our team yet. She seems to still be fitting into the workload and finding a place to really catch a stride. Because of this, her performance isn't quite at our team's expectation yet. However, she possess skills and an attitude that can immensely pay off very soon once she learns the ropes.",False,True,6,344,4,0,2,kallie within the past term hasnt quite adjusted to our team yet she seems to still be fitting into the workload and finding a place to really catch a stride because of this her performance isnt quite at our team expectation yet however she posse skill and an attitude that can immensely pay off very soon once she learns the rope,train,Category 7: Potential Gem,Low Performance,High Potential,Negative Feedback,Work Culture,Performance Quality; Skill Gap; Team Collaboration; Salary & Benefits,Negative Feedback,Work Culture
545,Kallie Beard,"Category 7: 'Potential Gem' (Low performance, High potential)","Kallie has really had a hard time with every task involving Excel that I've given her. Many of her reports are riddled with quantitative errors. Fortunately, I think that her performance is about to really take off since she has been working under the mentorship of our in-house Excel guru, who's really taken her under his wing. Once Kallie understands how to properly use Excel I think her work product will improve significantly.",False,False,6,432,4,0,2,kallie ha really had a hard time with every task involving excel that ive given her many of her report are riddled with quantitative error fortunately i think that her performance is about to really take off since she ha been working under the mentorship of our inhouse excel guru who really taken her under his wing once kallie understands how to properly use excel i think her work product will improve significantly,train,Category 7: Potential Gem,Low Performance,High Potential,Negative Feedback,Career Growth,Performance Quality,Negative Feedback,Career Growth
547,Braiden Santos,"Category 7: 'Potential Gem' (Low performance, High potential)","Braiden has shown high potential this quarter.  While he hasn't reached quotas, his solutions for internal problems have been excellent.  He has a big future in the industry and is worth the growth period.  A short term investment that will produce long term value.",False,False,6,265,4,0,2,braiden ha shown high potential this quarter while he hasnt reached quota his solution for internal problem have been excellent he ha a big future in the industry and is worth the growth period a short term investment that will produce long term value,train,Category 7: Potential Gem,Low Performance,High Potential,Negative Feedback,Career Growth,Leadership Potential; Career Growth,Negative Feedback,Career Growth
548,Braiden Santos,"Category 7: 'Potential Gem' (Low performance, High potential)","Braiden is a new member of our department who has struggled to get his bearings. Many of the reports I've received from him have a lot of math errors. He's working really hard to get his quantitative skills up to par, though. He signed himself up for a math boot camp taking place next month. I love his enthusiasm for learning and can see that taking him far in this organization.",False,False,6,381,5,0,2,braiden is a new member of our department who ha struggled to get his bearing many of the report ive received from him have a lot of math error he working really hard to get his quantitative skill up to par though he signed himself up for a math boot camp taking place next month i love his enthusiasm for learning and can see that taking him far in this organization,train,Category 7: Potential Gem,Low Performance,High Potential,Negative Feedback,Career Growth,Skill Gap,Negative Feedback,Career Growth
549,Braiden Santos,"Category 7: 'Potential Gem' (Low performance, High potential)","Braiden is a bit of an odd case. On one hand his numbers show that he isn't doing especially well in his duties. On the other, he has shown an excellent capacity for growth and improvement in other areas. He might possibly one day grow into a top performer.",False,False,6,257,4,0,2,braiden is a bit of an odd case on one hand his number show that he isnt doing especially well in his duty on the other he ha shown an excellent capacity for growth and improvement in other area he might possibly one day grow into a top performer,train,Category 7: Potential Gem,Low Performance,High Potential,Negative Feedback,Career Growth,Career Growth,Negative Feedback,Career Growth
552,Briley Mcknight,"Category 7: 'Potential Gem' (Low performance, High potential)",Basically Briley Mcknight  have high potential in his work experience. But in recent days he is doing low performance in his core. I think he have to update more in his core area. He have to concentrate little more in new updated technology.,False,False,6,241,4,0,2,basically briley mcknight have high potential in his work experience but in recent day he is doing low performance in his core i think he have to update more in his core area he have to concentrate little more in new updated technology,train,Category 7: Potential Gem,Low Performance,High Potential,Negative Feedback,Career Growth,Performance Quality; Leadership Potential,Negative Feedback,Career Growth
624,Dennis Buchanan,"Category 8: 'High Potential' (Moderate performance, High potential)","Dennis Buchanan's performance has not reached its full potential yet. However, it is very clear that he is capable of a lot more. The expectations are high. The potential is very great.",False,False,7,185,4,1,2,dennis buchanan performance ha not reached it full potential yet however it is very clear that he is capable of a lot more the expectation are high the potential is very great,train,Category 8: High Potential,Medium Performance,High Potential,Neutral Feedback,Career Growth,Performance Quality; Leadership Potential,Neutral Feedback,Career Growth
629,Chanel Cleveland,"Category 8: 'High Potential' (Moderate performance, High potential)",Chanel has shown great improvement this year.  Her willingness to learn and work hard shows that she has high potential in this company.  Chanel has taken unpaid time to work and learn in order to grow at her job.  While her actually performance has been moderate I expect it to get better as time goes by.  Chanel will be a good candidate for a promotion if she continues on this track.,False,False,7,387,5,1,2,chanel ha shown great improvement this year her willingness to learn and work hard show that she ha high potential in this company chanel ha taken unpaid time to work and learn in order to grow at her job while her actually performance ha been moderate i expect it to get better a time go by chanel will be a good candidate for a promotion if she continues on this track,train,Category 8: High Potential,Medium Performance,High Potential,Neutral Feedback,Career Growth,Performance Quality; Skill Gap; Leadership Potential; Career Growth,Neutral Feedback,Career Growth
628,Chanel Cleveland,"Category 8: 'High Potential' (Moderate performance, High potential)","One of the things I admire about Chanel Cleveland is his  aptitude for problem solving in a proactive way. he knows what he does, and takes time to operate every task. I think that is the reason why he perfors so good. He should any way learn to work with others. but he works well.",False,False,7,282,5,1,2,one of the thing i admire about chanel cleveland is his aptitude for problem solving in a proactive way he know what he doe and take time to operate every task i think that is the reason why he perfors so good he should any way learn to work with others but he work well,train,Category 8: High Potential,Medium Performance,High Potential,Neutral Feedback,Career Growth,Skill Gap,Neutral Feedback,Career Growth
627,Chanel Cleveland,"Category 8: 'High Potential' (Moderate performance, High potential)","Chanel is a bubbly, fun, smart and capable worker. She has proven herself capable of taking risks and delivering under pressure. In the past six months, she has undertaken two major projects, due to a number of reasons, the projects did not come to fruition. However, she has acquired invaluable skills and leadership by taking those projects.",False,False,7,343,4,1,2,chanel is a bubbly fun smart and capable worker she ha proven herself capable of taking risk and delivering under pressure in the past six month she ha undertaken two major project due to a number of reason the project did not come to fruition however she ha acquired invaluable skill and leadership by taking those project,train,Category 8: High Potential,Medium Performance,High Potential,Neutral Feedback,Career Growth,Skill Gap; Leadership Potential,Neutral Feedback,Career Growth
626,Chanel Cleveland,"Category 8: 'High Potential' (Moderate performance, High potential)","Chanel Cleveland is a hard worker. She has good potential, but has not yet reached her top potential. With greater training and time, she could be a high performing worker. She works well with the team. Her work is quality. She completes tasks on time.",False,False,7,252,6,1,2,chanel cleveland is a hard worker she ha good potential but ha not yet reached her top potential with greater training and time she could be a high performing worker she work well with the team her work is quality she completes task on time,train,Category 8: High Potential,Medium Performance,High Potential,Neutral Feedback,Career Growth,Performance Quality; Skill Gap; Leadership Potential; Team Collaboration,Neutral Feedback,Career Growth
625,Chanel Cleveland,"Category 8: 'High Potential' (Moderate performance, High potential)",Chanel is a great person to work with. He can view possible bottlenecks in the flow very quickly and can resolve the same with everybody's agreement very quickly. He understands multiple view points clearly. However he is flexible to accommodate all view points into his final solution. Overall a very nice person to work with and can progress much quickly.,False,False,7,357,5,1,2,chanel is a great person to work with he can view possible bottleneck in the flow very quickly and can resolve the same with everybodys agreement very quickly he understands multiple view point clearly however he is flexible to accommodate all view point into his final solution overall a very nice person to work with and can progress much quickly,train,Category 8: High Potential,Medium Performance,High Potential,Neutral Feedback,Work Culture,Career Growth,Neutral Feedback,Work Culture
623,Dennis Buchanan,"Category 8: 'High Potential' (Moderate performance, High potential)","Dennis joined the company last year. Since then, Dennis has proven himself an invaluable asset. He is well liked and respected by his peers and project leads. He has worked tirelessly and grown tremendously at work. Due to unfortunate circumstances, Dennis has failed to deliver a number of projects on time. With more time on the job, Dennis will reach his full potential.",False,False,7,373,6,1,2,dennis joined the company last year since then dennis ha proven himself an invaluable asset he is well liked and respected by his peer and project lead he ha worked tirelessly and grown tremendously at work due to unfortunate circumstance dennis ha failed to deliver a number of project on time with more time on the job dennis will reach his full potential,train,Category 8: High Potential,Medium Performance,High Potential,Neutral Feedback,Work Culture,Performance Quality; Leadership Potential; Team Collaboration,Neutral Feedback,Work Culture
615,Alina Britt,"Category 8: 'High Potential' (Moderate performance, High potential)","Alina's work for this project was not as good as her previous work, however, it is still very much usable. Alina's work in the past has been remarkable- she pays close attention to detail, triple checks her work, and always makes sure her work is as clear and concise as it can be. I always look forward to working with Alina, because her work is, as I stated before, quite well put together.",False,False,7,392,3,1,2,alinas work for this project wa not a good a her previous work however it is still very much usable alinas work in the past ha been remarkable she pay close attention to detail triple check her work and always make sure her work is a clear and concise a it can be i always look forward to working with alina because her work is a i stated before quite well put together,train,Category 8: High Potential,Medium Performance,High Potential,Neutral Feedback,Work Culture,General Employee Feedback,Neutral Feedback,Work Culture
621,Dennis Buchanan,"Category 8: 'High Potential' (Moderate performance, High potential)","Dennis is a consistently reliable as an employee.  His work product is always above par and his dedication and commitment to his work is show by his work output.  Dennis is a team player and gets along with all members of the team, willing to assist and help when needed.  He is a leader and reflects qualities that would make him a great supervisor for the team.",False,False,7,363,4,1,2,dennis is a consistently reliable a an employee his work product is always above par and his dedication and commitment to his work is show by his work output dennis is a team player and get along with all member of the team willing to assist and help when needed he is a leader and reflects quality that would make him a great supervisor for the team,train,Category 8: High Potential,Medium Performance,High Potential,Neutral Feedback,Work Culture,Leadership Potential; Team Collaboration,Neutral Feedback,Work Culture
620,Dennis Buchanan,"Category 8: 'High Potential' (Moderate performance, High potential)","I believe Dennis did well, however, he could also have done better. I recommend that he take his time with his next project, as this one felt a bit rushed. I think that if he took his time with this project, the results would have been better. Overall, Dennis seems to have no problem grasping how to complete projects- rather, he seems to rush through them, which unfortunately reduces his quality of work. I do look forward to his next project, though- as long as he can take his time with it, he should get better feedback.",False,False,7,526,5,1,2,i believe dennis did well however he could also have done better i recommend that he take his time with his next project a this one felt a bit rushed i think that if he took his time with this project the result would have been better overall dennis seems to have no problem grasping how to complete project rather he seems to rush through them which unfortunately reduces his quality of work i do look forward to his next project though a long a he can take his time with it he should get better feedback,train,Category 8: High Potential,Medium Performance,High Potential,Neutral Feedback,Work Culture,Communication; Performance Quality,Neutral Feedback,Work Culture
619,Alina Britt,"Category 8: 'High Potential' (Moderate performance, High potential)",You are proactive and do not require constant supervision.  You have demonstrated that you can meet our basic objectives of all new hires and a willingness to take on additional work.  You meet your deliverables and have shown that you are willing to help other colleagues within the organization.  You communicate well with your peers and immediate supervisor and should look to expand your network.,False,False,7,400,4,1,2,you are proactive and do not require constant supervision you have demonstrated that you can meet our basic objective of all new hire and a willingness to take on additional work you meet your deliverable and have shown that you are willing to help other colleague within the organization you communicate well with your peer and immediate supervisor and should look to expand your network,train,Category 8: High Potential,Medium Performance,High Potential,Neutral Feedback,Management Issues,Communication; Team Collaboration,Neutral Feedback,Work Culture
618,Alina Britt,"Category 8: 'High Potential' (Moderate performance, High potential)",Alina has been doing a great job keeping up with the other employees. She has remained on time with all tasks asked. Alina continues to show progress in all areas. She could continue to improve in other areas as far as taking on a higher work load without being asked.,False,True,7,268,4,1,2,alina ha been doing a great job keeping up with the other employee she ha remained on time with all task asked alina continues to show progress in all area she could continue to improve in other area a far a taking on a higher work load without being asked,train,Category 8: High Potential,Medium Performance,High Potential,Neutral Feedback,Career Growth,Career Growth,Neutral Feedback,Career Growth
617,Alina Britt,"Category 8: 'High Potential' (Moderate performance, High potential)",Alina Britt has the tendency to reach all goals in a timely fashion. Alina has shown great progress over the last quarter and proves that she can improve in something that she sets her mind to. She has provided great numbers as well. We are excited to see what Alina can do.,False,False,7,274,4,1,2,alina britt ha the tendency to reach all goal in a timely fashion alina ha shown great progress over the last quarter and prof that she can improve in something that she set her mind to she ha provided great number a well we are excited to see what alina can do,train,Category 8: High Potential,Medium Performance,High Potential,Neutral Feedback,Career Growth,Career Growth,Neutral Feedback,Career Growth
616,Alina Britt,"Category 8: 'High Potential' (Moderate performance, High potential)",Alina is a great asset to this company.  She works well with other team members.  Alina has no problem finishing task assigned to her.  She thinks on her toes and always finds a solution to a problem at hand. She is very dependable and well organized.,False,False,7,251,5,1,2,alina is a great asset to this company she work well with other team member alina ha no problem finishing task assigned to her she think on her toe and always find a solution to a problem at hand she is very dependable and well organized,train,Category 8: High Potential,Medium Performance,High Potential,Neutral Feedback,Work Culture,Team Collaboration,Neutral Feedback,Work Culture
632,Jamari Roberts,"Category 8: 'High Potential' (Moderate performance, High potential)","Jamari is a wonderful people's person, a great salesman, quick study, a great communicator. Though his sales records have been lackluster for several reasons: a pandemic, economic downturn, lack of demands. Jamari has shown interest in improving the company's sales system. He has used his personal time conducting researches. I hope his effort will translate into profit for the company.",False,False,7,388,5,1,2,jamari is a wonderful people person a great salesman quick study a great communicator though his sale record have been lackluster for several reason a pandemic economic downturn lack of demand jamari ha shown interest in improving the company sale system he ha used his personal time conducting research i hope his effort will translate into profit for the company,train,Category 8: High Potential,Medium Performance,High Potential,Neutral Feedback,Work Culture,General Employee Feedback,Neutral Feedback,Work Culture
613,Yahir Harvey,"Category 8: 'High Potential' (Moderate performance, High potential)","Yahir is smart, easy going and has great communication skills. For the past year, Yahir has worked on a number of major projects, he has consistently shown he is able to come up with creative solution and deliver the goal. 

Yahir could improve upon his accuracy at work and be more receptive of co-workers' feedback",False,False,7,316,3,1,2,yahir is smart easy going and ha great communication skill for the past year yahir ha worked on a number of major project he ha consistently shown he is able to come up with creative solution and deliver the goal yahir could improve upon his accuracy at work and be more receptive of coworkers feedback,train,Category 8: High Potential,Medium Performance,High Potential,Neutral Feedback,Career Growth,Communication; Performance Quality; Skill Gap,Neutral Feedback,Career Growth
622,Dennis Buchanan,"Category 8: 'High Potential' (Moderate performance, High potential)",Dennis Buchanan is a person with a lot of potential. I see it in the way he acts.  He is just waiting for his time to come and he will be great.  Dennis will one day be great and I can not wait to see what the future has for him.  He certainly has potential,False,False,7,257,5,1,2,dennis buchanan is a person with a lot of potential i see it in the way he act he is just waiting for his time to come and he will be great dennis will one day be great and i can not wait to see what the future ha for him he certainly ha potential,train,Category 8: High Potential,Medium Performance,High Potential,Neutral Feedback,Career Growth,Leadership Potential,Neutral Feedback,Career Growth
10034,Moises Houston,"Category 8: 'High Potential' (Moderate performance, High potential)",Moises Houston has been instrumental in the success of the company at present. His work ethic has been a straight line and has not dipped. We can see he can show further. We will develop his achievements and give him the support he needs to succeed.,True,True,7,249,4,1,2,moises houston ha been instrumental in the success of the company at present his work ethic ha been a straight line and ha not dipped we can see he can show further we will develop his achievement and give him the support he need to succeed,train,Category 8: High Potential,Medium Performance,High Potential,Neutral Feedback,Work Culture,General Employee Feedback,Neutral Feedback,Work Culture
10064,Ava West,"Category 8: 'High Potential' (Moderate performance, High potential)","Ava is right in the middle of the team, performance wise. She does not struggle with her work and can link her day to day duties to the larger aims of the business. With development, Ava could become one of our best team members. Definitely one to watch.",True,True,7,254,4,1,2,ava is right in the middle of the team performance wise she doe not struggle with her work and can link her day to day duty to the larger aim of the business with development ava could become one of our best team member definitely one to watch,train,Category 8: High Potential,Medium Performance,High Potential,Neutral Feedback,Work Culture,Performance Quality; Skill Gap; Team Collaboration,Neutral Feedback,Work Culture
611,Owen Hamilton,"Category 8: 'High Potential' (Moderate performance, High potential)",Owen has shown himself to be a solid worker on a day-to-day basis. He also has demonstrated a capacity for further growth within the organization. His leadership skills and other intangibles are top notch. He has a bright future at this company if he continues to work hard.,False,False,7,274,4,1,2,owen ha shown himself to be a solid worker on a daytoday basis he also ha demonstrated a capacity for further growth within the organization his leadership skill and other intangible are top notch he ha a bright future at this company if he continues to work hard,train,Category 8: High Potential,Medium Performance,High Potential,Neutral Feedback,Career Growth,Skill Gap; Leadership Potential; Career Growth,Neutral Feedback,Career Growth
10225,Thaddeus Burgess,"Category 8: 'High Potential' (Moderate performance, High potential)",Mr. Burgess has good communication skills and works well with the team. He shows great leadership potential and the ability to rally a group around a common cause.,True,True,7,163,2,1,2,mr burgess ha good communication skill and work well with the team he show great leadership potential and the ability to rally a group around a common cause,train,Category 8: High Potential,Medium Performance,High Potential,Neutral Feedback,Career Growth,Communication; Skill Gap; Leadership Potential; Team Collaboration,Neutral Feedback,Career Growth
10200,Riley Gardner,"Category 8: 'High Potential' (Moderate performance, High potential)","Riley has exceed our targets again and again! Consistently Riley seeks out challenges and new projects, and blow the out of the water. I would like to see Riley continue to plow a head, and work towards bigger and better goals. I look forward to seeing more from Riley!",False,False,7,269,4,1,2,riley ha exceed our target again and again consistently riley seek out challenge and new project and blow the out of the water i would like to see riley continue to plow a head and work towards bigger and better goal i look forward to seeing more from riley,train,Category 8: High Potential,Medium Performance,High Potential,Neutral Feedback,Work Culture,General Employee Feedback,Neutral Feedback,Work Culture
10199,Riley Gardner,"Category 8: 'High Potential' (Moderate performance, High potential)","As a new addition, Riley has been a stellar part of the team and has integrated well into the workflow. While Riley took some time to onboard, his knowledge became apparent once he began taking assignments. He doesn't stand out from his colleagues, yet Riley has certainly proved that he is capable of more once he settles into his role. Most importantly, Riley is capable of applying feedback well.",False,False,7,399,4,1,2,a a new addition riley ha been a stellar part of the team and ha integrated well into the workflow while riley took some time to onboard his knowledge became apparent once he began taking assignment he doesnt stand out from his colleague yet riley ha certainly proved that he is capable of more once he settle into his role most importantly riley is capable of applying feedback well,train,Category 8: High Potential,Medium Performance,High Potential,Neutral Feedback,Management Issues,Communication; Team Collaboration,Neutral Feedback,Work Culture
10198,Riley Gardner,"Category 8: 'High Potential' (Moderate performance, High potential)","Riley is an excellent worker who gets her work done whenever we need her. She also offers excellent ideas in team meetings, and has a very ""big picture"" vision of the company. Will go far.",False,True,7,188,3,1,2,riley is an excellent worker who get her work done whenever we need her she also offer excellent idea in team meeting and ha a very big picture vision of the company will go far,train,Category 8: High Potential,Medium Performance,High Potential,Neutral Feedback,Work Culture,Team Collaboration,Neutral Feedback,Work Culture
10195,Daniel Hill,"Category 8: 'High Potential' (Moderate performance, High potential)",Daniel Hill has been a revelation during this quarter. He has shown the intent that is needed to succeed. Daniel Hill has shown that he has the makings of a great member of the team. He will be rewarded if he continues to develop his worth ethic during his time with us.,False,True,7,270,4,1,2,daniel hill ha been a revelation during this quarter he ha shown the intent that is needed to succeed daniel hill ha shown that he ha the making of a great member of the team he will be rewarded if he continues to develop his worth ethic during his time with u,train,Category 8: High Potential,Medium Performance,High Potential,Neutral Feedback,Work Culture,Team Collaboration,Neutral Feedback,Work Culture
10161,Nicole Barnes,"Category 8: 'High Potential' (Moderate performance, High potential)","Nicole's workflow is above average. She is reliable in high pressure situations. She also can take control of projects and new business practices, and should be mentored for future leadership. Strong management potential.",False,False,7,221,4,1,2,nicoles workflow is above average she is reliable in high pressure situation she also can take control of project and new business practice and should be mentored for future leadership strong management potential,train,Category 8: High Potential,Medium Performance,High Potential,Neutral Feedback,Career Growth,Leadership Potential,Neutral Feedback,Career Growth
10036,Moises Houston,"Category 8: 'High Potential' (Moderate performance, High potential)","Moises is class A worker.  She puts out pretty good work and is an average performer, but her potential is great.  She is will turn out to be an amazing because of her high potential.  I can not wait until she reaches her full potential",False,False,7,236,4,1,2,moises is class a worker she put out pretty good work and is an average performer but her potential is great she is will turn out to be an amazing because of her high potential i can not wait until she reach her full potential,train,Category 8: High Potential,Medium Performance,High Potential,Neutral Feedback,Career Growth,Leadership Potential,Neutral Feedback,Career Growth
10227,Thaddeus Burgess,"Category 8: 'High Potential' (Moderate performance, High potential)","Thaddeus is a talented resource though he is not focused many of the times. He is able to contribute up to  80% of his abilities & skill set. Would like him to work on his weaknesses & multiply strength areas in order to become a better contributor. He is a vital member of the team for this project. However, would like him to become a main asset in fulfilling team objectives on regular occasions to climb up the ladder in hierarchy.",True,True,7,435,5,1,2,thaddeus is a talented resource though he is not focused many of the time he is able to contribute up to 80 of his ability skill set would like him to work on his weakness multiply strength area in order to become a better contributor he is a vital member of the team for this project however would like him to become a main asset in fulfilling team objective on regular occasion to climb up the ladder in hierarchy,train,Category 8: High Potential,Medium Performance,High Potential,Neutral Feedback,Work Culture,Skill Gap; Team Collaboration,Neutral Feedback,Work Culture
10158,Nicole Barnes,"Category 8: 'High Potential' (Moderate performance, High potential)","Nicole Barnes is one of the most creative and extremely talented employees at the company. Although she is talented and intelligent, I have noticed that her capability does not match her performance. It is through conversations at meetings that I am able to partially observe her creativeness. But, it is quite often that within projects her mental capacity is not reflected in her actions. Nicole is able to meet deadlines and complete projects, but is sometimes in need of a push.",False,True,7,482,5,1,2,nicole barnes is one of the most creative and extremely talented employee at the company although she is talented and intelligent i have noticed that her capability doe not match her performance it is through conversation at meeting that i am able to partially observe her creativeness but it is quite often that within project her mental capacity is not reflected in her action nicole is able to meet deadline and complete project but is sometimes in need of a push,train,Category 8: High Potential,Medium Performance,High Potential,Neutral Feedback,Work Culture,Performance Quality,Neutral Feedback,Work Culture
10119,Clay Terry,"Category 8: 'High Potential' (Moderate performance, High potential)",Clay Terry is a good member of the team. His talent has shown at times and so far the tasks he has completed have been fruitful. With time and patience he will succeed in achieving his goals. We are excited to have him continue to be part of the team.,False,False,7,251,4,1,2,clay terry is a good member of the team his talent ha shown at time and so far the task he ha completed have been fruitful with time and patience he will succeed in achieving his goal we are excited to have him continue to be part of the team,train,Category 8: High Potential,Medium Performance,High Potential,Neutral Feedback,Work Culture,Team Collaboration,Neutral Feedback,Work Culture
10117,Clay Terry,"Category 8: 'High Potential' (Moderate performance, High potential)","Clay Terry developed multiple company process improvement techniques, contributed regularly in business unit meetings, and maintained productive working relationships with his co-workers. Clay's sharpness and quick understanding of the core purposes of the tasks assigned to him showed radiantly on a weekly basis. Although there's always room for improvement, such as some of the structural choices for his software programs, Clay proved to be a valuable member of our company team. His quarterly performance was superb.",False,False,7,521,4,1,2,clay terry developed multiple company process improvement technique contributed regularly in business unit meeting and maintained productive working relationship with his coworkers clay sharpness and quick understanding of the core purpose of the task assigned to him showed radiantly on a weekly basis although there always room for improvement such a some of the structural choice for his software program clay proved to be a valuable member of our company team his quarterly performance wa superb,train,Category 8: High Potential,Medium Performance,High Potential,Neutral Feedback,Career Growth,Performance Quality; Team Collaboration,Neutral Feedback,Career Growth
10077,Patricia Barrera,"Category 8: 'High Potential' (Moderate performance, High potential)","Patricia met all requirements of her role this year. Patricia did not go above and beyond what is required, and on a few occasions this lead to some frustration within the team. Patricia is good at her job, and she is perceived as someone who could do a lot more to support the team. Patricia's profile matches the company's vision for the future. She has the capability to go very far in the company, and with the right amount of willingness she will be able to perform beyond the expectations of her current role and accelerate her career development.",False,True,7,553,5,1,2,patricia met all requirement of her role this year patricia did not go above and beyond what is required and on a few occasion this lead to some frustration within the team patricia is good at her job and she is perceived a someone who could do a lot more to support the team patricias profile match the company vision for the future she ha the capability to go very far in the company and with the right amount of willingness she will be able to perform beyond the expectation of her current role and accelerate her career development,train,Category 8: High Potential,Medium Performance,High Potential,Neutral Feedback,Career Growth,Skill Gap; Leadership Potential; Team Collaboration; Career Growth,Neutral Feedback,Career Growth
10076,Patricia Barrera,"Category 8: 'High Potential' (Moderate performance, High potential)",Patricia is what I would call a great investment.  She has an average performance at work but shows a fantastic level of potential.  I am going to keep her at the company because it is only matter of time until she because an major role in the company.  She is going  to be great,False,False,7,279,4,1,2,patricia is what i would call a great investment she ha an average performance at work but show a fantastic level of potential i am going to keep her at the company because it is only matter of time until she because an major role in the company she is going to be great,train,Category 8: High Potential,Medium Performance,High Potential,Neutral Feedback,Career Growth,Performance Quality; Leadership Potential,Neutral Feedback,Career Growth
10075,Patricia Barrera,"Category 8: 'High Potential' (Moderate performance, High potential)",Patricia is excellent. She gets through her daily work and is knowledgeable enough to advise colleagues where necessary. I would earmark Patricia for management roles in the future. She is a good leader and remains calm under pressure and a high workload.,False,False,7,255,4,1,2,patricia is excellent she get through her daily work and is knowledgeable enough to advise colleague where necessary i would earmark patricia for management role in the future she is a good leader and remains calm under pressure and a high workload,train,Category 8: High Potential,Medium Performance,High Potential,Neutral Feedback,Career Growth,Leadership Potential,Neutral Feedback,Career Growth
609,Owen Hamilton,"Category 8: 'High Potential' (Moderate performance, High potential)","Owen shows a lot of promise. He has great ideas and puts forth creative ideas in meetings. But he does lack follow through though. If he would apply himself and implement a plan for his ideas he could achieve much more. Regardless, he is an asset to this company. with the right mentorship and guidance he could go a long way in this company.",False,False,7,342,6,1,2,owen show a lot of promise he ha great idea and put forth creative idea in meeting but he doe lack follow through though if he would apply himself and implement a plan for his idea he could achieve much more regardless he is an asset to this company with the right mentorship and guidance he could go a long way in this company,train,Category 8: High Potential,Medium Performance,High Potential,Neutral Feedback,Management Issues,Leadership Potential,Neutral Feedback,Career Growth
579,Alina Britt,"Category 8: 'High Potential' (Moderate performance, High potential)","Alina continues to show great promise within the organization. There is room for improvement with respect to her dedication and attention to the task at hand. This is something that might be improved by harnessing the enthusiasm inner confidence that she shows. With some guidance and motivation, she is likely to do well in the long term.",False,False,7,339,4,1,2,alina continues to show great promise within the organization there is room for improvement with respect to her dedication and attention to the task at hand this is something that might be improved by harnessing the enthusiasm inner confidence that she show with some guidance and motivation she is likely to do well in the long term,train,Category 8: High Potential,Medium Performance,High Potential,Neutral Feedback,Career Growth,Leadership Potential,Neutral Feedback,Career Growth
577,Alina Britt,"Category 8: 'High Potential' (Moderate performance, High potential)",Alina is a great employee who consistently produces work that meets our expectations. She is usually on time and only sometimes makes mistakes. That being said she responds very well to feed back from coworkers and supervisors and is very poractive in improving her self.  I can see her improving very quickly to create excellent quality work given the right guidance and experience.,False,False,7,383,4,1,2,alina is a great employee who consistently produce work that meet our expectation she is usually on time and only sometimes make mistake that being said she responds very well to feed back from coworkers and supervisor and is very poractive in improving her self i can see her improving very quickly to create excellent quality work given the right guidance and experience,train,Category 8: High Potential,Medium Performance,High Potential,Neutral Feedback,Work Culture,Performance Quality; Leadership Potential; Team Collaboration,Neutral Feedback,Work Culture
574,Yahir Harvey,"Category 8: 'High Potential' (Moderate performance, High potential)",Mr Harvey was achieving what he was assigned for the quarter. If he was assigned more challenging tasks he would probably complete them. We need to understand that his capabilities are much more than what he has achieved till now. More responsibility and challenging roles and duties will show us what really can do,False,False,7,315,4,1,2,mr harvey wa achieving what he wa assigned for the quarter if he wa assigned more challenging task he would probably complete them we need to understand that his capability are much more than what he ha achieved till now more responsibility and challenging role and duty will show u what really can do,train,Category 8: High Potential,Medium Performance,High Potential,Neutral Feedback,Work Culture,General Employee Feedback,Neutral Feedback,Work Culture
573,Alina Britt,"Category 8: 'High Potential' (Moderate performance, High potential)",Alina is fresh and young blood for our company. She could strive for more under proper guidance. She is managing her tasks well. I think we need to assign her a few more things to light up her potential more,False,False,7,207,4,1,2,alina is fresh and young blood for our company she could strive for more under proper guidance she is managing her task well i think we need to assign her a few more thing to light up her potential more,train,Category 8: High Potential,Medium Performance,High Potential,Neutral Feedback,Career Growth,Leadership Potential,Neutral Feedback,Career Growth
569,Yahir Harvey,"Category 8: 'High Potential' (Moderate performance, High potential)",Yahir Harvey can be a creative person with many interesting ideas but he cannot successfully to tap into it. He should promote and develop his potential is getting the balance of being pragmatic and creative right.,False,False,7,214,2,1,2,yahir harvey can be a creative person with many interesting idea but he cannot successfully to tap into it he should promote and develop his potential is getting the balance of being pragmatic and creative right,train,Category 8: High Potential,Medium Performance,High Potential,Neutral Feedback,Career Growth,Leadership Potential,Neutral Feedback,Career Growth
568,Yahir Harvey,"Category 8: 'High Potential' (Moderate performance, High potential)",Yahir Harvey is a hard worker and improves his work efficiently. He did the job perfectly as given by his head. He is very friendly with his coworker and help others. He has give a work to develop the program and he did his work in perfect manner and he was appreciate by his head members.,False,True,7,289,4,1,2,yahir harvey is a hard worker and improves his work efficiently he did the job perfectly a given by his head he is very friendly with his coworker and help others he ha give a work to develop the program and he did his work in perfect manner and he wa appreciate by his head member,train,Category 8: High Potential,Medium Performance,High Potential,Neutral Feedback,Work Culture,Team Collaboration,Neutral Feedback,Work Culture
563,Joe White,"Category 8: 'High Potential' (Moderate performance, High potential)","Joe is an absolute asset to this company, he does an absolutely great job assessing areas where we can innovate. I will say Joe does tend to get a little relaxed with his work at times. The key will be to get him to focus more and keep his energy up throughout the week. All in all Joe has a high ceiling in this company.",False,True,7,321,4,1,2,joe is an absolute asset to this company he doe an absolutely great job assessing area where we can innovate i will say joe doe tend to get a little relaxed with his work at time the key will be to get him to focus more and keep his energy up throughout the week all in all joe ha a high ceiling in this company,train,Category 8: High Potential,Medium Performance,High Potential,Neutral Feedback,Work Culture,General Employee Feedback,Neutral Feedback,Work Culture
555,Briley Mcknight,"Category 8: 'High Potential' (Moderate performance, High potential)",Ability to outperform others. Eagerly accepts additional scope. Has the ability to overcome any challenges. Requires additional scope in daily performance.,True,True,7,155,4,1,2,ability to outperform others eagerly accepts additional scope ha the ability to overcome any challenge requires additional scope in daily performance,train,Category 8: High Potential,Medium Performance,High Potential,Neutral Feedback,Work Culture,Performance Quality,Neutral Feedback,Work Culture
522,Zachary Doyle,"Category 8: 'High Potential' (Moderate performance, High potential)","Zachary Doyle could use some goal setting in order to boost his work output.  Zachary is a diamond in the rough, I see much promise in his future with a little motivation and perhaps further training.  Zachary's ease with clients is unmatched, he is quite charming.  Zachary could do great things under the right tutelage.",True,True,7,322,4,1,2,zachary doyle could use some goal setting in order to boost his work output zachary is a diamond in the rough i see much promise in his future with a little motivation and perhaps further training zacharys ease with client is unmatched he is quite charming zachary could do great thing under the right tutelage,train,Category 8: High Potential,Medium Performance,High Potential,Neutral Feedback,Career Growth,Skill Gap; Leadership Potential,Neutral Feedback,Career Growth
514,Jaxson Giles,"Category 8: 'High Potential' (Moderate performance, High potential)","Jaxson Giles has potential to be an excellent employee at this company. He works hard and is truly dedicated to our company's cause. I believe that with a little more motivation, Jaxson can succeed. When he is assigned task that fit him, he excels. We should give Jaxson more work that fits with his personality and skillset.",True,True,7,325,5,1,2,jaxson giles ha potential to be an excellent employee at this company he work hard and is truly dedicated to our company cause i believe that with a little more motivation jaxson can succeed when he is assigned task that fit him he excels we should give jaxson more work that fit with his personality and skillset,train,Category 8: High Potential,Medium Performance,High Potential,Neutral Feedback,Career Growth,Leadership Potential,Neutral Feedback,Career Growth
608,Owen Hamilton,"Category 8: 'High Potential' (Moderate performance, High potential)","Owen Hamilton has earned the high potential rating for the evaluation period.  Owen worked on five projects during the evaluation period, including three in which he was project lead.  All five projects received above average returns for the client, but one required extra time and resources that could have been avoided.  Still, he was instrumental in identifying future projects and did well to develop his teammates so that he was able to focus on strategic versus operational issues.",False,False,7,487,4,1,2,owen hamilton ha earned the high potential rating for the evaluation period owen worked on five project during the evaluation period including three in which he wa project lead all five project received above average return for the client but one required extra time and resource that could have been avoided still he wa instrumental in identifying future project and did well to develop his teammate so that he wa able to focus on strategic versus operational issue,train,Category 8: High Potential,Medium Performance,High Potential,Neutral Feedback,Career Growth,Leadership Potential,Neutral Feedback,Career Growth
580,Dennis Buchanan,"Category 8: 'High Potential' (Moderate performance, High potential)","Dennis Buchanan is exemplar colleague to work alongside. I would give him an 8 out of 10. His showcases a firm, moderate work performance. He has high potential to move up.",False,True,7,172,4,1,2,dennis buchanan is exemplar colleague to work alongside i would give him an 8 out of 10 his showcase a firm moderate work performance he ha high potential to move up,train,Category 8: High Potential,Medium Performance,High Potential,Neutral Feedback,Work Culture,Performance Quality; Leadership Potential,Neutral Feedback,Work Culture
583,Chanel Cleveland,"Category 8: 'High Potential' (Moderate performance, High potential)","Chanel's presentation skills in front of clients decent, since she's able to command a presence and hold her own without any senior colleagues presenting with her. At the same time, her performance sometimes suffers from a lack of preparation. She sometimes has not rehearsed critical presentations ahead of time and thus flounders a little in front of clients. I believe that she can become an excellent presenter if she just budgets a few days of advance rehearsal into her workday. This can pay off significantly for her, since client pitch meetings are so critical to our business.",False,False,7,585,5,1,2,chanels presentation skill in front of client decent since shes able to command a presence and hold her own without any senior colleague presenting with her at the same time her performance sometimes suffers from a lack of preparation she sometimes ha not rehearsed critical presentation ahead of time and thus flounder a little in front of client i believe that she can become an excellent presenter if she just budget a few day of advance rehearsal into her workday this can pay off significantly for her since client pitch meeting are so critical to our business,train,Category 8: High Potential,Medium Performance,High Potential,Neutral Feedback,Salary & Benefits,Performance Quality; Skill Gap; Salary & Benefits,Neutral Feedback,Work Culture
565,Joe White,"Category 8: 'High Potential' (Moderate performance, High potential)","Joe's work has been above-average to exceptional thus far. If he is able to continue to demonstrate his hard work and produce results on a consistent basis, he could be a good candidate for a promotion. He is always on-time, handling his duties diligently and efficiently, and constantly displaying a pleasant attitude when working with others. He also flashes some leadership skills that might be a sign that he would be suited for management. He does have only a bit of room to improve, and that would be to consistently keep doing what he has been doing.",False,False,7,557,5,1,2,joes work ha been aboveaverage to exceptional thus far if he is able to continue to demonstrate his hard work and produce result on a consistent basis he could be a good candidate for a promotion he is always ontime handling his duty diligently and efficiently and constantly displaying a pleasant attitude when working with others he also flash some leadership skill that might be a sign that he would be suited for management he doe have only a bit of room to improve and that would be to consistently keep doing what he ha been doing,train,Category 8: High Potential,Medium Performance,High Potential,Neutral Feedback,Career Growth,Performance Quality; Skill Gap; Leadership Potential; Career Growth,Neutral Feedback,Career Growth
585,Chanel Cleveland,"Category 8: 'High Potential' (Moderate performance, High potential)",Chanel currently is a solid employee but she has the potential to become amazing. Right now her work is solid and is consistently acceptable. However she is a very proactive learner and constantly seeks to improve herself. She is very open to feedback from others and is always learning. She is solid employee right now but will grow and improve to be amazing with time.,False,False,7,370,5,1,2,chanel currently is a solid employee but she ha the potential to become amazing right now her work is solid and is consistently acceptable however she is a very proactive learner and constantly seek to improve herself she is very open to feedback from others and is always learning she is solid employee right now but will grow and improve to be amazing with time,train,Category 8: High Potential,Medium Performance,High Potential,Neutral Feedback,Career Growth,Communication; Skill Gap; Leadership Potential,Neutral Feedback,Career Growth
584,Chanel Cleveland,"Category 8: 'High Potential' (Moderate performance, High potential)","Chanel is a rising performer on our team. Her work is consistent but sometimes a little rushed. Occasionally, the team has to revise her work to make it sharper. She accepts correction and takes definite action to gt back on the track to success.",False,False,7,246,4,1,2,chanel is a rising performer on our team her work is consistent but sometimes a little rushed occasionally the team ha to revise her work to make it sharper she accepts correction and take definite action to gt back on the track to success,train,Category 8: High Potential,Medium Performance,High Potential,Neutral Feedback,Work Culture,Team Collaboration,Neutral Feedback,Work Culture
604,Kayleigh Owen,"Category 8: 'High Potential' (Moderate performance, High potential)","Kayleigh is a great employee. There could be a bright future for Kayleigh here at our company. I would like to see more from this coworker as she moves forward in her career, and hope that she continues to improve her work and gets better at doing more. She could be really successful in this company if placed correctly.",False,False,7,321,4,1,2,kayleigh is a great employee there could be a bright future for kayleigh here at our company i would like to see more from this coworker a she move forward in her career and hope that she continues to improve her work and get better at doing more she could be really successful in this company if placed correctly,train,Category 8: High Potential,Medium Performance,High Potential,Neutral Feedback,Career Growth,Leadership Potential; Team Collaboration; Career Growth,Neutral Feedback,Career Growth
602,Deegan Dennis,"Category 8: 'High Potential' (Moderate performance, High potential)","Deegan is a very fast learner and is constantly seeking to improve him self. He ha shown that he seeks to better him self every day, and that he has the potential to become a very very strong worker. Currently he produces consistently average work. However given more experience he has the potential to produce high quality work consistently",False,False,7,341,4,1,2,deegan is a very fast learner and is constantly seeking to improve him self he ha shown that he seek to better him self every day and that he ha the potential to become a very very strong worker currently he produce consistently average work however given more experience he ha the potential to produce high quality work consistently,train,Category 8: High Potential,Medium Performance,High Potential,Neutral Feedback,Career Growth,Performance Quality; Leadership Potential,Neutral Feedback,Career Growth
601,Deegan Dennis,"Category 8: 'High Potential' (Moderate performance, High potential)","Deegan is a great employee that delivers what is asked of him, mostly on time. He shows intelligence and could probably be promoted. Deegan is interested in the job and has motivation to go further. Deegan has some career goals within the company.",False,False,7,247,4,1,2,deegan is a great employee that delivers what is asked of him mostly on time he show intelligence and could probably be promoted deegan is interested in the job and ha motivation to go further deegan ha some career goal within the company,train,Category 8: High Potential,Medium Performance,High Potential,Neutral Feedback,Career Growth,Career Growth,Neutral Feedback,Career Growth
598,Bryleigh Stafford,"Category 8: 'High Potential' (Moderate performance, High potential)",Bryleigh Stafford is an excellent employee. She is proficient at most assigned tasks. She demonstrates the ability to grow and progress her skill set. She has the necessary skills to move forward within the company.,False,True,7,215,4,1,2,bryleigh stafford is an excellent employee she is proficient at most assigned task she demonstrates the ability to grow and progress her skill set she ha the necessary skill to move forward within the company,train,Category 8: High Potential,Medium Performance,High Potential,Neutral Feedback,Career Growth,Skill Gap; Career Growth,Neutral Feedback,Career Growth
597,Bryleigh Stafford,"Category 8: 'High Potential' (Moderate performance, High potential)",Bryleigh went above an beyond to meet her goals. She has endless potential. The performance that she did was nothing short of incredible. Very happy to have her,True,True,7,160,4,1,2,bryleigh went above an beyond to meet her goal she ha endless potential the performance that she did wa nothing short of incredible very happy to have her,train,Category 8: High Potential,Medium Performance,High Potential,Neutral Feedback,Career Growth,Performance Quality; Leadership Potential,Neutral Feedback,Career Growth
600,Deegan Dennis,"Category 8: 'High Potential' (Moderate performance, High potential)",Deegan Dennis is incredibly talented in his field. He often ranks higher than other associates in his department. He rarely slips up but I get the feeling he isn't giving his his full potential and hope to see more positive progress in his future. I believe we can trust in him to become even better than he currently is.,False,False,7,321,4,1,2,deegan dennis is incredibly talented in his field he often rank higher than other associate in his department he rarely slip up but i get the feeling he isnt giving his his full potential and hope to see more positive progress in his future i believe we can trust in him to become even better than he currently is,train,Category 8: High Potential,Medium Performance,High Potential,Neutral Feedback,Career Growth,Leadership Potential; Career Growth,Neutral Feedback,Career Growth
595,Bryleigh Stafford,"Category 8: 'High Potential' (Moderate performance, High potential)",Bryleigh is the next CEO! Always striving to be the best and helping others. She continues to give it her all and is putting in extra hours to get things done on time. Continuing to work hard and be coachable. Bryleigh is a team player.,False,False,7,236,5,1,2,bryleigh is the next ceo always striving to be the best and helping others she continues to give it her all and is putting in extra hour to get thing done on time continuing to work hard and be coachable bryleigh is a team player,train,Category 8: High Potential,Medium Performance,High Potential,Neutral Feedback,Work Culture,Team Collaboration,Neutral Feedback,Work Culture
594,Bryleigh Stafford,"Category 8: 'High Potential' (Moderate performance, High potential)",Bryleigh is an optimist which is a good trait for someone in this field. He knows what to do at the right moment and knows what he wants as well. He should however learn to slow down a bit and take things in. If not small details are hard to notice.,False,False,7,249,4,1,2,bryleigh is an optimist which is a good trait for someone in this field he know what to do at the right moment and know what he want a well he should however learn to slow down a bit and take thing in if not small detail are hard to notice,train,Category 8: High Potential,Medium Performance,High Potential,Neutral Feedback,Career Growth,Skill Gap,Neutral Feedback,Career Growth
593,Noel Chapman,"Category 8: 'High Potential' (Moderate performance, High potential)",Noel is a great addition to the team! Noel gives it his best shot when he is working on assignments. Noel is coachable and always willing to learn. Noel has a great future here at this company.,False,False,7,193,4,1,2,noel is a great addition to the team noel give it his best shot when he is working on assignment noel is coachable and always willing to learn noel ha a great future here at this company,train,Category 8: High Potential,Medium Performance,High Potential,Neutral Feedback,Career Growth,Skill Gap; Leadership Potential; Team Collaboration,Neutral Feedback,Career Growth
592,Noel Chapman,"Category 8: 'High Potential' (Moderate performance, High potential)","Noel is a strong employee who consistently produces quality work. Although he does not produce top of the line projects every time, he has demonstrated the ability to learn incredibly quickly and efficiently. He has the potential to become an extremely strong worker when coupling his competencies along with his ability to improve. Noel is a solid average employee but will improve to become top of the line very soon.",False,False,7,419,4,1,2,noel is a strong employee who consistently produce quality work although he doe not produce top of the line project every time he ha demonstrated the ability to learn incredibly quickly and efficiently he ha the potential to become an extremely strong worker when coupling his competency along with his ability to improve noel is a solid average employee but will improve to become top of the line very soon,train,Category 8: High Potential,Medium Performance,High Potential,Neutral Feedback,Career Growth,Performance Quality; Skill Gap; Leadership Potential,Neutral Feedback,Career Growth
590,Noel Chapman,"Category 8: 'High Potential' (Moderate performance, High potential)","Noel Chapman has earned the high potential rating during the current evaluation period.  Noel has continued to demonstrate above average performance in all of his assignments.  He excels at intense, quantitative assignments, with an ability to make complex analytical problems and form simple to understand alternatives and analysis.  At times however, he struggles with understanding that some of his teammates do not posses his analytical ability or agree with his assumptions.  Still, this is not a fatal flaw and he is largely viewed as passionate versus argumentative or stubborn.",False,False,7,585,5,1,2,noel chapman ha earned the high potential rating during the current evaluation period noel ha continued to demonstrate above average performance in all of his assignment he excels at intense quantitative assignment with an ability to make complex analytical problem and form simple to understand alternative and analysis at time however he struggle with understanding that some of his teammate do not posse his analytical ability or agree with his assumption still this is not a fatal flaw and he is largely viewed a passionate versus argumentative or stubborn,train,Category 8: High Potential,Medium Performance,High Potential,Neutral Feedback,Career Growth,Performance Quality; Leadership Potential,Neutral Feedback,Career Growth
596,Bryleigh Stafford,"Category 8: 'High Potential' (Moderate performance, High potential)","Bryleigh is an incredibly bright worker and has the potential to improve extraordinarily quickly. She has proven time and time again that new tasks are no problem for her, and she is able to quickly adapt to new situations. She has great potential to improve in the future. Not only that but her current performance is solid as well. Although she is not our strongest worker, she still produces solid work consistently and will only improve with time.",False,False,7,451,5,1,2,bryleigh is an incredibly bright worker and ha the potential to improve extraordinarily quickly she ha proven time and time again that new task are no problem for her and she is able to quickly adapt to new situation she ha great potential to improve in the future not only that but her current performance is solid a well although she is not our strongest worker she still produce solid work consistently and will only improve with time,train,Category 8: High Potential,Medium Performance,High Potential,Neutral Feedback,Career Growth,Performance Quality; Leadership Potential,Neutral Feedback,Career Growth
587,Jamari Roberts,"Category 8: 'High Potential' (Moderate performance, High potential)","Jamari is an incredible asset to our team. His performance is very good, although nothing above and beyond. He shows so much potential and with more training he will continue to flourish. I am excited for his future with us",False,False,7,223,4,1,2,jamari is an incredible asset to our team his performance is very good although nothing above and beyond he show so much potential and with more training he will continue to flourish i am excited for his future with u,train,Category 8: High Potential,Medium Performance,High Potential,Neutral Feedback,Career Growth,Performance Quality; Skill Gap; Leadership Potential; Team Collaboration,Neutral Feedback,Career Growth
589,Noel Chapman,"Category 8: 'High Potential' (Moderate performance, High potential)","Noel Chapman is a go-getter. He enjoys learning new tasks and taking on new responsibilities. He manages his time well, although he seems to always be juggling several items at once. He is a strong team member.",False,False,7,210,4,1,2,noel chapman is a gogetter he enjoys learning new task and taking on new responsibility he manages his time well although he seems to always be juggling several item at once he is a strong team member,train,Category 8: High Potential,Medium Performance,High Potential,Neutral Feedback,Career Growth,Skill Gap; Team Collaboration,Neutral Feedback,Career Growth
10038,Moises Houston,"Category 9: 'Star' (High performance, High potential)","Hey Moises Houston! Keep up the fantastic work! Steadily, you have managed to gain quite the opportunity to do amazing and wonderful things in the future. You are also in quite the special and unique spot for any individual to be in. I recommend you keep on working at it to become an even better performer since you're already excelling quite a bit. You'll be going sky high in no time. For you, the sky definitely isn't the limit.",True,True,8,432,7,2,2,hey moises houston keep up the fantastic work steadily you have managed to gain quite the opportunity to do amazing and wonderful thing in the future you are also in quite the special and unique spot for any individual to be in i recommend you keep on working at it to become an even better performer since youre already excelling quite a bit youll be going sky high in no time for you the sky definitely isnt the limit,train,Category 9: Star,High Performance,High Potential,Positive Feedback,Career Growth,Leadership Potential; Career Growth,Positive Feedback,Career Growth
702,Emilie Carroll,"Category 9: 'Star' (High performance, High potential)",Emilie is a great performer. She is always on time and never late. She completes her projects without too much issues. She is friendly with all the clients. I expect her to get promoted within next 6 months.,False,True,8,207,5,2,2,emilie is a great performer she is always on time and never late she completes her project without too much issue she is friendly with all the client i expect her to get promoted within next 6 month,train,Category 9: Star,High Performance,High Potential,Positive Feedback,Career Growth,Attendance / Punctuality,Positive Feedback,Career Growth
703,Emilie Carroll,"Category 9: 'Star' (High performance, High potential)","Emilie Carroll is a well rounded employee. She provides excellent numbers each quarter. Emilie is productive, timely, and efficient. We are excited to see what Emilie can do with this company.",False,False,8,192,4,2,2,emilie carroll is a well rounded employee she provides excellent number each quarter emilie is productive timely and efficient we are excited to see what emilie can do with this company,train,Category 9: Star,High Performance,High Potential,Positive Feedback,Work Culture,Performance Quality,Positive Feedback,Work Culture
704,Emilie Carroll,"Category 9: 'Star' (High performance, High potential)",I believe that Emilie is one of the strongest members of our team. She's consistently able to turn out more reports than anyone else. I never have to fact-check her reports or question whether it's ready for a client to review. She goes the extra mile with her research on every assignment. I also really appreciate that she takes the time to mentor her younger colleagues. With her willingness to lead others and her rock solid work ethic I am confident that Emilie has what it takes to move far up the ladder in this organization.,False,False,8,532,6,2,2,i believe that emilie is one of the strongest member of our team shes consistently able to turn out more report than anyone else i never have to factcheck her report or question whether it ready for a client to review she go the extra mile with her research on every assignment i also really appreciate that she take the time to mentor her younger colleague with her willingness to lead others and her rock solid work ethic i am confident that emilie ha what it take to move far up the ladder in this organization,train,Category 9: Star,High Performance,High Potential,Positive Feedback,Work Culture,Leadership Potential; Team Collaboration,Positive Feedback,Work Culture
707,Blake Rodriquez,"Category 9: 'Star' (High performance, High potential)","This last quarter, Blake has been contributing greatly to the company. He has shown great competency and skill along with aspirations which show a drive to grow within the ranks. The only feedback that has been received has been positive and there are no reasons as to why Blake should not be in the running for the next promotion. Some strategies that Blake can use going forward are taking more initiative on individual projects.",False,False,8,431,4,2,2,this last quarter blake ha been contributing greatly to the company he ha shown great competency and skill along with aspiration which show a drive to grow within the rank the only feedback that ha been received ha been positive and there are no reason a to why blake should not be in the running for the next promotion some strategy that blake can use going forward are taking more initiative on individual project,train,Category 9: Star,High Performance,High Potential,Positive Feedback,Career Growth,Communication; Skill Gap; Career Growth,Positive Feedback,Career Growth
706,Blake Rodriquez,"Category 9: 'Star' (High performance, High potential)","Blake Rodriguez has performed outstandingly this quarter. His performance has improved drastically from last quarter, and weve taken notice. Based off his high performance, we believe Blake has really high potential. We look forward to seeing such continued efforts from him.",False,False,8,275,4,2,2,blake rodriguez ha performed outstandingly this quarter his performance ha improved drastically from last quarter and weve taken notice based off his high performance we believe blake ha really high potential we look forward to seeing such continued effort from him,train,Category 9: Star,High Performance,High Potential,Positive Feedback,Career Growth,Performance Quality; Leadership Potential,Positive Feedback,Career Growth
708,Blake Rodriquez,"Category 9: 'Star' (High performance, High potential)",Blake Rodriquez has shown outstanding growth since starting at the company. His willingness to take on any task and learn to do it to the best of his ability has truly made him a standout colleague. Blake's winning attitude in the work place is matched only by his ever growing potential. He is ver cooperative and pleasant to work with.,False,False,8,337,4,2,2,blake rodriquez ha shown outstanding growth since starting at the company his willingness to take on any task and learn to do it to the best of his ability ha truly made him a standout colleague blake winning attitude in the work place is matched only by his ever growing potential he is ver cooperative and pleasant to work with,train,Category 9: Star,High Performance,High Potential,Positive Feedback,Career Growth,Skill Gap; Leadership Potential; Career Growth,Positive Feedback,Career Growth
705,Emilie Carroll,"Category 9: 'Star' (High performance, High potential)","I don't know where to start with Emilie Carroll; I would write a more glowing review but fear she will take over my job. I only jest because I love to have her as a colleague. Her work ethic is impeccable, he drive to improve this company unparalleled, and her personality infectious. I believe she could become CEO one day.",False,False,8,324,4,2,2,i dont know where to start with emilie carroll i would write a more glowing review but fear she will take over my job i only jest because i love to have her a a colleague her work ethic is impeccable he drive to improve this company unparalleled and her personality infectious i believe she could become ceo one day,train,Category 9: Star,High Performance,High Potential,Positive Feedback,Career Growth,General Employee Feedback,Positive Feedback,Career Growth
700,Niko Oliver,"Category 9: 'Star' (High performance, High potential)","Niko Oliver is by far the absolute best employee I have ever had the pleasure to work with. He is extremely caring and genuine, with the future of the company always on his mind. He is found countless solutions to previous problems we have had within the company. Further, he has brought in the most revenue than any employee ever. He is always looking to find new ways to build corporate moral.",False,False,8,395,5,2,2,niko oliver is by far the absolute best employee i have ever had the pleasure to work with he is extremely caring and genuine with the future of the company always on his mind he is found countless solution to previous problem we have had within the company further he ha brought in the most revenue than any employee ever he is always looking to find new way to build corporate moral,train,Category 9: Star,High Performance,High Potential,Positive Feedback,Career Growth,Leadership Potential,Positive Feedback,Career Growth
698,Niko Oliver,"Category 9: 'Star' (High performance, High potential)",Niko Oliver is a great employee. His work is always above and beyond. He works very hard and works well with the team. He is eager to take on new tasks and completes them in a timely manner. He ensures his work is quality and seeks feedback from the team.,False,False,8,255,5,2,2,niko oliver is a great employee his work is always above and beyond he work very hard and work well with the team he is eager to take on new task and completes them in a timely manner he ensures his work is quality and seek feedback from the team,train,Category 9: Star,High Performance,High Potential,Positive Feedback,Work Culture,Communication; Performance Quality; Team Collaboration,Positive Feedback,Work Culture
697,Niko Oliver,"Category 9: 'Star' (High performance, High potential)","Niko Oliver is a high performing employee.  He works hard at his job and is always present to take on new tasks. His best quality, he listens and engages with other co-workers. He also takes time to speak to his manager on how to improve his work and ask for guidance when he is unsure of himself. If he continues to build in these areas I think Niko will be a very valuable employee.",False,False,8,384,5,2,2,niko oliver is a high performing employee he work hard at his job and is always present to take on new task his best quality he listens and engages with other coworkers he also take time to speak to his manager on how to improve his work and ask for guidance when he is unsure of himself if he continues to build in these area i think niko will be a very valuable employee,train,Category 9: Star,High Performance,High Potential,Positive Feedback,Management Issues,Performance Quality; Leadership Potential,Positive Feedback,Work Culture
695,Madison Cleveland,"Category 9: 'Star' (High performance, High potential)",I can not say enough good things about Madison. She has great potential in her position and I see a bright future for her here at the company. She always completes every task efficiently and within a timely manner. I am glad to say that she is a shining example of an employee that we wish to have.,False,False,8,298,4,2,2,i can not say enough good thing about madison she ha great potential in her position and i see a bright future for her here at the company she always completes every task efficiently and within a timely manner i am glad to say that she is a shining example of an employee that we wish to have,train,Category 9: Star,High Performance,High Potential,Positive Feedback,Career Growth,Leadership Potential,Positive Feedback,Career Growth
694,Madison Cleveland,"Category 9: 'Star' (High performance, High potential)",Madison showed significant improvement in the last 6 months. Madison shows the ability to grow and I can see her doing very well in her future. She is an important asset to our team and we appreciate having her. We cannot wait to see what she achieves next.,False,False,8,257,4,2,2,madison showed significant improvement in the last 6 month madison show the ability to grow and i can see her doing very well in her future she is an important asset to our team and we appreciate having her we cannot wait to see what she achieves next,train,Category 9: Star,High Performance,High Potential,Positive Feedback,Career Growth,Leadership Potential; Team Collaboration,Positive Feedback,Career Growth
693,Madison Cleveland,"Category 9: 'Star' (High performance, High potential)","Madison Cleveland is hands-down the best colleague I have ever worked with. Her work is extraordinary, timely, and of high praise. I enjoy working on projects with her because she always brings her all. She will excel anywhere she is put and always gives her all. She has the potential to hit even higher goals with our company as well.",False,False,8,336,5,2,2,madison cleveland is handsdown the best colleague i have ever worked with her work is extraordinary timely and of high praise i enjoy working on project with her because she always brings her all she will excel anywhere she is put and always give her all she ha the potential to hit even higher goal with our company a well,train,Category 9: Star,High Performance,High Potential,Positive Feedback,Career Growth,Leadership Potential,Positive Feedback,Career Growth
691,Madison Cleveland,"Category 9: 'Star' (High performance, High potential)","Madison is an absolutely astounding employee. She finishes all of her work early and consistently exceeds expectations. Furthermore, she always learns from her mistakes (which are few) and proactively improves herself. She works very well with others and always seeks feedback. She is a wonderful worker who will only get better with time.",False,False,8,339,5,2,2,madison is an absolutely astounding employee she finish all of her work early and consistently exceeds expectation furthermore she always learns from her mistake which are few and proactively improves herself she work very well with others and always seek feedback she is a wonderful worker who will only get better with time,train,Category 9: Star,High Performance,High Potential,Positive Feedback,Management Issues,Communication,Positive Feedback,Career Growth
690,Graysen Sellers,"Category 9: 'Star' (High performance, High potential)",I highly recommend watching any programs that Graysen Sellers is in!  He's such an excellent actor and he brings feeling and meaning to the scenes he is in! He is incredibly gifted and has the ability to continue to go further in his endeavors.  He has a way to make you think hard on the roles that he plays and the meaning behind them.  He is one of the greatest actors of all times!,False,False,8,385,5,2,2,i highly recommend watching any program that graysen seller is in he such an excellent actor and he brings feeling and meaning to the scene he is in he is incredibly gifted and ha the ability to continue to go further in his endeavor he ha a way to make you think hard on the role that he play and the meaning behind them he is one of the greatest actor of all time,train,Category 9: Star,High Performance,High Potential,Positive Feedback,Work Culture,General Employee Feedback,Positive Feedback,Work Culture
689,Graysen Sellers,"Category 9: 'Star' (High performance, High potential)","Graysen is nothing less than an exemplary employee. He is a consistent top performer in all areas. He frequently goes above and beyond the basic requirements of his job. He has also proven adept at learning and improving in all things he takes on. No doubt, he is an excellent candidate for a leadership position.",False,False,8,313,5,2,2,graysen is nothing le than an exemplary employee he is a consistent top performer in all area he frequently go above and beyond the basic requirement of his job he ha also proven adept at learning and improving in all thing he take on no doubt he is an excellent candidate for a leadership position,train,Category 9: Star,High Performance,High Potential,Positive Feedback,Career Growth,Skill Gap; Leadership Potential,Positive Feedback,Career Growth
699,Niko Oliver,"Category 9: 'Star' (High performance, High potential)",Niko Oliver is simply amazing! His stunning and captivating performances outshines the rest!  He brings feeling and thought provoking scenes to life with his incredible gifts! I highly recommend watching Niko as he really brings emotion to the forefront!,False,False,8,254,4,2,2,niko oliver is simply amazing his stunning and captivating performance outshines the rest he brings feeling and thought provoking scene to life with his incredible gift i highly recommend watching niko a he really brings emotion to the forefront,train,Category 9: Star,High Performance,High Potential,Positive Feedback,Work Culture,General Employee Feedback,Positive Feedback,Work Culture
10040,Alonso Gibson,"Category 9: 'Star' (High performance, High potential)","Alonso has been an outstanding team member and continues to exceed his peers. Alonso is a very strong communicator and is able to make connections with almost anyone. As an onboarding buddy to a new team member this quarter, Alonso was able to onboard the member twice as fast as average. Alonso has continued to perform standard deviations above his peers and is ready for increased responsibility.",False,False,8,399,4,2,2,alonso ha been an outstanding team member and continues to exceed his peer alonso is a very strong communicator and is able to make connection with almost anyone a an onboarding buddy to a new team member this quarter alonso wa able to onboard the member twice a fast a average alonso ha continued to perform standard deviation above his peer and is ready for increased responsibility,train,Category 9: Star,High Performance,High Potential,Positive Feedback,Work Culture,Team Collaboration,Positive Feedback,Work Culture
10165,Margaret Gallagher,"Category 9: 'Star' (High performance, High potential)","There are very few areas that Margaret needs to improve in. She was quick with filing all reports, along with putting in time and effort for all her work. She went above and beyond this quarter for the company. With more time that passes she will continue to highten her potential.",False,True,8,281,4,2,2,there are very few area that margaret need to improve in she wa quick with filing all report along with putting in time and effort for all her work she went above and beyond this quarter for the company with more time that pass she will continue to highten her potential,train,Category 9: Star,High Performance,High Potential,Positive Feedback,Career Growth,Leadership Potential,Positive Feedback,Career Growth
10043,Alonso Gibson,"Category 9: 'Star' (High performance, High potential)",Alonso Gibson is an awesome performer. He has done done a tremendous job last month. He was able to successfully meet his targets and with 100 percent accuracy. He is totally dedicated to his work and is one of the best person on the job.,False,False,8,238,4,2,2,alonso gibson is an awesome performer he ha done done a tremendous job last month he wa able to successfully meet his target and with 100 percent accuracy he is totally dedicated to his work and is one of the best person on the job,train,Category 9: Star,High Performance,High Potential,Positive Feedback,Work Culture,General Employee Feedback,Positive Feedback,Work Culture
10226,Thaddeus Burgess,"Category 9: 'Star' (High performance, High potential)",Thaddeus Burgess is a constant force within the team. The work completed is always to a great standard and continues to impress. We have a task force that is grateful to him for this. We have a duty to help him continue to develop.,True,True,8,231,4,2,2,thaddeus burgess is a constant force within the team the work completed is always to a great standard and continues to impress we have a task force that is grateful to him for this we have a duty to help him continue to develop,train,Category 9: Star,High Performance,High Potential,Positive Feedback,Work Culture,Team Collaboration,Positive Feedback,Work Culture
10205,Bailey Hunt,"Category 9: 'Star' (High performance, High potential)","No one performs like Bailey. I believe she will be VP before too long, ready to go for the CEO. She accepts every project and completes it beautifully. I recommend an immediate raise.",False,False,8,183,4,2,2,no one performs like bailey i believe she will be vp before too long ready to go for the ceo she accepts every project and completes it beautifully i recommend an immediate raise,train,Category 9: Star,High Performance,High Potential,Positive Feedback,Salary & Benefits,Salary & Benefits,Positive Feedback,Work Culture
10203,Bailey Hunt,"Category 9: 'Star' (High performance, High potential)",Bailey Hunt is one of a kind. He has surpassed all expectations within his team and is a credit to his work. There has never been a low point and he continues to excel. We expect him to continue his achievements in the future.,False,False,8,226,4,2,2,bailey hunt is one of a kind he ha surpassed all expectation within his team and is a credit to his work there ha never been a low point and he continues to excel we expect him to continue his achievement in the future,train,Category 9: Star,High Performance,High Potential,Positive Feedback,Work Culture,Leadership Potential; Team Collaboration,Positive Feedback,Work Culture
10201,Bailey Hunt,"Category 9: 'Star' (High performance, High potential)",Bailey is an excellent employee. She performs well in all the responsibilities of her position. She can be counted on to meet expectations. Bailey shows great potential for future advancement within the company.,False,True,8,211,4,2,2,bailey is an excellent employee she performs well in all the responsibility of her position she can be counted on to meet expectation bailey show great potential for future advancement within the company,train,Category 9: Star,High Performance,High Potential,Positive Feedback,Career Growth,Leadership Potential,Positive Feedback,Career Growth
10188,Noah Riley,"Category 9: 'Star' (High performance, High potential)",I cannot believe how far Noah has gone. I certainly had underestimated his path when he first came on board - I had him picked as a decent performer but WOW! What performance and growth we have seen out of him. Our numbers would not be where they are today if it weren't for him. He will be a great success in this role for years to come.,True,True,8,338,5,2,2,i cannot believe how far noah ha gone i certainly had underestimated his path when he first came on board i had him picked a a decent performer but wow what performance and growth we have seen out of him our number would not be where they are today if it werent for him he will be a great success in this role for year to come,train,Category 9: Star,High Performance,High Potential,Positive Feedback,Career Growth,Performance Quality; Career Growth,Positive Feedback,Career Growth
10176,Aniya Sullivan,"Category 9: 'Star' (High performance, High potential)",Aniya Sullivan is a force to be reckoned with. Her approach to finishing tasks is of full concentration. She is a great team asset. She should find the time to nurture her future.,False,True,8,179,4,2,2,aniya sullivan is a force to be reckoned with her approach to finishing task is of full concentration she is a great team asset she should find the time to nurture her future,train,Category 9: Star,High Performance,High Potential,Positive Feedback,Career Growth,Leadership Potential; Team Collaboration,Positive Feedback,Career Growth
688,Graysen Sellers,"Category 9: 'Star' (High performance, High potential)","I'm always impressed by every assignment that I review from Graysen. His work is perfection - he thinks intuitively about what a client might want to see and he approaches each research assignment with such competence that I never question whether he's found every possible counterargument. He has been extremely gracious about taking on additional mentorship roles this summer, overseeing the work of five summer interns. I think that Graysen's work ethic and leadership abilities will take him very far in our department.",False,False,8,523,4,2,2,im always impressed by every assignment that i review from graysen his work is perfection he think intuitively about what a client might want to see and he approach each research assignment with such competence that i never question whether he found every possible counterargument he ha been extremely gracious about taking on additional mentorship role this summer overseeing the work of five summer intern i think that graysens work ethic and leadership ability will take him very far in our department,train,Category 9: Star,High Performance,High Potential,Positive Feedback,Work Culture,Leadership Potential,Positive Feedback,Work Culture
10164,Margaret Gallagher,"Category 9: 'Star' (High performance, High potential)",Margaret Gallagher is a person with much to offer. She exceeds expectation at all times. We are proud to have her as part of the team and continue to excel. Margaret has shown top class in all her tasks.,False,False,8,203,4,2,2,margaret gallagher is a person with much to offer she exceeds expectation at all time we are proud to have her a part of the team and continue to excel margaret ha shown top class in all her task,train,Category 9: Star,High Performance,High Potential,Positive Feedback,Work Culture,Team Collaboration,Positive Feedback,Work Culture
10163,Margaret Gallagher,"Category 9: 'Star' (High performance, High potential)","Margaret has shown improvement from her already-high numbers last quarter. She is a sales powerhouse! Even though she's been here less than a year, she's been doing great and has proved herself to be a fast learner and hard worker. I am excited to see what the future holds as she learns even more.",False,False,8,298,4,2,2,margaret ha shown improvement from her alreadyhigh number last quarter she is a sale powerhouse even though shes been here le than a year shes been doing great and ha proved herself to be a fast learner and hard worker i am excited to see what the future hold a she learns even more,train,Category 9: Star,High Performance,High Potential,Positive Feedback,Career Growth,Leadership Potential,Positive Feedback,Career Growth
10162,Nicole Barnes,"Category 9: 'Star' (High performance, High potential)","Nicole has been exemplary. Her automated solution to create the weekly status reports, store it in the on-prem cloud network and trigger an email to stakeholders has saved more than 30000 USD per quarter for our team. I suggest she work on her web programming skills as well, because with her I/O skills combined, she'd be unstoppable. I have recommended her for ""Star of the Month"" award.",True,True,8,389,4,2,2,nicole ha been exemplary her automated solution to create the weekly status report store it in the onprem cloud network and trigger an email to stakeholder ha saved more than 30000 usd per quarter for our team i suggest she work on her web programming skill a well because with her io skill combined shed be unstoppable i have recommended her for star of the month award,train,Category 9: Star,High Performance,High Potential,Positive Feedback,Career Growth,Skill Gap; Team Collaboration,Positive Feedback,Career Growth
10124,Gunnar Herrera,"Category 9: 'Star' (High performance, High potential)","Gunnar Herrera has a perfect school performance,  a collaborative man and above all responsible with his studies.  his grades have been outstanding since the colleague began,  he will receive a diploma for your academic for your ability and speed to understand everything related to the law",False,False,8,290,2,2,2,gunnar herrera ha a perfect school performance a collaborative man and above all responsible with his study his grade have been outstanding since the colleague began he will receive a diploma for your academic for your ability and speed to understand everything related to the law,train,Category 9: Star,High Performance,High Potential,Positive Feedback,Work Culture,Performance Quality; Team Collaboration,Positive Feedback,Work Culture
10123,Gunnar Herrera,"Category 9: 'Star' (High performance, High potential)","Gunner is one of our best team members. Very high performance rates and great potential. He normally ranks very high on the performance scale and also has a very positive attitude and outlook on his work and abilities. He knows his strengths and uses them to his advantage. I think we should keep Gunner on our team, as he may eventually turn into management material.",False,False,8,368,5,2,2,gunner is one of our best team member very high performance rate and great potential he normally rank very high on the performance scale and also ha a very positive attitude and outlook on his work and ability he know his strength and us them to his advantage i think we should keep gunner on our team a he may eventually turn into management material,train,Category 9: Star,High Performance,High Potential,Positive Feedback,Work Culture,Performance Quality; Leadership Potential; Team Collaboration,Positive Feedback,Work Culture
10120,Gunnar Herrera,"Category 9: 'Star' (High performance, High potential)",Gunnar is a high performing individual who contributes meaningful and well thought out work. He continues to provide excellent team oriented work. He is an invaluable asset. Gunnar is an excellent worker who continues to prove himself within the company. He shows much promise and high potential.,False,False,8,296,5,2,2,gunnar is a high performing individual who contributes meaningful and well thought out work he continues to provide excellent team oriented work he is an invaluable asset gunnar is an excellent worker who continues to prove himself within the company he show much promise and high potential,train,Category 9: Star,High Performance,High Potential,Positive Feedback,Work Culture,Leadership Potential; Team Collaboration,Positive Feedback,Work Culture
10105,Toby Harvey,"Category 9: 'Star' (High performance, High potential)","Toby Harvey strives to be the top of his class. He is the first person to show up and the last person to leave. He has maintained a perfect score throughout the semester on all of his assignments. There is no doubt, this guy has a bright future.",True,True,8,245,4,2,2,toby harvey strives to be the top of his class he is the first person to show up and the last person to leave he ha maintained a perfect score throughout the semester on all of his assignment there is no doubt this guy ha a bright future,train,Category 9: Star,High Performance,High Potential,Positive Feedback,Career Growth,Leadership Potential,Positive Feedback,Career Growth
10082,Celine Clayton,"Category 9: 'Star' (High performance, High potential)",Celine excels at every task she is given. Her metrics remain in the top 5% of the whole company. We receive regular positive feedback from her customers. We appreciate the weekly goodies she bakes and brings in. She is a true asset.,False,False,8,232,5,2,2,celine excels at every task she is given her metric remain in the top 5 of the whole company we receive regular positive feedback from her customer we appreciate the weekly goody she bakes and brings in she is a true asset,train,Category 9: Star,High Performance,High Potential,Positive Feedback,Management Issues,Communication,Positive Feedback,Work Culture
10081,Celine Clayton,"Category 9: 'Star' (High performance, High potential)","Celine Your capacity for analysis and power of conviction is impressive. The writing of your documents is impeccable, clear and precise. Your responsibility in the entrusted activities is worthy of recognition. The creativity put into each of your work is very relevant.",False,False,8,270,4,2,2,celine your capacity for analysis and power of conviction is impressive the writing of your document is impeccable clear and precise your responsibility in the entrusted activity is worthy of recognition the creativity put into each of your work is very relevant,train,Category 9: Star,High Performance,High Potential,Positive Feedback,Work Culture,General Employee Feedback,Positive Feedback,Work Culture
10080,Celine Clayton,"Category 9: 'Star' (High performance, High potential)","Celine Clayton is an absolute joy to work with and be around. She has a can do attitude and everybody seems to enjoy her presence. On top of this, she performs at a higher level than anyone else in the office, and can out compete anyone. Celine has an extremely bright future here and will surely rise up in the ranks fast.",False,False,8,323,4,2,2,celine clayton is an absolute joy to work with and be around she ha a can do attitude and everybody seems to enjoy her presence on top of this she performs at a higher level than anyone else in the office and can out compete anyone celine ha an extremely bright future here and will surely rise up in the rank fast,train,Category 9: Star,High Performance,High Potential,Positive Feedback,Work Culture,Leadership Potential,Positive Feedback,Work Culture
10079,Celine Clayton,"Category 9: 'Star' (High performance, High potential)",Celine is one of the beat employees we have to date. She comes in with a positive attitude and that filters through into her work. Any time we have an issue she is quick to accept the criticism and improve in that particular area. She stays after hours to ensure everything for the day is complete and we know she has a bright future ahead of her.,False,True,8,347,4,2,2,celine is one of the beat employee we have to date she come in with a positive attitude and that filter through into her work any time we have an issue she is quick to accept the criticism and improve in that particular area she stay after hour to ensure everything for the day is complete and we know she ha a bright future ahead of her,train,Category 9: Star,High Performance,High Potential,Positive Feedback,Career Growth,Leadership Potential,Positive Feedback,Career Growth
10067,Rachel Turner,"Category 9: 'Star' (High performance, High potential)",Rachel Turner has given us a stellar performance. We are very confident in her abilities. She has exceeded our expectations. The chances of her continuing her great performance is possible.,True,True,8,189,4,2,2,rachel turner ha given u a stellar performance we are very confident in her ability she ha exceeded our expectation the chance of her continuing her great performance is possible,train,Category 9: Star,High Performance,High Potential,Positive Feedback,Work Culture,Performance Quality,Positive Feedback,Work Culture
10042,Alonso Gibson,"Category 9: 'Star' (High performance, High potential)","Alonso has stood out since the beginning of his employment. He excels in every project, and certainly exceeds the expectations of upper management. His work ethics is ideal for our office, and other employees have learned to follow his example. I see a successful future for him in our company.",False,False,8,294,4,2,2,alonso ha stood out since the beginning of his employment he excels in every project and certainly exceeds the expectation of upper management his work ethic is ideal for our office and other employee have learned to follow his example i see a successful future for him in our company,train,Category 9: Star,High Performance,High Potential,Positive Feedback,Work Culture,Leadership Potential,Positive Feedback,Work Culture
687,Graysen Sellers,"Category 9: 'Star' (High performance, High potential)","Graysen Sellers is phenomenal. Whatever you bring to him, he gets it done and he gets it done well. If you give him a vague problem, he thinks outside the box and comes back with an ingenious solution. The sky is the limit for this young man within our organization!",False,False,8,266,4,2,2,graysen seller is phenomenal whatever you bring to him he get it done and he get it done well if you give him a vague problem he think outside the box and come back with an ingenious solution the sky is the limit for this young man within our organization,train,Category 9: Star,High Performance,High Potential,Positive Feedback,Work Culture,General Employee Feedback,Positive Feedback,Work Culture
665,Jamie Chandler,"Category 9: 'Star' (High performance, High potential)",Jamie is an absolutely astounding worker. She consistently produces work that far exceeds our expectations and I do not have enough good things to say about her. She works very well with teammates and independently. Further more she has proven her self capable of rapidly improving her self wherever possible. She is an amazing worker and will only improve with more experience.,False,False,8,378,5,2,2,jamie is an absolutely astounding worker she consistently produce work that far exceeds our expectation and i do not have enough good thing to say about her she work very well with teammate and independently further more she ha proven her self capable of rapidly improving her self wherever possible she is an amazing worker and will only improve with more experience,train,Category 9: Star,High Performance,High Potential,Positive Feedback,Career Growth,General Employee Feedback,Positive Feedback,Career Growth
685,Frederick Rogers,"Category 9: 'Star' (High performance, High potential)","Frederick is an absolute role model in the work force. He consistently produces extremely high quality work that far exceeds the expectations of our organization. He seldom makes mistakes and always learns from them if he does. Additionally he is an extremely diligent learner and constantly seeks to learn and improve him self. Not only does he produce amazing work, but he has the potential to become even better as he gains more experience.",False,False,8,443,5,2,2,frederick is an absolute role model in the work force he consistently produce extremely high quality work that far exceeds the expectation of our organization he seldom make mistake and always learns from them if he doe additionally he is an extremely diligent learner and constantly seek to learn and improve him self not only doe he produce amazing work but he ha the potential to become even better a he gain more experience,train,Category 9: Star,High Performance,High Potential,Positive Feedback,Work Culture,Performance Quality; Skill Gap; Leadership Potential,Positive Feedback,Work Culture
650,Madison Cleveland,"Category 9: 'Star' (High performance, High potential)","Madison is someone that I've come to rely on so heavily that I can't imagine working on a team without her. She is my number one employee in terms of sales and revenue. She is aggressive about getting new clients and she maintains one of the best client portfolios I've seen in all of my years of working. She is incredibly dedicated to closing every sale and is an expert negotiator. I believe she has a lot of room to grow at our company because she's so fearless about learning from her mistakes and correcting them - and moreover, she's so ambitious that she really wants to move up.",False,False,8,587,5,2,2,madison is someone that ive come to rely on so heavily that i cant imagine working on a team without her she is my number one employee in term of sale and revenue she is aggressive about getting new client and she maintains one of the best client portfolio ive seen in all of my year of working she is incredibly dedicated to closing every sale and is an expert negotiator i believe she ha a lot of room to grow at our company because shes so fearless about learning from her mistake and correcting them and moreover shes so ambitious that she really want to move up,train,Category 9: Star,High Performance,High Potential,Positive Feedback,Career Growth,Skill Gap; Team Collaboration,Positive Feedback,Career Growth
649,Graysen Sellers,"Category 9: 'Star' (High performance, High potential)","Graysen is a stellar co-worker. He is constantly trying to improve himself and is always looking for feedback. He is very proactive and tries to learn something new every day. This would probably explain why his work is always so high quality. He consistently produces very high quality work, is very detail orientated, and works well with everyone. All in all a very strong worker who will only improve with time.",False,False,8,414,6,2,2,graysen is a stellar coworker he is constantly trying to improve himself and is always looking for feedback he is very proactive and try to learn something new every day this would probably explain why his work is always so high quality he consistently produce very high quality work is very detail orientated and work well with everyone all in all a very strong worker who will only improve with time,train,Category 9: Star,High Performance,High Potential,Positive Feedback,Work Culture,Communication; Performance Quality; Skill Gap,Positive Feedback,Work Culture
648,Graysen Sellers,"Category 9: 'Star' (High performance, High potential)","I'm blown away by Graysen's willingness to proactively jump in and seek new challenges at work. More than once, he's pitched in for colleagues who would have been unable to meet their deadlines if not for his assistance. More than once, he's pitched in to wrap up a particularly difficult client or project. His work product is flawless and I've never spotted an error. I believe that Graysen can be a significant performer at our company moving forward, with more room to grow.",False,False,8,478,5,2,2,im blown away by graysens willingness to proactively jump in and seek new challenge at work more than once he pitched in for colleague who would have been unable to meet their deadline if not for his assistance more than once he pitched in to wrap up a particularly difficult client or project his work product is flawless and ive never spotted an error i believe that graysen can be a significant performer at our company moving forward with more room to grow,train,Category 9: Star,High Performance,High Potential,Positive Feedback,Work Culture,General Employee Feedback,Positive Feedback,Work Culture
647,Graysen Sellers,"Category 9: 'Star' (High performance, High potential)","Graysen Sellers, how much there is to say of his diligence. His work a culmination natural talents and hard work of decades. This company wouldn't be where it is today if not for him. Graysen faced many trials and tribulations along the way but never folded under the distress. An example for us surely to all strive to be.",False,False,8,323,5,2,2,graysen seller how much there is to say of his diligence his work a culmination natural talent and hard work of decade this company wouldnt be where it is today if not for him graysen faced many trial and tribulation along the way but never folded under the distress an example for u surely to all strive to be,train,Category 9: Star,High Performance,High Potential,Positive Feedback,Work Culture,General Employee Feedback,Positive Feedback,Work Culture
645,Madison Cleveland,"Category 9: 'Star' (High performance, High potential)",Madison has proven himself to be a dedicated and loyal member of the team and of the company. He has outstanding technical skills and is always ready to help train and mentor more junior associates. Madison is reliable and dependable and can always be counted on the deliver excellent work. He is a great team player and it is a pleasure to have him on the team.,False,False,8,362,4,2,2,madison ha proven himself to be a dedicated and loyal member of the team and of the company he ha outstanding technical skill and is always ready to help train and mentor more junior associate madison is reliable and dependable and can always be counted on the deliver excellent work he is a great team player and it is a pleasure to have him on the team,train,Category 9: Star,High Performance,High Potential,Positive Feedback,Work Culture,Performance Quality; Skill Gap; Leadership Potential; Team Collaboration,Positive Feedback,Work Culture
644,Madison Cleveland,"Category 9: 'Star' (High performance, High potential)",Madison's work is of the highest quality. He consistently turns in work on time. Madison should seek more challenging projects to gain more exposure and experience in the organization. He has the ability to succeed at a higher level.,False,False,8,233,4,2,2,madison work is of the highest quality he consistently turn in work on time madison should seek more challenging project to gain more exposure and experience in the organization he ha the ability to succeed at a higher level,train,Category 9: Star,High Performance,High Potential,Positive Feedback,Work Culture,Performance Quality,Positive Feedback,Work Culture
643,Graysen Sellers,"Category 9: 'Star' (High performance, High potential)",Graysen Sellers investigative skills has provided a key resource for a team focused on solving glitches. His ability to quickly assess a problem and identify potential solutions is key to his excellent performance.,False,False,8,214,2,2,2,graysen seller investigative skill ha provided a key resource for a team focused on solving glitch his ability to quickly ass a problem and identify potential solution is key to his excellent performance,train,Category 9: Star,High Performance,High Potential,Positive Feedback,Career Growth,Performance Quality; Skill Gap; Leadership Potential; Team Collaboration,Positive Feedback,Career Growth
642,Graysen Sellers,"Category 9: 'Star' (High performance, High potential)","Graysen sellers is the best person in the whole team. he is the star performer .
And his performance and potential are too high . he always supports his team by giving his best .",False,False,8,178,4,2,2,graysen seller is the best person in the whole team he is the star performer and his performance and potential are too high he always support his team by giving his best,train,Category 9: Star,High Performance,High Potential,Positive Feedback,Work Culture,Performance Quality; Leadership Potential; Team Collaboration,Positive Feedback,Work Culture
641,Graysen Sellers,"Category 9: 'Star' (High performance, High potential)","Graysen is an exemplary employee and we should do our best to retain him. He is proactive, diligent, a natural leader, and an effective communicator. His numbers from the past quarter really speak for themselves. But looking past the metrics, his attitude and demeanor suggest that he wants to be here and do well. We should do everything in our power to ensure that he has everything he needs to succeed.",False,True,8,405,5,2,2,graysen is an exemplary employee and we should do our best to retain him he is proactive diligent a natural leader and an effective communicator his number from the past quarter really speak for themselves but looking past the metric his attitude and demeanor suggest that he want to be here and do well we should do everything in our power to ensure that he ha everything he need to succeed,train,Category 9: Star,High Performance,High Potential,Positive Feedback,Career Growth,Leadership Potential,Positive Feedback,Career Growth
652,Madison Cleveland,"Category 9: 'Star' (High performance, High potential)",Madison is an outstanding employee. She consistently creates the highest quality work possible that always exceeds expectations. She rarely makes mistakes and when she does she is very open to criticism and feedback from others. I have never seen her make the same mistake twice and she has the potential to vastly improve herself as she gains more experience.,False,False,8,360,4,2,2,madison is an outstanding employee she consistently creates the highest quality work possible that always exceeds expectation she rarely make mistake and when she doe she is very open to criticism and feedback from others i have never seen her make the same mistake twice and she ha the potential to vastly improve herself a she gain more experience,train,Category 9: Star,High Performance,High Potential,Positive Feedback,Career Growth,Communication; Performance Quality; Leadership Potential,Positive Feedback,Career Growth
640,Theodor Peters,"Category 9: 'Star' (High performance, High potential)","Theodor exhibits exceptional work ethic, and is able to complete tasks independently. His work product is consistently accurate and on time. He should accept more challenging work engagements when offered. Theodor is an asset to the organization and has the ability to excel further.",False,False,8,283,4,2,2,theodor exhibit exceptional work ethic and is able to complete task independently his work product is consistently accurate and on time he should accept more challenging work engagement when offered theodor is an asset to the organization and ha the ability to excel further,train,Category 9: Star,High Performance,High Potential,Positive Feedback,Work Culture,General Employee Feedback,Positive Feedback,Work Culture
637,Theodor Peters,"Category 9: 'Star' (High performance, High potential)","Great job! You've been a great team contributor these past few months, I know it's been difficult for everyone at the company. In the future, I hope you come to me if you have any questions about ways you can improve your contributions? I've really liked your ideas these past few weeks in our team meetings - they've really drove us in new directions we wouldn't have thought of otherwise. Overall, I can't think of anything specific to improve...just keep doing what you're doing, and we'll make it through these tough times we're all in. That's about all I can say here.",False,False,8,573,6,2,2,great job youve been a great team contributor these past few month i know it been difficult for everyone at the company in the future i hope you come to me if you have any question about way you can improve your contribution ive really liked your idea these past few week in our team meeting theyve really drove u in new direction we wouldnt have thought of otherwise overall i cant think of anything specific to improvejust keep doing what youre doing and well make it through these tough time were all in thats about all i can say here,train,Category 9: Star,High Performance,High Potential,Positive Feedback,Career Growth,Leadership Potential; Team Collaboration,Positive Feedback,Career Growth
605,Kayleigh Owen,"Category 9: 'Star' (High performance, High potential)",Kayleigh was able to complete all tasks efficiently and quickly. She met all expectations and offers several skills for the team. Kayleigh can lead large groups of people and is considerate when assigning tasks. Her attitude and outlook improves team moral and productivity.,True,True,8,274,4,2,2,kayleigh wa able to complete all task efficiently and quickly she met all expectation and offer several skill for the team kayleigh can lead large group of people and is considerate when assigning task her attitude and outlook improves team moral and productivity,train,Category 9: Star,High Performance,High Potential,Positive Feedback,Work Culture,Performance Quality; Skill Gap; Team Collaboration,Positive Feedback,Work Culture
528,Lauren Baker,"Category 9: 'Star' (High performance, High potential)",Lauren Baker is a very hard working employee with a good potential to learn and upgrade her skills. She is a bright and trust worthy with necessary experience and skills. She is a fast learner and reliable person. What we need is to give her more responsibilities to show her true potential.,True,True,8,291,4,2,2,lauren baker is a very hard working employee with a good potential to learn and upgrade her skill she is a bright and trust worthy with necessary experience and skill she is a fast learner and reliable person what we need is to give her more responsibility to show her true potential,train,Category 9: Star,High Performance,High Potential,Positive Feedback,Career Growth,Skill Gap; Leadership Potential,Positive Feedback,Career Growth
470,Angelica Peterson,"Category 9: 'Star' (High performance, High potential)",Angelica Peterson exceed all of his deliverables in this period. He can see multiple view points. He is friendlier to people and has many leadership qualities. He can bring teams together with more collaborative efforts. He will grow to higher layers sooner compared to his peers,False,True,8,279,5,2,2,angelica peterson exceed all of his deliverable in this period he can see multiple view point he is friendlier to people and ha many leadership quality he can bring team together with more collaborative effort he will grow to higher layer sooner compared to his peer,train,Category 9: Star,High Performance,High Potential,Positive Feedback,Work Culture,Leadership Potential; Team Collaboration,Positive Feedback,Work Culture
455,Madison Hawkins,"Category 9: 'Star' (High performance, High potential)",I am coming to you today to talk about my Friend Madison Hawkins. I met him while going for an interview. He is a great actor in many shows. He has been said to be a high performance actor  as well as teacher in the arts.,True,True,8,221,4,2,2,i am coming to you today to talk about my friend madison hawkins i met him while going for an interview he is a great actor in many show he ha been said to be a high performance actor a well a teacher in the art,train,Category 9: Star,High Performance,High Potential,Positive Feedback,Work Culture,Performance Quality,Positive Feedback,Work Culture
444,Chelsea Ross,"Category 9: 'Star' (High performance, High potential)","Chelsea has earned a high performer rating.  During the evaluation period, she completed all projects on time and on budget with minimal supervision.  In addition, she helped to build an efficient team that performed and got along very well.  Finally, besides completing the project requirements, she often added elements to the final deliverable that were beyond the original specifications that enhanced the outcome.",True,True,8,418,4,2,2,chelsea ha earned a high performer rating during the evaluation period she completed all project on time and on budget with minimal supervision in addition she helped to build an efficient team that performed and got along very well finally besides completing the project requirement she often added element to the final deliverable that were beyond the original specification that enhanced the outcome,train,Category 9: Star,High Performance,High Potential,Positive Feedback,Work Culture,Team Collaboration,Positive Feedback,Work Culture
437,Natasha Richardson,"Category 9: 'Star' (High performance, High potential)","Natasha excels at developing strategies that deliver results, she does not let difficult circumstances get her down and really strives for perfection. She is a pleasure to work with in the work place and helps improve others around her. She is a motivated worker which allows her to really perfect her work. Natasha should in future look over the work she submits and use that constructive feedback to help not only herself but others too.",False,True,8,439,4,2,2,natasha excels at developing strategy that deliver result she doe not let difficult circumstance get her down and really strives for perfection she is a pleasure to work with in the work place and help improve others around her she is a motivated worker which allows her to really perfect her work natasha should in future look over the work she submits and use that constructive feedback to help not only herself but others too,train,Category 9: Star,High Performance,High Potential,Positive Feedback,Work Culture,Communication; Performance Quality; Leadership Potential,Positive Feedback,Work Culture
20022,Max Miller,"Category 9: 'Star' (High performance, High potential)",Max Miller is a a great coworker.   He is diligent in finishing his tasks and friendly with the customers.  He has shown quick learning abilities.  He often takes on responsibilities outside of the scope of his job.,True,True,8,215,4,2,2,max miller is a a great coworker he is diligent in finishing his task and friendly with the customer he ha shown quick learning ability he often take on responsibility outside of the scope of his job,train,Category 9: Star,High Performance,High Potential,Positive Feedback,Work Culture,Skill Gap; Team Collaboration,Positive Feedback,Work Culture
639,Theodor Peters,"Category 9: 'Star' (High performance, High potential)","Theodor has consistently been a very promising performer all through his tenure. People always look up to him for inspiration and motivation. He is always full of energy and enthusiasm to work to the best of his capabilities and at the same time make it possible for the team to excel as a whole. He's the star performer of the team through and through, giving his all for the growth of the team.",False,False,8,396,4,2,2,theodor ha consistently been a very promising performer all through his tenure people always look up to him for inspiration and motivation he is always full of energy and enthusiasm to work to the best of his capability and at the same time make it possible for the team to excel a a whole he the star performer of the team through and through giving his all for the growth of the team,train,Category 9: Star,High Performance,High Potential,Positive Feedback,Work Culture,Team Collaboration; Career Growth,Positive Feedback,Work Culture
654,Niko Oliver,"Category 9: 'Star' (High performance, High potential)","I'm totally impressed by every assignment that comes to me from Niko. Niko is only a fourth-year associate but his work product would suggest to me that he's an eighth-year associate given how complex and sophisticated his markups on reports are. Moreover, he is always brainstorming ideas for new reports to cover. I can see him going far as a leader in our department because he is thoughtful about giving feedback to younger colleagues and he is incredibly well respected within our department.",False,False,8,497,4,2,2,im totally impressed by every assignment that come to me from niko niko is only a fourthyear associate but his work product would suggest to me that he an eighthyear associate given how complex and sophisticated his markup on report are moreover he is always brainstorming idea for new report to cover i can see him going far a a leader in our department because he is thoughtful about giving feedback to younger colleague and he is incredibly well respected within our department,train,Category 9: Star,High Performance,High Potential,Positive Feedback,Management Issues,Communication; Leadership Potential,Positive Feedback,Career Growth
683,Frederick Rogers,"Category 9: 'Star' (High performance, High potential)",Frederick Rogers' energy was so great this season and I believe that he has a great drive in him that will make him an amazing candidate for your company. He was always trying to make sure that everyone in our department had an uplifting attitude. He definitely has what it takes to work through any challenges. Frederick is one of those ''work hard play hard'' kind of employees and will get whatever needs to be done that day done and then will go help out a co-worker to make sure that they are doing just as great as him.,False,True,8,525,4,2,2,frederick rogers energy wa so great this season and i believe that he ha a great drive in him that will make him an amazing candidate for your company he wa always trying to make sure that everyone in our department had an uplifting attitude he definitely ha what it take to work through any challenge frederick is one of those work hard play hard kind of employee and will get whatever need to be done that day done and then will go help out a coworker to make sure that they are doing just a great a him,train,Category 9: Star,High Performance,High Potential,Positive Feedback,Work Culture,General Employee Feedback,Positive Feedback,Work Culture
682,Frederick Rogers,"Category 9: 'Star' (High performance, High potential)","I have been so impessed with Frederick Rogers work at our company.  Fred as he prefers to be called, outshines the competition every single day; he goes above and beyond what is expected of him.  If Fred keeps doing what he has been I feel as he will be able to climb up in our infrastructure.  He has been an outstanding employee and I'm so glad he works for our company!",False,False,8,372,4,2,2,i have been so impessed with frederick rogers work at our company fred a he prefers to be called outshines the competition every single day he go above and beyond what is expected of him if fred keep doing what he ha been i feel a he will be able to climb up in our infrastructure he ha been an outstanding employee and im so glad he work for our company,train,Category 9: Star,High Performance,High Potential,Positive Feedback,Work Culture,General Employee Feedback,Positive Feedback,Work Culture
681,Frederick Rogers,"Category 9: 'Star' (High performance, High potential)","Frederick Rogers consistently goes above and beyond his job description. He produces high quality work and goes out of his way to offer support for his team so that the entire group can accomplish their goals. His work ethic and willingness to take on new responsibilities show that he has a long, prosperous career ahead of him. It is likely that he will be ready to advance to the next position within one year if he continues to demonstrate the same level of work.",False,False,8,467,4,2,2,frederick rogers consistently go above and beyond his job description he produce high quality work and go out of his way to offer support for his team so that the entire group can accomplish their goal his work ethic and willingness to take on new responsibility show that he ha a long prosperous career ahead of him it is likely that he will be ready to advance to the next position within one year if he continues to demonstrate the same level of work,train,Category 9: Star,High Performance,High Potential,Positive Feedback,Work Culture,Performance Quality; Team Collaboration; Career Growth,Positive Feedback,Work Culture
679,Chelsea Stevens,"Category 9: 'Star' (High performance, High potential)",Chelsea is a key employee to this company. Always bringing her A game when arriving to work.  Chelsea is always positive and in a good mood. Chelsea takes her time and double checks her work.,True,True,8,191,4,2,2,chelsea is a key employee to this company always bringing her a game when arriving to work chelsea is always positive and in a good mood chelsea take her time and double check her work,train,Category 9: Star,High Performance,High Potential,Positive Feedback,Work Culture,General Employee Feedback,Positive Feedback,Work Culture
678,Chelsea Stevens,"Category 9: 'Star' (High performance, High potential)","Chelsea is an absolutely amazing worker. She always produces the highest quality work that exceeds our expectations. Not only that, she constantly seeks to learn and improve her self to produce better work. Not only is she extremely competent, she has the potential to produce even higher quality work as she progresses",False,False,8,319,4,2,2,chelsea is an absolutely amazing worker she always produce the highest quality work that exceeds our expectation not only that she constantly seek to learn and improve her self to produce better work not only is she extremely competent she ha the potential to produce even higher quality work a she progress,train,Category 9: Star,High Performance,High Potential,Positive Feedback,Work Culture,Performance Quality; Skill Gap; Leadership Potential,Positive Feedback,Work Culture
677,Chelsea Stevens,"Category 9: 'Star' (High performance, High potential)",Chelsea Stevens is an ideal employee. She delivers results above and beyond what is expected. Her ability to perform is remarkable. She also displays skills necessary to progress her career significantly.,False,False,8,204,4,2,2,chelsea stevens is an ideal employee she delivers result above and beyond what is expected her ability to perform is remarkable she also display skill necessary to progress her career significantly,train,Category 9: Star,High Performance,High Potential,Positive Feedback,Career Growth,Performance Quality; Skill Gap; Career Growth,Positive Feedback,Career Growth
676,Chelsea Stevens,"Category 9: 'Star' (High performance, High potential)","Chelsea Stevens has been an amazing asset to our company thus far.  Chelsea goes above and beyond what is expected of an employee.  Chelsea's award winning attitude and work ethic is deserving of a promotion.  Chelsea is hardworking, determined and consistently smashes her goals.",False,False,8,280,4,2,2,chelsea stevens ha been an amazing asset to our company thus far chelsea go above and beyond what is expected of an employee chelseas award winning attitude and work ethic is deserving of a promotion chelsea is hardworking determined and consistently smash her goal,train,Category 9: Star,High Performance,High Potential,Positive Feedback,Work Culture,Career Growth,Positive Feedback,Work Culture
675,Gavyn Acevedo,"Category 9: 'Star' (High performance, High potential)","Gavyn an absolutely employee. His work is always high quality and on time, he is very detail orientated, and is very thorough.  On top of that he proactively improves himself by learning from mistakes and internalizing feedback. He gets along with everyone and is constituently learning from others, and helping others in need.  Hands down one of the best people I have worked with.",False,False,8,382,5,2,2,gavyn an absolutely employee his work is always high quality and on time he is very detail orientated and is very thorough on top of that he proactively improves himself by learning from mistake and internalizing feedback he get along with everyone and is constituently learning from others and helping others in need hand down one of the best people i have worked with,train,Category 9: Star,High Performance,High Potential,Positive Feedback,Career Growth,Communication; Performance Quality; Skill Gap,Positive Feedback,Career Growth
674,Gavyn Acevedo,"Category 9: 'Star' (High performance, High potential)",Gavyn is a wonderful addition to this team. Gavyn is a great trainer and teacher in these classes. Gavyn is always making sure his students are understanding what information they are given. Gavyn is always giving 110%.,False,False,8,219,4,2,2,gavyn is a wonderful addition to this team gavyn is a great trainer and teacher in these class gavyn is always making sure his student are understanding what information they are given gavyn is always giving 110,train,Category 9: Star,High Performance,High Potential,Positive Feedback,Work Culture,Team Collaboration,Positive Feedback,Work Culture
673,Gavyn Acevedo,"Category 9: 'Star' (High performance, High potential)","Gavyn has increased productivity substantially this year. There is a strong possibility that there will be a lateral movement upwards in the near future. If there was a criticism, perhaps one could suggest the volume of work and effort could lead to a slow burnout. But, that is a small suggestion, because the work is so well executed.",False,False,8,336,4,2,2,gavyn ha increased productivity substantially this year there is a strong possibility that there will be a lateral movement upwards in the near future if there wa a criticism perhaps one could suggest the volume of work and effort could lead to a slow burnout but that is a small suggestion because the work is so well executed,train,Category 9: Star,High Performance,High Potential,Positive Feedback,Work Culture,Performance Quality; Leadership Potential,Positive Feedback,Work Culture
672,Gavyn Acevedo,"Category 9: 'Star' (High performance, High potential)","Gavyn Acevedo is an excellent employee, he goes above and beyond the expectations set for him.  Gavyn comes to work with a positive attitude each and every day and really outshines his competition.  I feel that Gavyn is on his way up the ladder at our company, he is supervisor material.  Gavyn has great communication with everyone he comes in to contact with which helps him excel with those around him.",False,False,8,405,4,2,2,gavyn acevedo is an excellent employee he go above and beyond the expectation set for him gavyn come to work with a positive attitude each and every day and really outshines his competition i feel that gavyn is on his way up the ladder at our company he is supervisor material gavyn ha great communication with everyone he come in to contact with which help him excel with those around him,train,Category 9: Star,High Performance,High Potential,Positive Feedback,Management Issues,Communication,Positive Feedback,Work Culture
670,Talia Evans,"Category 9: 'Star' (High performance, High potential)",Talia Evans proves to be an exceptional employee. She consistently delivers a perfect performance. Talia is also capable of advancing significantly within the company. She is capable of progressing her career.,False,False,8,209,4,2,2,talia evans prof to be an exceptional employee she consistently delivers a perfect performance talia is also capable of advancing significantly within the company she is capable of progressing her career,train,Category 9: Star,High Performance,High Potential,Positive Feedback,Career Growth,Performance Quality; Career Growth,Positive Feedback,Career Growth
668,Talia Evans,"Category 9: 'Star' (High performance, High potential)",Talia Evans has been a Star for our company over the past quarter. She has demonstrated high performance by meeting all of her goals and completing tasks efficiently and in a timely manner. Talia has also shown the high potential that we look for to develop into a valuable member of the company. She has overcome and exceeded expectations this quarter.,False,True,8,353,4,2,2,talia evans ha been a star for our company over the past quarter she ha demonstrated high performance by meeting all of her goal and completing task efficiently and in a timely manner talia ha also shown the high potential that we look for to develop into a valuable member of the company she ha overcome and exceeded expectation this quarter,train,Category 9: Star,High Performance,High Potential,Positive Feedback,Career Growth,Performance Quality; Leadership Potential,Positive Feedback,Career Growth
667,Talia Evans,"Category 9: 'Star' (High performance, High potential)","I want to do everything in my power to keep Talia a member of our team. Wow - I'm consistently blown away by her dedication to her work, her willingness to mentor younger colleagues, the quality of her work product, and her attention to detail. She is a star in every way and I believe her future shines incredibly bright. She strives to improve herself every day and is constantly asking for feedback, looking for the next opportunity to prove herself and her skills. She has a great future here in our department.",False,False,8,515,5,2,2,i want to do everything in my power to keep talia a member of our team wow im consistently blown away by her dedication to her work her willingness to mentor younger colleague the quality of her work product and her attention to detail she is a star in every way and i believe her future shine incredibly bright she strives to improve herself every day and is constantly asking for feedback looking for the next opportunity to prove herself and her skill she ha a great future here in our department,train,Category 9: Star,High Performance,High Potential,Positive Feedback,Career Growth,Communication; Performance Quality; Skill Gap; Leadership Potential; Team Collaboration; Career Growth,Positive Feedback,Career Growth
666,Jamie Chandler,"Category 9: 'Star' (High performance, High potential)",Jamie Chandler is a problem spotter and norm challenger. He completes quality works efficiently. He is also a great collaborator. He has a lot of potential in this career.,False,False,8,171,4,2,2,jamie chandler is a problem spotter and norm challenger he completes quality work efficiently he is also a great collaborator he ha a lot of potential in this career,train,Category 9: Star,High Performance,High Potential,Positive Feedback,Career Growth,Performance Quality; Leadership Potential; Career Growth,Positive Feedback,Career Growth
664,Jamie Chandler,"Category 9: 'Star' (High performance, High potential)",Jamie is a self starter that delivers work on time and under budget. Jamie should high potential and is considered a very valued team member. Jamie should be considered for future promotions. Jamie shows a deep understanding of his work and needs minimum supervision.,False,False,8,267,4,2,2,jamie is a self starter that delivers work on time and under budget jamie should high potential and is considered a very valued team member jamie should be considered for future promotion jamie show a deep understanding of his work and need minimum supervision,train,Category 9: Star,High Performance,High Potential,Positive Feedback,Work Culture,Leadership Potential; Team Collaboration,Positive Feedback,Work Culture
662,Jamie Chandler,"Category 9: 'Star' (High performance, High potential)","Jamie is the top performing member on the team. He delivers the assigned tasks before timelines and goes above and beyond to help the colleagues. He understands the set processes well and often comes with innovative ideas to solve unique business problems. He is not afraid to experiment, share new ideas and learn new tools/technologies. One person every team should have.",False,False,8,373,5,2,2,jamie is the top performing member on the team he delivers the assigned task before timeline and go above and beyond to help the colleague he understands the set process well and often come with innovative idea to solve unique business problem he is not afraid to experiment share new idea and learn new toolstechnologies one person every team should have,train,Category 9: Star,High Performance,High Potential,Positive Feedback,Work Culture,Skill Gap; Team Collaboration,Positive Feedback,Work Culture
661,Blake Rodriquez,"Category 9: 'Star' (High performance, High potential)",Blake is a super star and makes his team members around him better by leading by example. He puts his all into his work and you can tell he cares about doing a quality job. He's efficient and super motivated to always learn the next big thing. I am confident that Blake will excel in any role he's put in front of him.,False,False,8,318,4,2,2,blake is a super star and make his team member around him better by leading by example he put his all into his work and you can tell he care about doing a quality job he efficient and super motivated to always learn the next big thing i am confident that blake will excel in any role he put in front of him,train,Category 9: Star,High Performance,High Potential,Positive Feedback,Work Culture,Performance Quality; Skill Gap; Team Collaboration,Positive Feedback,Work Culture
660,Blake Rodriquez,"Category 9: 'Star' (High performance, High potential)","Blake is an exemplary employee, with even more room to grow. Blake is consistent in his work, and does not hesitate to ask questions. When a problem arises, he is also quick to fix it, or bring it up with his supervisor when needed. Blake is truly a star employee and has become a valuable member of our community. His timeliness, efficiency, and adaptability are all above his peers.",False,False,8,384,5,2,2,blake is an exemplary employee with even more room to grow blake is consistent in his work and doe not hesitate to ask question when a problem arises he is also quick to fix it or bring it up with his supervisor when needed blake is truly a star employee and ha become a valuable member of our community his timeliness efficiency and adaptability are all above his peer,train,Category 9: Star,High Performance,High Potential,Positive Feedback,Work Culture,Team Collaboration,Positive Feedback,Work Culture
659,Blake Rodriquez,"Category 9: 'Star' (High performance, High potential)","Blake is nothing but outstanding as a worker. The company sees Blake as the key component to reaching their goals, long term and short term. Nothing about this person is lack-luster, and his work can back that up. The company can really see great potential in this individual and hope to keep him around to help advance everyone in the company to a better position.",False,False,8,365,4,2,2,blake is nothing but outstanding a a worker the company see blake a the key component to reaching their goal long term and short term nothing about this person is lackluster and his work can back that up the company can really see great potential in this individual and hope to keep him around to help advance everyone in the company to a better position,train,Category 9: Star,High Performance,High Potential,Positive Feedback,Career Growth,Leadership Potential,Positive Feedback,Career Growth
657,Emilie Carroll,"Category 9: 'Star' (High performance, High potential)",Emilie is the next level for this company. She strives everyday to give it her all and is always working hard. Emilie has wonderful ideas and is always willing to listen to others ideas. Emilie is always helping others out when needed and picking up slack when its there.,False,False,8,271,4,2,2,emilie is the next level for this company she strives everyday to give it her all and is always working hard emilie ha wonderful idea and is always willing to listen to others idea emilie is always helping others out when needed and picking up slack when it there,train,Category 9: Star,High Performance,High Potential,Positive Feedback,Work Culture,Communication,Positive Feedback,Work Culture
686,Graysen Sellers,"Category 9: 'Star' (High performance, High potential)","Graysen excels at completing tasks. He consistently performs his duties to the best of his abilities. Other coworkers look to him as a leader, and he is always willing to train or assist his coworkers. Graysen is dependable and reliable. He welcomes feedback and regularly strives to improve himself.",False,False,8,300,5,2,2,graysen excels at completing task he consistently performs his duty to the best of his ability other coworkers look to him a a leader and he is always willing to train or assist his coworkers graysen is dependable and reliable he welcome feedback and regularly strives to improve himself,train,Category 9: Star,High Performance,High Potential,Positive Feedback,Career Growth,Communication; Leadership Potential; Team Collaboration,Positive Feedback,Career Growth
10046,Douglas Henry,"Category 1: 'Risk' (Low performance, Low potential)","Douglas Henry has not performed at a high level while working here. He constantly argues with all of the customers, and is disrespectful to all of his coworkers. He has a hard time showing up on time, and shows a lack of skill on all tasks. Taking all of these things into consideration, he is a liability to the company.",False,False,0,321,4,0,0,douglas henry ha not performed at a high level while working here he constantly argues with all of the customer and is disrespectful to all of his coworkers he ha a hard time showing up on time and show a lack of skill on all task taking all of these thing into consideration he is a liability to the company,validation,Category 1: Risk,Low Performance,Low Potential,Negative Feedback,Work Culture,Communication; Skill Gap; Team Collaboration,Negative Feedback,Work Culture
10002,Freddie Davies,"Category 1: 'Risk' (Low performance, Low potential)","Freddie Davies onboarded the team a few months ago and has been having some difficulty fulfilling his assigned tasks. Partially completing his work with less than satisfactory quality, Freddie has some room for improvement. He's missed business unit meetings on multiple occasions and seems to have had some difficulty in maintaining good working relationships with some of his co-workers. I think Freddie should listen to feedback from others to help him improve on his work performance going forward.",False,False,0,502,4,0,0,freddie davy onboarded the team a few month ago and ha been having some difficulty fulfilling his assigned task partially completing his work with le than satisfactory quality freddie ha some room for improvement he missed business unit meeting on multiple occasion and seems to have had some difficulty in maintaining good working relationship with some of his coworkers i think freddie should listen to feedback from others to help him improve on his work performance going forward,validation,Category 1: Risk,Low Performance,Low Potential,Negative Feedback,Work Culture,Communication; Performance Quality; Team Collaboration,Negative Feedback,Work Culture
10001,Freddie Davies,"Category 1: 'Risk' (Low performance, Low potential)",Freddie Davies needs lots of improvement in his work. He was not able to meet the given deadlines.Though he is a hard worker there are many areas he need to work in to do better in his results.He needs to focus on details and try to meet his targets with efficiency,False,False,0,265,2,0,0,freddie davy need lot of improvement in his work he wa not able to meet the given deadlinesthough he is a hard worker there are many area he need to work in to do better in his resultshe need to focus on detail and try to meet his target with efficiency,validation,Category 1: Risk,Low Performance,Low Potential,Negative Feedback,Work Culture,Performance Quality,Negative Feedback,Work Culture
86,Broderick Hays,"Category 1: 'Risk' (Low performance, Low potential)",Broderick is not doing so well. His work on a daily basis is consistently poor. He also shows only a limited capacity for improving or growing beyond his current role. He may simply not be a suitable fit for this organization.,False,False,0,226,4,0,0,broderick is not doing so well his work on a daily basis is consistently poor he also show only a limited capacity for improving or growing beyond his current role he may simply not be a suitable fit for this organization,validation,Category 1: Risk,Low Performance,Low Potential,Negative Feedback,Work Culture,General Employee Feedback,Negative Feedback,Career Growth
84,Broderick Hays,"Category 1: 'Risk' (Low performance, Low potential)","Broderick is always such a wildcard to put in front of a client since he always seems to have something crass to say, even to some of our most respected clients. I'm not confident that he can ever grow up and become the professional that we're looking for him to be. I understand that he's only recently graduated from college but he has no interest in implementing any of the advice he's been given from our one-on-one meetings. Moreover, the work he turns in to me is consistently sloppy and riddled with errors.",False,False,0,514,4,0,0,broderick is always such a wildcard to put in front of a client since he always seems to have something crass to say even to some of our most respected client im not confident that he can ever grow up and become the professional that were looking for him to be i understand that he only recently graduated from college but he ha no interest in implementing any of the advice he been given from our oneonone meeting moreover the work he turn in to me is consistently sloppy and riddled with error,validation,Category 1: Risk,Low Performance,Low Potential,Negative Feedback,Work Culture,General Employee Feedback,Negative Feedback,Work Culture
78,Mackenzie Jennings,"Category 1: 'Risk' (Low performance, Low potential)","Mackenzie needs to improve in all areas if she wishes to stay with the organization. Her day-to-day work is generally sloppy and her attitude is poor. She doesn't show much interest in growing or improving her skills, either. Though it may sound harsh, she is proving with every passing day that she is more of a liability to the company than an asset.",False,False,0,352,4,0,0,mackenzie need to improve in all area if she wish to stay with the organization her daytoday work is generally sloppy and her attitude is poor she doesnt show much interest in growing or improving her skill either though it may sound harsh she is proving with every passing day that she is more of a liability to the company than an asset,validation,Category 1: Risk,Low Performance,Low Potential,Negative Feedback,Career Growth,Skill Gap,Negative Feedback,Career Growth
20046,Cason Vargas,"Category 1: 'Risk' (Low performance, Low potential)",Carson Vargas is not showing he can complete tasks to a good level. His work has been of poor quality so far. We have seen that he is struggling to complete his work to a satisfactory level. With help he can hope to look to the future for better output.,False,True,0,253,4,0,0,carson vargas is not showing he can complete task to a good level his work ha been of poor quality so far we have seen that he is struggling to complete his work to a satisfactory level with help he can hope to look to the future for better output,validation,Category 1: Risk,Low Performance,Low Potential,Negative Feedback,Work Culture,Performance Quality; Leadership Potential,Neutral Feedback,Work Culture
10223,Andy Kennedy,"Category 1: 'Risk' (Low performance, Low potential)","Andy was a very inconsistent player, he would be on his day once every two month.
He was one of the lowest performance colleague I've had.
Fairness to him, he probably gave his best but he didn't have great potential.",True,True,0,217,3,0,0,andy wa a very inconsistent player he would be on his day once every two month he wa one of the lowest performance colleague ive had fairness to him he probably gave his best but he didnt have great potential,validation,Category 1: Risk,Low Performance,Low Potential,Negative Feedback,Career Growth,Performance Quality; Leadership Potential,Negative Feedback,Career Growth
10209,Jaiden Horne,"Category 1: 'Risk' (Low performance, Low potential)",Very poor and deficient capacity for analysis and value judgments. You have a very bad spelling in your document writing You did not comply with the times established in the delivery of the entrusted activities No type of creativity is observed in the work carried out,False,False,0,268,2,0,0,very poor and deficient capacity for analysis and value judgment you have a very bad spelling in your document writing you did not comply with the time established in the delivery of the entrusted activity no type of creativity is observed in the work carried out,validation,Category 1: Risk,Low Performance,Low Potential,Negative Feedback,Work Culture,General Employee Feedback,Negative Feedback,Work Culture
10206,Jaiden Horne,"Category 1: 'Risk' (Low performance, Low potential)","Jaiden Horne onboarded to our Business Intelligence team a few months ago. He has been struggling since starting here, and I'm a little concerned with how he might do in the upcoming quarters. This quarter, he has been assigned a handful of duties but has only completed about half of them, with the other half being partially completed or not attended to yet. I have noticed that sometimes he is not in the office space and has been late or has not showed up to his unit's business meetings on multiple occasions.",False,True,0,514,4,0,0,jaiden horne onboarded to our business intelligence team a few month ago he ha been struggling since starting here and im a little concerned with how he might do in the upcoming quarter this quarter he ha been assigned a handful of duty but ha only completed about half of them with the other half being partially completed or not attended to yet i have noticed that sometimes he is not in the office space and ha been late or ha not showed up to his unit business meeting on multiple occasion,validation,Category 1: Risk,Low Performance,Low Potential,Negative Feedback,Work Culture,Attendance / Punctuality; Team Collaboration,Negative Feedback,Work Culture
10170,Katherine Terry,"Category 1: 'Risk' (Low performance, Low potential)",Katherine Terry has much to learn. We have not seen high quality work from her so far. At present there is much for her to improve on. We hope she can continue to improve for the sake of her work.,False,True,0,196,4,0,0,katherine terry ha much to learn we have not seen high quality work from her so far at present there is much for her to improve on we hope she can continue to improve for the sake of her work,validation,Category 1: Risk,Low Performance,Low Potential,Negative Feedback,Career Growth,Performance Quality; Skill Gap,Neutral Feedback,Work Culture
72,Tom Barrett,"Category 1: 'Risk' (Low performance, Low potential)","Tom Barrett has consistently shown that he is not fit, nor has the desire to improve, for his position at our company. Since day one, the work that he turns in has been poor, riddled with mistakes, and often has to be redone by another team member. Barrett also has a problem with showing up to work on time, overstaying his lunch breaks, and last minute sick call outs. It may be best that Barrett does not move forward with our company.",False,False,0,438,4,0,0,tom barrett ha consistently shown that he is not fit nor ha the desire to improve for his position at our company since day one the work that he turn in ha been poor riddled with mistake and often ha to be redone by another team member barrett also ha a problem with showing up to work on time overstaying his lunch break and last minute sick call out it may be best that barrett doe not move forward with our company,validation,Category 1: Risk,Low Performance,Low Potential,Negative Feedback,Work Culture,Attendance / Punctuality; Team Collaboration,Negative Feedback,Work Culture
416,Andrea Thomas,"Category 1: 'Risk' (Low performance, Low potential)","Amoy has not improved in her personality to handle the customer service aspect of her job. She does not over-achieve on anything, as  a matter of fact I believe that she is only here to get a paycheck and this is not good for the company, especially in the position of a front-desk receptionist. I also feel that she is  a high performer of watching the clock. It would benefit the company to write her up to see if any improvement.",True,True,0,432,4,0,0,amoy ha not improved in her personality to handle the customer service aspect of her job she doe not overachieve on anything a a matter of fact i believe that she is only here to get a paycheck and this is not good for the company especially in the position of a frontdesk receptionist i also feel that she is a high performer of watching the clock it would benefit the company to write her up to see if any improvement,validation,Category 1: Risk,Low Performance,Low Potential,Negative Feedback,Salary & Benefits,Salary & Benefits,Negative Feedback,Work Culture
23,Jalen Summers,"Category 1: 'Risk' (Low performance, Low potential)",Jalen Summers does not fit the guidelines we expect and strive for in this company. He is often unhappy in the workplace and shows distaste in the work he is given. He often leaves his shift early and does not answer calls. His performance has significantly decreased in the last quarter. I can only hope for this issue to be resolved soon.,False,True,0,340,5,0,0,jalen summer doe not fit the guideline we expect and strive for in this company he is often unhappy in the workplace and show distaste in the work he is given he often leaf his shift early and doe not answer call his performance ha significantly decreased in the last quarter i can only hope for this issue to be resolved soon,validation,Category 1: Risk,Low Performance,Low Potential,Negative Feedback,Work Culture,Performance Quality,Negative Feedback,Work Culture
34,Kohen Norris,"Category 1: 'Risk' (Low performance, Low potential)","Kohen doesn't appear to love this job, like other employees show. Kohen is always goofing around and not being serious. Kohen appears to have good intentions, but fails to bring it to the table. Kohen needs to show more effort in his job performance.",False,True,0,250,4,0,0,kohen doesnt appear to love this job like other employee show kohen is always goofing around and not being serious kohen appears to have good intention but fails to bring it to the table kohen need to show more effort in his job performance,validation,Category 1: Risk,Low Performance,Low Potential,Negative Feedback,Work Culture,Performance Quality,Negative Feedback,Work Culture
48,Wade Stanley,"Category 1: 'Risk' (Low performance, Low potential)",Wade Stanley was late to work for the 3rd time this week. He comes into work out of dress code most days. It's not uncommon for him to leave earlier than he is scheduled to. Many days he isn't very friendly and sometimes even hostile towards his fellow co workers and clients. It is important we review if he is truly the type of person this company needs. We can only assume he is asking to be fired.,False,False,0,401,6,0,0,wade stanley wa late to work for the 3rd time this week he come into work out of dress code most day it not uncommon for him to leave earlier than he is scheduled to many day he isnt very friendly and sometimes even hostile towards his fellow co worker and client it is important we review if he is truly the type of person this company need we can only assume he is asking to be fired,validation,Category 1: Risk,Low Performance,Low Potential,Negative Feedback,Work Culture,Attendance / Punctuality,Negative Feedback,Work Culture
49,Addison Cohen,"Category 1: 'Risk' (Low performance, Low potential)","Addison is consistently sloppy in her work. I always need to remind her to proofread and copy-edit the reports that she drafts and she never remembers these instructions, so I need to keep reminding her repeatedly. Her colleagues have reported that she tries to pass off a lot of work to them since she gets easily overwhelmed with even basic research assignments. I don't believe that Addison can make many improvements, since she seems unwilling and unable to follow directions and gets too stressed about the simplest tasks.",False,False,0,527,4,0,0,addison is consistently sloppy in her work i always need to remind her to proofread and copyedit the report that she draft and she never remembers these instruction so i need to keep reminding her repeatedly her colleague have reported that she try to pas off a lot of work to them since she get easily overwhelmed with even basic research assignment i dont believe that addison can make many improvement since she seems unwilling and unable to follow direction and get too stressed about the simplest task,validation,Category 1: Risk,Low Performance,Low Potential,Negative Feedback,Work Culture,General Employee Feedback,Negative Feedback,Work Culture
174,Sonny Kidd,"Category 2: 'Average performer' (Moderate performance, Low potential)","Sonny has a charming personality. He gets along very well with customers, and they seem to enjoy his service. His sales numbers, in fact, are somewhat impressive. However, he is currently lacking motivation. His coworkers often keep busy by cleaning their work station or catching up on emails, meanwhile Sonny plays on his phone or slacks off in other ways. His mind is clearly not on the job, which is not ideal for someone in his position. He doesn't seem to take his job seriously.",False,False,1,485,7,1,0,sonny ha a charming personality he get along very well with customer and they seem to enjoy his service his sale number in fact are somewhat impressive however he is currently lacking motivation his coworkers often keep busy by cleaning their work station or catching up on email meanwhile sonny play on his phone or slack off in other way his mind is clearly not on the job which is not ideal for someone in his position he doesnt seem to take his job seriously,validation,Category 2: Average Performer,Medium Performance,Low Potential,Neutral Feedback,Work Culture,Team Collaboration,Neutral Feedback,Work Culture
169,Amaya Gay,"Category 2: 'Average performer' (Moderate performance, Low potential)","Amaya has been completing all the tasks she has been assigned to. Even though she completes her work in a timely manner, the quality of her work is mediocre and can be improved. She doesn't go the extra mile on certain projects or requests. If she is able to improve her work ethnic, then maybe the quality of her work will reflect that too. She will better position herself for a promotion if she can demonstrate a stronger work ethnic.",False,False,1,437,5,1,0,amaya ha been completing all the task she ha been assigned to even though she completes her work in a timely manner the quality of her work is mediocre and can be improved she doesnt go the extra mile on certain project or request if she is able to improve her work ethnic then maybe the quality of her work will reflect that too she will better position herself for a promotion if she can demonstrate a stronger work ethnic,validation,Category 2: Average Performer,Medium Performance,Low Potential,Neutral Feedback,Work Culture,Performance Quality; Career Growth,Neutral Feedback,Work Culture
10175,Brynlee Byers,"Category 2: 'Average performer' (Moderate performance, Low potential)",Brynlee Byers has much to offer in his work. He gives consistent importance to the tasks set for him by the team. At times his lack of talent has let him down. This could be improved with a more hands on approach.,False,False,1,213,4,1,0,brynlee byers ha much to offer in his work he give consistent importance to the task set for him by the team at time his lack of talent ha let him down this could be improved with a more hand on approach,validation,Category 2: Average Performer,Medium Performance,Low Potential,Neutral Feedback,Work Culture,Team Collaboration,Neutral Feedback,Work Culture
20008,Elliot Gray,"Category 2: 'Average performer' (Moderate performance, Low potential)","Elliot is fairly effective at managing his workload. He has been a consistent team member. Though, he has not sought help to achieve better results. He needs initiative to become one of our rising stars.",True,True,1,203,4,1,0,elliot is fairly effective at managing his workload he ha been a consistent team member though he ha not sought help to achieve better result he need initiative to become one of our rising star,validation,Category 2: Average Performer,Medium Performance,Low Potential,Neutral Feedback,Work Culture,Performance Quality; Team Collaboration,Neutral Feedback,Work Culture
10211,Emerson Rose,"Category 2: 'Average performer' (Moderate performance, Low potential)",Emerson Rose becomes the quality worker she needs to be when finishing tasks. She has much to learn and has not shown the talent required. That being said she continues to excel. Her tasks completion has been at times good quality.,False,False,1,231,4,1,0,emerson rose becomes the quality worker she need to be when finishing task she ha much to learn and ha not shown the talent required that being said she continues to excel her task completion ha been at time good quality,validation,Category 2: Average Performer,Medium Performance,Low Potential,Neutral Feedback,Work Culture,Performance Quality; Skill Gap,Neutral Feedback,Work Culture
10114,Jayden Rees,"Category 2: 'Average performer' (Moderate performance, Low potential)","Jayden Rees always gives creative and intuitive feedback during team meetings. Her input were very insightful and original with some good thinking to back up. However, she has shown decreased interest and motivation at her assigned tasks lately and seems to wander off during office hour more often. Her work were actually decent and satisfactory.",True,True,1,347,4,1,0,jayden rees always give creative and intuitive feedback during team meeting her input were very insightful and original with some good thinking to back up however she ha shown decreased interest and motivation at her assigned task lately and seems to wander off during office hour more often her work were actually decent and satisfactory,validation,Category 2: Average Performer,Medium Performance,Low Potential,Neutral Feedback,Work Culture,Communication; Team Collaboration,Neutral Feedback,Work Culture
10060,Amelie Martin,"Category 2: 'Average performer' (Moderate performance, Low potential)","Amelie Martin finished her assigned tasks on time most of the time. She often asked for an extension for her deadlines and returns with normal satisfactory results. She has been with this company for a long period of time. While her work is satisfactory, her assigned work were completed without any apparent improvements.",True,True,1,322,4,1,0,amelie martin finished her assigned task on time most of the time she often asked for an extension for her deadline and return with normal satisfactory result she ha been with this company for a long period of time while her work is satisfactory her assigned work were completed without any apparent improvement,validation,Category 2: Average Performer,Medium Performance,Low Potential,Neutral Feedback,Work Culture,Performance Quality,Neutral Feedback,Work Culture
92,Alecia Keys,"Category 2: 'Average performer' (Moderate performance, Low potential)","There isn't really much to say about Alecia's work with our company. Since she was brought aboard, she has shown very little enthusiasm towards the position. She seems content with only doing the bare minimum. In fairness, she can be relied upon to do only what is asked of her. But outside of that, she isn't very proactive or does not show any traits that would suggest upward mobility, and I'm convinced that she would even be interested in growing her career with us.",False,False,1,471,5,1,0,there isnt really much to say about alecias work with our company since she wa brought aboard she ha shown very little enthusiasm towards the position she seems content with only doing the bare minimum in fairness she can be relied upon to do only what is asked of her but outside of that she isnt very proactive or doe not show any trait that would suggest upward mobility and im convinced that she would even be interested in growing her career with u,validation,Category 2: Average Performer,Medium Performance,Low Potential,Neutral Feedback,Career Growth,Career Growth,Neutral Feedback,Work Culture
128,Esmeralda Langley,"Category 2: 'Average performer' (Moderate performance, Low potential)","Esmerelda Langley has been an average performer this quarter. She has demonstrated moderate performance on the tasks that she has been given and an adequate skill set to meet the minimum requirements. Esmerelda has show low potential for growth and skill development moving forward in the company. She has the ability to be a good, not great worker with little room for improvement.",False,False,1,382,4,1,0,esmerelda langley ha been an average performer this quarter she ha demonstrated moderate performance on the task that she ha been given and an adequate skill set to meet the minimum requirement esmerelda ha show low potential for growth and skill development moving forward in the company she ha the ability to be a good not great worker with little room for improvement,validation,Category 2: Average Performer,Medium Performance,Low Potential,Neutral Feedback,Career Growth,Performance Quality; Skill Gap; Leadership Potential; Career Growth,Neutral Feedback,Career Growth
127,Isabella James,"Category 2: 'Average performer' (Moderate performance, Low potential)",Isabella James is just here for the paycheck. She seems to have no interest in advancement or taking an active role in improving this company. She handles tasks efficiently if given detailed instruction. But her work seem to meet the minimum requirements.,False,False,1,255,4,1,0,isabella james is just here for the paycheck she seems to have no interest in advancement or taking an active role in improving this company she handle task efficiently if given detailed instruction but her work seem to meet the minimum requirement,validation,Category 2: Average Performer,Medium Performance,Low Potential,Neutral Feedback,Career Growth,General Employee Feedback,Neutral Feedback,Career Growth
129,Esmeralda Langley,"Category 2: 'Average performer' (Moderate performance, Low potential)","Esmealda Langley usually completes her work as assigned.  Esmeralda tries to meet her goals, and usually succeeds.  She is a nine to fiver and rarely goes beyond expectations.  I believe her lack of motivation to better the company is a detriment.",False,False,1,247,4,1,0,esmealda langley usually completes her work a assigned esmeralda try to meet her goal and usually succeeds she is a nine to fiver and rarely go beyond expectation i believe her lack of motivation to better the company is a detriment,validation,Category 2: Average Performer,Medium Performance,Low Potential,Neutral Feedback,Work Culture,General Employee Feedback,Neutral Feedback,Career Growth
133,Lance Hatfield,"Category 2: 'Average performer' (Moderate performance, Low potential)","Lance is a very standard worker. He always gets his work done on time and it is usually of sufficient quality. That being said he shows little to no desire to improve himself. Although his current work is consistently acceptable, he his little or no room for growth and is unlikely to improve past what he currently is.",False,False,1,319,4,1,0,lance is a very standard worker he always get his work done on time and it is usually of sufficient quality that being said he show little to no desire to improve himself although his current work is consistently acceptable he his little or no room for growth and is unlikely to improve past what he currently is,validation,Category 2: Average Performer,Medium Performance,Low Potential,Neutral Feedback,Career Growth,Performance Quality; Career Growth,Neutral Feedback,Career Growth
130,Esmeralda Langley,"Category 2: 'Average performer' (Moderate performance, Low potential)","Esmeralda is always a reliable member to have on our team. She has excellent attention to detail and she can read client needs like a book. At the same time, her performance sometimes suffers just a little bit since she pays so much attention to detail that she often needs extra time to complete reports and thus misses some deadlines along the way. Unfortunately, I do not believe that she can really resolve this issue to a point where she can move up to the next level, because she is to detail-oriented to be able to let minor issues and insignificant mistakes go unaddressed.",False,True,1,581,4,1,0,esmeralda is always a reliable member to have on our team she ha excellent attention to detail and she can read client need like a book at the same time her performance sometimes suffers just a little bit since she pay so much attention to detail that she often need extra time to complete report and thus miss some deadline along the way unfortunately i do not believe that she can really resolve this issue to a point where she can move up to the next level because she is to detailoriented to be able to let minor issue and insignificant mistake go unaddressed,validation,Category 2: Average Performer,Medium Performance,Low Potential,Neutral Feedback,Work Culture,Performance Quality; Team Collaboration,Neutral Feedback,Work Culture
10096,Peter Allen,"Category 3: 'Solid Performer' (High performance, Low potential)","Peter works hard every day. I think he is ideally suited to the role that he is in - I am not sure how he would cope with a management role. However, he is a key part of the team and we are glad to have him.",False,False,2,207,3,2,0,peter work hard every day i think he is ideally suited to the role that he is in i am not sure how he would cope with a management role however he is a key part of the team and we are glad to have him,validation,Category 3: Solid Performer,High Performance,Low Potential,Positive Feedback,Management Issues,Team Collaboration,Positive Feedback,Work Culture
10179,Aniya Sullivan,"Category 3: 'Solid Performer' (High performance, Low potential)","Aniya is a VERY good employee....but truthfully, I believe she has hit her peak.  I applaud her as an example. But if you want a true star in the company, find someone else.",False,True,2,173,3,2,0,aniya is a very good employeebut truthfully i believe she ha hit her peak i applaud her a an example but if you want a true star in the company find someone else,validation,Category 3: Solid Performer,High Performance,Low Potential,Positive Feedback,Work Culture,General Employee Feedback,Positive Feedback,Career Growth
10178,Aniya Sullivan,"Category 3: 'Solid Performer' (High performance, Low potential)","Aniya is an excellent worker in our department.  She meets all deadlines, her work is well done, and she is helpful and supportive of her coworkers.  She seems to have found her perfect fit here, as she is accomplished in her tasks and seems happy with her position.  She was not as successful when we attempted to give her advanced work to encourage her toward promotion.  Her abilities are best suited for her current position.",False,True,2,429,5,2,0,aniya is an excellent worker in our department she meet all deadline her work is well done and she is helpful and supportive of her coworkers she seems to have found her perfect fit here a she is accomplished in her task and seems happy with her position she wa not a successful when we attempted to give her advanced work to encourage her toward promotion her ability are best suited for her current position,validation,Category 3: Solid Performer,High Performance,Low Potential,Positive Feedback,Work Culture,Team Collaboration; Career Growth,Positive Feedback,Work Culture
10133,Markus Mathews,"Category 3: 'Solid Performer' (High performance, Low potential)","Markus has is a high performer in his current position. He regularly attends to the duties of his job. He is a solid employee who can be counted on. However, he does not demonstrate great potential for advancement.",False,False,2,214,4,2,0,markus ha is a high performer in his current position he regularly attends to the duty of his job he is a solid employee who can be counted on however he doe not demonstrate great potential for advancement,validation,Category 3: Solid Performer,High Performance,Low Potential,Positive Feedback,Career Growth,Leadership Potential,Positive Feedback,Career Growth
10057,Jessica Dixon,"Category 3: 'Solid Performer' (High performance, Low potential)",Jessica Dixon is a benefit to the team. What she lacks in talent she more than makes up for in hard work. She has an eye for detail and a touch for class. Overall it has been a joy to have her as part of the team.,False,False,2,213,4,2,0,jessica dixon is a benefit to the team what she lack in talent she more than make up for in hard work she ha an eye for detail and a touch for class overall it ha been a joy to have her a part of the team,validation,Category 3: Solid Performer,High Performance,Low Potential,Positive Feedback,Work Culture,Team Collaboration; Salary & Benefits,Positive Feedback,Work Culture
236,Benjamin Roberts,"Category 3: 'Solid Performer' (High performance, Low potential)","Benjamin is doing exceptionally well at his day-to-day tasks. His work definitely sets him apart from other employees. On the other hand, he doesn't show much capacity for improvement in areas outside of his job description. But otherwise his work is exemplary.",False,False,2,261,4,2,0,benjamin is doing exceptionally well at his daytoday task his work definitely set him apart from other employee on the other hand he doesnt show much capacity for improvement in area outside of his job description but otherwise his work is exemplary,validation,Category 3: Solid Performer,High Performance,Low Potential,Positive Feedback,Work Culture,General Employee Feedback,Positive Feedback,Career Growth
194,Eloise Foster,"Category 3: 'Solid Performer' (High performance, Low potential)",Eloise was an absolute pleasure to work with. She did great work and met all of her expectations. Unfortunately I did not see any room for growth. I believe she has maximized her ability within out department,False,False,2,208,4,2,0,eloise wa an absolute pleasure to work with she did great work and met all of her expectation unfortunately i did not see any room for growth i believe she ha maximized her ability within out department,validation,Category 3: Solid Performer,High Performance,Low Potential,Positive Feedback,Work Culture,Career Growth,Positive Feedback,Work Culture
188,Eloise Foster,"Category 3: 'Solid Performer' (High performance, Low potential)","Eloise is quite reliable, and we can always count on her to go above and beyond. Yet, we also aren't really sure we see her going too high in the company, as she's best suited where she is. With that being said, we're quite fortunate to have Eloise. She is a real boon to the company.",False,False,2,284,4,2,0,eloise is quite reliable and we can always count on her to go above and beyond yet we also arent really sure we see her going too high in the company a shes best suited where she is with that being said were quite fortunate to have eloise she is a real boon to the company,validation,Category 3: Solid Performer,High Performance,Low Potential,Positive Feedback,Work Culture,General Employee Feedback,Positive Feedback,Work Culture
210,Leo Lee,"Category 3: 'Solid Performer' (High performance, Low potential)","Leo is an absolutely necessary member to have on our team. We would not be able to produce half of the work that we produce without Leo since he probably does the work of about five people. I'm impressed by how adeptly, quickly and efficiently he churns out high-quality reports with sophisticated analysis. However, I don't see Leo advancing much further. He has no interest in taking on a leadership role and lacks the communication skills to be able to make it in a manager role.",False,False,2,482,5,2,0,leo is an absolutely necessary member to have on our team we would not be able to produce half of the work that we produce without leo since he probably doe the work of about five people im impressed by how adeptly quickly and efficiently he churn out highquality report with sophisticated analysis however i dont see leo advancing much further he ha no interest in taking on a leadership role and lack the communication skill to be able to make it in a manager role,validation,Category 3: Solid Performer,High Performance,Low Potential,Positive Feedback,Work Culture,Communication; Performance Quality; Skill Gap; Leadership Potential; Team Collaboration,Positive Feedback,Work Culture
228,Braydon Terrell,"Category 3: 'Solid Performer' (High performance, Low potential)","I'm always impressed by Braydon, since he performs like he has ten years of experience behind him even though he's only got five. He has a real eye for what clients want to see in reports and has a great sense of intuition for what the next steps on a client project are going to be. As much of a star as Braydon is, however, he hasn't shown any interest in mentoring younger colleagues and he isn't too much of a team player. Thus, I believe he doesn't have much room for promotion at this firm.",False,False,2,496,4,2,0,im always impressed by braydon since he performs like he ha ten year of experience behind him even though he only got five he ha a real eye for what client want to see in report and ha a great sense of intuition for what the next step on a client project are going to be a much of a star a braydon is however he hasnt shown any interest in mentoring younger colleague and he isnt too much of a team player thus i believe he doesnt have much room for promotion at this firm,validation,Category 3: Solid Performer,High Performance,Low Potential,Positive Feedback,Career Growth,Team Collaboration; Career Growth,Positive Feedback,Career Growth
227,Azariah Mcmillan,"Category 3: 'Solid Performer' (High performance, Low potential)","Azariah is so talented in what she does and her writing ability is superb. She is incredibly creative in the storylines that she generates. Her advertising pitches consistently make it all the way to the big screen because clients are so routinely impressed with her work. At the same time, I think that Azariah is already performing at the highest level she can perform. She does not have what it takes to become an executive within our firm since she lacks the leadership ability to move up any further.",False,False,2,505,5,2,0,azariah is so talented in what she doe and her writing ability is superb she is incredibly creative in the storyline that she generates her advertising pitch consistently make it all the way to the big screen because client are so routinely impressed with her work at the same time i think that azariah is already performing at the highest level she can perform she doe not have what it take to become an executive within our firm since she lack the leadership ability to move up any further,validation,Category 3: Solid Performer,High Performance,Low Potential,Positive Feedback,Career Growth,Leadership Potential,Positive Feedback,Work Culture
226,Azariah Mcmillan,"Category 3: 'Solid Performer' (High performance, Low potential)",Azariah Mcmillan  has been an top rated employee in his work since the half year from he joined. He is interested in all aspects of projects doing it in a very dedicated manner and presenting it in a very stylish manner.,False,False,2,220,2,2,0,azariah mcmillan ha been an top rated employee in his work since the half year from he joined he is interested in all aspect of project doing it in a very dedicated manner and presenting it in a very stylish manner,validation,Category 3: Solid Performer,High Performance,Low Potential,Positive Feedback,Work Culture,General Employee Feedback,Positive Feedback,Work Culture
398,Morgan Butler,"Category 4: 'Inconsistent Player' (Low performance, Moderate potential)","Morgan is skilled, and her resume is impressive. Unfortunately, she seems to care less about her quality of work, and has become too involved in socialising with her colleagues. Her pace is often slow, and she rarely completes projects by deadlines. She will benefit from attending classes on time management. She may need to remove herself from current projects in order to catch up with those that are past deadlines.",True,True,3,419,5,0,1,morgan is skilled and her resume is impressive unfortunately she seems to care le about her quality of work and ha become too involved in socialising with her colleague her pace is often slow and she rarely completes project by deadline she will benefit from attending class on time management she may need to remove herself from current project in order to catch up with those that are past deadline,validation,Category 4: Inconsistent Player,Low Performance,Medium Potential,Negative Feedback,Work Culture,Performance Quality; Salary & Benefits,Neutral Feedback,Work Culture
391,Kyle Lawson,"Category 4: 'Inconsistent Player' (Low performance, Moderate potential)",Kyle is working toward gaining proficiency. Demonstrates satisfactory performance inconsistently. Achieves some but not all goals and is acquirring necessary knowledge and skills,True,True,3,178,3,0,1,kyle is working toward gaining proficiency demonstrates satisfactory performance inconsistently achieves some but not all goal and is acquirring necessary knowledge and skill,validation,Category 4: Inconsistent Player,Low Performance,Medium Potential,Negative Feedback,Career Growth,Performance Quality; Skill Gap,Neutral Feedback,Career Growth
320,Sophie Murray,"Category 4: 'Inconsistent Player' (Low performance, Moderate potential)",SOPHIE MURRAY HAS BEEN SHOWING IRREGULAR PERFORMANCE IN MATCHES LATELY. HE EMPHASIS A LOW QUALITY PERFORMANCE .BUT HE DO HAVE A THE MODERATE TALENT WHICH CAN BE USED IN FUTURE. THERE ARE SOME SECTORS HE SHOULD IMPROVE. ONLY A GRADUAL IMPROVEMENT CAN ONLY BE EXPECTED FROM HIS SIDE. HE NEEDS TO LISTEN TO HIS COACH MORE OFTEN,False,False,3,324,5,0,1,sophie murray ha been showing irregular performance in match lately he emphasis a low quality performance but he do have a the moderate talent which can be used in future there are some sector he should improve only a gradual improvement can only be expected from his side he need to listen to his coach more often,validation,Category 4: Inconsistent Player,Low Performance,Medium Potential,Negative Feedback,Career Growth,Communication; Performance Quality; Leadership Potential,Negative Feedback,Work Culture
503,Kallie Beard,"Category 4: 'Inconsistent Player' (Low performance, Moderate potential)","Kallie has struggled to find her footing at our company. She's repeatedly turned in work product containing typos, grammar issues, and content mistakes. The good thing is that I trust that Kallie will make great strides moving forward to improve. Every time I give her feedback or mark up documents for her, she takes my comments very seriously and always does better the next time. I believe she has the will and desire to become a reliable member of our department.",True,True,3,467,5,0,1,kallie ha struggled to find her footing at our company shes repeatedly turned in work product containing typo grammar issue and content mistake the good thing is that i trust that kallie will make great stride moving forward to improve every time i give her feedback or mark up document for her she take my comment very seriously and always doe better the next time i believe she ha the will and desire to become a reliable member of our department,validation,Category 4: Inconsistent Player,Low Performance,Medium Potential,Negative Feedback,Career Growth,Communication,Negative Feedback,Work Culture
10101,Peter Lloyd,"Category 4: 'Inconsistent Player' (Low performance, Moderate potential)","Peter often shows up late at work. It has becoming a pattern. His assigned analysis report often shows his competence of data analysis and resourceful. However, sometimes there are some fundamental error were being overlooked resulting a re-do of such work. While he is a team player with adequate knowledge, the time management skills and attentiveness are yet to be improved.",False,False,3,377,5,0,1,peter often show up late at work it ha becoming a pattern his assigned analysis report often show his competence of data analysis and resourceful however sometimes there are some fundamental error were being overlooked resulting a redo of such work while he is a team player with adequate knowledge the time management skill and attentiveness are yet to be improved,validation,Category 4: Inconsistent Player,Low Performance,Medium Potential,Negative Feedback,Work Culture,Attendance / Punctuality; Skill Gap; Team Collaboration,Negative Feedback,Work Culture
10063,Amelie Martin,"Category 4: 'Inconsistent Player' (Low performance, Moderate potential)","Amelie, you have demonstrated to us that you have the ability to perform at an acceptable standard. However, more effort needs to be exerted to improve your current performance. There are rooms for you to grow and expand. Consistent work ethics are needed in order for you to deliver better results. We believe that you do possess qualities that will make you successful.",False,False,3,371,5,0,1,amelie you have demonstrated to u that you have the ability to perform at an acceptable standard however more effort need to be exerted to improve your current performance there are room for you to grow and expand consistent work ethic are needed in order for you to deliver better result we believe that you do posse quality that will make you successful,validation,Category 4: Inconsistent Player,Low Performance,Medium Potential,Negative Feedback,Career Growth,Performance Quality,Negative Feedback,Work Culture
10017,Tom Houghton,"Category 4: 'Inconsistent Player' (Low performance, Moderate potential)","Tom is a promising candidate but lacks focus. Although Tom has shown his capabilities in short, sporadic bursts, his output has been bogged down by way too many distractions. He needs to bring his attention span in order and only then he will be able to realize his true potential. He can leverage various mindfulness techniques and training resources available free of cost to our employees. In short, we need Tom to work harder so that he can deliver value to businesses and clients alike.",False,False,3,491,5,0,1,tom is a promising candidate but lack focus although tom ha shown his capability in short sporadic burst his output ha been bogged down by way too many distraction he need to bring his attention span in order and only then he will be able to realize his true potential he can leverage various mindfulness technique and training resource available free of cost to our employee in short we need tom to work harder so that he can deliver value to business and client alike,validation,Category 4: Inconsistent Player,Low Performance,Medium Potential,Negative Feedback,Career Growth,Performance Quality; Skill Gap; Leadership Potential,Negative Feedback,Work Culture
270,Jay Reid,"Category 4: 'Inconsistent Player' (Low performance, Moderate potential)","Jay is not off to a great start with us. He is consistently late, and hasn't really shown much aptitude for his duties. He does occasionally flash talent in other areas within his role. But in his current position it is quite clear that he has some room to improve.",False,False,3,265,4,0,1,jay is not off to a great start with u he is consistently late and hasnt really shown much aptitude for his duty he doe occasionally flash talent in other area within his role but in his current position it is quite clear that he ha some room to improve,validation,Category 4: Inconsistent Player,Low Performance,Medium Potential,Negative Feedback,Career Growth,Attendance / Punctuality,Negative Feedback,Career Growth
82,Mackenzie Jennings,"Category 4: 'Inconsistent Player' (Low performance, Moderate potential)","Mackenzie has room to improve. He has great potential and an impressive resume, but seems to lack the focus to excel. It's clear that he doesn't put more effort than he needs to; he tends to settle for bare minimum. This negatively affects the quality of his work. He works well alone, but does not work well in groups.",True,True,3,319,5,0,1,mackenzie ha room to improve he ha great potential and an impressive resume but seems to lack the focus to excel it clear that he doesnt put more effort than he need to he tends to settle for bare minimum this negatively affect the quality of his work he work well alone but doe not work well in group,validation,Category 4: Inconsistent Player,Low Performance,Medium Potential,Negative Feedback,Work Culture,Performance Quality; Leadership Potential,Negative Feedback,Work Culture
287,Alfie Wright,"Category 4: 'Inconsistent Player' (Low performance, Moderate potential)","Alfie has demonstrated he is not a team player. His ability to analyze data was mediocre in effort, however, there is some room for improvement. Alfie could benefit from being more cooperative and willing to collaborate with others. If he puts forth an attempt to learn the tasks better and listen to his co-workers, to I believe he may improve in performance.",False,False,3,360,4,0,1,alfie ha demonstrated he is not a team player his ability to analyze data wa mediocre in effort however there is some room for improvement alfie could benefit from being more cooperative and willing to collaborate with others if he put forth an attempt to learn the task better and listen to his coworkers to i believe he may improve in performance,validation,Category 4: Inconsistent Player,Low Performance,Medium Potential,Negative Feedback,Career Growth,Communication; Performance Quality; Skill Gap; Team Collaboration; Salary & Benefits,Negative Feedback,Work Culture
289,Alfie Wright,"Category 4: 'Inconsistent Player' (Low performance, Moderate potential)","Alfie's quantitative skills simply are not up to par. Too often, a client has asked him to explain a basic equation and Alfie has needed to rely on colleagues for an answer. Fortunately, Alfie is committed to improving his math abilities and has signed up for a quantitative bootcamp and conference next month. I believe his attendance proves that he's being proactive about developing his skills and I further believe that his commitment will pay off in terms of advancement in this department.",False,False,3,495,4,0,1,alfies quantitative skill simply are not up to par too often a client ha asked him to explain a basic equation and alfie ha needed to rely on colleague for an answer fortunately alfie is committed to improving his math ability and ha signed up for a quantitative bootcamp and conference next month i believe his attendance prof that he being proactive about developing his skill and i further believe that his commitment will pay off in term of advancement in this department,validation,Category 4: Inconsistent Player,Low Performance,Medium Potential,Negative Feedback,Career Growth,Attendance / Punctuality; Skill Gap; Salary & Benefits,Negative Feedback,Work Culture
314,Jay Reid,"Category 4: 'Inconsistent Player' (Low performance, Moderate potential)","Jay Reid's level of work has been very disappointing given the kind of skills he possess. With the right attitude and possibly with a few work adjustments, his work quality could improve. Despite that, I am confident that once he fully adjusts and finds his direction, he will pay off. What the direction is he is still finding but whatever it is, his value is still there.",False,False,3,373,4,0,1,jay reid level of work ha been very disappointing given the kind of skill he posse with the right attitude and possibly with a few work adjustment his work quality could improve despite that i am confident that once he fully adjusts and find his direction he will pay off what the direction is he is still finding but whatever it is his value is still there,validation,Category 4: Inconsistent Player,Low Performance,Medium Potential,Negative Feedback,Work Culture,Performance Quality; Skill Gap; Salary & Benefits,Negative Feedback,Work Culture
288,Alfie Wright,"Category 4: 'Inconsistent Player' (Low performance, Moderate potential)","Alfie is a very inconsistent worker. Right now he's not very competent and produces below average work most of the time. Normally I would suggest to remove him however he does show willingness to learn and improve. He learns from his mistakes and seeks feedback from his co-workers most of the time. Although he is not strong right now, he has the potential to improve to be a solid average worker.",False,False,3,398,5,0,1,alfie is a very inconsistent worker right now he not very competent and produce below average work most of the time normally i would suggest to remove him however he doe show willingness to learn and improve he learns from his mistake and seek feedback from his coworkers most of the time although he is not strong right now he ha the potential to improve to be a solid average worker,validation,Category 4: Inconsistent Player,Low Performance,Medium Potential,Negative Feedback,Career Growth,Communication; Skill Gap; Leadership Potential,Negative Feedback,Career Growth
300,Ollie Mason,"Category 4: 'Inconsistent Player' (Low performance, Moderate potential)","Ollie Mason repeatedly turns in work that is poorly researched with errors. Ollie does not participate in group meetings and has been caught on his phone many times. If Ollie would better manage his time both in and outside of the office, his work work improve as he lacks focus. His attendance is poor and he is frequently late. However, he is young and committed to the company for the long term and does not want to leave.",False,False,3,425,5,0,1,ollie mason repeatedly turn in work that is poorly researched with error ollie doe not participate in group meeting and ha been caught on his phone many time if ollie would better manage his time both in and outside of the office his work work improve a he lack focus his attendance is poor and he is frequently late however he is young and committed to the company for the long term and doe not want to leave,validation,Category 4: Inconsistent Player,Low Performance,Medium Potential,Negative Feedback,Work Culture,Attendance / Punctuality,Negative Feedback,Work Culture
483,David Kelly,"Category 5: 'Core Player' (Moderate performance, Moderate potential)",David was able to step into the Facility Management position with his feet on the ground.  He quickly learned the locations of emergency services and other important areas.  He has been seen with the clients and seems to have a good wokrkini relationship.  He neesds to improve coming ot wokr on time.,True,True,4,301,4,1,1,david wa able to step into the facility management position with his foot on the ground he quickly learned the location of emergency service and other important area he ha been seen with the client and seems to have a good wokrkini relationship he neesds to improve coming ot wokr on time,validation,Category 5: Core Player,Medium Performance,Medium Potential,Neutral Feedback,Career Growth,General Employee Feedback,Positive Feedback,Work Culture
550,Braiden Santos,"Category 5: 'Core Player' (Moderate performance, Moderate potential)",Braiden is a good entry level employee. He occasionally struggles to complete all of the tasks he is given but always asks questions. He is very engaged in meetings and is always on time to the office. He seeks opportunities often but still has a ways to go in order to develop his skill set. He can benefit from more time and mentorship in his current role.,False,True,4,358,5,1,1,braiden is a good entry level employee he occasionally struggle to complete all of the task he is given but always asks question he is very engaged in meeting and is always on time to the office he seek opportunity often but still ha a way to go in order to develop his skill set he can benefit from more time and mentorship in his current role,validation,Category 5: Core Player,Medium Performance,Medium Potential,Neutral Feedback,Career Growth,Skill Gap; Career Growth; Salary & Benefits,Negative Feedback,Work Culture
521,Heidi Wallace,"Category 5: 'Core Player' (Moderate performance, Moderate potential)","Heidi's work habits has been dismal, but there is great room for improvements, and she definitely has the ability to improve. She often spends the work day on her phone, and she completes assignments the day before they are due; however, the work that she submits is of the same standard of her colleagues', some of whom spent weeks generating the same results. Heidi rarely participates in team meetings, but when she does, she always brings new insight to the table. She should improve herself through listening to constructive criticism, and developing a self-betterment mindset.",False,True,4,582,4,1,1,heidis work habit ha been dismal but there is great room for improvement and she definitely ha the ability to improve she often spends the work day on her phone and she completes assignment the day before they are due however the work that she submits is of the same standard of her colleague some of whom spent week generating the same result heidi rarely participates in team meeting but when she doe she always brings new insight to the table she should improve herself through listening to constructive criticism and developing a selfbetterment mindset,validation,Category 5: Core Player,Medium Performance,Medium Potential,Neutral Feedback,Work Culture,Communication; Performance Quality; Team Collaboration,Positive Feedback,Work Culture
451,Daniel Carr,"Category 5: 'Core Player' (Moderate performance, Moderate potential)",Billy has shown good work ethic in his appraisal period. He was assigned numerous tasks and with guidance was able to complete the work on schedule. Billy does ask for assistance and guidance frequently so he should try to be more independent. Billy could possibly use some training in decision making.,True,True,4,302,4,1,1,billy ha shown good work ethic in his appraisal period he wa assigned numerous task and with guidance wa able to complete the work on schedule billy doe ask for assistance and guidance frequently so he should try to be more independent billy could possibly use some training in decision making,validation,Category 5: Core Player,Medium Performance,Medium Potential,Neutral Feedback,Management Issues,Skill Gap; Leadership Potential,Negative Feedback,Work Culture
409,Bobby Lowe,"Category 5: 'Core Player' (Moderate performance, Moderate potential)","Bobby Lowe is an everyday paralegal here at the firm.  He is always on time, rarely calls out, and produces passable work product.  With that said, there is nothing extraordinary or distinguishable about Bobby's work; for instance, he generally follows basic templates and is rarely creative when drafting discovery requests.  His career ceiling seems fixed.",False,False,4,358,4,1,1,bobby lowe is an everyday paralegal here at the firm he is always on time rarely call out and produce passable work product with that said there is nothing extraordinary or distinguishable about bobby work for instance he generally follows basic template and is rarely creative when drafting discovery request his career ceiling seems fixed,validation,Category 5: Core Player,Medium Performance,Medium Potential,Neutral Feedback,Work Culture,Career Growth,Neutral Feedback,Work Culture
10171,Brynlee Byers,"Category 5: 'Core Player' (Moderate performance, Moderate potential)","Brynlee is a solid colleague who you can rely on to handle tasks of a standard difficulty level. I would advise against putting up for supervisory roles, however, she is excellent at what she does currently.",True,True,4,207,2,1,1,brynlee is a solid colleague who you can rely on to handle task of a standard difficulty level i would advise against putting up for supervisory role however she is excellent at what she doe currently,validation,Category 5: Core Player,Medium Performance,Medium Potential,Neutral Feedback,Work Culture,General Employee Feedback,Neutral Feedback,Career Growth
10143,Rebecca Murphy,"Category 5: 'Core Player' (Moderate performance, Moderate potential)","Rebecca Murphy is good at her job and likely to get better. For this reason, I believe she is vital to the company now and will become even more important in the future. The company benefits from her presence here. She is also growing as a person because of her involvement will become better overall with time.",False,False,4,311,4,1,1,rebecca murphy is good at her job and likely to get better for this reason i believe she is vital to the company now and will become even more important in the future the company benefit from her presence here she is also growing a a person because of her involvement will become better overall with time,validation,Category 5: Core Player,Medium Performance,Medium Potential,Neutral Feedback,Salary & Benefits,Leadership Potential; Salary & Benefits,Neutral Feedback,Work Culture
10103,Declan Houghton,"Category 5: 'Core Player' (Moderate performance, Moderate potential)","Declan is a hardworking team member. His efforts sometimes fall short, regarding his lack of timeliness and schedule coordination. It seems that he has slacked off the longer he has worked here. However, he is well liked by his peers, and his work is quite acceptable.",False,True,4,268,4,1,1,declan is a hardworking team member his effort sometimes fall short regarding his lack of timeliness and schedule coordination it seems that he ha slacked off the longer he ha worked here however he is well liked by his peer and his work is quite acceptable,validation,Category 5: Core Player,Medium Performance,Medium Potential,Neutral Feedback,Work Culture,Team Collaboration,Negative Feedback,Work Culture
345,Kyle Lawson,"Category 5: 'Core Player' (Moderate performance, Moderate potential)","Kyle is a very middle-of-the-pack employee. He has shown average proficiency in his job duties. He also has shown some flashes that he could progress beyond his current role, but only minor ones. His numbers are also at or near the median amongst the rest of his employees. Overall, I would say he's average at best and at worst.",False,False,4,329,5,1,1,kyle is a very middleofthepack employee he ha shown average proficiency in his job duty he also ha shown some flash that he could progress beyond his current role but only minor one his number are also at or near the median amongst the rest of his employee overall i would say he average at best and at worst,validation,Category 5: Core Player,Medium Performance,Medium Potential,Neutral Feedback,Career Growth,Career Growth,Neutral Feedback,Career Growth
356,Joseph Burke,"Category 5: 'Core Player' (Moderate performance, Moderate potential)",Joseph Burke is a core player in our organization. He achieves everything in time and usually in budget. He is following the policies and knows the procedures. Probably he can be that innovative or proactive but he can keep things going.,False,False,4,237,4,1,1,joseph burke is a core player in our organization he achieves everything in time and usually in budget he is following the policy and know the procedure probably he can be that innovative or proactive but he can keep thing going,validation,Category 5: Core Player,Medium Performance,Medium Potential,Neutral Feedback,Management Issues,General Employee Feedback,Neutral Feedback,Career Growth
341,Tom Williams,"Category 5: 'Core Player' (Moderate performance, Moderate potential)","Tom is reliable and consistent. He puts in the standard time, gets his work done, and on-time. He doesn't go above and beyond, but he's been a reliable resource for completing busy-work tasks, without a ton of supervision or following up. Year over year, Tom has improved gradually taking on a little more.",False,False,4,306,4,1,1,tom is reliable and consistent he put in the standard time get his work done and ontime he doesnt go above and beyond but he been a reliable resource for completing busywork task without a ton of supervision or following up year over year tom ha improved gradually taking on a little more,validation,Category 5: Core Player,Medium Performance,Medium Potential,Neutral Feedback,Work Culture,General Employee Feedback,Neutral Feedback,Work Culture
197,Edward Bates,"Category 5: 'Core Player' (Moderate performance, Moderate potential)",Edward has great ideas that he offers to the team. Edward has few areas that he could work on to improve himself. Edward doesn't always want to be working when he needs to be. Edward could be a key employee to this company if he put in the work.,True,True,4,245,4,1,1,edward ha great idea that he offer to the team edward ha few area that he could work on to improve himself edward doesnt always want to be working when he need to be edward could be a key employee to this company if he put in the work,validation,Category 5: Core Player,Medium Performance,Medium Potential,Neutral Feedback,Work Culture,Team Collaboration,Positive Feedback,Work Culture
117,Sonny Kidd,"Category 5: 'Core Player' (Moderate performance, Moderate potential)",Sonny doesn't give this job her full potential and seems to be distracted often. When she is on her A game she brings it to the team. Sonny could improve in being more consistent. Sonny has future here if she continueings to work hard.,True,True,4,235,4,1,1,sonny doesnt give this job her full potential and seems to be distracted often when she is on her a game she brings it to the team sonny could improve in being more consistent sonny ha future here if she continueings to work hard,validation,Category 5: Core Player,Medium Performance,Medium Potential,Neutral Feedback,Career Growth,Leadership Potential; Team Collaboration,Neutral Feedback,Work Culture
114,Amaya Gay,"Category 5: 'Core Player' (Moderate performance, Moderate potential)","Amaya can generally be relied upon to submit work product that's of reasonable quality. She doesn't make many mistakes and her proofreading is fairly spot-on. However I have caught a few typos and spelling errors here and there. When I've pushed Amaya to take on more challenging research assignments, she's refused, so I believe she has unfortunately met her maximum capacity at this company already.",True,True,4,401,4,1,1,amaya can generally be relied upon to submit work product thats of reasonable quality she doesnt make many mistake and her proofreading is fairly spoton however i have caught a few typo and spelling error here and there when ive pushed amaya to take on more challenging research assignment shes refused so i believe she ha unfortunately met her maximum capacity at this company already,validation,Category 5: Core Player,Medium Performance,Medium Potential,Neutral Feedback,Work Culture,Performance Quality,Neutral Feedback,Work Culture
390,Kyle Lawson,"Category 5: 'Core Player' (Moderate performance, Moderate potential)","Kyle has shown somewhat improvement in this quarter. Although, I am sure he can do a lot better. He is doing more hard work than before, which is appreciable. He has way to go to learn the basic, that would improve his efficiency and performance.",False,False,4,246,4,1,1,kyle ha shown somewhat improvement in this quarter although i am sure he can do a lot better he is doing more hard work than before which is appreciable he ha way to go to learn the basic that would improve his efficiency and performance,validation,Category 5: Core Player,Medium Performance,Medium Potential,Neutral Feedback,Career Growth,Performance Quality; Skill Gap,Neutral Feedback,Career Growth
393,Kyle Lawson,"Category 5: 'Core Player' (Moderate performance, Moderate potential)","Kyle is a middle-of-the-pack employee all around. He has demonstrated solid performance when given the opportunity. He has also shown some capacity for growth and improvement. Overall, he's a solid member of this organization with some decent potential for improvement later on.",False,False,4,278,4,1,1,kyle is a middleofthepack employee all around he ha demonstrated solid performance when given the opportunity he ha also shown some capacity for growth and improvement overall he a solid member of this organization with some decent potential for improvement later on,validation,Category 5: Core Player,Medium Performance,Medium Potential,Neutral Feedback,Career Growth,Performance Quality; Leadership Potential; Career Growth,Neutral Feedback,Career Growth
479,Natasha Richardson,"Category 6: 'High Performer' (High performance, Moderate potential)","Employee is able to overcome challenges while regularly communicating needs with management. This greatly improves not only employee and management morale/relationship but also employee to employee moral/relationship. Able to easily transition from worker to educator, showing a desire for movement within company. Work is always done on time and accurately which is evident in her work and assistance with other employees.",False,False,5,423,4,2,1,employee is able to overcome challenge while regularly communicating need with management this greatly improves not only employee and management moralerelationship but also employee to employee moralrelationship able to easily transition from worker to educator showing a desire for movement within company work is always done on time and accurately which is evident in her work and assistance with other employee,validation,Category 6: High Performer,High Performance,Medium Potential,Positive Feedback,Management Issues,General Employee Feedback,Positive Feedback,Work Culture
474,Pedro David,"Category 6: 'High Performer' (High performance, Moderate potential)",Pedro David works hard. I once seen him work 12 hours a day just to finish a project. He is never late and always finish on time. He is very careful with his work and have good potential.,False,False,5,187,4,2,1,pedro david work hard i once seen him work 12 hour a day just to finish a project he is never late and always finish on time he is very careful with his work and have good potential,validation,Category 6: High Performer,High Performance,Medium Potential,Positive Feedback,Work Culture,Attendance / Punctuality; Leadership Potential,Positive Feedback,Work Culture
10068,Rachel Turner,"Category 6: 'High Performer' (High performance, Moderate potential)",Rachel Turner is what we like to call the engine of the room. She can finish tasks in minutes and shows great promise. We are hoping in time her talent will show further. At present we are impressed with the strategical hard work she is showing.,False,False,5,245,4,2,1,rachel turner is what we like to call the engine of the room she can finish task in minute and show great promise we are hoping in time her talent will show further at present we are impressed with the strategical hard work she is showing,validation,Category 6: High Performer,High Performance,Medium Potential,Positive Feedback,Work Culture,General Employee Feedback,Neutral Feedback,Career Growth
473,Pedro David,"Category 6: 'High Performer' (High performance, Moderate potential)","Perdo David produces tasks efficiently and timely. Pedro excels in meeting his numbers each quarter. Since Pedro is already operating at a high capacity, he has little to improve on things that he is already doing a great job at.",False,False,5,229,3,2,1,perdo david produce task efficiently and timely pedro excels in meeting his number each quarter since pedro is already operating at a high capacity he ha little to improve on thing that he is already doing a great job at,validation,Category 6: High Performer,High Performance,Medium Potential,Positive Feedback,Career Growth,General Employee Feedback,Positive Feedback,Career Growth
472,Angelica Peterson,"Category 6: 'High Performer' (High performance, Moderate potential)",Angelica Peterson is one of the great performer in our office. She is very intelligent. She has lots of talent though she should improve some accuracy and punctual in her career. May she will reach more heights soon.,False,False,5,216,4,2,1,angelica peterson is one of the great performer in our office she is very intelligent she ha lot of talent though she should improve some accuracy and punctual in her career may she will reach more height soon,validation,Category 6: High Performer,High Performance,Medium Potential,Positive Feedback,Career Growth,Attendance / Punctuality; Career Growth,Positive Feedback,Career Growth
20178,Regan Rhodes,"Category 6: 'High Performer' (High performance, Moderate potential)","Regan Rhodes has proven their work to be exemplary. Though we greatly enjoy the Rhodes' puts out, we feel there could be more of an effort to go beyond their current position. Should Rhodes show a desire to improve upon their skill set and increased responsibility, we would be very happy to accommodate that. We hope to see Rhodes have continued success in their endeavors with us, and will strive to improve upon their work ethic.",True,True,5,432,4,2,1,regan rhodes ha proven their work to be exemplary though we greatly enjoy the rhodes put out we feel there could be more of an effort to go beyond their current position should rhodes show a desire to improve upon their skill set and increased responsibility we would be very happy to accommodate that we hope to see rhodes have continued success in their endeavor with u and will strive to improve upon their work ethic,validation,Category 6: High Performer,High Performance,Medium Potential,Positive Feedback,Career Growth,Skill Gap,Positive Feedback,Work Culture
468,Angelica Peterson,"Category 6: 'High Performer' (High performance, Moderate potential)","It's such an absolute pleasure to work with Angelica. Her mind is so creative and the business strategies that she comes up with are so cutting-edge. Sometimes her ideas aren't practical enough to implement, however, which is going to limit her prospects for promotion somewhat. But we've discussed keeping her ideas within budget and within reason and she's committed to try to do so, so I'm confident she can make some improvements in this area.",False,False,5,447,4,2,1,it such an absolute pleasure to work with angelica her mind is so creative and the business strategy that she come up with are so cuttingedge sometimes her idea arent practical enough to implement however which is going to limit her prospect for promotion somewhat but weve discussed keeping her idea within budget and within reason and shes committed to try to do so so im confident she can make some improvement in this area,validation,Category 6: High Performer,High Performance,Medium Potential,Positive Feedback,Career Growth,Career Growth,Positive Feedback,Work Culture
420,Dallas Whitehead,"Category 6: 'High Performer' (High performance, Moderate potential)",Dallas is doing an exceptional job with us. He works hard and efficiently and his numbers show it. He also has shown some capacity for taking on more and possibly growing within the organization. But his strengths clearly lie in the work her does.,False,False,5,247,4,2,1,dallas is doing an exceptional job with u he work hard and efficiently and his number show it he also ha shown some capacity for taking on more and possibly growing within the organization but his strength clearly lie in the work her doe,validation,Category 6: High Performer,High Performance,Medium Potential,Positive Feedback,Work Culture,General Employee Feedback,Positive Feedback,Career Growth
241,Eloise Foster,"Category 6: 'High Performer' (High performance, Moderate potential)","In regards to EloiseÃ¢â‚¬â„¢s quarterly work conduct, she has shown a great sign of her job fulfillment. There has definitely been improvement on her part of her workflow and duties. She can get the job done swiftly and without any rebuke. There is a part of her that can show some advancement on what can possibly do in the future if there is a high job position available for her. She needs to understand that she prospect of becoming an even better worker if she can see herself do it.",True,True,5,488,5,2,1,in regard to eloiseãââs quarterly work conduct she ha shown a great sign of her job fulfillment there ha definitely been improvement on her part of her workflow and duty she can get the job done swiftly and without any rebuke there is a part of her that can show some advancement on what can possibly do in the future if there is a high job position available for her she need to understand that she prospect of becoming an even better worker if she can see herself do it,validation,Category 6: High Performer,High Performance,Medium Potential,Positive Feedback,Career Growth,Leadership Potential,Neutral Feedback,Career Growth
217,Finley Gray,"Category 6: 'High Performer' (High performance, Moderate potential)","Finley Gray has been an asset to our company as he always completes tasks as assigned to him.  As soon as Mr Gray gets to work he begins his day, he is never idle.  Finley works until his job is complete and is proud of his results. Finley is detail oriented and also makes sure his assignments are completed perfectly.",True,True,5,319,4,2,1,finley gray ha been an asset to our company a he always completes task a assigned to him a soon a mr gray get to work he begin his day he is never idle finley work until his job is complete and is proud of his result finley is detail oriented and also make sure his assignment are completed perfectly,validation,Category 6: High Performer,High Performance,Medium Potential,Positive Feedback,Work Culture,Performance Quality,Neutral Feedback,Work Culture
440,David Kelly,"Category 6: 'High Performer' (High performance, Moderate potential)","David kelly is a hard working man  .Eventhough he has moderate potential his performance is really great.
He always shows perfection in his job. He sincerely does his projects",False,False,5,175,3,2,1,david kelly is a hard working man eventhough he ha moderate potential his performance is really great he always show perfection in his job he sincerely doe his project,validation,Category 6: High Performer,High Performance,Medium Potential,Positive Feedback,Career Growth,Performance Quality; Leadership Potential,Positive Feedback,Work Culture
453,Madison Hawkins,"Category 6: 'High Performer' (High performance, Moderate potential)",Madison Hawkins continuously goes above and beyond in her job duties. She repeatedly assists co-workers while taking initiative for projects. Her work has very few errors but she does not do well in leadership roles. Madison can improve her potential by working on her public speaking and confidence. Madison is always early and is able to handle a heavier work load than other workers.,False,False,5,386,5,2,1,madison hawkins continuously go above and beyond in her job duty she repeatedly assist coworkers while taking initiative for project her work ha very few error but she doe not do well in leadership role madison can improve her potential by working on her public speaking and confidence madison is always early and is able to handle a heavier work load than other worker,validation,Category 6: High Performer,High Performance,Medium Potential,Positive Feedback,Career Growth,Leadership Potential,Positive Feedback,Work Culture
10072,Makenna Justice,"Category 7: 'Potential Gem' (Low performance, High potential)",I need you to try harder. You have a lot of potential here but you just aren't stepping up to the potential. You need to come and want to work. The more effort you give the better you will be off at this company and the more money you will make in the future. Go get 'em,False,False,6,270,5,0,2,i need you to try harder you have a lot of potential here but you just arent stepping up to the potential you need to come and want to work the more effort you give the better you will be off at this company and the more money you will make in the future go get em,validation,Category 7: Potential Gem,Low Performance,High Potential,Negative Feedback,Career Growth,Leadership Potential,Negative Feedback,Career Growth
10112,Jayden Rees,"Category 7: 'Potential Gem' (Low performance, High potential)","When Jayden turns in her projects, I am sure the work will be not only spectacular but correct. I never have to worry about whether or not the task is done correctly. My ongoing concern is whether the job will be done at all. I see in her natural intelligence and ability, I don't see any drive.",False,False,6,295,4,0,2,when jayden turn in her project i am sure the work will be not only spectacular but correct i never have to worry about whether or not the task is done correctly my ongoing concern is whether the job will be done at all i see in her natural intelligence and ability i dont see any drive,validation,Category 7: Potential Gem,Low Performance,High Potential,Negative Feedback,Work Culture,General Employee Feedback,Negative Feedback,Work Culture
10155,Erin Harvey,"Category 7: 'Potential Gem' (Low performance, High potential)","Erin has proven that she has a love for what she does, but doesn't push herself. Her performance is low, but the work that she does turn in has so much potential. I want to see Erin thrive, and really push herself. I want to find what her roadblock is, and break through it. I want to see Erin really explore and utilize her potential within this company.",False,False,6,355,5,0,2,erin ha proven that she ha a love for what she doe but doesnt push herself her performance is low but the work that she doe turn in ha so much potential i want to see erin thrive and really push herself i want to find what her roadblock is and break through it i want to see erin really explore and utilize her potential within this company,validation,Category 7: Potential Gem,Low Performance,High Potential,Negative Feedback,Career Growth,Performance Quality; Leadership Potential,Negative Feedback,Career Growth
535,George Jones,"Category 7: 'Potential Gem' (Low performance, High potential)","George didn't deliver as well as hoped. However, he displays a great deal of all skills necessary for growth. With time, George will prove to be an asset to the company. Given the opportunity, George has the ability to advance beyond his given skill set.",False,True,6,254,4,0,2,george didnt deliver a well a hoped however he display a great deal of all skill necessary for growth with time george will prove to be an asset to the company given the opportunity george ha the ability to advance beyond his given skill set,validation,Category 7: Potential Gem,Low Performance,High Potential,Negative Feedback,Career Growth,Performance Quality; Skill Gap; Career Growth,Negative Feedback,Career Growth
542,Kallie Beard,"Category 7: 'Potential Gem' (Low performance, High potential)","Kallie right now is in an interesting position. She is performing really poorly, not meeting deadlines, and generally produces low quality work. However, she has given an incredible amount of effort into improving herself and learning from her mistakes. She always responds well to feed back and proactively seeks to improve herself. Although she is isn;t doing well now, she will definitely improve with experience.",False,True,6,416,5,0,2,kallie right now is in an interesting position she is performing really poorly not meeting deadline and generally produce low quality work however she ha given an incredible amount of effort into improving herself and learning from her mistake she always responds well to feed back and proactively seek to improve herself although she is isnt doing well now she will definitely improve with experience,validation,Category 7: Potential Gem,Low Performance,High Potential,Negative Feedback,Career Growth,Performance Quality; Skill Gap,Negative Feedback,Career Growth
10118,Clay Terry,"Category 8: 'High Potential' (Moderate performance, High potential)","Clay is a boy concerned about his grades and his personal life.  it fulfills its activities although not all are of the best quality,  it all depends on your dedication in each assignment and subject it all depends on his dedication in each assignment and  subject when he sets out to do so, however he has never missed any class",False,False,7,329,2,1,2,clay is a boy concerned about his grade and his personal life it fulfills it activity although not all are of the best quality it all depends on your dedication in each assignment and subject it all depends on his dedication in each assignment and subject when he set out to do so however he ha never missed any class,validation,Category 8: High Potential,Medium Performance,High Potential,Neutral Feedback,Work Culture,Performance Quality,Positive Feedback,Work Culture
10115,Clay Terry,"Category 8: 'High Potential' (Moderate performance, High potential)","Clay's performance is ok, but the potential is there to do much better. He seems a bit unmotivaed and lazy at times, but when the other workers get going, he normally performs in the top earning position. He does not do this all the time though. Only when other workers are around and when they get going. It's almost like Clay likes to compete, but only when others are activley competing too. Otherwise, he is not a very good performer.",True,True,7,438,6,1,2,clay performance is ok but the potential is there to do much better he seems a bit unmotivaed and lazy at time but when the other worker get going he normally performs in the top earning position he doe not do this all the time though only when other worker are around and when they get going it almost like clay like to compete but only when others are activley competing too otherwise he is not a very good performer,validation,Category 8: High Potential,Medium Performance,High Potential,Neutral Feedback,Career Growth,Performance Quality; Leadership Potential,Neutral Feedback,Career Growth
10160,Nicole Barnes,"Category 8: 'High Potential' (Moderate performance, High potential)","Nicole has shown so much growth this past quarter. She continues to hit her goals, and continue to take on new ones. I want to see Nicole continue to grow with our company, and take on new roles and opportunities. I look forward to seeing where Nicole goes within our company, as she is a great asset!",False,False,7,301,4,1,2,nicole ha shown so much growth this past quarter she continues to hit her goal and continue to take on new one i want to see nicole continue to grow with our company and take on new role and opportunity i look forward to seeing where nicole go within our company a she is a great asset,validation,Category 8: High Potential,Medium Performance,High Potential,Neutral Feedback,Career Growth,Career Growth,Positive Feedback,Career Growth
564,Joe White,"Category 8: 'High Potential' (Moderate performance, High potential)","Joe demonstrates stellar potential for the future. This quarter, he produced a report for me that needed some revisions, and his report went through multiple rounds of editing. However, I am confident that he has the ability to take my feedback and incorporate it into his future work product with much less guidance and assistance. Joe is ambitious and has the skills necessary to take his analysis skills to the next level.",True,True,7,425,4,1,2,joe demonstrates stellar potential for the future this quarter he produced a report for me that needed some revision and his report went through multiple round of editing however i am confident that he ha the ability to take my feedback and incorporate it into his future work product with much le guidance and assistance joe is ambitious and ha the skill necessary to take his analysis skill to the next level,validation,Category 8: High Potential,Medium Performance,High Potential,Neutral Feedback,Career Growth,Communication; Skill Gap; Leadership Potential,Neutral Feedback,Career Growth
607,Owen Hamilton,"Category 8: 'High Potential' (Moderate performance, High potential)","Owen is a trusty member of the team and I really appreciate how he always takes the time to review younger colleagues' work for them. I know that people around here trust his judgment and advice, and their work is always better once he's taken a look at it. Though Owen sometimes slips up here and there with the occasional missed deadline I believe that his future is really bright at this firm. He has everything that it takes to become a partner since he is so committed to improving every day, and since he is such a recognized leader by his colleagues.",False,False,7,557,4,1,2,owen is a trusty member of the team and i really appreciate how he always take the time to review younger colleague work for them i know that people around here trust his judgment and advice and their work is always better once he taken a look at it though owen sometimes slip up here and there with the occasional missed deadline i believe that his future is really bright at this firm he ha everything that it take to become a partner since he is so committed to improving every day and since he is such a recognized leader by his colleague,validation,Category 8: High Potential,Medium Performance,High Potential,Neutral Feedback,Work Culture,Leadership Potential; Team Collaboration,Positive Feedback,Work Culture
576,Yahir Harvey,"Category 8: 'High Potential' (Moderate performance, High potential)","Yahir is a solid worker who possesses a high capacity for growth in our organization. His numbers are slightly above average, and he has shown that he is capable and proficient in his current duties. However, his attitude and enthusiasm for the job really set him apart. Also, his lengthy experience and leadership skills are talents that we would be wise to leverage so that he can be successful here.",False,False,7,402,4,1,2,yahir is a solid worker who posse a high capacity for growth in our organization his number are slightly above average and he ha shown that he is capable and proficient in his current duty however his attitude and enthusiasm for the job really set him apart also his lengthy experience and leadership skill are talent that we would be wise to leverage so that he can be successful here,validation,Category 8: High Potential,Medium Performance,High Potential,Neutral Feedback,Career Growth,Skill Gap; Leadership Potential; Career Growth,Neutral Feedback,Career Growth
575,Yahir Harvey,"Category 8: 'High Potential' (Moderate performance, High potential)",Yahir shows good potential in his job performance. I believe that he can move up in this company if he continues to improve. Yahir is polite and respectful to his co workers. Yahir is a great addition to this team.,False,False,7,214,4,1,2,yahir show good potential in his job performance i believe that he can move up in this company if he continues to improve yahir is polite and respectful to his co worker yahir is a great addition to this team,validation,Category 8: High Potential,Medium Performance,High Potential,Neutral Feedback,Career Growth,Performance Quality; Leadership Potential; Team Collaboration,Neutral Feedback,Career Growth
497,Kallie Beard,"Category 8: 'High Potential' (Moderate performance, High potential)","Kallie has been with the company for a year now. While her execution of some of her tasks has been hit or miss, she does show a lot of promise. She has been willing to work late and come in early to learn various aspects she needs help on. She should make solid improvement with her job execution over the next year given her work ethic and drive.",True,True,7,347,4,1,2,kallie ha been with the company for a year now while her execution of some of her task ha been hit or miss she doe show a lot of promise she ha been willing to work late and come in early to learn various aspect she need help on she should make solid improvement with her job execution over the next year given her work ethic and drive,validation,Category 8: High Potential,Medium Performance,High Potential,Neutral Feedback,Work Culture,Attendance / Punctuality; Skill Gap,Negative Feedback,Career Growth
495,Brantley Whitfield,"Category 8: 'High Potential' (Moderate performance, High potential)","Although Brantley's work may not always show it, I believe that he possesses a great deal of raw talent and a number of intangibles that could make him a star player at some point in the future. In addition to his strong attitude, he has shown an aptitude for working well with others and learning new things quickly. It might not always show in his results, but he is at least trying hard and putting in effort. I think that with a bit more consistency in his results, he could grow into a prominent role at this organization.",True,True,7,527,4,1,2,although brantleys work may not always show it i believe that he posse a great deal of raw talent and a number of intangible that could make him a star player at some point in the future in addition to his strong attitude he ha shown an aptitude for working well with others and learning new thing quickly it might not always show in his result but he is at least trying hard and putting in effort i think that with a bit more consistency in his result he could grow into a prominent role at this organization,validation,Category 8: High Potential,Medium Performance,High Potential,Neutral Feedback,Career Growth,Performance Quality; Skill Gap; Leadership Potential,Neutral Feedback,Career Growth
606,Kayleigh Owen,"Category 8: 'High Potential' (Moderate performance, High potential)","Kayleigh has been a joy to have around the workspace. She consistently performs with an upbeat personality and drive that leads me to believe she'll find great success here. Her work quality has varied over her last several tasks, but I do not expect this to be an issue for long. Her hard-working personality and passion for the field lead me to believe we'll see even more improvements very soon.",False,False,7,398,4,1,2,kayleigh ha been a joy to have around the workspace she consistently performs with an upbeat personality and drive that lead me to believe shell find great success here her work quality ha varied over her last several task but i do not expect this to be an issue for long her hardworking personality and passion for the field lead me to believe well see even more improvement very soon,validation,Category 8: High Potential,Medium Performance,High Potential,Neutral Feedback,Management Issues,Performance Quality,Positive Feedback,Career Growth
599,Deegan Dennis,"Category 8: 'High Potential' (Moderate performance, High potential)","I had an opportunity to work with Deegan Dennis on few project last year. I found him creative and quick learner. If he is given new opportunities, he will be able to complete effectively. He just need a little push and training to be best performer in coming year.",False,False,7,265,4,1,2,i had an opportunity to work with deegan dennis on few project last year i found him creative and quick learner if he is given new opportunity he will be able to complete effectively he just need a little push and training to be best performer in coming year,validation,Category 8: High Potential,Medium Performance,High Potential,Neutral Feedback,Career Growth,Skill Gap; Career Growth,Neutral Feedback,Career Growth
701,Emilie Carroll,"Category 9: 'Star' (High performance, High potential)","Emilie has quickly made her self an important asset here in the business and is quickly rising in the ranks. Having surpassed her sales target by 72% this month, massively contributing to the teams quarterly win in the Summer Sale Bonanza. We're pleased to announce that her appointment as the new hot desk team leader, ready to take on the more challenging queries we get. Emilie is an inspiration to us all, lets hope we can all follow in her footsteps!",False,False,8,455,4,2,2,emilie ha quickly made her self an important asset here in the business and is quickly rising in the rank having surpassed her sale target by 72 this month massively contributing to the team quarterly win in the summer sale bonanza were pleased to announce that her appointment a the new hot desk team leader ready to take on the more challenging query we get emilie is an inspiration to u all let hope we can all follow in her footstep,validation,Category 9: Star,High Performance,High Potential,Positive Feedback,Career Growth,Leadership Potential; Team Collaboration,Positive Feedback,Work Culture
692,Madison Cleveland,"Category 9: 'Star' (High performance, High potential)","Madison has shown leadership, initiative, and can-do spirit. She is hard working, sharp witted, and always strive her best to deliver the best possible work. She is always willing to go extra miles. Of all of the work she has done,  she has done with efficiency, great dedication and intelligence. All of our customers are raving about her.",False,False,8,340,5,2,2,madison ha shown leadership initiative and cando spirit she is hard working sharp witted and always strive her best to deliver the best possible work she is always willing to go extra mile of all of the work she ha done she ha done with efficiency great dedication and intelligence all of our customer are raving about her,validation,Category 9: Star,High Performance,High Potential,Positive Feedback,Work Culture,Performance Quality; Leadership Potential,Positive Feedback,Work Culture
696,Niko Oliver,"Category 9: 'Star' (High performance, High potential)",Niko Oliver's work has been outstanding. Niko's work has pushed this team to excel even further within the last term. He shows tremendous qualities that will grow and improve as he continues onboard.,False,False,8,199,3,2,2,niko oliver work ha been outstanding nikos work ha pushed this team to excel even further within the last term he show tremendous quality that will grow and improve a he continues onboard,validation,Category 9: Star,High Performance,High Potential,Positive Feedback,Work Culture,Team Collaboration,Positive Feedback,Work Culture
10039,Alonso Gibson,"Category 9: 'Star' (High performance, High potential)",Alonso has shown great improvement. He is excelled at his job and has taken pride in his work. The extra work he has put in makes him the ideal employee. Very happy that we took the extra time to train Alonso as it has paid off very well.,False,False,8,238,4,2,2,alonso ha shown great improvement he is excelled at his job and ha taken pride in his work the extra work he ha put in make him the ideal employee very happy that we took the extra time to train alonso a it ha paid off very well,validation,Category 9: Star,High Performance,High Potential,Positive Feedback,Work Culture,General Employee Feedback,Positive Feedback,Career Growth
10204,Bailey Hunt,"Category 9: 'Star' (High performance, High potential)","Candidate performed well, and ranked highly amongst her peers. I believe the candidate to have great potential, and look forward to working with them in the future. I would recommend further reading into Econometrics to have achieved the full 10 marks. Otherwise, well done.",False,True,8,274,4,2,2,candidate performed well and ranked highly amongst her peer i believe the candidate to have great potential and look forward to working with them in the future i would recommend further reading into econometrics to have achieved the full 10 mark otherwise well done,validation,Category 9: Star,High Performance,High Potential,Positive Feedback,Career Growth,Leadership Potential; Team Collaboration,Positive Feedback,Work Culture
10122,Gunnar Herrera,"Category 9: 'Star' (High performance, High potential)","Gunnar is one of the best we have in the company. Friendly and professional demeanour that immediately puts customers at ease, matched by his very high output. Not only is he well versed in the day to day work, he definitely sees the overarching objectives of the company. Gunnar should be mentored as he will one day find himself in very high office indeed.",False,False,8,358,4,2,2,gunnar is one of the best we have in the company friendly and professional demeanour that immediately put customer at ease matched by his very high output not only is he well versed in the day to day work he definitely see the overarching objective of the company gunnar should be mentored a he will one day find himself in very high office indeed,validation,Category 9: Star,High Performance,High Potential,Positive Feedback,Work Culture,General Employee Feedback,Positive Feedback,Career Growth
10121,Gunnar Herrera,"Category 9: 'Star' (High performance, High potential)",Gunnar Herrera succeeded in fulfilling the tasks assigned to him this quarter. He developed a program that improved the company's productivity in multiple market areas. He interacted very professionally with others. Gunnar also improved company processes.,False,False,8,255,4,2,2,gunnar herrera succeeded in fulfilling the task assigned to him this quarter he developed a program that improved the company productivity in multiple market area he interacted very professionally with others gunnar also improved company process,validation,Category 9: Star,High Performance,High Potential,Positive Feedback,Work Culture,Performance Quality,Positive Feedback,Work Culture
10078,Celine Clayton,"Category 9: 'Star' (High performance, High potential)","Celine has stood out from the crowd once again this quarter. As both an individual contributor and a member on multiple team projects, Celine was able to take the lead and even beat the timeline on one project. Her problem solving skills pair well with an innate ability to work well with others. Celine has proven her capability to handle pressure and is more than ready to take on increased responsibility.",False,False,8,408,4,2,2,celine ha stood out from the crowd once again this quarter a both an individual contributor and a member on multiple team project celine wa able to take the lead and even beat the timeline on one project her problem solving skill pair well with an innate ability to work well with others celine ha proven her capability to handle pressure and is more than ready to take on increased responsibility,validation,Category 9: Star,High Performance,High Potential,Positive Feedback,Work Culture,Skill Gap; Team Collaboration,Positive Feedback,Work Culture
646,Madison Cleveland,"Category 9: 'Star' (High performance, High potential)","Madison has been a great staff member for the year he has been here. He shows time and time again that he is willing for whatever task or role he is assigned to. Whether on the front line or working behind the scene, he has shown adaptability and skill at even the most complex of projects. He is well on his way in the company to being a top tier employee.",False,False,8,357,4,2,2,madison ha been a great staff member for the year he ha been here he show time and time again that he is willing for whatever task or role he is assigned to whether on the front line or working behind the scene he ha shown adaptability and skill at even the most complex of project he is well on his way in the company to being a top tier employee,validation,Category 9: Star,High Performance,High Potential,Positive Feedback,Career Growth,Skill Gap,Neutral Feedback,Career Growth
459,Noah Cooke,"Category 9: 'Star' (High performance, High potential)",Noah greatly exceeded expectations. I am very pleased with the quality and fluidity of his work. It is apparent that a lot of time and was put into this project and the effort was well worth it. This is great work.,True,True,8,214,4,2,2,noah greatly exceeded expectation i am very pleased with the quality and fluidity of his work it is apparent that a lot of time and wa put into this project and the effort wa well worth it this is great work,validation,Category 9: Star,High Performance,High Potential,Positive Feedback,Work Culture,Performance Quality,Positive Feedback,Work Culture
435,Natasha Richardson,"Category 9: 'Star' (High performance, High potential)","Natasha is such a dream employee to have on my team. She never complains about any assignment, even the ones for the most difficult clients. Moreover she executes her assignments flawlessly and is able to lead a team of analysts to get the job done with impressive attention to detail. She has some room to grow still since I believe her verbal communication skills can sometimes be a little too abrasive. I know that she'll be a respected mentor figure around our department once she successfully resolves this issue.",False,False,8,518,5,2,2,natasha is such a dream employee to have on my team she never complains about any assignment even the one for the most difficult client moreover she executes her assignment flawlessly and is able to lead a team of analyst to get the job done with impressive attention to detail she ha some room to grow still since i believe her verbal communication skill can sometimes be a little too abrasive i know that shell be a respected mentor figure around our department once she successfully resolve this issue,validation,Category 9: Star,High Performance,High Potential,Positive Feedback,Career Growth,Communication; Skill Gap; Leadership Potential; Team Collaboration,Positive Feedback,Work Culture
653,Niko Oliver,"Category 9: 'Star' (High performance, High potential)","The output of work from Niko has been without compare since his hiring. He is a fast learner who has mastered all the tasks where he has been placed in the department. Even employees who have been there longer than he has tend to look towards him for guidance, showing he is a natural. He has a lot of drive and intelligence, which will allow him to go far with the company.",False,False,8,374,4,2,2,the output of work from niko ha been without compare since his hiring he is a fast learner who ha mastered all the task where he ha been placed in the department even employee who have been there longer than he ha tend to look towards him for guidance showing he is a natural he ha a lot of drive and intelligence which will allow him to go far with the company,validation,Category 9: Star,High Performance,High Potential,Positive Feedback,Management Issues,Leadership Potential,Neutral Feedback,Work Culture
656,Emilie Carroll,"Category 9: 'Star' (High performance, High potential)","Emilie is such an absolute pleasure to work with. Every time I hand an assignment off to her I know that it's landing in extremely capable hands. She is diligent and is willing to stay in the office as late as necessary to get the job done, even if that means she doesn't get out of the office until 10pm. She is such a team player and I have no doubt that she will continue to experience exponential growth in her leadership abilities, especially after she attends the upcoming Women's Leadership Conference next month.",False,False,8,520,4,2,2,emilie is such an absolute pleasure to work with every time i hand an assignment off to her i know that it landing in extremely capable hand she is diligent and is willing to stay in the office a late a necessary to get the job done even if that mean she doesnt get out of the office until 10pm she is such a team player and i have no doubt that she will continue to experience exponential growth in her leadership ability especially after she attends the upcoming woman leadership conference next month,validation,Category 9: Star,High Performance,High Potential,Positive Feedback,Work Culture,Attendance / Punctuality; Leadership Potential; Team Collaboration; Career Growth,Positive Feedback,Work Culture
680,Chelsea Stevens,"Category 9: 'Star' (High performance, High potential)","Chelsea Stevens excels at any goal set before her. She is a fast learner, and enjoys taking on higher-responsibility tasks. She is a valued member of her team, and is friendly with everyone. She cheers on her team when they do well, and encourages them when they need help.",False,True,8,273,4,2,2,chelsea stevens excels at any goal set before her she is a fast learner and enjoys taking on higherresponsibility task she is a valued member of her team and is friendly with everyone she cheer on her team when they do well and encourages them when they need help,validation,Category 9: Star,High Performance,High Potential,Positive Feedback,Work Culture,Team Collaboration,Positive Feedback,Work Culture
658,Emilie Carroll,"Category 9: 'Star' (High performance, High potential)",Emilie Carroll is one of the best workers at the company as she embodies our company mission and turns in flawless work. She is never late and contributes to every group discussion. She has been promoted twice and shows potential to keep climbing the ladder. She is loved by her co-workers and her supervisors trust her with detailed and time sensitive projects. She rarely makes mistakes and when she does she immediately fixes them to the best of her ability.,False,False,8,461,5,2,2,emilie carroll is one of the best worker at the company a she embodies our company mission and turn in flawless work she is never late and contributes to every group discussion she ha been promoted twice and show potential to keep climbing the ladder she is loved by her coworkers and her supervisor trust her with detailed and time sensitive project she rarely make mistake and when she doe she immediately fix them to the best of her ability,validation,Category 9: Star,High Performance,High Potential,Positive Feedback,Career Growth,Attendance / Punctuality; Leadership Potential,Positive Feedback,Work Culture
20024,Allan Logan,"Category 9: 'Star' (High performance, High potential)",Allan Logan touches anything and it turns to gold. Nothing but the most capable hand in the team. He has shown he can achieve what many would dream of. Overall his capability has been an asset and a beacon of expertise.,True,True,8,219,4,2,2,allan logan touch anything and it turn to gold nothing but the most capable hand in the team he ha shown he can achieve what many would dream of overall his capability ha been an asset and a beacon of expertise,validation,Category 9: Star,High Performance,High Potential,Positive Feedback,Work Culture,Team Collaboration,Neutral Feedback,Work Culture
20051,Lacey Howard,"Category 1: 'Risk' (Low performance, Low potential)","Lacey's performance has been sub standard in the past 3 months. She tries to take up too many tasks at the same time without realizing that she is yet to master the art of multitasking. Although she has delivered some results, they are much less than what her peers are able to achieve, given the exact same situation. Unless she improves a lot by taking advantage of a collaborative team, she may not be able to add any value to the business or worse, to herself.",True,True,0,464,4,0,0,laceys performance ha been sub standard in the past 3 month she try to take up too many task at the same time without realizing that she is yet to master the art of multitasking although she ha delivered some result they are much le than what her peer are able to achieve given the exact same situation unless she improves a lot by taking advantage of a collaborative team she may not be able to add any value to the business or worse to herself,test,Category 1: Risk,Low Performance,Low Potential,Negative Feedback,Work Culture,Performance Quality; Skill Gap; Team Collaboration,Negative Feedback,Work Culture
20214,Jon Fischer,"Category 1: 'Risk' (Low performance, Low potential)","Jon Fischer has not been instrumental so far at his job. He has little to offer when achieving goals. We do not see promise yet in his work. That being said, he could also do with being more punctual with his assignments.",False,True,0,221,4,0,0,jon fischer ha not been instrumental so far at his job he ha little to offer when achieving goal we do not see promise yet in his work that being said he could also do with being more punctual with his assignment,test,Category 1: Risk,Low Performance,Low Potential,Negative Feedback,Work Culture,Attendance / Punctuality,Neutral Feedback,Work Culture
20213,Jon Fischer,"Category 1: 'Risk' (Low performance, Low potential)",Jon fisher is a disappointment. Lazy and complains about everything. He will not move on in life like this. Very mediocre type of worker.,False,True,0,137,4,0,0,jon fisher is a disappointment lazy and complains about everything he will not move on in life like this very mediocre type of worker,test,Category 1: Risk,Low Performance,Low Potential,Negative Feedback,Work Culture,General Employee Feedback,Negative Feedback,Work Culture
20212,Jon Fischer,"Category 1: 'Risk' (Low performance, Low potential)","Jon has been really difficult to work with for the last couple of quarters. He had missed the security audit completely which led to a straight rejection from the customer, affecting our rating and reviews. He arrives late, has extended breaks and leaves early. If Jon doesn't get his act straight, we definitely need to release him.",False,True,0,333,4,0,0,jon ha been really difficult to work with for the last couple of quarter he had missed the security audit completely which led to a straight rejection from the customer affecting our rating and review he arrives late ha extended break and leaf early if jon doesnt get his act straight we definitely need to release him,test,Category 1: Risk,Low Performance,Low Potential,Negative Feedback,Work Culture,Attendance / Punctuality,Negative Feedback,Work Culture
20186,Johanna Duke,"Category 1: 'Risk' (Low performance, Low potential)","Despite Johanna Duke appearing to be a capable and promising employee, Duke has show to be incapable of keeping a steady level of work ethic. Duke's wish to finish work so that is done, not completed as it should be. Duke should consider the possibility of focusing more on a standard of work that is required of us all. Duke seems to view this job as a paycheck, nothing more.",True,True,0,377,4,0,0,despite johanna duke appearing to be a capable and promising employee duke ha show to be incapable of keeping a steady level of work ethic duke wish to finish work so that is done not completed a it should be duke should consider the possibility of focusing more on a standard of work that is required of u all duke seems to view this job a a paycheck nothing more,test,Category 1: Risk,Low Performance,Low Potential,Negative Feedback,Work Culture,General Employee Feedback,Neutral Feedback,Work Culture
20173,Valeria Crane,"Category 1: 'Risk' (Low performance, Low potential)",Valeria Crane has shown little in her work to amaze. So far it has been of a level below standard. We have not seen a consistent member of the team. Undertaking tasks has been a poor turn out so far from Valeria.,False,True,0,212,4,0,0,valeria crane ha shown little in her work to amaze so far it ha been of a level below standard we have not seen a consistent member of the team undertaking task ha been a poor turn out so far from valeria,test,Category 1: Risk,Low Performance,Low Potential,Negative Feedback,Work Culture,Team Collaboration,Neutral Feedback,Work Culture
20172,Valeria Crane,"Category 1: 'Risk' (Low performance, Low potential)",Valeria Crane is a hazard in our team. She has shown no signs of reliability. She is difficult to work with and does not seem motivated. Valeria needs a lot of guidance to complete tasks.,False,True,0,187,4,0,0,valeria crane is a hazard in our team she ha shown no sign of reliability she is difficult to work with and doe not seem motivated valeria need a lot of guidance to complete task,test,Category 1: Risk,Low Performance,Low Potential,Negative Feedback,Work Culture,Leadership Potential; Team Collaboration,Negative Feedback,Work Culture
20170,Valeria Crane,"Category 1: 'Risk' (Low performance, Low potential)","To simply but, Valeria is currently ranked last in the customer service leaderboard, having missed some basic but important sales target and slacking off at work. She is constantly on her phone to the point where we had to bar the use of phones within the office, causing inconvenience to genuine team members. I am afraid, unless she improves, she may be counting her last few weeks in this company.",False,True,0,400,3,0,0,to simply but valeria is currently ranked last in the customer service leaderboard having missed some basic but important sale target and slacking off at work she is constantly on her phone to the point where we had to bar the use of phone within the office causing inconvenience to genuine team member i am afraid unless she improves she may be counting her last few week in this company,test,Category 1: Risk,Low Performance,Low Potential,Negative Feedback,Work Culture,Team Collaboration,Negative Feedback,Work Culture
20141,Zoe White,"Category 1: 'Risk' (Low performance, Low potential)",Zoe performs work for our team. The quality of her work is usually of moderate quality. When her work is not of moderate quality it is of poor quality. She needs to seek the advice of her team to improve her work output.,True,True,0,220,4,0,0,zoe performs work for our team the quality of her work is usually of moderate quality when her work is not of moderate quality it is of poor quality she need to seek the advice of her team to improve her work output,test,Category 1: Risk,Low Performance,Low Potential,Negative Feedback,Work Culture,Performance Quality; Team Collaboration,Negative Feedback,Work Culture
20133,Bryan Murray,"Category 1: 'Risk' (Low performance, Low potential)",Bryan has not met the level of delivery standards expected of him. It has only been exacerbated by his relatively low domain knowledge he possesses. He definitely needs to work a lot harder to sharpen his domain skills which can complement is core technical competencies. He does have a helpful senior team from which he can learn a lot from.,True,True,0,342,4,0,0,bryan ha not met the level of delivery standard expected of him it ha only been exacerbated by his relatively low domain knowledge he posse he definitely need to work a lot harder to sharpen his domain skill which can complement is core technical competency he doe have a helpful senior team from which he can learn a lot from,test,Category 1: Risk,Low Performance,Low Potential,Negative Feedback,Career Growth,Skill Gap; Team Collaboration,Negative Feedback,Work Culture
20130,Brayden Harding,"Category 1: 'Risk' (Low performance, Low potential)",Brayden Harding is worrisome to say the least. He has no effort in his work or his ability to even show up to work. He is not in my opinion worth the time. There is no redeeming quality in him as far as our industry is concerned.,False,True,0,229,4,0,0,brayden harding is worrisome to say the least he ha no effort in his work or his ability to even show up to work he is not in my opinion worth the time there is no redeeming quality in him a far a our industry is concerned,test,Category 1: Risk,Low Performance,Low Potential,Negative Feedback,Work Culture,Performance Quality,Negative Feedback,Work Culture
20129,Brayden Harding,"Category 1: 'Risk' (Low performance, Low potential)","Brayden has shown zero initiative in the last few weeks to help the team achieve the deadline. Given the current situation, all members are putting in extra hours to service customers.  Meanwhile Brayden ignores all physical distancing measures and attends social gathering with his friends. His careless act puts other associates in danger and he has already been issued a warning. If he continues his lethargic behaviour, he is in real danger of losing this job.",False,True,0,464,5,0,0,brayden ha shown zero initiative in the last few week to help the team achieve the deadline given the current situation all member are putting in extra hour to service customer meanwhile brayden ignores all physical distancing measure and attends social gathering with his friend his careless act put other associate in danger and he ha already been issued a warning if he continues his lethargic behaviour he is in real danger of losing this job,test,Category 1: Risk,Low Performance,Low Potential,Negative Feedback,Work Culture,Team Collaboration,Negative Feedback,Work Culture
20171,Valeria Crane,"Category 1: 'Risk' (Low performance, Low potential)","Valeria is considered a risk. She has not been performing up to required standards. We have tried working with her to improve and there has not been any improvement. More testing will be required, but I would not recommend for personal advancement until noticeable and consistent improvement from management.",False,True,0,308,4,0,0,valeria is considered a risk she ha not been performing up to required standard we have tried working with her to improve and there ha not been any improvement more testing will be required but i would not recommend for personal advancement until noticeable and consistent improvement from management,test,Category 1: Risk,Low Performance,Low Potential,Negative Feedback,Career Growth,General Employee Feedback,Negative Feedback,Work Culture
20127,Brayden Harding,"Category 1: 'Risk' (Low performance, Low potential)",Brayden has been a member of our team for some time now. He has shown himself to be ineffective in the areas pertaining to his role. He does not show an aptitude for the work. He also shows no aptitude for building relationships with other team members.,False,True,0,253,4,0,0,brayden ha been a member of our team for some time now he ha shown himself to be ineffective in the area pertaining to his role he doe not show an aptitude for the work he also show no aptitude for building relationship with other team member,test,Category 1: Risk,Low Performance,Low Potential,Negative Feedback,Work Culture,Team Collaboration,Neutral Feedback,Work Culture
20128,Brayden Harding,"Category 1: 'Risk' (Low performance, Low potential)",Brayden has been a hassle in the office. His lack of speed and work capability has put the whole office backed up to pick up the slack. He has much to improve on and I do not think this is the best position for Brayden. His lack of willingness to work has put a burden on us all.,False,True,0,279,4,0,0,brayden ha been a hassle in the office his lack of speed and work capability ha put the whole office backed up to pick up the slack he ha much to improve on and i do not think this is the best position for brayden his lack of willingness to work ha put a burden on u all,test,Category 1: Risk,Low Performance,Low Potential,Negative Feedback,Work Culture,General Employee Feedback,Negative Feedback,Work Culture
20058,Amy Jones,"Category 1: 'Risk' (Low performance, Low potential)",Amy Jones is a nice person and she is dedicated in her work but she is more of a hard worker. She is one of the inconsistent with her work. She lack some potential that leads to some low performance. She needs to concentrate more in the work to achieve great things.,True,True,0,266,4,0,0,amy jones is a nice person and she is dedicated in her work but she is more of a hard worker she is one of the inconsistent with her work she lack some potential that lead to some low performance she need to concentrate more in the work to achieve great thing,test,Category 1: Risk,Low Performance,Low Potential,Negative Feedback,Work Culture,Performance Quality; Leadership Potential,Negative Feedback,Career Growth
20059,Amy Jones,"Category 1: 'Risk' (Low performance, Low potential)",Amy Jones needs to become a better player. She goes threw a lot of up and downs. Her performance needs some work. It seems that she may have reached her full growth as a player.,True,True,0,177,4,0,0,amy jones need to become a better player she go threw a lot of up and down her performance need some work it seems that she may have reached her full growth a a player,test,Category 1: Risk,Low Performance,Low Potential,Negative Feedback,Career Growth,Performance Quality; Career Growth,Negative Feedback,Career Growth
20060,Amy Jones,"Category 1: 'Risk' (Low performance, Low potential)","Amy is able to focus on the task at hand only in short bursts of time. This continuous partial attention without long time focus is taking a huge toll on her output affecting delivery timelines. She should focus on speed and accuracy but balance both. With her, it's either fast output with lots of errors or defect free output that is delivered late by a day or two.",True,True,0,367,4,0,0,amy is able to focus on the task at hand only in short burst of time this continuous partial attention without long time focus is taking a huge toll on her output affecting delivery timeline she should focus on speed and accuracy but balance both with her it either fast output with lot of error or defect free output that is delivered late by a day or two,test,Category 1: Risk,Low Performance,Low Potential,Negative Feedback,Work Culture,Attendance / Punctuality; Performance Quality,Negative Feedback,Work Culture
20085,Rylan Mack,"Category 1: 'Risk' (Low performance, Low potential)",Rylan Mack is a danger to his position. He has shown recklessness and apathy in his ability to complete tasks. He does not work well in a team setting. Mr. Mack shows no motivation and I suggest he be moved out of our department.,False,True,0,229,5,0,0,rylan mack is a danger to his position he ha shown recklessness and apathy in his ability to complete task he doe not work well in a team setting mr mack show no motivation and i suggest he be moved out of our department,test,Category 1: Risk,Low Performance,Low Potential,Negative Feedback,Work Culture,Team Collaboration,Negative Feedback,Work Culture
20057,Amy Jones,"Category 1: 'Risk' (Low performance, Low potential)","Amy struggles at her work a lot. Shes always off task and late for work. If she could overcome that, she may have a chance of making a better career.  But overall she needs a lot of work",True,True,0,186,3,0,0,amy struggle at her work a lot shes always off task and late for work if she could overcome that she may have a chance of making a better career but overall she need a lot of work,test,Category 1: Risk,Low Performance,Low Potential,Negative Feedback,Work Culture,Attendance / Punctuality; Career Growth,Negative Feedback,Work Culture
20088,Rylan Mack,"Category 1: 'Risk' (Low performance, Low potential)","Ryan Mack is the worst. No one here is going to tell you a single thing good that he can do. The simplest of tasks leave him confused and needing help, that is to say if he even shows up for work. The time and money invested in him could be better used elsewhere.",False,True,0,263,4,0,0,ryan mack is the worst no one here is going to tell you a single thing good that he can do the simplest of task leave him confused and needing help that is to say if he even show up for work the time and money invested in him could be better used elsewhere,test,Category 1: Risk,Low Performance,Low Potential,Negative Feedback,Work Culture,General Employee Feedback,Negative Feedback,Work Culture
20099,Blake Booth,"Category 1: 'Risk' (Low performance, Low potential)","For the past quarter, Blake has had tremendous opportunities to showcase his abilities and prove his worth to the management, but sadly, he has let the opportunity go begging. He failed in the most basic customer satisfaction surveys which shows that his customers are not at all happy with the service he is providing. Although, he has managed to retain some customers, he has not been able to add any new customers to his portfolio. He should really improve his consistency in his results to be considered for better benefits and roles.",True,True,0,538,4,0,0,for the past quarter blake ha had tremendous opportunity to showcase his ability and prove his worth to the management but sadly he ha let the opportunity go begging he failed in the most basic customer satisfaction survey which show that his customer are not at all happy with the service he is providing although he ha managed to retain some customer he ha not been able to add any new customer to his portfolio he should really improve his consistency in his result to be considered for better benefit and role,test,Category 1: Risk,Low Performance,Low Potential,Negative Feedback,Work Culture,Performance Quality; Career Growth; Salary & Benefits,Neutral Feedback,Work Culture
20100,Blake Booth,"Category 1: 'Risk' (Low performance, Low potential)","Blake Booth is a haphazard worker. He does not show a excitement for his tasks. He often shows signs of laziness and underperforms regularly. He does, however, show some signs of possible improvement for the future.",True,True,0,215,4,0,0,blake booth is a haphazard worker he doe not show a excitement for his task he often show sign of laziness and underperforms regularly he doe however show some sign of possible improvement for the future,test,Category 1: Risk,Low Performance,Low Potential,Negative Feedback,Career Growth,Leadership Potential,Negative Feedback,Career Growth
20126,Brayden Harding,"Category 1: 'Risk' (Low performance, Low potential)",Brayden Harding is undoubtedly a shallow member of the team in contrast to the more well equipped. The level at which he works is not to a good standard. We have yet to see better work from him. So far it is less than satisfactory.,False,True,0,231,4,0,0,brayden harding is undoubtedly a shallow member of the team in contrast to the more well equipped the level at which he work is not to a good standard we have yet to see better work from him so far it is le than satisfactory,test,Category 1: Risk,Low Performance,Low Potential,Negative Feedback,Work Culture,Team Collaboration,Neutral Feedback,Work Culture
20087,Rylan Mack,"Category 1: 'Risk' (Low performance, Low potential)","Rylan's miserable run continues this quarter as well. He has not been able to achieve a single target. In fact, he had done the opposite by losing some key customer accounts due to improper response. I am afraid we need to take a hard stance on Rylan's future with this organization. Unless of course, he realizes his work ethics or lack a lack thereof and does something about it on an urgent basis.",False,True,0,400,5,0,0,rylans miserable run continues this quarter a well he ha not been able to achieve a single target in fact he had done the opposite by losing some key customer account due to improper response i am afraid we need to take a hard stance on rylans future with this organization unless of course he realizes his work ethic or lack a lack thereof and doe something about it on an urgent basis,test,Category 1: Risk,Low Performance,Low Potential,Negative Feedback,Work Culture,Leadership Potential,Negative Feedback,Work Culture
20149,Niamh Walsh,"Category 2: 'Average performer' (Moderate performance, Low potential)","Niamh's performance has been average for the ongoing appraisal cycle. While he has delivered some key components, he has not been able to optimize his solutions and make it performant. When dealing with such scale of data, he needs to focus on solid programming patterns to deliver best results. He definitely needs to work a lot harder in order to catch up with his team mates, who are much better in writing optimal solutions.",True,True,1,428,4,1,0,niamhs performance ha been average for the ongoing appraisal cycle while he ha delivered some key component he ha not been able to optimize his solution and make it performant when dealing with such scale of data he need to focus on solid programming pattern to deliver best result he definitely need to work a lot harder in order to catch up with his team mate who are much better in writing optimal solution,test,Category 2: Average Performer,Medium Performance,Low Potential,Neutral Feedback,Work Culture,Performance Quality; Team Collaboration,Negative Feedback,Work Culture
20174,Ella Powers,"Category 2: 'Average performer' (Moderate performance, Low potential)","Ella has done a satisfactory job this quarter. She has been able to get by with her work, however, I think there is much room for improvement. I expect more out of her and she should be able to improve her quality and speed of work for the next quarter. When Ella was brought on I was originally expecting more from her and will push her to do so.",True,True,1,347,4,1,0,ella ha done a satisfactory job this quarter she ha been able to get by with her work however i think there is much room for improvement i expect more out of her and she should be able to improve her quality and speed of work for the next quarter when ella wa brought on i wa originally expecting more from her and will push her to do so,test,Category 2: Average Performer,Medium Performance,Low Potential,Neutral Feedback,Work Culture,Performance Quality,Neutral Feedback,Work Culture
20175,Ella Powers,"Category 2: 'Average performer' (Moderate performance, Low potential)","Ella's performance has been just about at par with the industry standards. She has shown initiative in certain areas but shows little motivation when presented a challenging assignment. Ella needs assistance of others when we expect her to be on her own. Of course, she can sign up for our coaching program to improve herself based on this feedback.",True,True,1,349,4,1,0,ellas performance ha been just about at par with the industry standard she ha shown initiative in certain area but show little motivation when presented a challenging assignment ella need assistance of others when we expect her to be on her own of course she can sign up for our coaching program to improve herself based on this feedback,test,Category 2: Average Performer,Medium Performance,Low Potential,Neutral Feedback,Career Growth,Communication; Performance Quality,Neutral Feedback,Work Culture
20179,Regan Rhodes,"Category 2: 'Average performer' (Moderate performance, Low potential)","Regan is not at all a bad employee first off. He works hard, he is consistent, and his quality of work is always where it needs to be. However he is somewhat stubborn and complacent in his ways. I believe his potential for evolution in the industry is poor. I see him falling behind over time if he doesn't figure out how to evolve with the industry.",True,True,1,350,5,1,0,regan is not at all a bad employee first off he work hard he is consistent and his quality of work is always where it need to be however he is somewhat stubborn and complacent in his way i believe his potential for evolution in the industry is poor i see him falling behind over time if he doesnt figure out how to evolve with the industry,test,Category 2: Average Performer,Medium Performance,Low Potential,Neutral Feedback,Work Culture,Performance Quality; Leadership Potential,Negative Feedback,Work Culture
20216,Talon Miller,"Category 2: 'Average performer' (Moderate performance, Low potential)","Mr. Miller has been with the company over 4 weeks now, and we have found his performance to be average. Although Mr. Miller arrives at work on time, he frequently arrives unprepared to start before taking at least 20 minutes in the rest room each morning. After lunch he insists on taking a nap in his car. Mr. Miller has been rude to customers and has failed to follow instructions for the most basic tasks pertaining to his job.  If not for his big smile and warm way of talking to customers, we would have fired him last week.",True,True,1,529,8,1,0,mr miller ha been with the company over 4 week now and we have found his performance to be average although mr miller arrives at work on time he frequently arrives unprepared to start before taking at least 20 minute in the rest room each morning after lunch he insists on taking a nap in his car mr miller ha been rude to customer and ha failed to follow instruction for the most basic task pertaining to his job if not for his big smile and warm way of talking to customer we would have fired him last week,test,Category 2: Average Performer,Medium Performance,Low Potential,Neutral Feedback,Work Culture,Performance Quality,Negative Feedback,Work Culture
20227,Ivan Reese,"Category 2: 'Average performer' (Moderate performance, Low potential)","Ivan Reese is a member of our research and development team in the wound product department. He has some brilliant, out-of-the-box ideas every now and then during team meetings, but sometimes he struggles to follow through with them or complete his assigned tasks. With rich experience in research and the health sciences, Ivan as the tools to contribute valuably and indispensably to a few of our next-generation product lines, but I'm not entirely sure what I can expect based on his record this quarter. Struggling to make decent progress on some of his research efforts, I hope he can pull through.",True,True,1,602,4,1,0,ivan reese is a member of our research and development team in the wound product department he ha some brilliant outofthebox idea every now and then during team meeting but sometimes he struggle to follow through with them or complete his assigned task with rich experience in research and the health science ivan a the tool to contribute valuably and indispensably to a few of our nextgeneration product line but im not entirely sure what i can expect based on his record this quarter struggling to make decent progress on some of his research effort i hope he can pull through,test,Category 2: Average Performer,Medium Performance,Low Potential,Neutral Feedback,Career Growth,Skill Gap; Team Collaboration; Career Growth,Neutral Feedback,Work Culture
20219,Talon Miller,"Category 2: 'Average performer' (Moderate performance, Low potential)","Talon is fairly effective at managing his workload. He has been a consistent team member. Though, he has not sought help to achieve better results. He is not one of our rising stars.",False,True,1,182,4,1,0,talon is fairly effective at managing his workload he ha been a consistent team member though he ha not sought help to achieve better result he is not one of our rising star,test,Category 2: Average Performer,Medium Performance,Low Potential,Neutral Feedback,Work Culture,Performance Quality; Team Collaboration,Neutral Feedback,Work Culture
20231,Seamus Noble,"Category 2: 'Average performer' (Moderate performance, Low potential)","Seamus is a good team player. He does not perform high or low, nor does he lack motivation. He is more of a reliable team member. You can count on him to show up and do his work well, but it's nothing spectacular. Still, he does indeed get the job done and his output is satisfactory.",True,True,1,284,5,1,0,seamus is a good team player he doe not perform high or low nor doe he lack motivation he is more of a reliable team member you can count on him to show up and do his work well but it nothing spectacular still he doe indeed get the job done and his output is satisfactory,test,Category 2: Average Performer,Medium Performance,Low Potential,Neutral Feedback,Work Culture,Team Collaboration,Neutral Feedback,Work Culture
20232,Seamus Noble,"Category 2: 'Average performer' (Moderate performance, Low potential)","Seamus Noble has shown improvements throughout the year.  He started out slowly by falling behind on projects, but was able to meet expectations by the end of the project, although he did not add anything special to the project.  He has shown the capability to be consistent in his work without really showing the aptitude to become a star player.  This appears to be the limits of Seamus' work ability at this present moment.",True,True,1,426,4,1,0,seamus noble ha shown improvement throughout the year he started out slowly by falling behind on project but wa able to meet expectation by the end of the project although he did not add anything special to the project he ha shown the capability to be consistent in his work without really showing the aptitude to become a star player this appears to be the limit of seamus work ability at this present moment,test,Category 2: Average Performer,Medium Performance,Low Potential,Neutral Feedback,Work Culture,General Employee Feedback,Negative Feedback,Work Culture
20053,Ella Green,"Category 2: 'Average performer' (Moderate performance, Low potential)",Ella Green has been proving herself in her task finishing. The aparent lack in talent is not to be mocked. She is able to partake in tasks and pull out very commendable work. ,True,True,1,175,3,1,0,ella green ha been proving herself in her task finishing the aparent lack in talent is not to be mocked she is able to partake in task and pull out very commendable work,test,Category 2: Average Performer,Medium Performance,Low Potential,Neutral Feedback,Work Culture,General Employee Feedback,Neutral Feedback,Work Culture
20217,Talon Miller,"Category 2: 'Average performer' (Moderate performance, Low potential)","I am writing today to provide feedback on my colleague, Talon Miller. Mr. Miller performs adequately at his job in the lab and completes the duties assigned to him. However, the quality of his work lacks.",False,True,1,204,4,1,0,i am writing today to provide feedback on my colleague talon miller mr miller performs adequately at his job in the lab and completes the duty assigned to him however the quality of his work lack,test,Category 2: Average Performer,Medium Performance,Low Potential,Neutral Feedback,Work Culture,Communication; Performance Quality,Positive Feedback,Work Culture
20135,Bryan Murray,"Category 2: 'Average performer' (Moderate performance, Low potential)","the student Murray does not have great abilities,  it is a problem really his qualities have not been revealed and he has many complaints from the teachers,  however he almost always passes his subjects after struggles and discussions  he can improve if you put your mind to it",True,True,1,277,1,1,0,the student murray doe not have great ability it is a problem really his quality have not been revealed and he ha many complaint from the teacher however he almost always pass his subject after struggle and discussion he can improve if you put your mind to it,test,Category 2: Average Performer,Medium Performance,Low Potential,Neutral Feedback,Career Growth,General Employee Feedback,Negative Feedback,Work Culture
20075,Milania Hodge,"Category 2: 'Average performer' (Moderate performance, Low potential)","Milania has worked very hard to get to where she is now. We are very impressed by her time management. However, she seems to get distracted easily by her team mates, and it has an affect on her work. There have been three occasions where her reports had a few large spelling errors and wrong numbers. Thankfully, it was fixed immediately. Maybe she needs to spend more time proofreading her work, but nonetheless, she has a great work ethic.",True,True,1,441,6,1,0,milania ha worked very hard to get to where she is now we are very impressed by her time management however she seems to get distracted easily by her team mate and it ha an affect on her work there have been three occasion where her report had a few large spelling error and wrong number thankfully it wa fixed immediately maybe she need to spend more time proofreading her work but nonetheless she ha a great work ethic,test,Category 2: Average Performer,Medium Performance,Low Potential,Neutral Feedback,Work Culture,Team Collaboration,Negative Feedback,Work Culture
20132,Bryan Murray,"Category 2: 'Average performer' (Moderate performance, Low potential)","Bryan Murray has not shown his talent so far. Yet, he has shown he can work hard and provide good quality material. He has shown without great ability that he can succeed. His average work has always been consistent.",False,True,1,216,4,1,0,bryan murray ha not shown his talent so far yet he ha shown he can work hard and provide good quality material he ha shown without great ability that he can succeed his average work ha always been consistent,test,Category 2: Average Performer,Medium Performance,Low Potential,Neutral Feedback,Work Culture,Performance Quality,Neutral Feedback,Work Culture
20134,Bryan Murray,"Category 2: 'Average performer' (Moderate performance, Low potential)",Mr. Murray does good work. He stays on task but at the same time gives the same amount of effort. Mr. Murray is best where he is at now. I dont see him in the future as a leader or an rising star. He good for only the basics,False,True,1,224,6,1,0,mr murray doe good work he stay on task but at the same time give the same amount of effort mr murray is best where he is at now i dont see him in the future a a leader or an rising star he good for only the basic,test,Category 2: Average Performer,Medium Performance,Low Potential,Neutral Feedback,Career Growth,Leadership Potential,Negative Feedback,Work Culture
20016,Noah Poole,"Category 2: 'Average performer' (Moderate performance, Low potential)",Noah Poole's work outpit is hit or miss.   Noah possesses skills needed to perform at a mid level output. Noah lacks the motivation and drive to attain the next level.  Noah should focus on critical thinking skills this quarter.,True,True,1,228,4,1,0,noah pooles work outpit is hit or miss noah posse skill needed to perform at a mid level output noah lack the motivation and drive to attain the next level noah should focus on critical thinking skill this quarter,test,Category 2: Average Performer,Medium Performance,Low Potential,Neutral Feedback,Career Growth,Skill Gap,Positive Feedback,Work Culture
20020,Max Miller,"Category 2: 'Average performer' (Moderate performance, Low potential)",Max is a good worker. Always does his task without question. He maybe a good leader one day if he wants that. But intel then hes fine where he is.,True,True,1,146,4,1,0,max is a good worker always doe his task without question he maybe a good leader one day if he want that but intel then he fine where he is,test,Category 2: Average Performer,Medium Performance,Low Potential,Neutral Feedback,Career Growth,Leadership Potential,Neutral Feedback,Career Growth
20050,Lacey Howard,"Category 2: 'Average performer' (Moderate performance, Low potential)",Lacey Howard has been a valuable employee of this company for several years. She has consistently maintained the same level of quality in her work without issue or complaint. Ms. Howard's commitment has been instrumental in furthering the mission of our company and we admire her decision to remain in her capacity.,False,True,1,315,4,1,0,lacey howard ha been a valuable employee of this company for several year she ha consistently maintained the same level of quality in her work without issue or complaint m howard commitment ha been instrumental in furthering the mission of our company and we admire her decision to remain in her capacity,test,Category 2: Average Performer,Medium Performance,Low Potential,Neutral Feedback,Work Culture,Performance Quality,Positive Feedback,Work Culture
20065,Georgia Rogers,"Category 2: 'Average performer' (Moderate performance, Low potential)","Georgia could always be relied upon to deliver what is expected of her. The team appreciated Georgia's presence and perceived her as a solid performer without significant deviations from her job description. The feedback from one of Georgia's recent projects is that she performed in accordance with the requirements, but the feedback did not provide any special achievements that would go beyond Georgia's normal duties. The company has made it clear that all staff members should think about their professional development. Georgia has not proactively provided her own professional outlook.",True,True,1,592,5,1,0,georgia could always be relied upon to deliver what is expected of her the team appreciated georgia presence and perceived her a a solid performer without significant deviation from her job description the feedback from one of georgia recent project is that she performed in accordance with the requirement but the feedback did not provide any special achievement that would go beyond georgia normal duty the company ha made it clear that all staff member should think about their professional development georgia ha not proactively provided her own professional outlook,test,Category 2: Average Performer,Medium Performance,Low Potential,Neutral Feedback,Management Issues,Communication; Performance Quality; Skill Gap; Team Collaboration,Positive Feedback,Work Culture
20015,Noah Poole,"Category 2: 'Average performer' (Moderate performance, Low potential)","Noah Poole was hired on board this past January to improve the designs of our sports product line. Being an athlete himself with a few years of product design and graphic design experience, he has the knowledge to take product designs through from beginning to end. He's exemplified this through his ideas and reasoning in multiple meetings. But, I have noticed he has struggle to get things started on some of these interesting, ingenious designs he's voice. Either that, or he does follow through to completion. I wish him well in his projects and hope he improves upon his record from this quarter.",True,True,1,601,6,1,0,noah poole wa hired on board this past january to improve the design of our sport product line being an athlete himself with a few year of product design and graphic design experience he ha the knowledge to take product design through from beginning to end he exemplified this through his idea and reasoning in multiple meeting but i have noticed he ha struggle to get thing started on some of these interesting ingenious design he voice either that or he doe follow through to completion i wish him well in his project and hope he improves upon his record from this quarter,test,Category 2: Average Performer,Medium Performance,Low Potential,Neutral Feedback,Career Growth,General Employee Feedback,Positive Feedback,Work Culture
20091,Alisa Stark,"Category 2: 'Average performer' (Moderate performance, Low potential)",Alisa Stark is a good work and can complete the mission along with her peers.  Currently Alisa potential has a-lot to build among.  She may lack self motivation to get the task accomplished on her own.  Performance goals with in the office need to be taken to the next level and at this time she has not delivered expected,False,True,1,322,3,1,0,alisa stark is a good work and can complete the mission along with her peer currently alisa potential ha alot to build among she may lack self motivation to get the task accomplished on her own performance goal with in the office need to be taken to the next level and at this time she ha not delivered expected,test,Category 2: Average Performer,Medium Performance,Low Potential,Neutral Feedback,Work Culture,Performance Quality; Leadership Potential; Team Collaboration,Negative Feedback,Work Culture
20093,Alisa Stark,"Category 2: 'Average performer' (Moderate performance, Low potential)","Throughout my time working with Alisa Stark, I have made a couple of observations. I believe that due to Alisa's lack of knowledge, she is unable to make creative useful strategies. But, her years of experience certainly have an impact on her ability to perform and submit things on time. Alisa's skills have allowed her to complete her responsibilities but does not aid in the innovation sector.",False,True,1,396,4,1,0,throughout my time working with alisa stark i have made a couple of observation i believe that due to alisas lack of knowledge she is unable to make creative useful strategy but her year of experience certainly have an impact on her ability to perform and submit thing on time alisas skill have allowed her to complete her responsibility but doe not aid in the innovation sector,test,Category 2: Average Performer,Medium Performance,Low Potential,Neutral Feedback,Career Growth,Skill Gap,Negative Feedback,Work Culture
20094,Alisa Stark,"Category 2: 'Average performer' (Moderate performance, Low potential)",Alisa Stark is an average performer in all tasks asked of her. She only does what is asked of her. She doesn't look around to see if anything else can be done.,True,True,1,159,3,1,0,alisa stark is an average performer in all task asked of her she only doe what is asked of her she doesnt look around to see if anything else can be done,test,Category 2: Average Performer,Medium Performance,Low Potential,Neutral Feedback,Work Culture,General Employee Feedback,Neutral Feedback,Work Culture
20096,Ashton Owen,"Category 2: 'Average performer' (Moderate performance, Low potential)","Ashton Owen's proven to a be a capable worker and always delivers when needed. But, a desire for a higher paying position with more responsibility does not appear present. While his work ethic is there, he will need to improve on his knowledge base and/or experience. If he wishes to receive a promotion, Owen must prove he will be an asset to a higher responsibility position.",True,True,1,377,4,1,0,ashton owen proven to a be a capable worker and always delivers when needed but a desire for a higher paying position with more responsibility doe not appear present while his work ethic is there he will need to improve on his knowledge base andor experience if he wish to receive a promotion owen must prove he will be an asset to a higher responsibility position,test,Category 2: Average Performer,Medium Performance,Low Potential,Neutral Feedback,Career Growth,Career Growth,Positive Feedback,Career Growth
20114,Dominic Wood,"Category 2: 'Average performer' (Moderate performance, Low potential)","Dominic is a good team player but tends to rely too much on others to complete his tasks. In other words, he struggles to convert his potential to tangible results and performance. He needs to roll up his sleeves and work on upgrading his skillsets. If not he may not find himself in the migration project.",True,True,1,306,4,1,0,dominic is a good team player but tends to rely too much on others to complete his task in other word he struggle to convert his potential to tangible result and performance he need to roll up his sleeve and work on upgrading his skillsets if not he may not find himself in the migration project,test,Category 2: Average Performer,Medium Performance,Low Potential,Neutral Feedback,Work Culture,Performance Quality; Leadership Potential; Team Collaboration,Neutral Feedback,Work Culture
20221,Deon Griffith,"Category 3: 'Solid Performer' (High performance, Low potential)","Deon had a great game. He saw the ice well, which resulted in two goals. However, his attitude and emotions continue to get the best of him, as he gets angry at the opposing team for nothing or at his teammates for not passing him the puck. If he wants to be team captain, he needs to keep himself in check and be more respectful to others. As it currently stands, I do not believe he will be team captain now or in the future.",False,True,2,427,5,2,0,deon had a great game he saw the ice well which resulted in two goal however his attitude and emotion continue to get the best of him a he get angry at the opposing team for nothing or at his teammate for not passing him the puck if he want to be team captain he need to keep himself in check and be more respectful to others a it currently stand i do not believe he will be team captain now or in the future,test,Category 3: Solid Performer,High Performance,Low Potential,Positive Feedback,Work Culture,Leadership Potential; Team Collaboration,Positive Feedback,Work Culture
20223,Deon Griffith,"Category 3: 'Solid Performer' (High performance, Low potential)","Elle works hard and is on time. She preforms tasks quickly. Elle is comprehensive and take direction. I see Elle trying her best in every situation. However she lacks the knowledge to move forward with the company despite her best efforts. She needs to go back to school in order to obtain the certifications were looking for. Although I am confident she would if she could, I know that Elle is not able to afford school full time without income. She is a great worker but will not be able to advance.",False,True,2,501,8,2,0,elle work hard and is on time she preforms task quickly elle is comprehensive and take direction i see elle trying her best in every situation however she lack the knowledge to move forward with the company despite her best effort she need to go back to school in order to obtain the certification were looking for although i am confident she would if she could i know that elle is not able to afford school full time without income she is a great worker but will not be able to advance,test,Category 3: Solid Performer,High Performance,Low Potential,Positive Feedback,Work Culture,General Employee Feedback,Positive Feedback,Work Culture
180,Bruno Johns,"Category 3: 'Solid Performer' (High performance, Low potential)",Bruno has been a great addition to our department. His product ideas are great probably due to his long experience in this field. He is a little bit arrogant about his views. He should be able to work as a team player otherwise he wont last long,True,True,2,245,3,2,0,bruno ha been a great addition to our department his product idea are great probably due to his long experience in this field he is a little bit arrogant about his view he should be able to work a a team player otherwise he wont last long,test,Category 3: Solid Performer,High Performance,Low Potential,Positive Feedback,Work Culture,Team Collaboration,Neutral Feedback,Work Culture
205,Conner Mcintyre,"Category 3: 'Solid Performer' (High performance, Low potential)","Conner Mcintyre follows directions very well, always gets the job done on time just as asked. However, he rarely goes above and beyond.
He will let others take the lead on projects. He does not ask many questions or seem to be interested in learning about things outside of his normal daily tasks.
I would not consider him for a leadership position until he starts to think outside of the box more, or begins to show initiative.",True,True,2,428,5,2,0,conner mcintyre follows direction very well always get the job done on time just a asked however he rarely go above and beyond he will let others take the lead on project he doe not ask many question or seem to be interested in learning about thing outside of his normal daily task i would not consider him for a leadership position until he start to think outside of the box more or begin to show initiative,test,Category 3: Solid Performer,High Performance,Low Potential,Positive Feedback,Career Growth,Skill Gap; Leadership Potential,Positive Feedback,Work Culture
234,Benjamin Roberts,"Category 3: 'Solid Performer' (High performance, Low potential)",Benjamin has continued to  improve his skill this quarter. He follows instructions accurately and has been improving the speed at which he completes tasks. Benjamin always takes the feedback of his coworkers and supervisors seriously and attempts to use the feedback to improve his job skills. I believe he will continue to excel at completing his duties.,True,True,2,355,4,2,0,benjamin ha continued to improve his skill this quarter he follows instruction accurately and ha been improving the speed at which he completes task benjamin always take the feedback of his coworkers and supervisor seriously and attempt to use the feedback to improve his job skill i believe he will continue to excel at completing his duty,test,Category 3: Solid Performer,High Performance,Low Potential,Positive Feedback,Career Growth,Communication; Skill Gap; Team Collaboration,Positive Feedback,Work Culture
254,Matthew Reid,"Category 3: 'Solid Performer' (High performance, Low potential)","He has an excellent commitment to his assignments. He delivers more than what has been expected from him.  His interest towards job is awful. But his development towards excellence and perfection is lagging.  For the future requirements, he is not sufficient.",False,True,2,259,5,2,0,he ha an excellent commitment to his assignment he delivers more than what ha been expected from him his interest towards job is awful but his development towards excellence and perfection is lagging for the future requirement he is not sufficient,test,Category 3: Solid Performer,High Performance,Low Potential,Positive Feedback,Career Growth,Skill Gap; Leadership Potential,Neutral Feedback,Work Culture
20182,Regan Rhodes,"Category 3: 'Solid Performer' (High performance, Low potential)",Regan Rhodes is a top quality employee. Regan shows resilience and a keen aptitude to the tasks set. What is lacking in talent is made up for in consistent productivity. We are very happy with Regan and the ability shown.,False,True,2,221,4,2,0,regan rhodes is a top quality employee regan show resilience and a keen aptitude to the task set what is lacking in talent is made up for in consistent productivity we are very happy with regan and the ability shown,test,Category 3: Solid Performer,High Performance,Low Potential,Positive Feedback,Work Culture,Performance Quality,Neutral Feedback,Work Culture
429,Angelica Peterson,"Category 3: 'Solid Performer' (High performance, Low potential)","Angelica Peterson was one of the faster workers I've ever seen. A workhorse with her mind on the daily grind. I don't think she minded working a lot of hours, putting the team on her back when she could. I would call her a great worker without the mind for leadership. In charge of herself she is great but incompatible as a leader.",True,True,2,332,5,2,0,angelica peterson wa one of the faster worker ive ever seen a workhorse with her mind on the daily grind i dont think she minded working a lot of hour putting the team on her back when she could i would call her a great worker without the mind for leadership in charge of herself she is great but incompatible a a leader,test,Category 3: Solid Performer,High Performance,Low Potential,Positive Feedback,Career Growth,Leadership Potential; Team Collaboration,Positive Feedback,Career Growth
487,David Kelly,"Category 3: 'Solid Performer' (High performance, Low potential)","I love assigning David work since it's a joy to see how creative he gets with client requests. He's absolutely nailed his last five projects this quarter and client feedback has consistently been positive. In fact, one of our firm's clients has said he never wants to work with any other firm as long as David works at ours! Unfortunately I only see incremental promotion opportunities for David since he often gets into conflicts with his colleagues, and without their support it will be difficult for him to advance far.",True,True,2,522,4,2,0,i love assigning david work since it a joy to see how creative he get with client request he absolutely nailed his last five project this quarter and client feedback ha consistently been positive in fact one of our firm client ha said he never want to work with any other firm a long a david work at ours unfortunately i only see incremental promotion opportunity for david since he often get into conflict with his colleague and without their support it will be difficult for him to advance far,test,Category 3: Solid Performer,High Performance,Low Potential,Positive Feedback,Career Growth,Communication; Career Growth,Positive Feedback,Work Culture
10011,Archie Dawson,"Category 3: 'Solid Performer' (High performance, Low potential)",Archie has demonstrated her hard working capabilities in the past quarter. She has performed a variety of tasks in large numbers. It's also noted that Archie has lacked the innovation required when it comes to large tasks. She has also found it difficult to adapt to new tools.,False,True,2,277,4,2,0,archie ha demonstrated her hard working capability in the past quarter she ha performed a variety of task in large number it also noted that archie ha lacked the innovation required when it come to large task she ha also found it difficult to adapt to new tool,test,Category 3: Solid Performer,High Performance,Low Potential,Positive Feedback,Work Culture,General Employee Feedback,Positive Feedback,Work Culture
250,Freya Price,"Category 3: 'Solid Performer' (High performance, Low potential)",Freya Price is a solid performer.  Freya is able to complete tasks in a timely manner and keep up with the work flow. Freya has more potential than she shows. She could use some help working with others.,True,True,2,203,4,2,0,freya price is a solid performer freya is able to complete task in a timely manner and keep up with the work flow freya ha more potential than she show she could use some help working with others,test,Category 3: Solid Performer,High Performance,Low Potential,Positive Feedback,Career Growth,Leadership Potential,Positive Feedback,Work Culture
20180,Regan Rhodes,"Category 3: 'Solid Performer' (High performance, Low potential)","Today I am writing to tell you about my findings when assessing Regan Rhodes performance with our company. The performance noted with his work is quite exceptional. When i looked I could see a great output but lack of motivation or drive to move further. So even though he is already very good at what he does, he is just a good solid employee that we shouldnt expect to rise in the company fast.",True,True,2,396,4,2,0,today i am writing to tell you about my finding when assessing regan rhodes performance with our company the performance noted with his work is quite exceptional when i looked i could see a great output but lack of motivation or drive to move further so even though he is already very good at what he doe he is just a good solid employee that we shouldnt expect to rise in the company fast,test,Category 3: Solid Performer,High Performance,Low Potential,Positive Feedback,Work Culture,Performance Quality,Positive Feedback,Work Culture
20097,Ashton Owen,"Category 3: 'Solid Performer' (High performance, Low potential)","Ashton has been performing really well for our project in the past few months. He has built the cart page from scratch and was able to deliver it within the stated deadline. However, he has trouble sharing his knowledge to team members and shows very little interest in team building activities. He needs to realize that team is always above any individual and work on his interpersonal and communication skills.",False,True,2,412,4,2,0,ashton ha been performing really well for our project in the past few month he ha built the cart page from scratch and wa able to deliver it within the stated deadline however he ha trouble sharing his knowledge to team member and show very little interest in team building activity he need to realize that team is always above any individual and work on his interpersonal and communication skill,test,Category 3: Solid Performer,High Performance,Low Potential,Positive Feedback,Work Culture,Communication; Performance Quality; Skill Gap; Team Collaboration,Negative Feedback,Work Culture
20159,Daisy Pearce,"Category 3: 'Solid Performer' (High performance, Low potential)","Daisy possess great skill-set and strong core competencies, but she is not able to use it to the best possible extent. She has been quite shy in coming forward and expressing her opinions and suggestions which I feel is important to make your mark especially in a startup. If she leverages our mentorship programs, she definitely can enhance her delivery quality.",True,True,2,363,3,2,0,daisy posse great skillset and strong core competency but she is not able to use it to the best possible extent she ha been quite shy in coming forward and expressing her opinion and suggestion which i feel is important to make your mark especially in a startup if she leverage our mentorship program she definitely can enhance her delivery quality,test,Category 3: Solid Performer,High Performance,Low Potential,Positive Feedback,Career Growth,Performance Quality; Skill Gap,Neutral Feedback,Career Growth
20052,Ella Green,"Category 3: 'Solid Performer' (High performance, Low potential)","Ella is hard worker to say the least. Always here and always putting in high quality work. I do believe though that she is somewhat robotic and complacent and she kind of ""is what she is."" Not necessarily bad however she is not a future CEO for sure.",False,True,2,250,4,2,0,ella is hard worker to say the least always here and always putting in high quality work i do believe though that she is somewhat robotic and complacent and she kind of is what she is not necessarily bad however she is not a future ceo for sure,test,Category 3: Solid Performer,High Performance,Low Potential,Positive Feedback,Work Culture,Performance Quality; Leadership Potential,Positive Feedback,Work Culture
20054,Ella Green,"Category 3: 'Solid Performer' (High performance, Low potential)","Ella Green is very good at her job but often doesn't take on new activities.  She is very skilled at the routine tasks of our job.  In her day to day functions, she moves very quickly and with high accuracy.  When faced with new challenges, she does not learn as quickly as others and requires more time.",False,True,2,304,4,2,0,ella green is very good at her job but often doesnt take on new activity she is very skilled at the routine task of our job in her day to day function she move very quickly and with high accuracy when faced with new challenge she doe not learn a quickly a others and requires more time,test,Category 3: Solid Performer,High Performance,Low Potential,Positive Feedback,Career Growth,Skill Gap,Neutral Feedback,Work Culture
20055,Ella Green,"Category 3: 'Solid Performer' (High performance, Low potential)",Ella green has always out performed her colleagues. She has what it takes to become better at her job. Ella is comfortable where she is at with the company. I believe she could be a manager if she wanted to be.,True,True,2,210,4,2,0,ella green ha always out performed her colleague she ha what it take to become better at her job ella is comfortable where she is at with the company i believe she could be a manager if she wanted to be,test,Category 3: Solid Performer,High Performance,Low Potential,Positive Feedback,Management Issues,General Employee Feedback,Positive Feedback,Work Culture
20056,Ella Green,"Category 3: 'Solid Performer' (High performance, Low potential)","Ella has great performance levels and always performs well when given the challenge. However, there does not seem to be much potential to want to do the work on her own. She has to be motivated by others and does not seem like a self started. She is great among other team members, but does not perform as well when alone. I am not sure if the potential is there outside of the influence of others.",False,True,2,398,5,2,0,ella ha great performance level and always performs well when given the challenge however there doe not seem to be much potential to want to do the work on her own she ha to be motivated by others and doe not seem like a self started she is great among other team member but doe not perform a well when alone i am not sure if the potential is there outside of the influence of others,test,Category 3: Solid Performer,High Performance,Low Potential,Positive Feedback,Career Growth,Performance Quality; Leadership Potential; Team Collaboration,Positive Feedback,Work Culture
20014,Scott Phillips,"Category 3: 'Solid Performer' (High performance, Low potential)",Scott Phillips is  one of the great performers in the organization. Last month his performance was one of the best in the company. Though he doesn't have much of a leadership skills and not great as a team player.,True,True,2,213,3,2,0,scott phillips is one of the great performer in the organization last month his performance wa one of the best in the company though he doesnt have much of a leadership skill and not great a a team player,test,Category 3: Solid Performer,High Performance,Low Potential,Positive Feedback,Career Growth,Performance Quality; Skill Gap; Leadership Potential; Team Collaboration,Positive Feedback,Work Culture
20177,Ella Powers,"Category 3: 'Solid Performer' (High performance, Low potential)","Ella Powers' work ethic and time spent with us has proven that she has an excellent grasp of her job title. But, there is room for improvement. She appears to have no further aspirations in for promotion or transfer to a position with more responsibility. If she she plans to rise in our company's ranks, she will need show a wiliness for self-improvement and  growth.",True,True,2,368,4,2,0,ella power work ethic and time spent with u ha proven that she ha an excellent grasp of her job title but there is room for improvement she appears to have no further aspiration in for promotion or transfer to a position with more responsibility if she she plan to rise in our company rank she will need show a wiliness for selfimprovement and growth,test,Category 3: Solid Performer,High Performance,Low Potential,Positive Feedback,Career Growth,Career Growth,Neutral Feedback,Career Growth
20136,Xavier Mcdowell,"Category 3: 'Solid Performer' (High performance, Low potential)","Xavier McDowell has performed exceptionally well through his employment. However, I do not believe he has the potential to move up in the company. He has the work ethic but doesn't have the drive for more responsibility. He is not a leader and is mostly has a quiet demeanor. Nonetheless, I do believe Xavier is is a great asset to keep around; however, we will need to look at somebody else for the upcoming promotion.",False,True,2,419,5,2,0,xavier mcdowell ha performed exceptionally well through his employment however i do not believe he ha the potential to move up in the company he ha the work ethic but doesnt have the drive for more responsibility he is not a leader and is mostly ha a quiet demeanor nonetheless i do believe xavier is is a great asset to keep around however we will need to look at somebody else for the upcoming promotion,test,Category 3: Solid Performer,High Performance,Low Potential,Positive Feedback,Career Growth,Leadership Potential; Career Growth,Positive Feedback,Work Culture
20138,Xavier Mcdowell,"Category 3: 'Solid Performer' (High performance, Low potential)","Xavier is exceptional on the technology side of the project, solving some key technical blockers with relative ease. However, when it comes to collaboration, he hasn't been able to demonstrate essential interpersonal skills and leadership qualities. If he can work on his people skills, he is sure to go places. I believe that is a certain possibility in our organization with so many training available on demand!",False,True,2,414,4,2,0,xavier is exceptional on the technology side of the project solving some key technical blocker with relative ease however when it come to collaboration he hasnt been able to demonstrate essential interpersonal skill and leadership quality if he can work on his people skill he is sure to go place i believe that is a certain possibility in our organization with so many training available on demand,test,Category 3: Solid Performer,High Performance,Low Potential,Positive Feedback,Career Growth,Skill Gap; Leadership Potential; Team Collaboration,Neutral Feedback,Career Growth
20139,Xavier Mcdowell,"Category 3: 'Solid Performer' (High performance, Low potential)",Xavier Mcdowell is consistent and reliable. He is logical and rational in his decision making. He shows no sign of self motivation. Needs guidance to gain maximum results.,True,True,2,171,4,2,0,xavier mcdowell is consistent and reliable he is logical and rational in his decision making he show no sign of self motivation need guidance to gain maximum result,test,Category 3: Solid Performer,High Performance,Low Potential,Positive Feedback,Management Issues,Performance Quality; Leadership Potential,Neutral Feedback,Work Culture
20140,Xavier Mcdowell,"Category 3: 'Solid Performer' (High performance, Low potential)",Xavier Mcdowell does everything in his power to outperform himself in ability. We are always pleasantly surprised that his work does not reflect his talent. He has finished his tasks to a promising level at all times. We see a consistent output of work from Xavier at all times.,False,True,2,278,4,2,0,xavier mcdowell doe everything in his power to outperform himself in ability we are always pleasantly surprised that his work doe not reflect his talent he ha finished his task to a promising level at all time we see a consistent output of work from xavier at all time,test,Category 3: Solid Performer,High Performance,Low Potential,Positive Feedback,Work Culture,General Employee Feedback,Neutral Feedback,Work Culture
20109,Logan Mason,"Category 3: 'Solid Performer' (High performance, Low potential)",Logan Mason is a category 6 worker. He completes tasks in a quick and efficient manner. Logan does not tend to show ambitious qualities for future potential. He is very task oriented.,True,True,2,183,4,2,0,logan mason is a category 6 worker he completes task in a quick and efficient manner logan doe not tend to show ambitious quality for future potential he is very task oriented,test,Category 3: Solid Performer,High Performance,Low Potential,Positive Feedback,Career Growth,Leadership Potential,Neutral Feedback,Work Culture
20185,Johanna Duke,"Category 4: 'Inconsistent Player' (Low performance, Moderate potential)",Johanna Duke does not finish her work to a high standard at times. We have seen her true colours are of a higher quality than she has shown so far. We have seen that Johanna sometimes does not excel in her tasks. We will continue to support and help her improve.,False,True,3,262,4,0,1,johanna duke doe not finish her work to a high standard at time we have seen her true colour are of a higher quality than she ha shown so far we have seen that johanna sometimes doe not excel in her task we will continue to support and help her improve,test,Category 4: Inconsistent Player,Low Performance,Medium Potential,Negative Feedback,Work Culture,Performance Quality,Positive Feedback,Work Culture
20225,Ivan Reese,"Category 4: 'Inconsistent Player' (Low performance, Moderate potential)","Ivan is a good candidate with a good attitude, but his overall performance seems a bit inconsistent. There does seem to be a bit of a promise if you are willing to motivate him to do the work. Even still, when the work is completed, it is not done at a high level of quality. Although the desire is there on occasion, I feel we will be able to get a decent output from Ivan long term.",True,True,3,384,4,0,1,ivan is a good candidate with a good attitude but his overall performance seems a bit inconsistent there doe seem to be a bit of a promise if you are willing to motivate him to do the work even still when the work is completed it is not done at a high level of quality although the desire is there on occasion i feel we will be able to get a decent output from ivan long term,test,Category 4: Inconsistent Player,Low Performance,Medium Potential,Negative Feedback,Work Culture,Performance Quality,Negative Feedback,Work Culture
20226,Ivan Reese,"Category 4: 'Inconsistent Player' (Low performance, Moderate potential)",Ivan Reese is not showing work to the best of his abilities. So far with his tasks and assigments he can little to show for himself. We do see hope within him. He has yet to show us a less erratic side to his work.,False,True,3,214,4,0,1,ivan reese is not showing work to the best of his ability so far with his task and assigments he can little to show for himself we do see hope within him he ha yet to show u a le erratic side to his work,test,Category 4: Inconsistent Player,Low Performance,Medium Potential,Negative Feedback,Work Culture,General Employee Feedback,Positive Feedback,Work Culture
20228,Ivan Reese,"Category 4: 'Inconsistent Player' (Low performance, Moderate potential)","Ivan has had his own hits and misses, misses being more than hits. He has shown his capability sporadically but if he needs to stay in the game for a longer period, he definitely needs to perform much better. He is plagued by lack of attention and continuous distractions. He needs to work much harder for his own benefit. But overall - he has been showing motivation to improve for the recent few months.",True,True,3,405,5,0,1,ivan ha had his own hit and miss miss being more than hit he ha shown his capability sporadically but if he need to stay in the game for a longer period he definitely need to perform much better he is plagued by lack of attention and continuous distraction he need to work much harder for his own benefit but overall he ha been showing motivation to improve for the recent few month,test,Category 4: Inconsistent Player,Low Performance,Medium Potential,Negative Feedback,Salary & Benefits,Salary & Benefits,Negative Feedback,Work Culture
20030,Rowan Cain,"Category 4: 'Inconsistent Player' (Low performance, Moderate potential)","Rowan Cain is a hopeful prospect for the team. He has shown little in the way of quality assignments so far, but we see promising signs. He has a talent that we have yet to see. With help from our team building exercises he will pull through and show his worth.",True,True,3,261,4,0,1,rowan cain is a hopeful prospect for the team he ha shown little in the way of quality assignment so far but we see promising sign he ha a talent that we have yet to see with help from our team building exercise he will pull through and show his worth,test,Category 4: Inconsistent Player,Low Performance,Medium Potential,Negative Feedback,Work Culture,Performance Quality; Team Collaboration,Negative Feedback,Work Culture
66,Libby Parker,"Category 4: 'Inconsistent Player' (Low performance, Moderate potential)","Libby is very bright, however she seems to be confused about what her role is at this company. She interacts well with her colleagues, but she is unable to complete a solo project. She misses deadlines, and often reschedules meetings. She has to work on time management, and practice staying on task.",True,True,3,300,4,0,1,libby is very bright however she seems to be confused about what her role is at this company she interacts well with her colleague but she is unable to complete a solo project she miss deadline and often reschedules meeting she ha to work on time management and practice staying on task,test,Category 4: Inconsistent Player,Low Performance,Medium Potential,Negative Feedback,Work Culture,General Employee Feedback,Negative Feedback,Work Culture
20156,Daisy Pearce,"Category 4: 'Inconsistent Player' (Low performance, Moderate potential)","Daisy is the ideal person for her position. She has an impressive education and work history, and it's evident in her work. However, this would benefit the company further if she could complete projects before deadlines. Her lack of time management is costing her team members to work harder. Instead of organizing birthday parties in the break room, she needs to focus on tasks that need attention.",True,True,3,399,5,0,1,daisy is the ideal person for her position she ha an impressive education and work history and it evident in her work however this would benefit the company further if she could complete project before deadline her lack of time management is costing her team member to work harder instead of organizing birthday party in the break room she need to focus on task that need attention,test,Category 4: Inconsistent Player,Low Performance,Medium Potential,Negative Feedback,Work Culture,Team Collaboration; Salary & Benefits,Negative Feedback,Work Culture
20200,Zachary Turner,"Category 4: 'Inconsistent Player' (Low performance, Moderate potential)","Zachary Turner is not your average, even though his work has yet to show it. He has at best made poor attempts at finishing tasks. This does not take away from his budding promise. He will show his intent in time and with the right environment.",False,True,3,244,4,0,1,zachary turner is not your average even though his work ha yet to show it he ha at best made poor attempt at finishing task this doe not take away from his budding promise he will show his intent in time and with the right environment,test,Category 4: Inconsistent Player,Low Performance,Medium Potential,Negative Feedback,Work Culture,General Employee Feedback,Negative Feedback,Work Culture
40,Aryanna Carney,"Category 4: 'Inconsistent Player' (Low performance, Moderate potential)","Aryanna Carney, although she does not have the best performance, there is potential. Even though her scores weren't the best she could grow her experience and this will help her gain more potential to her current skills. Considering that both scored low I would not say she could never practice this because there is always room for improvement. By practicing, Aryanna will continue to develop her skills and moderate her results. By any means she could come try out again and she could even be the best out there. Words are not limitations that should prevent her from her performance.",True,True,3,586,6,0,1,aryanna carney although she doe not have the best performance there is potential even though her score werent the best she could grow her experience and this will help her gain more potential to her current skill considering that both scored low i would not say she could never practice this because there is always room for improvement by practicing aryanna will continue to develop her skill and moderate her result by any mean she could come try out again and she could even be the best out there word are not limitation that should prevent her from her performance,test,Category 4: Inconsistent Player,Low Performance,Medium Potential,Negative Feedback,Career Growth,Performance Quality; Skill Gap; Leadership Potential,Neutral Feedback,Career Growth
20184,Johanna Duke,"Category 4: 'Inconsistent Player' (Low performance, Moderate potential)",Ms. Duke struggles with her work. She has to be constantly reminded to do her tasks and to stay on topic. She does work well if there is an incentive. If she can harness that will she may have a chance of going somewhere greater.,False,True,3,229,5,0,1,m duke struggle with her work she ha to be constantly reminded to do her task and to stay on topic she doe work well if there is an incentive if she can harness that will she may have a chance of going somewhere greater,test,Category 4: Inconsistent Player,Low Performance,Medium Potential,Negative Feedback,Work Culture,General Employee Feedback,Negative Feedback,Work Culture
20031,Rowan Cain,"Category 4: 'Inconsistent Player' (Low performance, Moderate potential)","Rowan is an employee that could have a great future within the company.  He is currently under-performing, possibly due to the lack of a legitimate challenge.  He has shown that he has the skills to complete the work, but has not consistently shown that effort.  While he is a great out of the box thinker, he can improve on his initiative. I believe he can be a great asset to the company with proper guidance.",True,True,3,411,5,0,1,rowan is an employee that could have a great future within the company he is currently underperforming possibly due to the lack of a legitimate challenge he ha shown that he ha the skill to complete the work but ha not consistently shown that effort while he is a great out of the box thinker he can improve on his initiative i believe he can be a great asset to the company with proper guidance,test,Category 4: Inconsistent Player,Low Performance,Medium Potential,Negative Feedback,Career Growth,Skill Gap; Leadership Potential,Positive Feedback,Career Growth
20199,Zachary Turner,"Category 4: 'Inconsistent Player' (Low performance, Moderate potential)",Zachary is fairly new to myteam.   Zachary is ramping up and learning what is expected as a team member.  Output should be a focus for Zachary this quarter. Zachary will likely be a team lead with more experience.,False,True,3,213,4,0,1,zachary is fairly new to myteam zachary is ramping up and learning what is expected a a team member output should be a focus for zachary this quarter zachary will likely be a team lead with more experience,test,Category 4: Inconsistent Player,Low Performance,Medium Potential,Negative Feedback,Work Culture,Skill Gap; Team Collaboration,Neutral Feedback,Work Culture
20183,Johanna Duke,"Category 4: 'Inconsistent Player' (Low performance, Moderate potential)","Johanna's performance has been largely under-par this appraisal cycle. She was responsible for slippage in Project A and two of the three production bugs found post the 13th of September launch. Since those were relatively small, she was able to mitigate it quickly without much effort. But one expects a better standard of work at this level. I believe she can come up to speed quickly.",False,True,3,387,5,0,1,johannas performance ha been largely underpar this appraisal cycle she wa responsible for slippage in project a and two of the three production bug found post the 13th of september launch since those were relatively small she wa able to mitigate it quickly without much effort but one expects a better standard of work at this level i believe she can come up to speed quickly,test,Category 4: Inconsistent Player,Low Performance,Medium Potential,Negative Feedback,Work Culture,Performance Quality,Neutral Feedback,Work Culture
20145,Zoe White,"Category 4: 'Inconsistent Player' (Low performance, Moderate potential)","Mrs. White has some issues with quality of work in my opinion. These are issues that really need to be addressed, however she tries her hardest. We can see from her the flashes of potential and ability. That ability is just going to take some time to develop into something consistent.",True,True,3,285,5,0,1,mr white ha some issue with quality of work in my opinion these are issue that really need to be addressed however she try her hardest we can see from her the flash of potential and ability that ability is just going to take some time to develop into something consistent,test,Category 4: Inconsistent Player,Low Performance,Medium Potential,Negative Feedback,Work Culture,Performance Quality; Leadership Potential,Neutral Feedback,Work Culture
20160,Daisy Pearce,"Category 4: 'Inconsistent Player' (Low performance, Moderate potential)","Daisy did not manage to perform all duties that form part of her job description this year. There were many different reasons for Daisy underperforming. Some of Daisy's colleagues highlighted that Daisy seems to be interested in a wide range of topics at work, but she does not always manage to focus on the core responsibilities of her role. Daisy's curiosity may be turned into an advantage in the future. Daisy is interested in topics that relate to the strategic outlook of the company. If Daisy develops these ambitions into a tangible plan, this may be enable her to maximize her potential within the company. In summary, Daisy could go very far in the company if she improves her performance and works on her individual development plan.",True,True,3,744,7,0,1,daisy did not manage to perform all duty that form part of her job description this year there were many different reason for daisy underperforming some of daisy colleague highlighted that daisy seems to be interested in a wide range of topic at work but she doe not always manage to focus on the core responsibility of her role daisy curiosity may be turned into an advantage in the future daisy is interested in topic that relate to the strategic outlook of the company if daisy develops these ambition into a tangible plan this may be enable her to maximize her potential within the company in summary daisy could go very far in the company if she improves her performance and work on her individual development plan,test,Category 4: Inconsistent Player,Low Performance,Medium Potential,Negative Feedback,Career Growth,Performance Quality; Skill Gap; Leadership Potential,Neutral Feedback,Work Culture
20017,Noah Poole,"Category 4: 'Inconsistent Player' (Low performance, Moderate potential)","Noah Poole is an asset to the team on the days he is excelling. We have yet to see his full work ethic and so far we have only seen glimpses. His task execution has been lacking, but we will continue to nurture his progress. Under the right conditions we can see him reaching a higher level.",False,True,3,291,4,0,1,noah poole is an asset to the team on the day he is excelling we have yet to see his full work ethic and so far we have only seen glimpse his task execution ha been lacking but we will continue to nurture his progress under the right condition we can see him reaching a higher level,test,Category 4: Inconsistent Player,Low Performance,Medium Potential,Negative Feedback,Work Culture,Team Collaboration; Career Growth,Positive Feedback,Work Culture
20029,Rowan Cain,"Category 4: 'Inconsistent Player' (Low performance, Moderate potential)","Rowan is very lazy. He gets his coffee and bagel then he just watch tv. He has the potential of being a very good leader when there is an incentive involved. But overall is lazy unless he has a will, then he works like a machine.",True,True,3,229,4,0,1,rowan is very lazy he get his coffee and bagel then he just watch tv he ha the potential of being a very good leader when there is an incentive involved but overall is lazy unless he ha a will then he work like a machine,test,Category 4: Inconsistent Player,Low Performance,Medium Potential,Negative Feedback,Career Growth,Leadership Potential,Neutral Feedback,Career Growth
20071,Chelsea Jimenez,"Category 4: 'Inconsistent Player' (Low performance, Moderate potential)","Chelsea Jimenez is having some trouble as an employee with her overall quality of work. Let me tell you though its not from a lack of effort. She arrives early and leaves late, she puts in hours of her own time in attempt to be better at her duties, more so than almost anyone here. She could be a star here one day, but for the moment she has to just nail down her assingments.",True,True,3,378,4,0,1,chelsea jimenez is having some trouble a an employee with her overall quality of work let me tell you though it not from a lack of effort she arrives early and leaf late she put in hour of her own time in attempt to be better at her duty more so than almost anyone here she could be a star here one day but for the moment she ha to just nail down her assingments,test,Category 4: Inconsistent Player,Low Performance,Medium Potential,Negative Feedback,Work Culture,Attendance / Punctuality; Performance Quality,Negative Feedback,Work Culture
20073,Chelsea Jimenez,"Category 4: 'Inconsistent Player' (Low performance, Moderate potential)","Chelsea Jimenez has been a revelation to the team. Her work ethic has at times been less than satisfactory. This does not take away from the talent that Chelsea has yet to reveal. We will continue to guide, engage and encourage her.",True,True,3,232,4,0,1,chelsea jimenez ha been a revelation to the team her work ethic ha at time been le than satisfactory this doe not take away from the talent that chelsea ha yet to reveal we will continue to guide engage and encourage her,test,Category 4: Inconsistent Player,Low Performance,Medium Potential,Negative Feedback,Work Culture,Team Collaboration,Neutral Feedback,Work Culture
20061,Amy Jones,"Category 4: 'Inconsistent Player' (Low performance, Moderate potential)","Amy's focus often drifts, resulting in work that does not meet standard. Her lack of discipline and work ethic greatly limit her results. I believe she can achieve good results, as she does have a high quality education and demonstrates above average job knowledge. I recommend moving her desk to remove distractions.",False,True,3,317,4,0,1,amys focus often drift resulting in work that doe not meet standard her lack of discipline and work ethic greatly limit her result i believe she can achieve good result a she doe have a high quality education and demonstrates above average job knowledge i recommend moving her desk to remove distraction,test,Category 4: Inconsistent Player,Low Performance,Medium Potential,Negative Feedback,Work Culture,Performance Quality,Neutral Feedback,Work Culture
20098,Blake Booth,"Category 4: 'Inconsistent Player' (Low performance, Moderate potential)",Blake Booth has yet to provide evidence of the quality needed. He has undertaken his jobs and tasks to a below par level. We have nurtured his talent and will see how he progresses. The future may hold a more promising member of the team.,False,True,3,238,4,0,1,blake booth ha yet to provide evidence of the quality needed he ha undertaken his job and task to a below par level we have nurtured his talent and will see how he progress the future may hold a more promising member of the team,test,Category 4: Inconsistent Player,Low Performance,Medium Potential,Negative Feedback,Work Culture,Performance Quality; Leadership Potential; Team Collaboration,Positive Feedback,Work Culture
20102,Blake Booth,"Category 4: 'Inconsistent Player' (Low performance, Moderate potential)",Blake Booth's performance was subpar. There are many areas they can improve in. Their inconsistency should be tooken in to account the most. They were an incosistant player by deffinition.,True,True,3,188,4,0,1,blake booth performance wa subpar there are many area they can improve in their inconsistency should be tooken in to account the most they were an incosistant player by deffinition,test,Category 4: Inconsistent Player,Low Performance,Medium Potential,Negative Feedback,Career Growth,Performance Quality,Negative Feedback,Career Growth
20143,Zoe White,"Category 4: 'Inconsistent Player' (Low performance, Moderate potential)","It is without pleasure that I inform you that your performance has been rated low. That is the bad news. The good news, is that you have the potential to improve. The reason for your low performance is inconsistency. If you can be more consistent, then we may be able to have a happier conversation at your next review.",False,True,3,319,5,0,1,it is without pleasure that i inform you that your performance ha been rated low that is the bad news the good news is that you have the potential to improve the reason for your low performance is inconsistency if you can be more consistent then we may be able to have a happier conversation at your next review,test,Category 4: Inconsistent Player,Low Performance,Medium Potential,Negative Feedback,Career Growth,Performance Quality; Leadership Potential,Negative Feedback,Career Growth
20144,Zoe White,"Category 4: 'Inconsistent Player' (Low performance, Moderate potential)","Ms. Zoe White is struggles with her work. She is constantly distracted and has trouble catching up sometimes. But there is still something inside of her that can grow into something bigger. She just needs to learn how to focus and become a rock, rather than a grain of sand.",False,True,3,274,5,0,1,m zoe white is struggle with her work she is constantly distracted and ha trouble catching up sometimes but there is still something inside of her that can grow into something bigger she just need to learn how to focus and become a rock rather than a grain of sand,test,Category 4: Inconsistent Player,Low Performance,Medium Potential,Negative Feedback,Career Growth,Skill Gap,Negative Feedback,Career Growth
20074,Chelsea Jimenez,"Category 4: 'Inconsistent Player' (Low performance, Moderate potential)","Chelsea has exhibits low work performance as she continuously makes the same mistakes. It is clear that Chelsea may not care a lot about her job, however, we believe that she has gerat potential. Her ability to connect with customers and make them feel like she truly cares is astounding. However, when it comes to day to day tasks, Chelsea doesn't do a good job.",False,True,3,363,4,0,1,chelsea ha exhibit low work performance a she continuously make the same mistake it is clear that chelsea may not care a lot about her job however we believe that she ha gerat potential her ability to connect with customer and make them feel like she truly care is astounding however when it come to day to day task chelsea doesnt do a good job,test,Category 4: Inconsistent Player,Low Performance,Medium Potential,Negative Feedback,Work Culture,Performance Quality; Leadership Potential,Positive Feedback,Career Growth
20176,Ella Powers,"Category 5: 'Core Player' (Moderate performance, Moderate potential)",Ella Powers is a good asset to the team. She has consistently handled herself well in group tasks. As far as her talent shows she has yet to prove herself. That being said she has always had an eye for redeeming herself in her overall ability.,True,True,4,243,4,1,1,ella power is a good asset to the team she ha consistently handled herself well in group task a far a her talent show she ha yet to prove herself that being said she ha always had an eye for redeeming herself in her overall ability,test,Category 5: Core Player,Medium Performance,Medium Potential,Neutral Feedback,Work Culture,Team Collaboration,Neutral Feedback,Work Culture
20147,Niamh Walsh,"Category 5: 'Core Player' (Moderate performance, Moderate potential)","Niamh is an average team player, but she it still very capable of getting satisfactory results. She is considered a core player since she is reliable and gets her work done as instructed. I would like to keep Niamh on my team since she can produce good enough results to reach our goals.",False,True,4,287,3,1,1,niamh is an average team player but she it still very capable of getting satisfactory result she is considered a core player since she is reliable and get her work done a instructed i would like to keep niamh on my team since she can produce good enough result to reach our goal,test,Category 5: Core Player,Medium Performance,Medium Potential,Neutral Feedback,Work Culture,Performance Quality; Team Collaboration,Neutral Feedback,Work Culture
20150,Niamh Walsh,"Category 5: 'Core Player' (Moderate performance, Moderate potential)",Niamh is a good worker. Hes works good like everyone else and shows up. He could become a leader one day if he puts more effort and commitment. But overall a good employee,False,True,4,171,3,1,1,niamh is a good worker he work good like everyone else and show up he could become a leader one day if he put more effort and commitment but overall a good employee,test,Category 5: Core Player,Medium Performance,Medium Potential,Neutral Feedback,Career Growth,Leadership Potential,Neutral Feedback,Work Culture
20153,Rachel Harper,"Category 5: 'Core Player' (Moderate performance, Moderate potential)","Rachel has been performing consistently above par. She has been pro-active in taking assignments and seeing them through completion. An area of improvement would be documentation, which will not only benefit her but the entire team. There is no lack of processes that needs documentation here and I believe Rachel can use it to her advantage.",True,True,4,342,4,1,1,rachel ha been performing consistently above par she ha been proactive in taking assignment and seeing them through completion an area of improvement would be documentation which will not only benefit her but the entire team there is no lack of process that need documentation here and i believe rachel can use it to her advantage,test,Category 5: Core Player,Medium Performance,Medium Potential,Neutral Feedback,Salary & Benefits,Team Collaboration; Salary & Benefits,Positive Feedback,Work Culture
20189,Jack Walsh,"Category 5: 'Core Player' (Moderate performance, Moderate potential)","Jack is pretty much 'on the wall' when it comes to his output. That is, he is neither too shabby not he has shown exemplary demonstration of his true capabilities. Having said that, he delivers what is expected of him however, he needs to go beyond these expectations and excel to really make his mark. I am sure with some proper mentoring, he will get there at some point.",True,True,4,373,4,1,1,jack is pretty much on the wall when it come to his output that is he is neither too shabby not he ha shown exemplary demonstration of his true capability having said that he delivers what is expected of him however he need to go beyond these expectation and excel to really make his mark i am sure with some proper mentoring he will get there at some point,test,Category 5: Core Player,Medium Performance,Medium Potential,Neutral Feedback,Career Growth,General Employee Feedback,Positive Feedback,Work Culture
20146,Niamh Walsh,"Category 5: 'Core Player' (Moderate performance, Moderate potential)","I am submitting my findings for Niamh Walsh. When looking at his performance , there is nothing exceptional. However it is not bad. I classify the performance as only around average. I believe however that he may have some potential to a moderate degree. I will classify him as category 5. I do beleive he is a core player and perhaps with more direction we could have a good asset to our company.",False,True,4,397,7,1,1,i am submitting my finding for niamh walsh when looking at his performance there is nothing exceptional however it is not bad i classify the performance a only around average i believe however that he may have some potential to a moderate degree i will classify him a category 5 i do beleive he is a core player and perhaps with more direction we could have a good asset to our company,test,Category 5: Core Player,Medium Performance,Medium Potential,Neutral Feedback,Career Growth,Performance Quality; Leadership Potential,Neutral Feedback,Career Growth
20191,Jack Walsh,"Category 5: 'Core Player' (Moderate performance, Moderate potential)","Jack is trying is best. He can definitely better. it also depends on the environment and moral support. However, he will get to the top category.",False,True,4,145,4,1,1,jack is trying is best he can definitely better it also depends on the environment and moral support however he will get to the top category,test,Category 5: Core Player,Medium Performance,Medium Potential,Neutral Feedback,Work Culture,General Employee Feedback,Positive Feedback,Work Culture
20210,Patrick Adams,"Category 5: 'Core Player' (Moderate performance, Moderate potential)",Patrick is a team player and a supportive coworker. He helps interns and entry level employees and embraces everyone at work. There is no instance when Patrick prejudiced on any coworker based on race or gender.  Patrick is also aggressive and disciplined at work.,True,True,4,264,4,1,1,patrick is a team player and a supportive coworker he help intern and entry level employee and embrace everyone at work there is no instance when patrick prejudiced on any coworker based on race or gender patrick is also aggressive and disciplined at work,test,Category 5: Core Player,Medium Performance,Medium Potential,Neutral Feedback,Work Culture,Team Collaboration,Positive Feedback,Work Culture
20215,Talon Miller,"Category 5: 'Core Player' (Moderate performance, Moderate potential)","Talon Miller is a member of our human resources department and continue to successfully and diligently complete various tasks with regards to dealing with customers, administrative duties, and hiring on new employees. He's still catching on to our company's new policies as they've changed since a few years ago, but I think he's doing well. He gets along great with co-workers and always shows up to meetings. But, I have noticed that he's missed a couple of steps in our new protocols and processes, though it's only a minor issue.",True,True,4,533,4,1,1,talon miller is a member of our human resource department and continue to successfully and diligently complete various task with regard to dealing with customer administrative duty and hiring on new employee he still catching on to our company new policy a theyve changed since a few year ago but i think he doing well he get along great with coworkers and always show up to meeting but i have noticed that he missed a couple of step in our new protocol and process though it only a minor issue,test,Category 5: Core Player,Medium Performance,Medium Potential,Neutral Feedback,Management Issues,General Employee Feedback,Positive Feedback,Work Culture
20218,Talon Miller,"Category 5: 'Core Player' (Moderate performance, Moderate potential)",Talon Miller is all that is asked for from a team member. He shows this in his work. The overall quality of his tasks is to a satisfactory level. With the right people around him he will continue to provide thoughtful work.,True,True,4,223,4,1,1,talon miller is all that is asked for from a team member he show this in his work the overall quality of his task is to a satisfactory level with the right people around him he will continue to provide thoughtful work,test,Category 5: Core Player,Medium Performance,Medium Potential,Neutral Feedback,Work Culture,Performance Quality; Team Collaboration,Neutral Feedback,Work Culture
20190,Jack Walsh,"Category 5: 'Core Player' (Moderate performance, Moderate potential)","Jack Walsh performed very moderately. They could have done better, but overall they were not bad. They would be considered a core player giving a moderate performance. They should put more time in because they do have potential.",False,True,4,228,4,1,1,jack walsh performed very moderately they could have done better but overall they were not bad they would be considered a core player giving a moderate performance they should put more time in because they do have potential,test,Category 5: Core Player,Medium Performance,Medium Potential,Neutral Feedback,Career Growth,Performance Quality; Leadership Potential,Neutral Feedback,Work Culture
20131,Bryan Murray,"Category 5: 'Core Player' (Moderate performance, Moderate potential)","I am writing today to reflect on the performance of my colleague, Bryan Murray. Bryan is a decent employee who is mostly on time to work. He tends to forget some of the tasks assigned to him at work.",True,True,4,199,3,1,1,i am writing today to reflect on the performance of my colleague bryan murray bryan is a decent employee who is mostly on time to work he tends to forget some of the task assigned to him at work,test,Category 5: Core Player,Medium Performance,Medium Potential,Neutral Feedback,Work Culture,Performance Quality,Neutral Feedback,Work Culture
20107,Ewan Pearson,"Category 5: 'Core Player' (Moderate performance, Moderate potential)",Ewan Pearson is a very important part of our group. He can show in his work a consistent attitude that needs little correction. The integrity he shows in ability is also bound to his work. We can rely on very good work at all times from Ewan.,False,True,4,242,4,1,1,ewan pearson is a very important part of our group he can show in his work a consistent attitude that need little correction the integrity he show in ability is also bound to his work we can rely on very good work at all time from ewan,test,Category 5: Core Player,Medium Performance,Medium Potential,Neutral Feedback,Work Culture,General Employee Feedback,Neutral Feedback,Work Culture
20106,Ewan Pearson,"Category 5: 'Core Player' (Moderate performance, Moderate potential)","Ewan performed in accordance with the exact requirements of his role this year. Generally speaking, Ewan could be relied upon to perform the duties that form part of his job description. On several occasions the team tried to give Ewan new tasks and temporary responsibilities that go beyond Ewan's current role. This handover did not work this year, and it is to be hoped that Ewan will pursue further career development to justify a promotion in the coming years. At this stage, Ewan's potential in the company is perceived as limited, because he has not displayed the willingness to take him to a new role.",True,True,4,609,5,1,1,ewan performed in accordance with the exact requirement of his role this year generally speaking ewan could be relied upon to perform the duty that form part of his job description on several occasion the team tried to give ewan new task and temporary responsibility that go beyond ewans current role this handover did not work this year and it is to be hoped that ewan will pursue further career development to justify a promotion in the coming year at this stage ewans potential in the company is perceived a limited because he ha not displayed the willingness to take him to a new role,test,Category 5: Core Player,Medium Performance,Medium Potential,Neutral Feedback,Career Growth,Skill Gap; Leadership Potential; Team Collaboration; Career Growth,Positive Feedback,Career Growth
20018,Max Miller,"Category 5: 'Core Player' (Moderate performance, Moderate potential)",Max Miller has been an integral part of the team for some time. He shows great prowess around the team. His overall output is always to a satisfactory standard. His work is respected amongst the work force.,False,True,4,206,4,1,1,max miller ha been an integral part of the team for some time he show great prowess around the team his overall output is always to a satisfactory standard his work is respected amongst the work force,test,Category 5: Core Player,Medium Performance,Medium Potential,Neutral Feedback,Work Culture,Team Collaboration,Positive Feedback,Work Culture
20049,Lacey Howard,"Category 5: 'Core Player' (Moderate performance, Moderate potential)",Lacey Howard is showing good capability in her work with the team. She has been finishing her tasks frequently and efficiently. As her ability is questionable. She makes up for this in hard slog.,True,True,4,195,4,1,1,lacey howard is showing good capability in her work with the team she ha been finishing her task frequently and efficiently a her ability is questionable she make up for this in hard slog,test,Category 5: Core Player,Medium Performance,Medium Potential,Neutral Feedback,Work Culture,Team Collaboration,Positive Feedback,Work Culture
20062,Georgia Rogers,"Category 5: 'Core Player' (Moderate performance, Moderate potential)",Georgina is a good worker. Always likes to help out and puts her fellow workers into consideration. It may be a while but she could lead. Until then shes perfect where shes at.,False,True,4,176,4,1,1,georgina is a good worker always like to help out and put her fellow worker into consideration it may be a while but she could lead until then shes perfect where shes at,test,Category 5: Core Player,Medium Performance,Medium Potential,Neutral Feedback,Management Issues,General Employee Feedback,Neutral Feedback,Work Culture
20063,Georgia Rogers,"Category 5: 'Core Player' (Moderate performance, Moderate potential)","Georgia Rogers is what one might call a roll player. She is a jack of all trades and master of none so to speak. Works pretty hard, always on time, evolves with the company, gets along with everyone yet no one would ever really say she is the best at any of those things. She hast the potential to be somebody special, the traits are there, but they have to be devoloped.",False,True,4,371,4,1,1,georgia rogers is what one might call a roll player she is a jack of all trade and master of none so to speak work pretty hard always on time evolves with the company get along with everyone yet no one would ever really say she is the best at any of those thing she hast the potential to be somebody special the trait are there but they have to be devoloped,test,Category 5: Core Player,Medium Performance,Medium Potential,Neutral Feedback,Career Growth,Skill Gap; Leadership Potential,Positive Feedback,Career Growth
20064,Georgia Rogers,"Category 5: 'Core Player' (Moderate performance, Moderate potential)",Georgia Rogers has a place in the team always. She is thoughtful and has shown a great consistency throughout. Under stressful situations Georgia has shown her worth. We are happy to have her as an integral part of the team.,True,True,4,224,4,1,1,georgia rogers ha a place in the team always she is thoughtful and ha shown a great consistency throughout under stressful situation georgia ha shown her worth we are happy to have her a an integral part of the team,test,Category 5: Core Player,Medium Performance,Medium Potential,Neutral Feedback,Work Culture,Team Collaboration,Neutral Feedback,Work Culture
20011,Scott Phillips,"Category 5: 'Core Player' (Moderate performance, Moderate potential)","Scott's performance over the last few months has been quite consistent. However, he needs to level up his technical abilities so that he can shine well. His core strength lies in grasping business requirements relatively quickly, however, he also needs to focus on translating the requirements into working software. Only when he combines his business acumen with technical abilities, he will be a real asset.",True,True,4,409,4,1,1,scott performance over the last few month ha been quite consistent however he need to level up his technical ability so that he can shine well his core strength lie in grasping business requirement relatively quickly however he also need to focus on translating the requirement into working software only when he combine his business acumen with technical ability he will be a real asset,test,Category 5: Core Player,Medium Performance,Medium Potential,Neutral Feedback,Work Culture,Performance Quality,Positive Feedback,Work Culture
20077,Milania Hodge,"Category 5: 'Core Player' (Moderate performance, Moderate potential)",her  work performance is excellent most times but needs some polishing she works quite perfectly under pressure. she is a team leader and is authoritative and takes control work ethic is above average,True,True,4,200,1,1,1,her work performance is excellent most time but need some polishing she work quite perfectly under pressure she is a team leader and is authoritative and take control work ethic is above average,test,Category 5: Core Player,Medium Performance,Medium Potential,Neutral Feedback,Work Culture,Performance Quality; Leadership Potential; Team Collaboration,Neutral Feedback,Work Culture
20092,Alisa Stark,"Category 5: 'Core Player' (Moderate performance, Moderate potential)","Ms. Alisa Stark is a decent worker. She does all her tasks like everyone else and puts the same amount of effort. As for her future, I think shes going to stay where she is best. If she could improve on her leadership skills, then maybe she can go places. But for now, what she puts in is good.",True,True,4,294,6,1,1,m alisa stark is a decent worker she doe all her task like everyone else and put the same amount of effort a for her future i think shes going to stay where she is best if she could improve on her leadership skill then maybe she can go place but for now what she put in is good,test,Category 5: Core Player,Medium Performance,Medium Potential,Neutral Feedback,Career Growth,Skill Gap; Leadership Potential,Neutral Feedback,Work Culture
20103,Ewan Pearson,"Category 5: 'Core Player' (Moderate performance, Moderate potential)","Ewan has been a solid member of our data visualization team from the day he started. With years of experience in data science jobs spanning a multitude of different industries, Ewan has the quality skills and knowledge to help our company better analyze customer, product, and product development data to take us to the next level. Although he's gone over the soft deadline a few times on some projects, he almost always completes his work at high quality. I continue to look forward to working with Ewan and having him on the team.",True,True,4,532,4,1,1,ewan ha been a solid member of our data visualization team from the day he started with year of experience in data science job spanning a multitude of different industry ewan ha the quality skill and knowledge to help our company better analyze customer product and product development data to take u to the next level although he gone over the soft deadline a few time on some project he almost always completes his work at high quality i continue to look forward to working with ewan and having him on the team,test,Category 5: Core Player,Medium Performance,Medium Potential,Neutral Feedback,Work Culture,Performance Quality; Skill Gap; Team Collaboration,Neutral Feedback,Work Culture
20104,Ewan Pearson,"Category 5: 'Core Player' (Moderate performance, Moderate potential)","Ewan is a good worker. Always makes an effort of keeping up with the game. Hes perfect the way hes right now. If he tries to get into leadership, it may take a while to get there.",False,True,4,179,4,1,1,ewan is a good worker always make an effort of keeping up with the game he perfect the way he right now if he try to get into leadership it may take a while to get there,test,Category 5: Core Player,Medium Performance,Medium Potential,Neutral Feedback,Career Growth,Leadership Potential,Negative Feedback,Work Culture
20066,Georgia Rogers,"Category 5: 'Core Player' (Moderate performance, Moderate potential)","Georgia Rogers is an essential part of the team. She is reliable, responsible, and works well with others. She completes tasks in a timely manner and shows signs of improvement. Georgia is helpful to others.",False,True,4,207,4,1,1,georgia rogers is an essential part of the team she is reliable responsible and work well with others she completes task in a timely manner and show sign of improvement georgia is helpful to others,test,Category 5: Core Player,Medium Performance,Medium Potential,Neutral Feedback,Career Growth,Team Collaboration,Positive Feedback,Work Culture
20188,Jack Walsh,"Category 6: 'High Performer' (High performance, Moderate potential)","Jack Walsh is a prime example of what we need at the base of our operations. He does his job as needed, when needed, and has proven to be reliable in doing so. His tasks are goals are met in a timely manner, and always up to standard. With more time and effort from Walsh, he could have a bright future, with higher pay and even more important tasks to our business.",True,True,5,366,4,2,1,jack walsh is a prime example of what we need at the base of our operation he doe his job a needed when needed and ha proven to be reliable in doing so his task are goal are met in a timely manner and always up to standard with more time and effort from walsh he could have a bright future with higher pay and even more important task to our business,test,Category 6: High Performer,High Performance,Medium Potential,Positive Feedback,Salary & Benefits,Leadership Potential; Salary & Benefits,Positive Feedback,Career Growth
20192,Andrew Grant,"Category 6: 'High Performer' (High performance, Moderate potential)",Andrew Grant is an able bodied member of the work force. He provides the utmost quality when it comes to task undertaking. Impressing with every move he makes. We can see that his resilience is a constant reminder that he can provide excellent work. Though it's recommended to make research in other areas for a broader view.,True,True,5,325,5,2,1,andrew grant is an able bodied member of the work force he provides the utmost quality when it come to task undertaking impressing with every move he make we can see that his resilience is a constant reminder that he can provide excellent work though it recommended to make research in other area for a broader view,test,Category 6: High Performer,High Performance,Medium Potential,Positive Feedback,Work Culture,Performance Quality,Positive Feedback,Work Culture
20193,Andrew Grant,"Category 6: 'High Performer' (High performance, Moderate potential)",Andrew Grant is one of the few employees who always meets his goals within a time frame. He has been consistently performed better than most of the employees.I agree he needs to work on some areas but he is the most dedicated person.Overall he is the star performer of the company.,False,True,5,281,4,2,1,andrew grant is one of the few employee who always meet his goal within a time frame he ha been consistently performed better than most of the employeesi agree he need to work on some area but he is the most dedicated personoverall he is the star performer of the company,test,Category 6: High Performer,High Performance,Medium Potential,Positive Feedback,Work Culture,General Employee Feedback,Positive Feedback,Work Culture
20194,Andrew Grant,"Category 6: 'High Performer' (High performance, Moderate potential)","Andrew has shown a high aptitude for his work. He consistently performs tasks with a high level of quality. Unfortunately, he has had a hard time interacting with other team members. His communication must improve for him to become a star employee.",False,True,5,248,4,2,1,andrew ha shown a high aptitude for his work he consistently performs task with a high level of quality unfortunately he ha had a hard time interacting with other team member his communication must improve for him to become a star employee,test,Category 6: High Performer,High Performance,Medium Potential,Positive Feedback,Work Culture,Communication; Performance Quality; Team Collaboration,Positive Feedback,Work Culture
20208,Patrick Adams,"Category 6: 'High Performer' (High performance, Moderate potential)",He is so good that he can lead other players and share his knowledge on them.,True,True,5,77,1,2,1,he is so good that he can lead other player and share his knowledge on them,test,Category 6: High Performer,High Performance,Medium Potential,Positive Feedback,Management Issues,General Employee Feedback,Neutral Feedback,Work Culture
20229,Seamus Noble,"Category 6: 'High Performer' (High performance, Moderate potential)",Seamus Noble is a genuine asset to the team. His ability to achieve good results has been shown time and time again. His team building exercises have always been to a commendable level. We have seen he can work with a team and create a sense of oneness in the group.,True,True,5,266,4,2,1,seamus noble is a genuine asset to the team his ability to achieve good result ha been shown time and time again his team building exercise have always been to a commendable level we have seen he can work with a team and create a sense of oneness in the group,test,Category 6: High Performer,High Performance,Medium Potential,Positive Feedback,Work Culture,Performance Quality; Team Collaboration,Neutral Feedback,Work Culture
20233,Seamus Noble,"Category 6: 'High Performer' (High performance, Moderate potential)","Seamus Noble was hired onto our sales group in the T-shirt department last year. He's done a great job promoting products for all ages and closing on big sales nearly weekly. A little distracting to work near from what I hear from those around the office as he has difficulty keeping his voice down on the phone while attempting to sell and promote product, he remains to have a good record this quarter. I'm glad to have him as part of the team.",True,True,5,446,4,2,1,seamus noble wa hired onto our sale group in the tshirt department last year he done a great job promoting product for all age and closing on big sale nearly weekly a little distracting to work near from what i hear from those around the office a he ha difficulty keeping his voice down on the phone while attempting to sell and promote product he remains to have a good record this quarter im glad to have him a part of the team,test,Category 6: High Performer,High Performance,Medium Potential,Positive Feedback,Work Culture,Team Collaboration,Positive Feedback,Work Culture
20117,Stephen Scott,"Category 6: 'High Performer' (High performance, Moderate potential)",Stephen Scott's performance was unique. The illustration style used was a niche on its own. With the right attitude and technique such as the one provided today the creations will be better. The potential is high for this student.,True,True,5,230,4,2,1,stephen scott performance wa unique the illustration style used wa a niche on it own with the right attitude and technique such a the one provided today the creation will be better the potential is high for this student,test,Category 6: High Performer,High Performance,Medium Potential,Positive Feedback,Career Growth,Performance Quality; Leadership Potential,Positive Feedback,Work Culture
20120,Stephen Scott,"Category 6: 'High Performer' (High performance, Moderate potential)",Stephen is a great worker. Always does everything he is asked and never says no. He has a high chance of becoming a leader. He just needs to put more effort in.,True,True,5,160,4,2,1,stephen is a great worker always doe everything he is asked and never say no he ha a high chance of becoming a leader he just need to put more effort in,test,Category 6: High Performer,High Performance,Medium Potential,Positive Feedback,Career Growth,Leadership Potential,Positive Feedback,Career Growth
20187,Jack Walsh,"Category 6: 'High Performer' (High performance, Moderate potential)",Jack Walsh has shown he is the engine of the team. His consistent output of work has been an inspiration to many. We have rejoiced on how his task completion rate has never dropped. His membership is of utmost importance.,True,True,5,221,4,2,1,jack walsh ha shown he is the engine of the team his consistent output of work ha been an inspiration to many we have rejoiced on how his task completion rate ha never dropped his membership is of utmost importance,test,Category 6: High Performer,High Performance,Medium Potential,Positive Feedback,Work Culture,Team Collaboration,Neutral Feedback,Work Culture
20224,Deon Griffith,"Category 6: 'High Performer' (High performance, Moderate potential)",Deon Griffith consistently shows that he can provide top quality work even though his abilities at times let him down. He has been able to make the most of what he has in tasks. As a group member he puts the most effort in. It is an asset to the team to have his illustrious work.,True,True,5,280,4,2,1,deon griffith consistently show that he can provide top quality work even though his ability at time let him down he ha been able to make the most of what he ha in task a a group member he put the most effort in it is an asset to the team to have his illustrious work,test,Category 6: High Performer,High Performance,Medium Potential,Positive Feedback,Work Culture,Performance Quality; Team Collaboration,Positive Feedback,Work Culture
20181,Regan Rhodes,"Category 6: 'High Performer' (High performance, Moderate potential)",Regan is a very good performer and their work quality is excellent and always completed on time. I have spoken to Regan about interest in promotional opportunities but there is no interest at this time. Regan should be recommended for a raise in pay this year based on their performance. If there is interest in the future in being promoted then a good performance plan needs to be created and worked on to get them to the next level. Great job Regan!,True,True,5,451,5,2,1,regan is a very good performer and their work quality is excellent and always completed on time i have spoken to regan about interest in promotional opportunity but there is no interest at this time regan should be recommended for a raise in pay this year based on their performance if there is interest in the future in being promoted then a good performance plan need to be created and worked on to get them to the next level great job regan,test,Category 6: High Performer,High Performance,Medium Potential,Positive Feedback,Career Growth,Performance Quality; Leadership Potential; Career Growth; Salary & Benefits,Neutral Feedback,Career Growth
20152,Rachel Harper,"Category 6: 'High Performer' (High performance, Moderate potential)",Rachel is the star worker! She loves to come in and work until theres nothing left. The only thing she needs to work on is being more expressive. By doing that she could be able to lead one day.,False,True,5,194,4,2,1,rachel is the star worker she love to come in and work until there nothing left the only thing she need to work on is being more expressive by doing that she could be able to lead one day,test,Category 6: High Performer,High Performance,Medium Potential,Positive Feedback,Work Culture,General Employee Feedback,Positive Feedback,Work Culture
20151,Rachel Harper,"Category 6: 'High Performer' (High performance, Moderate potential)","Rachel Harper is an ""A1"" employee. Punctuality is there, consistency is there, and her quality of work is among the best. I'm not sure of her ability to lead and excel at a higher level as her communication skills are a bit lacking. She could however develop those skills over time as the potential for her is there.",False,True,5,316,4,2,1,rachel harper is an a1 employee punctuality is there consistency is there and her quality of work is among the best im not sure of her ability to lead and excel at a higher level a her communication skill are a bit lacking she could however develop those skill over time a the potential for her is there,test,Category 6: High Performer,High Performance,Medium Potential,Positive Feedback,Career Growth,Communication; Performance Quality; Skill Gap; Leadership Potential,Positive Feedback,Work Culture
20025,Allan Logan,"Category 6: 'High Performer' (High performance, Moderate potential)",Allan Logan is a great worker. He shows great work ethic and always gets his work done in time. He is extremely efficient in his work. With a little more improvement he would be an ideal candidate for promotions.,False,True,5,212,4,2,1,allan logan is a great worker he show great work ethic and always get his work done in time he is extremely efficient in his work with a little more improvement he would be an ideal candidate for promotion,test,Category 6: High Performer,High Performance,Medium Potential,Positive Feedback,Work Culture,General Employee Feedback,Positive Feedback,Work Culture
20026,Allan Logan,"Category 6: 'High Performer' (High performance, Moderate potential)",Allan Logan is a good performer. He almost never fails to achieve his yearly targets. He is truly dedicated and hard working man. Though he needs to work on some areas but he has true potential to be the best in the industry.,False,True,5,225,4,2,1,allan logan is a good performer he almost never fails to achieve his yearly target he is truly dedicated and hard working man though he need to work on some area but he ha true potential to be the best in the industry,test,Category 6: High Performer,High Performance,Medium Potential,Positive Feedback,Career Growth,Leadership Potential,Positive Feedback,Work Culture
20027,Allan Logan,"Category 6: 'High Performer' (High performance, Moderate potential)",Allan is a formidable attorney. He takes the time to get to know his clients and their situations. He will fight relentlessly and is very succesful. However I've also heard that he was a bit slow to move in several uncommon situations.,True,True,5,235,4,2,1,allan is a formidable attorney he take the time to get to know his client and their situation he will fight relentlessly and is very succesful however ive also heard that he wa a bit slow to move in several uncommon situation,test,Category 6: High Performer,High Performance,Medium Potential,Positive Feedback,Work Culture,General Employee Feedback,Positive Feedback,Work Culture
20039,Layne Terrell,"Category 6: 'High Performer' (High performance, Moderate potential)","Layne is an excellent employee. Layne exhibits a high level of attention detail and work ethic. Layne's ability to multi task and help others on the team is extremely valuable. Layne submits all their work on time, which shows that they have great prirtizarion skills. We are grateful to work with Layne.",True,True,5,304,5,2,1,layne is an excellent employee layne exhibit a high level of attention detail and work ethic laynes ability to multi task and help others on the team is extremely valuable layne submits all their work on time which show that they have great prirtizarion skill we are grateful to work with layne,test,Category 6: High Performer,High Performance,Medium Potential,Positive Feedback,Work Culture,Skill Gap; Team Collaboration,Positive Feedback,Work Culture
20040,Layne Terrell,"Category 6: 'High Performer' (High performance, Moderate potential)",Layne's work is quality. He consistently provides above average work. He also provides stellar feedback to his team. His communication skills are exceptional.,True,True,5,158,4,2,1,laynes work is quality he consistently provides above average work he also provides stellar feedback to his team his communication skill are exceptional,test,Category 6: High Performer,High Performance,Medium Potential,Positive Feedback,Work Culture,Communication; Performance Quality; Skill Gap; Team Collaboration,Positive Feedback,Work Culture
20038,Layne Terrell,"Category 6: 'High Performer' (High performance, Moderate potential)",Layne is one of the best in this group. She perfectly hone and follow the disciple that is she got the best results.,True,True,5,116,2,2,1,layne is one of the best in this group she perfectly hone and follow the disciple that is she got the best result,test,Category 6: High Performer,High Performance,Medium Potential,Positive Feedback,Work Culture,Performance Quality,Neutral Feedback,Work Culture
20111,Logan Mason,"Category 6: 'High Performer' (High performance, Moderate potential)","Logan has shown a high aptitude for his work. He consistently performs tasks with a high level of quality. Unfortunately, he has had a hard time interacting with other team members. His communication must improve for him to become a star employee.",False,True,5,247,4,2,1,logan ha shown a high aptitude for his work he consistently performs task with a high level of quality unfortunately he ha had a hard time interacting with other team member his communication must improve for him to become a star employee,test,Category 6: High Performer,High Performance,Medium Potential,Positive Feedback,Work Culture,Communication; Performance Quality; Team Collaboration,Positive Feedback,Work Culture
20116,Stephen Scott,"Category 6: 'High Performer' (High performance, Moderate potential)",Stephen has been doing a phenomenal job this last quarter. He has been able to analyze what he needs to at an exceptional pace with almost perfect quality. I for one think we have still not seen the best of Stephen and I expect even more from him next quarter. i will be closely watching his performance and anticipate an even more glowing review next quarter.,True,True,5,360,4,2,1,stephen ha been doing a phenomenal job this last quarter he ha been able to analyze what he need to at an exceptional pace with almost perfect quality i for one think we have still not seen the best of stephen and i expect even more from him next quarter i will be closely watching his performance and anticipate an even more glowing review next quarter,test,Category 6: High Performer,High Performance,Medium Potential,Positive Feedback,Work Culture,Performance Quality,Positive Feedback,Work Culture
20121,Aydin Pitts,"Category 6: 'High Performer' (High performance, Moderate potential)",Aydin is the one to watch out for. He is constantly scoring touchdowns and is a valuable running back for our football team.,True,True,5,124,2,2,1,aydin is the one to watch out for he is constantly scoring touchdown and is a valuable running back for our football team,test,Category 6: High Performer,High Performance,Medium Potential,Positive Feedback,Work Culture,Team Collaboration,Positive Feedback,Work Culture
20137,Xavier Mcdowell,"Category 6: 'High Performer' (High performance, Moderate potential)",Despite some pitfalls in Xaviers employment and education history he is a solid member of the team. He is constantly first in and last out and completes his work accurately.  We would like to see Xav continue his efforts in his current role and fulfill it to the best of his ability. Xav is encouraged to reach out to senior members of the team for guidance and assistance in completing new tasks.,True,True,5,397,4,2,1,despite some pitfall in xavier employment and education history he is a solid member of the team he is constantly first in and last out and completes his work accurately we would like to see xav continue his effort in his current role and fulfill it to the best of his ability xav is encouraged to reach out to senior member of the team for guidance and assistance in completing new task,test,Category 6: High Performer,High Performance,Medium Potential,Positive Feedback,Work Culture,Leadership Potential; Team Collaboration,Neutral Feedback,Work Culture
20110,Logan Mason,"Category 6: 'High Performer' (High performance, Moderate potential)",Logan does amazing work. He always works his heart out while at the same time making progress. His leadership skills need work though due to his preference of working alone. If he could work with others he will go places!,False,True,5,221,4,2,1,logan doe amazing work he always work his heart out while at the same time making progress his leadership skill need work though due to his preference of working alone if he could work with others he will go place,test,Category 6: High Performer,High Performance,Medium Potential,Positive Feedback,Career Growth,Skill Gap; Leadership Potential; Career Growth,Neutral Feedback,Work Culture
507,Braiden Santos,"Category 7: 'Potential Gem' (Low performance, High potential)","Though it may not seem like it from his low numbers this quarter, Braiden actually has a number of traits that suggest he could do very well in a different role here. He has shown a strong sense of creativity and has shined when assigned to tasks that better match his skill set. His motivation also seemed greater when he was put in a better position. Given some time and training, he could really grow into a gem for us later on.",True,True,6,431,4,0,2,though it may not seem like it from his low number this quarter braiden actually ha a number of trait that suggest he could do very well in a different role here he ha shown a strong sense of creativity and ha shined when assigned to task that better match his skill set his motivation also seemed greater when he wa put in a better position given some time and training he could really grow into a gem for u later on,test,Category 7: Potential Gem,Low Performance,High Potential,Negative Feedback,Career Growth,Skill Gap,Negative Feedback,Career Growth
500,Brantley Whitfield,"Category 7: 'Potential Gem' (Low performance, High potential)","Brantley Whitfield is an employee that could be going places. When working with him, I get a sense that he really grasps what we are trying to do with the company. His work output may not show it today, as it currently does't match the required quality level, but I feel like he has really untapped potential. We need to brainstorm ways to get him more interested and involved.",True,True,6,377,4,0,2,brantley whitfield is an employee that could be going place when working with him i get a sense that he really grasp what we are trying to do with the company his work output may not show it today a it currently doest match the required quality level but i feel like he ha really untapped potential we need to brainstorm way to get him more interested and involved,test,Category 7: Potential Gem,Low Performance,High Potential,Negative Feedback,Work Culture,Performance Quality; Leadership Potential,Negative Feedback,Work Culture
505,Braiden Santos,"Category 7: 'Potential Gem' (Low performance, High potential)","When Braiden works well it's clear there's a lot of promise there. However, the output of work is not always ideal and requires validation.",True,True,6,139,2,0,2,when braiden work well it clear there a lot of promise there however the output of work is not always ideal and requires validation,test,Category 7: Potential Gem,Low Performance,High Potential,Negative Feedback,Work Culture,General Employee Feedback,Negative Feedback,Career Growth
506,Braiden Santos,"Category 7: 'Potential Gem' (Low performance, High potential)","Braiden's first quarter in our department was a rough one. He's a new member of our team and spent the entire past quarter learning the ropes of data analysis, research, and report generation. Frustratingly, he had to rely on senior colleagues for every report he produced in this period, meaning that others ended up doing more work on his assignments than he ended up doing. I was disappointed in his performance overall but believe that Braiden has significant room to grow moving forward. He now understands fully what steps he needs to take to create reports and I am impressed with his leadership and communication skills. Thus I believe he can go far in this department if he chooses to.",False,True,6,694,6,0,2,braidens first quarter in our department wa a rough one he a new member of our team and spent the entire past quarter learning the rope of data analysis research and report generation frustratingly he had to rely on senior colleague for every report he produced in this period meaning that others ended up doing more work on his assignment than he ended up doing i wa disappointed in his performance overall but believe that braiden ha significant room to grow moving forward he now understands fully what step he need to take to create report and i am impressed with his leadership and communication skill thus i believe he can go far in this department if he chooses to,test,Category 7: Potential Gem,Low Performance,High Potential,Negative Feedback,Career Growth,Communication; Performance Quality; Skill Gap; Leadership Potential; Team Collaboration,Positive Feedback,Work Culture
509,Briley Mcknight,"Category 7: 'Potential Gem' (Low performance, High potential)","Briley has some unique qualities that the company is very very interested in. She seems to not have the power to preform well in her current position, and has trouble keeping up with tasks. But i believe that if she stays with the company and finds her right position, that she could very well help move this company to the next level its been looking to get to. We need to keep Briley around to see if this promising person turns out to be what we hope.",False,True,6,454,4,0,2,briley ha some unique quality that the company is very very interested in she seems to not have the power to preform well in her current position and ha trouble keeping up with task but i believe that if she stay with the company and find her right position that she could very well help move this company to the next level it been looking to get to we need to keep briley around to see if this promising person turn out to be what we hope,test,Category 7: Potential Gem,Low Performance,High Potential,Negative Feedback,Work Culture,General Employee Feedback,Positive Feedback,Career Growth
524,Zachary Doyle,"Category 7: 'Potential Gem' (Low performance, High potential)",Zachary is slow to answer questions and needs supervision on the shop floor. He shows up late to work sometimes. The work he does produce is high quality and he could become a star employee. Zachary should be shown ways to increase his interest in the job.,False,True,6,256,4,0,2,zachary is slow to answer question and need supervision on the shop floor he show up late to work sometimes the work he doe produce is high quality and he could become a star employee zachary should be shown way to increase his interest in the job,test,Category 7: Potential Gem,Low Performance,High Potential,Negative Feedback,Work Culture,Attendance / Punctuality; Performance Quality,Negative Feedback,Work Culture
516,Jaxson Giles,"Category 7: 'Potential Gem' (Low performance, High potential)","Jaxson is a potential gem here at work, if only he could be more consistent in his performance. Jaxson has great enthusiasm in his job but often lacks the determination to follow through. Jaxson seems distracted by ideas and possibilities, which leads to missed opportunities as well as deadlines. If Jaxson could grab onto his potential and finish more tasks, he would no doubt excel in his work.",False,True,6,397,4,0,2,jaxson is a potential gem here at work if only he could be more consistent in his performance jaxson ha great enthusiasm in his job but often lack the determination to follow through jaxson seems distracted by idea and possibility which lead to missed opportunity a well a deadline if jaxson could grab onto his potential and finish more task he would no doubt excel in his work,test,Category 7: Potential Gem,Low Performance,High Potential,Negative Feedback,Career Growth,Performance Quality; Leadership Potential; Career Growth,Neutral Feedback,Career Growth
518,Heidi Wallace,"Category 7: 'Potential Gem' (Low performance, High potential)",Heidi is a junior employee who does take some time to explain the task and asks many questions. Heidi's questions are very intelligent and she does grasp the material very quickly. Although Heidi does take some extra time to train she exhibits high potential to be a top tier employee. Heidi's initial low performance should be noted with she takes extra time to fully understand the task assigned.,False,True,6,398,4,0,2,heidi is a junior employee who doe take some time to explain the task and asks many question heidis question are very intelligent and she doe grasp the material very quickly although heidi doe take some extra time to train she exhibit high potential to be a top tier employee heidis initial low performance should be noted with she take extra time to fully understand the task assigned,test,Category 7: Potential Gem,Low Performance,High Potential,Negative Feedback,Career Growth,Performance Quality; Leadership Potential,Neutral Feedback,Career Growth
519,Heidi Wallace,"Category 7: 'Potential Gem' (Low performance, High potential)","Heidi Wallace didn't provide the best results, but she definitely has what it takes. With time and a little polishing, she could be a valuable employee. She has the ability to learn and grow. With  little training, she will prove to be an asset to the company.",False,True,6,260,4,0,2,heidi wallace didnt provide the best result but she definitely ha what it take with time and a little polishing she could be a valuable employee she ha the ability to learn and grow with little training she will prove to be an asset to the company,test,Category 7: Potential Gem,Low Performance,High Potential,Negative Feedback,Career Growth,Performance Quality; Skill Gap,Positive Feedback,Work Culture
520,Heidi Wallace,"Category 7: 'Potential Gem' (Low performance, High potential)","People in Heidi's category can sometimes be tough to judge. She is very creative and puts a lot of thought into her ideas and proposals. However, sometimes as in baseball, if a player takes big swings for a home run, they are prone to striking out.  Still, you can't teach creativity and outside the box thinking, so we would like to work with Heidi on being a smarter risk taker and knowing when to hit singles or take a walk when the situation warrants.",True,True,6,455,4,0,2,people in heidis category can sometimes be tough to judge she is very creative and put a lot of thought into her idea and proposal however sometimes a in baseball if a player take big swing for a home run they are prone to striking out still you cant teach creativity and outside the box thinking so we would like to work with heidi on being a smarter risk taker and knowing when to hit single or take a walk when the situation warrant,test,Category 7: Potential Gem,Low Performance,High Potential,Negative Feedback,Work Culture,General Employee Feedback,Positive Feedback,Work Culture
492,Jessica Black,"Category 7: 'Potential Gem' (Low performance, High potential)","Jessica just hasn't found her niche yet. She is so smart, I just think she would rather spend her time learning about new skills to apply later than the job at hand. She's probably bored with her current tasks and wants to be challenged. I see her taking online courses during work hours, hopefully her role can adjust to something else she's interested in.",False,True,6,357,4,0,2,jessica just hasnt found her niche yet she is so smart i just think she would rather spend her time learning about new skill to apply later than the job at hand shes probably bored with her current task and want to be challenged i see her taking online course during work hour hopefully her role can adjust to something else shes interested in,test,Category 7: Potential Gem,Low Performance,High Potential,Negative Feedback,Career Growth,Skill Gap,Neutral Feedback,Career Growth
513,Logan Ellis,"Category 7: 'Potential Gem' (Low performance, High potential)",Very capable but not always showing it. The outputs could be better. When he applies himself he is ideal. He just needs to work harder.,True,True,6,135,4,0,2,very capable but not always showing it the output could be better when he applies himself he is ideal he just need to work harder,test,Category 7: Potential Gem,Low Performance,High Potential,Negative Feedback,Work Culture,General Employee Feedback,Negative Feedback,Work Culture
529,Lauren Baker,"Category 7: 'Potential Gem' (Low performance, High potential)","Lauren Baker shows great potential in her field. She has the ability to excel at her career. However, Lauren's results run low and could hinder slow down her career. She seems to be in a wrong role with her abilities.",True,True,6,217,4,0,2,lauren baker show great potential in her field she ha the ability to excel at her career however laurens result run low and could hinder slow down her career she seems to be in a wrong role with her ability,test,Category 7: Potential Gem,Low Performance,High Potential,Negative Feedback,Career Growth,Performance Quality; Leadership Potential; Career Growth,Positive Feedback,Career Growth
533,George Jones,"Category 7: 'Potential Gem' (Low performance, High potential)","Oh George, not a good worker for this position. But there is so much room for growth. He has a great education and can prosper in the field. I am happy to train him and help him meet his goals. He definitely has a talent.",True,True,6,221,5,0,2,oh george not a good worker for this position but there is so much room for growth he ha a great education and can prosper in the field i am happy to train him and help him meet his goal he definitely ha a talent,test,Category 7: Potential Gem,Low Performance,High Potential,Negative Feedback,Career Growth,Career Growth,Neutral Feedback,Work Culture
327,Dylan Baker,"Category 7: 'Potential Gem' (Low performance, High potential)",Dylan Baker has talent but does not seem to apply it. He can often find creative solutions but only when all other team members are exhausted. Dylan has the potential for growth but lacks the motivation to pursue it. With more focus Dylan could become a much more valuable member of our team.,True,True,6,292,4,0,2,dylan baker ha talent but doe not seem to apply it he can often find creative solution but only when all other team member are exhausted dylan ha the potential for growth but lack the motivation to pursue it with more focus dylan could become a much more valuable member of our team,test,Category 7: Potential Gem,Low Performance,High Potential,Negative Feedback,Career Growth,Leadership Potential; Team Collaboration; Career Growth,Negative Feedback,Work Culture
20072,Chelsea Jimenez,"Category 7: 'Potential Gem' (Low performance, High potential)","Chelsea consistently has the best attitude on the team. While she's struggled to understand all aspects of her current project, she's always receptive to feedback, and constantly looks for ways to improve. Chelsea is the first to volunteer to help others, and although it takes her longer to complete projects, I believe her work ethic and attitude will help her continue to grow within the company.",False,True,6,399,3,0,2,chelsea consistently ha the best attitude on the team while shes struggled to understand all aspect of her current project shes always receptive to feedback and constantly look for way to improve chelsea is the first to volunteer to help others and although it take her longer to complete project i believe her work ethic and attitude will help her continue to grow within the company,test,Category 7: Potential Gem,Low Performance,High Potential,Negative Feedback,Work Culture,Communication; Team Collaboration,Positive Feedback,Work Culture
20113,Dominic Wood,"Category 7: 'Potential Gem' (Low performance, High potential)",Dominic Wood cannot show us good work so far. This does not take away from the fact that he has talent. We will influence his decisions with the right nurture. He is a fantastic prospect for the future.,False,True,6,202,4,0,2,dominic wood cannot show u good work so far this doe not take away from the fact that he ha talent we will influence his decision with the right nurture he is a fantastic prospect for the future,test,Category 7: Potential Gem,Low Performance,High Potential,Negative Feedback,Career Growth,Leadership Potential,Neutral Feedback,Career Growth
20158,Daisy Pearce,"Category 7: 'Potential Gem' (Low performance, High potential)",Daisy Pearce can be said to have little quality in task goals. That being said she has the makings of greatness. Her ability has yet to have come to fruition. With the correct task help and inspiration she can provide better work.,True,True,6,230,4,0,2,daisy pearce can be said to have little quality in task goal that being said she ha the making of greatness her ability ha yet to have come to fruition with the correct task help and inspiration she can provide better work,test,Category 7: Potential Gem,Low Performance,High Potential,Negative Feedback,Work Culture,Performance Quality,Neutral Feedback,Work Culture
20198,Zachary Turner,"Category 7: 'Potential Gem' (Low performance, High potential)","Zachary has shown extraordinary potential in the past few weeks but when it came to actual assignments, he has faltered in many areas. Even though he is able to focus on the technical aspect, when it comes to implementation, he is unable to deliver within the given timelines. Having said that, the upcoming training program should give him the much needed performance boost.",True,True,6,375,3,0,2,zachary ha shown extraordinary potential in the past few week but when it came to actual assignment he ha faltered in many area even though he is able to focus on the technical aspect when it come to implementation he is unable to deliver within the given timeline having said that the upcoming training program should give him the much needed performance boost,test,Category 7: Potential Gem,Low Performance,High Potential,Negative Feedback,Career Growth,Performance Quality; Skill Gap; Leadership Potential,Negative Feedback,Career Growth
20201,Zachary Turner,"Category 7: 'Potential Gem' (Low performance, High potential)","I think Zachary  has a lot of potential, but his performance stats aren't that great. When I motivate him to get his work done, he is great and does an excellent job. He often ranks in the top 5. However, that is only when I give him pep talks. Otherwise, he does not perform on his own. He is not a self motivator, but the potential is there if you are willing to cheer him on.",False,True,6,378,6,0,2,i think zachary ha a lot of potential but his performance stats arent that great when i motivate him to get his work done he is great and doe an excellent job he often rank in the top 5 however that is only when i give him pep talk otherwise he doe not perform on his own he is not a self motivator but the potential is there if you are willing to cheer him on,test,Category 7: Potential Gem,Low Performance,High Potential,Negative Feedback,Career Growth,Performance Quality; Leadership Potential,Neutral Feedback,Career Growth
20230,Seamus Noble,"Category 7: 'Potential Gem' (Low performance, High potential)",Seamus is a an exceptional worker. He puts good effort into his work and his duties. He has a good chance in becoming something even more. One day he will go places. I recommend Seamus.,True,True,6,185,5,0,2,seamus is a an exceptional worker he put good effort into his work and his duty he ha a good chance in becoming something even more one day he will go place i recommend seamus,test,Category 7: Potential Gem,Low Performance,High Potential,Negative Feedback,Work Culture,General Employee Feedback,Positive Feedback,Work Culture
121,Michael Kaur,"Category 7: 'Potential Gem' (Low performance, High potential)","Mr. Michael kaur, your performance going to down, so you need a good performance, don't worry try your best and increase your potential, then you achieve the goal. thank you.",True,True,6,174,3,0,2,mr michael kaur your performance going to down so you need a good performance dont worry try your best and increase your potential then you achieve the goal thank you,test,Category 7: Potential Gem,Low Performance,High Potential,Negative Feedback,Career Growth,Performance Quality; Leadership Potential,Neutral Feedback,Career Growth
10030,Dylan Bailey,"Category 7: 'Potential Gem' (Low performance, High potential)",Dylan Bailey is truly one of a kind.  Dylan is hard working and always puts 150 percent when comes to his work and dedication this company. Dylan is definitely have been a great asset.,True,True,6,184,3,0,2,dylan bailey is truly one of a kind dylan is hard working and always put 150 percent when come to his work and dedication this company dylan is definitely have been a great asset,test,Category 7: Potential Gem,Low Performance,High Potential,Negative Feedback,Work Culture,General Employee Feedback,Positive Feedback,Work Culture
10110,Jayden Rees,"Category 7: 'Potential Gem' (Low performance, High potential)",Jayden Rees is an irregular member of the team. Her work has been patchy at best. We do have the right tools to develop her skills. With time she may show her best yet.,True,True,6,168,4,0,2,jayden rees is an irregular member of the team her work ha been patchy at best we do have the right tool to develop her skill with time she may show her best yet,test,Category 7: Potential Gem,Low Performance,High Potential,Negative Feedback,Work Culture,Skill Gap; Team Collaboration,Negative Feedback,Work Culture
10196,Daniel Hill,"Category 7: 'Potential Gem' (Low performance, High potential)","Daniel is an amazing team player who can see and analyze situation and react quickly and smart. He shows to be the leader of the team but also shows integration with the rest of the team, which means he is open for suggestions and feedback.",True,True,6,240,2,0,2,daniel is an amazing team player who can see and analyze situation and react quickly and smart he show to be the leader of the team but also show integration with the rest of the team which mean he is open for suggestion and feedback,test,Category 7: Potential Gem,Low Performance,High Potential,Negative Feedback,Work Culture,Communication; Leadership Potential; Team Collaboration,Neutral Feedback,Work Culture
375,Finlay Gardner,"Category 8: 'High Potential' (Moderate performance, High potential)","Finlay Gardner has earned a core player rating for the evaluation period.  He is a reliable employee that can be counted on to put in the extra time when needed and is thorough in his thoughts and actions.   In addition, he is conscientious and works to improve the team as it works on the project.   In the future, we believe he can advance further in the organization as he develops expertise and competence in a desired specialty.",True,True,7,433,4,1,2,finlay gardner ha earned a core player rating for the evaluation period he is a reliable employee that can be counted on to put in the extra time when needed and is thorough in his thought and action in addition he is conscientious and work to improve the team a it work on the project in the future we believe he can advance further in the organization a he develops expertise and competence in a desired specialty,test,Category 8: High Potential,Medium Performance,High Potential,Neutral Feedback,Career Growth,Leadership Potential; Team Collaboration,Neutral Feedback,Work Culture
511,Logan Ellis,"Category 8: 'High Potential' (Moderate performance, High potential)","You are a valuable member of our team, and your positive attitude has helped us all continue to feel motivated!",True,True,7,111,1,1,2,you are a valuable member of our team and your positive attitude ha helped u all continue to feel motivated,test,Category 8: High Potential,Medium Performance,High Potential,Neutral Feedback,Work Culture,Team Collaboration,Positive Feedback,Work Culture
20067,Isabelle Gibson,"Category 8: 'High Potential' (Moderate performance, High potential)","Isabelle is an attentive girl, she has a lot of future, we hope she knows how to take advantage of her great ideas and knowledge in her favor,  she is not the best but she can be, she just needs a little more dedication. It would be a very good prospect to be a representative of the national science fair",True,True,7,305,1,1,2,isabelle is an attentive girl she ha a lot of future we hope she know how to take advantage of her great idea and knowledge in her favor she is not the best but she can be she just need a little more dedication it would be a very good prospect to be a representative of the national science fair,test,Category 8: High Potential,Medium Performance,High Potential,Neutral Feedback,Career Growth,Leadership Potential,Neutral Feedback,Career Growth
20035,Callen Bentley,"Category 8: 'High Potential' (Moderate performance, High potential)",Callen is a great member of the team. She would benefit guidance and could reach her full potential with the correct leadership and initiative.  I would love to see her gain more training as I know she would be capable of taking on more responsibility day to day.  We are never disappointed with Callen and cant wait to see what else she can achieve.,False,True,7,350,4,1,2,callen is a great member of the team she would benefit guidance and could reach her full potential with the correct leadership and initiative i would love to see her gain more training a i know she would be capable of taking on more responsibility day to day we are never disappointed with callen and cant wait to see what else she can achieve,test,Category 8: High Potential,Medium Performance,High Potential,Neutral Feedback,Career Growth,Skill Gap; Leadership Potential; Team Collaboration; Salary & Benefits,Neutral Feedback,Work Culture
358,Joseph Burke,"Category 8: 'High Potential' (Moderate performance, High potential)",Chanel will be a huge asset to our team! Chanel is coachable and always willing to try new ideas. Chanel does whatever it takes to make sure the team is performing at its best. Chanel is always bring a positive attitude and new ideas to the team.,True,True,7,246,4,1,2,chanel will be a huge asset to our team chanel is coachable and always willing to try new idea chanel doe whatever it take to make sure the team is performing at it best chanel is always bring a positive attitude and new idea to the team,test,Category 8: High Potential,Medium Performance,High Potential,Neutral Feedback,Work Culture,Team Collaboration,Neutral Feedback,Work Culture
20037,Callen Bentley,"Category 8: 'High Potential' (Moderate performance, High potential)","You have tremendous abilities and talents. Continue with the wonderful work that you have been doing. You are intelligent, positive, ambitious and successful, so anything you put your mind to you can do it. Good job on your projects, you did great",True,True,7,247,3,1,2,you have tremendous ability and talent continue with the wonderful work that you have been doing you are intelligent positive ambitious and successful so anything you put your mind to you can do it good job on your project you did great,test,Category 8: High Potential,Medium Performance,High Potential,Neutral Feedback,Work Culture,General Employee Feedback,Positive Feedback,Work Culture
219,Finley Gray,"Category 8: 'High Potential' (Moderate performance, High potential)",with constant motivation Finley Gray will grow to be a star,True,True,7,59,1,1,2,with constant motivation finley gray will grow to be a star,test,Category 8: High Potential,Medium Performance,High Potential,Neutral Feedback,Work Culture,General Employee Feedback,Positive Feedback,Work Culture
20115,Dominic Wood,"Category 8: 'High Potential' (Moderate performance, High potential)","Dominic, I can tell there is a multitude of bright ideas just ready to burst forth from you. Possibly you have felt hesitant to demonstrate your capabilities. Please feel free to share your talents and creativity with us. You will be very successful if we can get your efforts to match your potential.",True,True,7,301,4,1,2,dominic i can tell there is a multitude of bright idea just ready to burst forth from you possibly you have felt hesitant to demonstrate your capability please feel free to share your talent and creativity with u you will be very successful if we can get your effort to match your potential,test,Category 8: High Potential,Medium Performance,High Potential,Neutral Feedback,Career Growth,Leadership Potential,Positive Feedback,Career Growth
20206,Kyle Shaw,"Category 8: 'High Potential' (Moderate performance, High potential)",Kyle Shaw has shown he has a great grasp of what is asked of him. He completes tasks in a timely fashion and consistently has a good output. He has shown he could improve from being nurtured by the team. His flare for work has shown he is a great asset to the team.,False,True,7,265,4,1,2,kyle shaw ha shown he ha a great grasp of what is asked of him he completes task in a timely fashion and consistently ha a good output he ha shown he could improve from being nurtured by the team his flare for work ha shown he is a great asset to the team,test,Category 8: High Potential,Medium Performance,High Potential,Neutral Feedback,Work Culture,Team Collaboration,Neutral Feedback,Career Growth
20164,Georgia King,"Category 8: 'High Potential' (Moderate performance, High potential)","Gerogia's work ethic is good but could be improved. at times, Georgia makes mistakes that can be avoided if she paid more attention, however these mistakes are not ones that could jeopardize her role. There is a high possibility that Georgia can go far within the company if she chooses to improve her performance and pay more attention during the work day.",False,True,7,357,3,1,2,gerogias work ethic is good but could be improved at time georgia make mistake that can be avoided if she paid more attention however these mistake are not one that could jeopardize her role there is a high possibility that georgia can go far within the company if she chooses to improve her performance and pay more attention during the work day,test,Category 8: High Potential,Medium Performance,High Potential,Neutral Feedback,Salary & Benefits,Performance Quality; Salary & Benefits,Negative Feedback,Work Culture
20163,Georgia King,"Category 8: 'High Potential' (Moderate performance, High potential)","Georgia has a great personality, work ethic, and background. She works hard, and she seems eager to learn. She may be inexperienced within this field, but her wit and common sense has brought her success. Although she is unable to multi-task as well as others in her team, she is on the right path. Her future at this company is bright.",False,True,7,336,5,1,2,georgia ha a great personality work ethic and background she work hard and she seems eager to learn she may be inexperienced within this field but her wit and common sense ha brought her success although she is unable to multitask a well a others in her team she is on the right path her future at this company is bright,test,Category 8: High Potential,Medium Performance,High Potential,Neutral Feedback,Career Growth,Skill Gap; Leadership Potential; Team Collaboration,Neutral Feedback,Career Growth
20162,Georgia King,"Category 8: 'High Potential' (Moderate performance, High potential)",Ms. Georgina King is a great worker. She does good work for somone with her experience. Ms. King is going to get very high in life if she keep up her hard work. Eventually her hard work will pay off unto something much better. I highly recommend her,False,True,7,249,6,1,2,m georgina king is a great worker she doe good work for somone with her experience m king is going to get very high in life if she keep up her hard work eventually her hard work will pay off unto something much better i highly recommend her,test,Category 8: High Potential,Medium Performance,High Potential,Neutral Feedback,Work Culture,Salary & Benefits,Positive Feedback,Work Culture
20161,Georgia King,"Category 8: 'High Potential' (Moderate performance, High potential)",Georgia King is quite a good worker. I believe they have a high potential for growth and success in this company. Their performance may not be the best but i do see many good understanding of how they need to perform. I classify this employee at classification 8 with high potential markers.,False,True,7,291,4,1,2,georgia king is quite a good worker i believe they have a high potential for growth and success in this company their performance may not be the best but i do see many good understanding of how they need to perform i classify this employee at classification 8 with high potential marker,test,Category 8: High Potential,Medium Performance,High Potential,Neutral Feedback,Career Growth,Performance Quality; Leadership Potential; Career Growth,Positive Feedback,Career Growth
20203,Kyle Shaw,"Category 8: 'High Potential' (Moderate performance, High potential)",Kyle Shaw has shown excellent progress in the latest quarter. His contribution to the workplace has increased significantly in the last few months and he is still improving in his weaker areas. The potential for what he can achieve knows no bounds. He has an excellent future in this organisation.,False,True,7,297,4,1,2,kyle shaw ha shown excellent progress in the latest quarter his contribution to the workplace ha increased significantly in the last few month and he is still improving in his weaker area the potential for what he can achieve know no bound he ha an excellent future in this organisation,test,Category 8: High Potential,Medium Performance,High Potential,Neutral Feedback,Career Growth,Leadership Potential; Career Growth,Neutral Feedback,Career Growth
206,Conner Mcintyre,"Category 8: 'High Potential' (Moderate performance, High potential)","Conner Mcintyre was a new hire with relatively little experience in this field.  However, he has shown time and time again that hard work pays off.  He is task-oriented, and takes it upon himself to find ways to keep engaged each work day.  He has become a valued member of the team, and works well alone and with his colleagues.  I have seen growth in his work over the past several months, and look forward to seeing his continued improvement in this company.",False,True,7,461,5,1,2,conner mcintyre wa a new hire with relatively little experience in this field however he ha shown time and time again that hard work pay off he is taskoriented and take it upon himself to find way to keep engaged each work day he ha become a valued member of the team and work well alone and with his colleague i have seen growth in his work over the past several month and look forward to seeing his continued improvement in this company,test,Category 8: High Potential,Medium Performance,High Potential,Neutral Feedback,Work Culture,Team Collaboration; Career Growth,Neutral Feedback,Work Culture
20148,Niamh Walsh,"Category 8: 'High Potential' (Moderate performance, High potential)",Niamh Walsh has been an asset to the team from day one. Her constant eye for detail has been a revelation. We have no doubt that Niamh will be a member of the team for a long time. She is the glue that keeps the team together.,True,True,7,226,4,1,2,niamh walsh ha been an asset to the team from day one her constant eye for detail ha been a revelation we have no doubt that niamh will be a member of the team for a long time she is the glue that keep the team together,test,Category 8: High Potential,Medium Performance,High Potential,Neutral Feedback,Work Culture,Team Collaboration,Positive Feedback,Work Culture
20155,Rachel Harper,"Category 8: 'High Potential' (Moderate performance, High potential)","Rachel, your effort has been exceptional! Further exposure to the process will increase your abilities. I would like to recommend a mentor who can demonstrate the spectrum of qualities we have come to expect. Your enthusiasm and work ethic tell me that you will grow into your full capabilitites.",True,True,7,296,4,1,2,rachel your effort ha been exceptional further exposure to the process will increase your ability i would like to recommend a mentor who can demonstrate the spectrum of quality we have come to expect your enthusiasm and work ethic tell me that you will grow into your full capabilitites,test,Category 8: High Potential,Medium Performance,High Potential,Neutral Feedback,Career Growth,Leadership Potential,Positive Feedback,Work Culture
20118,Stephen Scott,"Category 8: 'High Potential' (Moderate performance, High potential)","Stephen Scott is a virtuoso in the making. He has not been showing his true talent yet, but with time he will succeed and achieve. He has shown good work in his assignments. The work he has completed has been to a more than satisfactory level.",False,True,7,243,4,1,2,stephen scott is a virtuoso in the making he ha not been showing his true talent yet but with time he will succeed and achieve he ha shown good work in his assignment the work he ha completed ha been to a more than satisfactory level,test,Category 8: High Potential,Medium Performance,High Potential,Neutral Feedback,Work Culture,General Employee Feedback,Neutral Feedback,Work Culture
20036,Callen Bentley,"Category 8: 'High Potential' (Moderate performance, High potential)","I admire Callen's efforts to contribute to the team meetings. Callen has an impressive skill set, and communicates well to customers. Unfortunately, sometimes she gets distracted and tends to track of the task on hand. I noticed that she spends too much time with certain customers, which causes other customers to wait even longer for her assistance. She is moving in the right direction, but I hope she can learn how to speed up the process and stay focused.",False,True,7,460,5,1,2,i admire callens effort to contribute to the team meeting callen ha an impressive skill set and communicates well to customer unfortunately sometimes she get distracted and tends to track of the task on hand i noticed that she spends too much time with certain customer which cause other customer to wait even longer for her assistance she is moving in the right direction but i hope she can learn how to speed up the process and stay focused,test,Category 8: High Potential,Medium Performance,High Potential,Neutral Feedback,Work Culture,Skill Gap; Team Collaboration,Neutral Feedback,Work Culture
20076,Milania Hodge,"Category 8: 'High Potential' (Moderate performance, High potential)","Milania is definitely one of our top 3 associates. Her energy, passion and focus are some of the best I have observed in a long while. She just needs to iron out a few kinks when it comes to estimation and she will be a real asset who can potentially move to a managerial role. She can make use of the estimation virtual training to improve her techniques.",False,True,7,356,4,1,2,milania is definitely one of our top 3 associate her energy passion and focus are some of the best i have observed in a long while she just need to iron out a few kink when it come to estimation and she will be a real asset who can potentially move to a managerial role she can make use of the estimation virtual training to improve her technique,test,Category 8: High Potential,Medium Performance,High Potential,Neutral Feedback,Career Growth,Skill Gap,Negative Feedback,Career Growth
20070,Isabelle Gibson,"Category 8: 'High Potential' (Moderate performance, High potential)","Isabelle Gibson has been an integral member of our cybersecurity division. I could tell she had the acumen to valuably contribute to our electronic security platform from the day I met her. She contributes helpful feedback and ideas regularly and meetings and also brings coffee on almost a weekly basis. She's great with her co-workers and really knows what she's talking about. A consistent worker with a strong work ethic, I have no doubts she will continue to do well going forward.",True,True,7,486,5,1,2,isabelle gibson ha been an integral member of our cybersecurity division i could tell she had the acumen to valuably contribute to our electronic security platform from the day i met her she contributes helpful feedback and idea regularly and meeting and also brings coffee on almost a weekly basis shes great with her coworkers and really know what shes talking about a consistent worker with a strong work ethic i have no doubt she will continue to do well going forward,test,Category 8: High Potential,Medium Performance,High Potential,Neutral Feedback,Management Issues,Communication,Positive Feedback,Work Culture
20069,Isabelle Gibson,"Category 8: 'High Potential' (Moderate performance, High potential)","Isabelle is a great individual who possesses strong work ethics and terrific communication skills. Although she has peers with similar experience and age, she is in a position to mentor them. An area of improvement I'd suggest would be automation, which can catapult her to stardom and a key skill for her line of work. With a great selection of digital learning avenues, I am sure Isabelle can learn and excel well.",True,True,7,416,4,1,2,isabelle is a great individual who posse strong work ethic and terrific communication skill although she ha peer with similar experience and age she is in a position to mentor them an area of improvement id suggest would be automation which can catapult her to stardom and a key skill for her line of work with a great selection of digital learning avenue i am sure isabelle can learn and excel well,test,Category 8: High Potential,Medium Performance,High Potential,Neutral Feedback,Career Growth,Communication; Skill Gap; Leadership Potential; Team Collaboration,Positive Feedback,Career Growth
20204,Kyle Shaw,"Category 8: 'High Potential' (Moderate performance, High potential)",Kyle Shaw is a hard worker and a strong performer. He certainly has a bright future ahead of him and the potential to go far in his career. I would encourage Kyle to push back when his plate gets overloaded. This will help him better manage his tasks and stay committed to hitting project deadlines.,False,True,7,299,4,1,2,kyle shaw is a hard worker and a strong performer he certainly ha a bright future ahead of him and the potential to go far in his career i would encourage kyle to push back when his plate get overloaded this will help him better manage his task and stay committed to hitting project deadline,test,Category 8: High Potential,Medium Performance,High Potential,Neutral Feedback,Career Growth,Leadership Potential; Career Growth,Neutral Feedback,Career Growth
20205,Kyle Shaw,"Category 8: 'High Potential' (Moderate performance, High potential)",Kyle has shown improvement this year. He has worked with dedication and lots of effort to complete tasks and projects on time. Kyle does have room for improvement so I would suggest listening to his co-workers feedback on his tasks and projects. I do believe in doing this we wll see improvemnts.,False,True,7,296,4,1,2,kyle ha shown improvement this year he ha worked with dedication and lot of effort to complete task and project on time kyle doe have room for improvement so i would suggest listening to his coworkers feedback on his task and project i do believe in doing this we wll see improvemnts,test,Category 8: High Potential,Medium Performance,High Potential,Neutral Feedback,Career Growth,Communication,Neutral Feedback,Career Growth
20119,Stephen Scott,"Category 8: 'High Potential' (Moderate performance, High potential)",Stephen Scott is a remarkable asset to this company. He is a very fast learner and dedicates himself his job. Mr. Scott is always willing to help out his fellow colleagues. I believe he has huge potential for this company's future.,True,True,7,231,5,1,2,stephen scott is a remarkable asset to this company he is a very fast learner and dedicates himself his job mr scott is always willing to help out his fellow colleague i believe he ha huge potential for this company future,test,Category 8: High Potential,Medium Performance,High Potential,Neutral Feedback,Career Growth,Leadership Potential,Positive Feedback,Career Growth
20209,Patrick Adams,"Category 9: 'Star' (High performance, High potential)",Mr. Adams is exemplary! He is one of the best workers i have ever seen. Mr Adams works as hard as he could while being a great leader at the same time. In the future i see Mr. Adams making an impact on the community! Hes a rising working class hero,False,True,8,248,6,2,2,mr adam is exemplary he is one of the best worker i have ever seen mr adam work a hard a he could while being a great leader at the same time in the future i see mr adam making an impact on the community he a rising working class hero,test,Category 9: Star,High Performance,High Potential,Positive Feedback,Career Growth,Leadership Potential,Positive Feedback,Work Culture
20207,Patrick Adams,"Category 9: 'Star' (High performance, High potential)",Patrick continues to impress both internal and external customers.  His exceptional performance increased productivity.  Patrick is on track with current requirements and is likely to advance very soon.  He consistently goes above and beyond to assist in any and all tasks.,False,True,8,273,4,2,2,patrick continues to impress both internal and external customer his exceptional performance increased productivity patrick is on track with current requirement and is likely to advance very soon he consistently go above and beyond to assist in any and all task,test,Category 9: Star,High Performance,High Potential,Positive Feedback,Work Culture,Performance Quality,Positive Feedback,Work Culture
20196,Andrew Grant,"Category 9: 'Star' (High performance, High potential)","Andrew Grant is one of our shining members of our manufacturing team. Hired on as a trainer for a range of manufacturing equipment and machines to other employees, he came in with a wealth of experience and is capitalizing on his opportunity to share it with others. Training more workers each month than just about anyone, actually I'd say he's one of the top, he continues to show himself as a perfect fit for his will. Being such a good educator, plans are to have him train on even more machines. I'm happy to see what's in store next for Andrew.",True,True,8,550,5,2,2,andrew grant is one of our shining member of our manufacturing team hired on a a trainer for a range of manufacturing equipment and machine to other employee he came in with a wealth of experience and is capitalizing on his opportunity to share it with others training more worker each month than just about anyone actually id say he one of the top he continues to show himself a a perfect fit for his will being such a good educator plan are to have him train on even more machine im happy to see whats in store next for andrew,test,Category 9: Star,High Performance,High Potential,Positive Feedback,Career Growth,Skill Gap; Team Collaboration; Career Growth,Positive Feedback,Work Culture
20169,Ivanna Boyer,"Category 9: 'Star' (High performance, High potential)",Ivanna Boyer from day one has been the epitome of quality. Her overall undertaking of tasks has been outstanding. She cannot put a foot wrong as part of the team. An asset to the company as a whole.,False,True,8,198,4,2,2,ivanna boyer from day one ha been the epitome of quality her overall undertaking of task ha been outstanding she cannot put a foot wrong a part of the team an asset to the company a a whole,test,Category 9: Star,High Performance,High Potential,Positive Feedback,Work Culture,Performance Quality; Team Collaboration,Positive Feedback,Work Culture
20168,Ivanna Boyer,"Category 9: 'Star' (High performance, High potential)","Ivanna has exceeded all our expectations in every single goal or delivery metric assigned to her in the past few quarters. She is highly skilled, extremely focused and very passionate about the work she does. She took the initiative to digitize our knowledge repository which has saved thousands of hours in turn dollars for the company. I thanks Ivanna with all my heart for being part of the team and helping the team members navigate these uncertain times.",False,True,8,459,4,2,2,ivanna ha exceeded all our expectation in every single goal or delivery metric assigned to her in the past few quarter she is highly skilled extremely focused and very passionate about the work she doe she took the initiative to digitize our knowledge repository which ha saved thousand of hour in turn dollar for the company i thanks ivanna with all my heart for being part of the team and helping the team member navigate these uncertain time,test,Category 9: Star,High Performance,High Potential,Positive Feedback,Work Culture,Team Collaboration,Positive Feedback,Work Culture
20165,Georgia King,"Category 9: 'Star' (High performance, High potential)",Georgia King is a great player. He  is above average and very consistent. I think that he has a high ceiling that he hasn't reached. Georgia is a player and it shows.,True,True,8,166,4,2,2,georgia king is a great player he is above average and very consistent i think that he ha a high ceiling that he hasnt reached georgia is a player and it show,test,Category 9: Star,High Performance,High Potential,Positive Feedback,Work Culture,General Employee Feedback,Neutral Feedback,Work Culture
20166,Ivanna Boyer,"Category 9: 'Star' (High performance, High potential)","Ivanna has been a constant asset to our team since she was hired. She constantly suggests innovative solutions to our problems, and has been instrumental in training our new hire. With a growth mindset like that of Ivanna, she has the potential to continue to move up within the company. Her projects are always finished before the deadlines, she constantly contributes new ideas, and her customer service skills are impeccable.",False,True,8,428,4,2,2,ivanna ha been a constant asset to our team since she wa hired she constantly suggests innovative solution to our problem and ha been instrumental in training our new hire with a growth mindset like that of ivanna she ha the potential to continue to move up within the company her project are always finished before the deadline she constantly contributes new idea and her customer service skill are impeccable,test,Category 9: Star,High Performance,High Potential,Positive Feedback,Career Growth,Skill Gap; Leadership Potential; Team Collaboration; Career Growth,Positive Feedback,Work Culture
20033,Callen Bentley,"Category 9: 'Star' (High performance, High potential)",Callen is a great employee. She does exceptional work and takes her time. She has the ablilty to do great things. All it is to do that is greater will. Very good though.,True,True,8,169,5,2,2,callen is a great employee she doe exceptional work and take her time she ha the ablilty to do great thing all it is to do that is greater will very good though,test,Category 9: Star,High Performance,High Potential,Positive Feedback,Work Culture,General Employee Feedback,Positive Feedback,Work Culture
20034,Callen Bentley,"Category 9: 'Star' (High performance, High potential)","Callen is one of the top performers in our team. They are an absolute joy to work with. They are friendly, approachable and always wear a smile on their face, making it so much easier for newer team members to confidently ask questions and suggest ideas. One minor are of improvement would be CI/CD tools, which I am sure Callen can pick up very easily within a few weeks from online tutorials.",True,True,8,394,4,2,2,callen is one of the top performer in our team they are an absolute joy to work with they are friendly approachable and always wear a smile on their face making it so much easier for newer team member to confidently ask question and suggest idea one minor are of improvement would be cicd tool which i am sure callen can pick up very easily within a few week from online tutorial,test,Category 9: Star,High Performance,High Potential,Positive Feedback,Work Culture,Team Collaboration,Positive Feedback,Work Culture
20041,Layne Terrell,"Category 9: 'Star' (High performance, High potential)",Mr. Terell is an example of a working class hero. Hes always on time and he focus completely at the job at hand. Mr. Terrell has a future of being a leader. Probably a better one than myself!,True,True,8,191,6,2,2,mr terell is an example of a working class hero he always on time and he focus completely at the job at hand mr terrell ha a future of being a leader probably a better one than myself,test,Category 9: Star,High Performance,High Potential,Positive Feedback,Career Growth,Leadership Potential,Negative Feedback,Career Growth
20042,Layne Terrell,"Category 9: 'Star' (High performance, High potential)",Layne Terrell is the best employee of the organization. She is the most dedicated and hard working people in the company. Her quarterly performance has been very good consistently. She never fails to complete her goals on time. She is the top performer.,False,True,8,253,5,2,2,layne terrell is the best employee of the organization she is the most dedicated and hard working people in the company her quarterly performance ha been very good consistently she never fails to complete her goal on time she is the top performer,test,Category 9: Star,High Performance,High Potential,Positive Feedback,Work Culture,Performance Quality,Positive Feedback,Work Culture
20068,Isabelle Gibson,"Category 9: 'Star' (High performance, High potential)",Isabelle Gibson is a powerhouse in the office. She can output her work to a serious level. Her talent has always been consistent. Isabelle shows she can take on any job of any colleague and excel.,True,True,8,196,4,2,2,isabelle gibson is a powerhouse in the office she can output her work to a serious level her talent ha always been consistent isabelle show she can take on any job of any colleague and excel,test,Category 9: Star,High Performance,High Potential,Positive Feedback,Work Culture,General Employee Feedback,Positive Feedback,Work Culture
20078,Milania Hodge,"Category 9: 'Star' (High performance, High potential)",Mialian Hodge goes from strength to strength. She is showing very good results in every assigment and task. She has the ability and raw talent to surpass herself. We are shown that with time she can develop even further.,True,True,8,220,4,2,2,mialian hodge go from strength to strength she is showing very good result in every assigment and task she ha the ability and raw talent to surpass herself we are shown that with time she can develop even further,test,Category 9: Star,High Performance,High Potential,Positive Feedback,Work Culture,Performance Quality,Neutral Feedback,Work Culture
20080,Aubri Hartman,"Category 9: 'Star' (High performance, High potential)",Aubri Hartman is a special asset to the team. Providing top end tasks and has never let down the team. We have been very impressed with Aubri. The future looks bright for this excellent asset.,False,True,8,192,4,2,2,aubri hartman is a special asset to the team providing top end task and ha never let down the team we have been very impressed with aubri the future look bright for this excellent asset,test,Category 9: Star,High Performance,High Potential,Positive Feedback,Work Culture,Leadership Potential; Team Collaboration,Positive Feedback,Career Growth
20167,Ivanna Boyer,"Category 9: 'Star' (High performance, High potential)","It took me a few weeks to catch on ingenuity, originality, and creative ability of a stand-out member of our home health team, Ivanna Boyer. Owning various product lines within home exercise equipment, sleeping and meditation products, and organic food and beverage, Ivanna has a wealth of knowledge on staying healthy and buying the products to do it. Voicing incredible ideas, and simple but ingenious notions that have influenced the beginning of many of our next-generation products, it's not difficult to say Ivanna has a bright future. She completes high quality work regularly as well.",False,True,8,592,4,2,2,it took me a few week to catch on ingenuity originality and creative ability of a standout member of our home health team ivanna boyer owning various product line within home exercise equipment sleeping and meditation product and organic food and beverage ivanna ha a wealth of knowledge on staying healthy and buying the product to do it voicing incredible idea and simple but ingenious notion that have influenced the beginning of many of our nextgeneration product it not difficult to say ivanna ha a bright future she completes high quality work regularly a well,test,Category 9: Star,High Performance,High Potential,Positive Feedback,Work Culture,Performance Quality; Leadership Potential; Team Collaboration,Positive Feedback,Work Culture
20081,Aubri Hartman,"Category 9: 'Star' (High performance, High potential)",Aubri Hartman has shown exceptional ability on her projects.  She has consistently outpaced her colleagues in being on time with her deliverables and bringing something extra to what was expected.  She has shown an aptitude to be a self starter and has improved her work throughout the year.  She looks to be on track for the management path within the company.,False,True,8,361,4,2,2,aubri hartman ha shown exceptional ability on her project she ha consistently outpaced her colleague in being on time with her deliverable and bringing something extra to what wa expected she ha shown an aptitude to be a self starter and ha improved her work throughout the year she look to be on track for the management path within the company,test,Category 9: Star,High Performance,High Potential,Positive Feedback,Management Issues,General Employee Feedback,Neutral Feedback,Career Growth
20084,Aubri Hartman,"Category 9: 'Star' (High performance, High potential)","Aubri is a tour-de-force in her area of expertise. Whatever challenge is thrown at her, she take her solid fundamentals and hits them all out of the park! Furthermore, she is very open to learning new skills and very importantly, sharing them with her team over brown-bag or lunch and learn sessions. She has exceeded all expectations and set the bar really high for her team. I wish her all the best!",False,True,8,401,5,2,2,aubri is a tourdeforce in her area of expertise whatever challenge is thrown at her she take her solid fundamental and hit them all out of the park furthermore she is very open to learning new skill and very importantly sharing them with her team over brownbag or lunch and learn session she ha exceeded all expectation and set the bar really high for her team i wish her all the best,test,Category 9: Star,High Performance,High Potential,Positive Feedback,Career Growth,Skill Gap; Team Collaboration,Positive Feedback,Career Growth
20112,Logan Mason,"Category 9: 'Star' (High performance, High potential)",Logan Mason is the epitome of hard work. He has been achieving high standards from his first day. Loganâ€™s undertaking of tasks is commendable. He has continued to show progress throughout his time as a valuable team member.,True,True,8,225,4,2,2,logan mason is the epitome of hard work he ha been achieving high standard from his first day loganâs undertaking of task is commendable he ha continued to show progress throughout his time a a valuable team member,test,Category 9: Star,High Performance,High Potential,Positive Feedback,Work Culture,Team Collaboration; Career Growth,Neutral Feedback,Work Culture
20122,Aydin Pitts,"Category 9: 'Star' (High performance, High potential)",Adin Pitts is a great colleague to work with in this company. He is the one who has high potential in his work. His performance will speak louder in his achievements. He is a smart worker and will get promotion in the near future and a valuable asset to this company. Wish him all the Success.,True,True,8,293,5,2,2,adin pitt is a great colleague to work with in this company he is the one who ha high potential in his work his performance will speak louder in his achievement he is a smart worker and will get promotion in the near future and a valuable asset to this company wish him all the success,test,Category 9: Star,High Performance,High Potential,Positive Feedback,Career Growth,Performance Quality; Leadership Potential; Career Growth,Positive Feedback,Work Culture
20123,Aydin Pitts,"Category 9: 'Star' (High performance, High potential)","Aydin Pitts is quite remarkable. I would categorize them as a 9 ""star"" employee. I have been monitoring them and there performance is quite extraordinary, they are very good. I believe they have a high potential in this company.",True,True,8,228,4,2,2,aydin pitt is quite remarkable i would categorize them a a 9 star employee i have been monitoring them and there performance is quite extraordinary they are very good i believe they have a high potential in this company,test,Category 9: Star,High Performance,High Potential,Positive Feedback,Career Growth,Performance Quality; Leadership Potential,Positive Feedback,Career Growth
20124,Aydin Pitts,"Category 9: 'Star' (High performance, High potential)","Aydin Pitts has been a hugely beneficial part of the work force. He has been instrumental in all areas of his work, and with the team. There is yet an area of work he does not excel at. We have seen exceedingly high quality from Aydin so far.",False,True,8,242,4,2,2,aydin pitt ha been a hugely beneficial part of the work force he ha been instrumental in all area of his work and with the team there is yet an area of work he doe not excel at we have seen exceedingly high quality from aydin so far,test,Category 9: Star,High Performance,High Potential,Positive Feedback,Work Culture,Performance Quality; Team Collaboration,Positive Feedback,Work Culture
20125,Aydin Pitts,"Category 9: 'Star' (High performance, High potential)","Aydin Pitts is as good as it gets. No flaw in his game, he is locked in 100% all the time. He doesn't miss work, he is here before everyone, and leaves after everyone. His work is always among the best in the office, and he is loved by all. Aydin is as good an employee as anyone could ask for.",False,True,8,294,5,2,2,aydin pitt is a good a it get no flaw in his game he is locked in 100 all the time he doesnt miss work he is here before everyone and leaf after everyone his work is always among the best in the office and he is loved by all aydin is a good an employee a anyone could ask for,test,Category 9: Star,High Performance,High Potential,Positive Feedback,Work Culture,General Employee Feedback,Positive Feedback,Work Culture
20154,Rachel Harper,"Category 9: 'Star' (High performance, High potential)",Rachel Harper is a true virtuoso when it comes to task completion. She has been showing she can perform a task to a commendable grade at all times. Her talent has consistently been shining through. She is a joy to behold at the team.,True,True,8,233,4,2,2,rachel harper is a true virtuoso when it come to task completion she ha been showing she can perform a task to a commendable grade at all time her talent ha consistently been shining through she is a joy to behold at the team,test,Category 9: Star,High Performance,High Potential,Positive Feedback,Work Culture,Team Collaboration,Positive Feedback,Work Culture
20083,Aubri Hartman,"Category 9: 'Star' (High performance, High potential)",Aubri is a rising example! Shes works until she has no energy left and always complete her task. She is a natural born leader thats going to change the world! I see her making an impact.,False,True,8,186,4,2,2,aubri is a rising example shes work until she ha no energy left and always complete her task she is a natural born leader thats going to change the world i see her making an impact,test,Category 9: Star,High Performance,High Potential,Positive Feedback,Career Growth,Leadership Potential,Negative Feedback,Work Culture
20082,Aubri Hartman,"Category 9: 'Star' (High performance, High potential)","Aubri Hartman has been a top performer on the sales team this year.  He has met and surpassed all sales targets and has be a motivational factor in a record setting quarter for the entire team.  Aubri has shown leadership, expertise and the ever important ability to close deal after deal, all while providing mentor ship and advice to fellow team members.  With Aubri's momentum, the company is on track for its best sales year ever.",False,True,8,434,4,2,2,aubri hartman ha been a top performer on the sale team this year he ha met and surpassed all sale target and ha be a motivational factor in a record setting quarter for the entire team aubri ha shown leadership expertise and the ever important ability to close deal after deal all while providing mentor ship and advice to fellow team member with aubris momentum the company is on track for it best sale year ever,test,Category 9: Star,High Performance,High Potential,Positive Feedback,Work Culture,Leadership Potential; Team Collaboration,Positive Feedback,Work Culture
