id,person_name,assignment_sentiment,assignment_issue_category,concern_or_signal,workplace_target,relationship_type,severity_or_signal,sentence
1,John Doe,Negative Feedback,Career Growth,decline,performance,verb_subject,Neutral Context Signal,His performance has significantly declined.
10045,Douglas Henry,Negative Feedback,Work Culture,arrive,work,verb_preposition_at,Neutral Context Signal,He rarely arrives at work on time.
10044,Douglas Henry,Negative Feedback,Work Culture,grow,work,verb_preposition_at,Growth Signal,Douglas has a lot to work on and areas to grow in at work.
10044,Douglas Henry,Negative Feedback,Work Culture,accomplish,task,verb_object,Neutral Context Signal,He lacks the drive to accomplish any task with sound quality.
10044,Douglas Henry,Negative Feedback,Work Culture,sound,sound quality,adjective_modifies_noun,Neutral Context Signal,He lacks the drive to accomplish any task with sound quality.
10044,Douglas Henry,Negative Feedback,Work Culture,work,apathetic attitude,verb_preposition_with,Neutral Context Signal,He comes to work with an apathetic attitude and applies that to his daily tasks.
10044,Douglas Henry,Negative Feedback,Work Culture,apathetic,apathetic attitude,adjective_modifies_noun,Neutral Context Signal,He comes to work with an apathetic attitude and applies that to his daily tasks.
10044,Douglas Henry,Negative Feedback,Work Culture,apply,daily tasks,verb_preposition_to,Neutral Context Signal,He comes to work with an apathetic attitude and applies that to his daily tasks.
10044,Douglas Henry,Negative Feedback,Work Culture,daily,daily tasks,adjective_modifies_noun,Neutral Context Signal,He comes to work with an apathetic attitude and applies that to his daily tasks.
10005,Freddie Davies,Negative Feedback,Career Growth,potential,potential levels,adjective_modifies_noun,Growth Signal,"Freddie is a nice guy, but his performance and potential levels are ver poor."
10005,Freddie Davies,Negative Feedback,Career Growth,see,potential,verb_object,Neutral Context Signal,"I am not seeing much motivation to perform, nor am I seeing the potential to want to perform either."
10004,Freddie Davies,Negative Feedback,Work Culture,whole,whole team,adjective_modifies_noun,Neutral Context Signal,"While the whole team is flooded with phone calls due to the ongoing pandemic, he has taken 7 unplanned leaves citing personal emergency, which turned to be a blatant lie according to his social media accounts."
10004,Freddie Davies,Negative Feedback,Work Culture,flood,whole team,verb_subject,Neutral Context Signal,"While the whole team is flooded with phone calls due to the ongoing pandemic, he has taken 7 unplanned leaves citing personal emergency, which turned to be a blatant lie according to his social media accounts."
10004,Freddie Davies,Negative Feedback,Work Culture,continue,team,verb_preposition_in,Neutral Context Signal,Freddie should redeem himself swiftly if he as to continue in this team.
285,Isobel Foster,Negative Feedback,Management Issues,give,enough effort,verb_object,Neutral Context Signal,He does not give enough effort on the defense end that opposing players will exploit it and get easy buckets.
285,Isobel Foster,Negative Feedback,Management Issues,enough,enough effort,adjective_modifies_noun,Neutral Context Signal,He does not give enough effort on the defense end that opposing players will exploit it and get easy buckets.
285,Isobel Foster,Negative Feedback,Management Issues,fall,team,verb_subject,Neutral Context Signal,"Whenever the team falls down into double digits, he gives up too easily and just puts no effort into his game."
285,Isobel Foster,Negative Feedback,Management Issues,put,effort,verb_object,Neutral Context Signal,"Whenever the team falls down into double digits, he gives up too easily and just puts no effort into his game."
285,Isobel Foster,Negative Feedback,Management Issues,dictate,effort,verb_object,Neutral Context Signal,"While his offense can be refined to be a decent scorer, his defensive end dictates his effort into the game."
264,Carl Thorn,Negative Feedback,Career Growth,provide,additional support,verb_preposition_with,Neutral Context Signal,It would probably be worth it to the organization to provide him with additional support and re evaluate to see if that might improve his performance.
264,Carl Thorn,Negative Feedback,Career Growth,additional,additional support,adjective_modifies_noun,Neutral Context Signal,It would probably be worth it to the organization to provide him with additional support and re evaluate to see if that might improve his performance.
264,Carl Thorn,Negative Feedback,Career Growth,improve,performance,verb_object,Positive Strength Signal,It would probably be worth it to the organization to provide him with additional support and re evaluate to see if that might improve his performance.
158,Joel Wells,Negative Feedback,Work Culture,work,team,verb_preposition_with,Neutral Context Signal,He works slowly and does not work well with the team.
155,Amy John,Negative Feedback,Career Growth,have,attitude,verb_object,Neutral Context Signal,He has the attitude of doing only what has been told.
153,Amy John,Negative Feedback,Work Culture,take,tasks,verb_object,Neutral Context Signal,She does not volunteer to take on tasks.
153,Amy John,Negative Feedback,Work Culture,work,team,verb_preposition_with,Neutral Context Signal,She does not work well with the team.
85,Broderick Hays,Negative Feedback,Work Culture,make,projects,verb_preposition_in,Neutral Context Signal,He is always making errors in his projects.
83,Broderick Hays,Negative Feedback,Work Culture,low,low quality,adjective_modifies_noun,Concern / Risk Signal,Broderick's work this project was not usable by the company due to its low quality.
83,Broderick Hays,Negative Feedback,Work Culture,high,high quality,adjective_modifies_noun,Positive Strength Signal,"His work is usually not of high quality, and therefore this project was more to keep him busy and test his performance and potential than to actually use it."
83,Broderick Hays,Negative Feedback,Work Culture,test,performance,verb_object,Neutral Context Signal,"His work is usually not of high quality, and therefore this project was more to keep him busy and test his performance and potential than to actually use it."
81,Mackenzie Jennings,Negative Feedback,Work Culture,turn,work,verb_object,Neutral Context Signal,I find that I can't trust her to turn work into clients without assigning at least two other colleagues to review it first.
80,Mackenzie Jennings,Negative Feedback,Work Culture,stay,task,verb_preposition_on,Neutral Context Signal,Mackenzie has trouble staying on task and completing her duties.
79,Mackenzie Jennings,Negative Feedback,Work Culture,produce,quality work,verb_object,Neutral Context Signal,"He's always late, does not produce quality work, and does not work well with others."
76,Jalen Summers,Negative Feedback,Work Culture,poor,poor attitude,adjective_modifies_noun,Concern / Risk Signal,"Unfortunately, his poor attitude toward work doesn't help matters."
76,Jalen Summers,Negative Feedback,Work Culture,help,poor attitude,verb_subject,Neutral Context Signal,"Unfortunately, his poor attitude toward work doesn't help matters."
76,Jalen Summers,Negative Feedback,Work Culture,speak,performance,verb_preposition_about,Neutral Context Signal,When I've spoken with him about his performance he has simply shrugged and given me one-word responses.
75,Jalen Summers,Negative Feedback,Career Growth,meet,performance,verb_subject,Neutral Context Signal,Jalen Summers' performance did not meet standards.
75,Jalen Summers,Negative Feedback,Career Growth,be,much potential,verb_object,Neutral Context Signal,There is not much potential in that particular performance.
75,Jalen Summers,Negative Feedback,Career Growth,much,much potential,adjective_modifies_noun,Neutral Context Signal,There is not much potential in that particular performance.
75,Jalen Summers,Negative Feedback,Career Growth,particular,particular performance,adjective_modifies_noun,Neutral Context Signal,There is not much potential in that particular performance.
10047,Douglas Henry,Negative Feedback,Work Culture,show,inconsistent performance,verb_object,Neutral Context Signal,Douglas has shown inconsistent performance throughout the review period.
10047,Douglas Henry,Negative Feedback,Work Culture,inconsistent,inconsistent performance,adjective_modifies_noun,Concern / Risk Signal,Douglas has shown inconsistent performance throughout the review period.
10047,Douglas Henry,Negative Feedback,Work Culture,occur,quality,verb_preposition_regarding,Neutral Context Signal,"At the time of review, multiple documented conversations have occurred regarding the quality and timeliness of submitted documentation."
10047,Douglas Henry,Negative Feedback,Work Culture,regard,appropriate communication,verb_object,Neutral Context Signal,Two additional conversations have occurred regarding appropriate communication and timely follow up when requested to provide information either via phone or email.
10047,Douglas Henry,Negative Feedback,Work Culture,appropriate,appropriate communication,adjective_modifies_noun,Neutral Context Signal,Two additional conversations have occurred regarding appropriate communication and timely follow up when requested to provide information either via phone or email.
10047,Douglas Henry,Negative Feedback,Work Culture,improve,quality,verb_object,Positive Strength Signal,Douglas will need to significantly improve the quality and timeliness of his work to maintain employment.
74,Jalen Summers,Negative Feedback,Work Culture,miss,deadlines,verb_object,Concern / Risk Signal,"On two occasions, he was asked to prepare basic discovery requests and missed both deadlines he was given."
10048,Douglas Henry,Negative Feedback,Work Culture,complete,work,verb_object,Neutral Context Signal,He lacks motivation to complete his work lately and seems apathetic.
10048,Douglas Henry,Negative Feedback,Work Culture,slip,attendance,verb_subject,Neutral Context Signal,His attendance is slipping as well and we've issued multiple warnings.
20045,Cason Vargas,Negative Feedback,Work Culture,meet,deadline,verb_object,Neutral Context Signal,He is perpetually distracted and has not met the deadline even once in the last month.
20045,Cason Vargas,Negative Feedback,Work Culture,meet,deadline,verb_object,Neutral Context Signal,"When he did meet the deadline, his work failed to pass the quality control checkpoint."
20045,Cason Vargas,Negative Feedback,Work Culture,fail,work,verb_subject,Concern / Risk Signal,"When he did meet the deadline, his work failed to pass the quality control checkpoint."
20028,Rowan Cain,Negative Feedback,Work Culture,see,consistent performance,verb_object,Neutral Context Signal,"We wish we could see more consistent performance from Mr. Cain, as right now we are frustrated with his inconsistent performance."
20028,Rowan Cain,Negative Feedback,Work Culture,consistent,consistent performance,adjective_modifies_noun,Positive Strength Signal,"We wish we could see more consistent performance from Mr. Cain, as right now we are frustrated with his inconsistent performance."
20028,Rowan Cain,Negative Feedback,Work Culture,frustrate,inconsistent performance,verb_preposition_with,Neutral Context Signal,"We wish we could see more consistent performance from Mr. Cain, as right now we are frustrated with his inconsistent performance."
20028,Rowan Cain,Negative Feedback,Work Culture,inconsistent,inconsistent performance,adjective_modifies_noun,Concern / Risk Signal,"We wish we could see more consistent performance from Mr. Cain, as right now we are frustrated with his inconsistent performance."
20005,Jude May,Negative Feedback,Work Culture,have,potential,verb_object,Neutral Context Signal,Jude has potential but needs coaching in several areas.
20002,Jude May,Negative Feedback,Work Culture,improve,work,verb_preposition_on,Positive Strength Signal,Jude may has not been working to a satisfactory level and must improve on all aspects on their work.
20002,Jude May,Negative Feedback,Work Culture,show,better attitude,verb_object,Neutral Context Signal,The worker in question needs to show a better attitude and more positive outlook to the work and make sure its completed in a timely manner with better detail.
20002,Jude May,Negative Feedback,Work Culture,well,better attitude,adjective_modifies_noun,Neutral Context Signal,The worker in question needs to show a better attitude and more positive outlook to the work and make sure its completed in a timely manner with better detail.
20001,Jude May,Negative Feedback,Salary & Benefits,different,different tasks,adjective_modifies_noun,Neutral Context Signal,"Despite being allocated to a number of different tasks, she has failed to demonstrate a satisfactory level of output."
10210,Jaiden Horne,Negative Feedback,Work Culture,have,team,verb_subject,Neutral Context Signal,The team had to work extra hours because of his lacklustre performance this quarter.
10210,Jaiden Horne,Negative Feedback,Work Culture,work,lacklustre performance,verb_preposition_because,Neutral Context Signal,The team had to work extra hours because of his lacklustre performance this quarter.
10210,Jaiden Horne,Negative Feedback,Work Culture,lacklustre,lacklustre performance,adjective_modifies_noun,Neutral Context Signal,The team had to work extra hours because of his lacklustre performance this quarter.
10210,Jaiden Horne,Negative Feedback,Work Culture,simple,simple day task,adjective_modifies_noun,Neutral Context Signal,A simple 1-day task takes 3-4 days when assigned to Jaiden.
10210,Jaiden Horne,Negative Feedback,Work Culture,take,simple day task,verb_subject,Neutral Context Signal,A simple 1-day task takes 3-4 days when assigned to Jaiden.
10210,Jaiden Horne,Negative Feedback,Work Culture,abysmal,abysmal work,adjective_modifies_noun,Neutral Context Signal,"I believe if this sort of abysmal work continues, he may have to start looking elsewhere."
10208,Jaiden Horne,Negative Feedback,Work Culture,put,more effort,verb_object,Neutral Context Signal,"What I've understood is that even if he puts more effort into his work, he won't do good."
10208,Jaiden Horne,Negative Feedback,Work Culture,put,work,verb_preposition_into,Neutral Context Signal,"What I've understood is that even if he puts more effort into his work, he won't do good."
10208,Jaiden Horne,Negative Feedback,Work Culture,more,more effort,adjective_modifies_noun,Neutral Context Signal,"What I've understood is that even if he puts more effort into his work, he won't do good."
10169,Katherine Terry,Negative Feedback,Work Culture,miss,deadlines,verb_object,Concern / Risk Signal,Katherine consistently misses her deadlines.
10169,Katherine Terry,Negative Feedback,Work Culture,improve,subpar work,verb_object,Positive Strength Signal,She shows no signs of caring about improving her subpar work.
10169,Katherine Terry,Negative Feedback,Work Culture,subpar,subpar work,adjective_modifies_noun,Neutral Context Signal,She shows no signs of caring about improving her subpar work.
10168,Katherine Terry,Negative Feedback,Work Culture,work,performance,verb_preposition_on,Neutral Context Signal,Katherine has indicated that she is not willing to work on her performance.
10168,Katherine Terry,Negative Feedback,Work Culture,low,low potential,adjective_modifies_noun,Concern / Risk Signal,"For these reasons, Katherine must be seen as both a low performer and a worker with low potential."
10167,Katherine Terry,Negative Feedback,Work Culture,have,bad attitude,verb_object,Neutral Context Signal,Katherine has a bad attitude towards work and has caused some concern on the team.
10167,Katherine Terry,Negative Feedback,Work Culture,bad,bad attitude,adjective_modifies_noun,Neutral Context Signal,Katherine has a bad attitude towards work and has caused some concern on the team.
10167,Katherine Terry,Negative Feedback,Work Culture,everyday,everyday performance,adjective_modifies_noun,Neutral Context Signal,"Her everyday performance is low in quality, and attempts at training have been unsuccessful."
10140,Lexi Rogers,Negative Feedback,Work Culture,lack,work,verb_preposition_in,Concern / Risk Signal,Rogers lacks consistency in her work and communication.
10127,Marc Hughes,Negative Feedback,Work Culture,show,work,verb_subject,Neutral Context Signal,Overall his work has shown little talent.
10127,Marc Hughes,Negative Feedback,Work Culture,develop,skills,verb_object,Growth Signal,He will do well to continue developing his skills at this time.
10126,Marc Hughes,Negative Feedback,Career Growth,meet,quality standards,verb_object,Neutral Context Signal,Your achievements are well below the normal average None of your activities meet quality standards.
10087,Layla Scott,Negative Feedback,Work Culture,leave,team,verb_object,Neutral Context Signal,"Layla Scott often shows up to work late, often without an valid email or notification leaving the team wondering."
10087,Layla Scott,Negative Feedback,Work Culture,regular,regular assigned tasks,adjective_modifies_noun,Neutral Context Signal,It takes her three times than average worker's time to finish half of a regular assigned tasks.
10087,Layla Scott,Negative Feedback,Work Culture,assign,regular assigned tasks,adjective_modifies_noun,Neutral Context Signal,It takes her three times than average worker's time to finish half of a regular assigned tasks.
10085,Layla Scott,Negative Feedback,Work Culture,have,low potential,verb_object,Neutral Context Signal,She has very low potential of ever becoming a good waitress simply because she refuses to listen to advice or instruction.
10085,Layla Scott,Negative Feedback,Work Culture,low,low potential,adjective_modifies_noun,Concern / Risk Signal,She has very low potential of ever becoming a good waitress simply because she refuses to listen to advice or instruction.
10059,Amelie Martin,Negative Feedback,Work Culture,unprofessional,unprofessional behavior,adjective_modifies_noun,Neutral Context Signal,Unprofessional behavior with colleagues & seniors.
70,Tom Barrett,Negative Feedback,Career Growth,distract,work,verb_preposition_at,Neutral Context Signal,He seems distracted at work and is often late completing tasks when all others have long finished.
33,Kayden Hill,Negative Feedback,Work Culture,struggle,tasks,verb_preposition_with,Concern / Risk Signal,Kayden Hill struggles with the tasks set before him.
32,Kayden Hill,Negative Feedback,Work Culture,show,offish attitude,verb_preposition_with,Neutral Context Signal,He shows up with a stand-offish attitude and constantly fails to meet expected deadlines.
32,Kayden Hill,Negative Feedback,Work Culture,offish,offish attitude,adjective_modifies_noun,Neutral Context Signal,He shows up with a stand-offish attitude and constantly fails to meet expected deadlines.
32,Kayden Hill,Negative Feedback,Work Culture,meet,expected deadlines,verb_object,Neutral Context Signal,He shows up with a stand-offish attitude and constantly fails to meet expected deadlines.
32,Kayden Hill,Negative Feedback,Work Culture,expect,expected deadlines,adjective_modifies_noun,Neutral Context Signal,He shows up with a stand-offish attitude and constantly fails to meet expected deadlines.
32,Kayden Hill,Negative Feedback,Work Culture,decrease,quality,verb_subject,Neutral Context Signal,"Additionally, the quality of his submissions has been decreasing greatly over the last few months."
31,Kayden Hill,Negative Feedback,Career Growth,dismiss,low performance,verb_preposition_as,Neutral Context Signal,"Every single area of her work needs immediate improvement, if there is no improvement shown I feel that we have no choice to dismiss this employee as her low performance and work ethic could soon become harmful to the company and effect the work ethic of her peers."
31,Kayden Hill,Negative Feedback,Career Growth,low,low performance,adjective_modifies_noun,Concern / Risk Signal,"Every single area of her work needs immediate improvement, if there is no improvement shown I feel that we have no choice to dismiss this employee as her low performance and work ethic could soon become harmful to the company and effect the work ethic of her peers."
31,Kayden Hill,Negative Feedback,Career Growth,ethic,work,adjective_modifies_noun,Neutral Context Signal,"Every single area of her work needs immediate improvement, if there is no improvement shown I feel that we have no choice to dismiss this employee as her low performance and work ethic could soon become harmful to the company and effect the work ethic of her peers."
31,Kayden Hill,Negative Feedback,Career Growth,effect,work,verb_object,Neutral Context Signal,"Every single area of her work needs immediate improvement, if there is no improvement shown I feel that we have no choice to dismiss this employee as her low performance and work ethic could soon become harmful to the company and effect the work ethic of her peers."
30,Broderick Hays,Negative Feedback,Career Growth,apply,work,verb_preposition_at,Neutral Context Signal,Needs to apply himself at work.
28,Broderick Hays,Negative Feedback,Work Culture,run,late work,verb_object,Neutral Context Signal,Mr. Hays is always running late or missing work.
28,Broderick Hays,Negative Feedback,Work Culture,late,late work,adjective_modifies_noun,Neutral Context Signal,Mr. Hays is always running late or missing work.
28,Broderick Hays,Negative Feedback,Work Culture,put,little effort,verb_object,Neutral Context Signal,Mr. Hays puts in little effort and work to his assignments.
28,Broderick Hays,Negative Feedback,Work Culture,little,little effort,adjective_modifies_noun,Neutral Context Signal,Mr. Hays puts in little effort and work to his assignments.
26,Mackenzie Jennings,Negative Feedback,Work Culture,riddle,work product,verb_subject,Neutral Context Signal,Her work product is riddled with typos.
24,Jalen Summers,Negative Feedback,Work Culture,reflect,poor effort,verb_object,Neutral Context Signal,The reports that Jalen turns in to me usually reflect a very poor effort.
24,Jalen Summers,Negative Feedback,Work Culture,poor,poor effort,adjective_modifies_noun,Concern / Risk Signal,The reports that Jalen turns in to me usually reflect a very poor effort.
24,Jalen Summers,Negative Feedback,Work Culture,review,reviewing reading work,adjective_modifies_noun,Neutral Context Signal,"When I've spoken to Jalen about the importance of reviewing and proof-reading work, he has blown me off and continued to submit subpar work."
24,Jalen Summers,Negative Feedback,Work Culture,read,reviewing reading work,adjective_modifies_noun,Neutral Context Signal,"When I've spoken to Jalen about the importance of reviewing and proof-reading work, he has blown me off and continued to submit subpar work."
24,Jalen Summers,Negative Feedback,Work Culture,submit,subpar work,verb_object,Neutral Context Signal,"When I've spoken to Jalen about the importance of reviewing and proof-reading work, he has blown me off and continued to submit subpar work."
24,Jalen Summers,Negative Feedback,Work Culture,subpar,subpar work,adjective_modifies_noun,Neutral Context Signal,"When I've spoken to Jalen about the importance of reviewing and proof-reading work, he has blown me off and continued to submit subpar work."
22,Jalen Summers,Negative Feedback,Career Growth,perfect,skills,verb_object,Neutral Context Signal,I think that Jalen should be trained more so as to perfect his skills.
22,Jalen Summers,Negative Feedback,Career Growth,low,low quality skills,adjective_modifies_noun,Concern / Risk Signal,I believe that people with low quality skills are willing to learn.
21,Tom Barrett,Negative Feedback,Career Growth,show,potential,verb_object,Neutral Context Signal,Tom does not show any potential in his job performance.
21,Tom Barrett,Negative Feedback,Career Growth,catch,team,verb_preposition_with,Neutral Context Signal,Tom never seems to be caught up with the team and is always behind on his work.
21,Tom Barrett,Negative Feedback,Career Growth,have,bad attitude,verb_object,Neutral Context Signal,Tom has a bad attitude and continues to make excuses for his performance.
21,Tom Barrett,Negative Feedback,Career Growth,bad,bad attitude,adjective_modifies_noun,Neutral Context Signal,Tom has a bad attitude and continues to make excuses for his performance.
18,Libby Parker,Negative Feedback,Work Culture,talk,performance,verb_preposition_about,Neutral Context Signal,Libby we must talk about your performance.
18,Libby Parker,Negative Feedback,Work Culture,spend,tasks,verb_preposition_on,Neutral Context Signal,Your numbers do not reflect the amount of time you are spending on tasks.
18,Libby Parker,Negative Feedback,Work Culture,improve,work,verb_object,Positive Strength Signal,Let's see what we can do to improve your work.
17,Libby Parker,Negative Feedback,Work Culture,show,effort,verb_object,Neutral Context Signal,She is performing poorly and doesn't show effort in her work.
17,Libby Parker,Negative Feedback,Work Culture,show,work,verb_preposition_in,Neutral Context Signal,She is performing poorly and doesn't show effort in her work.
17,Libby Parker,Negative Feedback,Work Culture,change,work,verb_object,Neutral Context Signal,She needs to change her work ethic soon or else she will no longer have a job within our institution.
16,Libby Parker,Negative Feedback,Career Growth,turn,work product,verb_preposition_in,Neutral Context Signal,"Even though Libby is a senior associate, she turns in work product that consistently seems like it's come from a first-year associate."
15,George Gill,Negative Feedback,Work Culture,fall,work,verb_subject,Neutral Context Signal,George was given ample warning last quarter that his work had fallen below respectable levels.
15,George Gill,Negative Feedback,Work Culture,change,behavior,verb_object,Neutral Context Signal,He doesn't seem committed to changing his behavior and shows no enthusiasm towards his job or towards his fellow colleagues.
71,Tom Barrett,Negative Feedback,Work Culture,complete,tasks,verb_subject,Neutral Context Signal,Tasks are rarely completed within a reasonable timeframe and other team members have had to take on extra work to complete projects.
71,Tom Barrett,Negative Feedback,Work Culture,other,other team members,adjective_modifies_noun,Neutral Context Signal,Tasks are rarely completed within a reasonable timeframe and other team members have had to take on extra work to complete projects.
71,Tom Barrett,Negative Feedback,Work Culture,take,extra work,verb_object,Neutral Context Signal,Tasks are rarely completed within a reasonable timeframe and other team members have had to take on extra work to complete projects.
71,Tom Barrett,Negative Feedback,Work Culture,extra,extra work,adjective_modifies_noun,Neutral Context Signal,Tasks are rarely completed within a reasonable timeframe and other team members have had to take on extra work to complete projects.
71,Tom Barrett,Negative Feedback,Work Culture,complete,projects,verb_object,Neutral Context Signal,Tasks are rarely completed within a reasonable timeframe and other team members have had to take on extra work to complete projects.
71,Tom Barrett,Negative Feedback,Work Culture,require,work,verb_subject,Neutral Context Signal,"Tom's work often requires proof reading before submission, adding an extra task."
71,Tom Barrett,Negative Feedback,Work Culture,add,extra task,verb_object,Neutral Context Signal,"Tom's work often requires proof reading before submission, adding an extra task."
71,Tom Barrett,Negative Feedback,Work Culture,extra,extra task,adjective_modifies_noun,Neutral Context Signal,"Tom's work often requires proof reading before submission, adding an extra task."
12,Libby Parker,Negative Feedback,Career Growth,put,minimal effort,verb_object,Neutral Context Signal,Most days she puts in minimal effort on her work.
12,Libby Parker,Negative Feedback,Career Growth,put,work,verb_preposition_on,Neutral Context Signal,Most days she puts in minimal effort on her work.
12,Libby Parker,Negative Feedback,Career Growth,minimal,minimal effort,adjective_modifies_noun,Neutral Context Signal,Most days she puts in minimal effort on her work.
10,Libby Parker,Negative Feedback,Work Culture,need,work,verb_subject,Neutral Context Signal,Libby's work need serious improvement in all areas.
10,Libby Parker,Negative Feedback,Work Culture,speak,substandard performance,verb_preposition_about,Neutral Context Signal,We will likely need to speak with her about her substandard performance.
10,Libby Parker,Negative Feedback,Work Culture,substandard,substandard performance,adjective_modifies_noun,Neutral Context Signal,We will likely need to speak with her about her substandard performance.
9,George Gill,Negative Feedback,Work Culture,ethic,work,adjective_modifies_noun,Neutral Context Signal,His work ethic is not consistent and he comes into work late often.
9,George Gill,Negative Feedback,Work Culture,come,work,verb_preposition_into,Neutral Context Signal,His work ethic is not consistent and he comes into work late often.
9,George Gill,Negative Feedback,Work Culture,complete,simple tasks,verb_object,Neutral Context Signal,George cannot be trusted to complete even simple tasks in a timely manner.
9,George Gill,Negative Feedback,Work Culture,even,simple tasks,adjective_modifies_noun,Neutral Context Signal,George cannot be trusted to complete even simple tasks in a timely manner.
9,George Gill,Negative Feedback,Work Culture,simple,simple tasks,adjective_modifies_noun,Neutral Context Signal,George cannot be trusted to complete even simple tasks in a timely manner.
6,John Doe,Negative Feedback,Work Culture,require,required work procedures,adjective_modifies_noun,Neutral Context Signal,John Doe demonstrates a low level of knowledge of the required work procedures and his work does not comply with the required output standards.
6,John Doe,Negative Feedback,Work Culture,comply,work,verb_subject,Neutral Context Signal,John Doe demonstrates a low level of knowledge of the required work procedures and his work does not comply with the required output standards.
3,John Doe,Negative Feedback,Career Growth,turn,subpar work product,verb_object,Neutral Context Signal,John turned in subpar work product all quarter.
3,John Doe,Negative Feedback,Career Growth,subpar,subpar work product,adjective_modifies_noun,Neutral Context Signal,John turned in subpar work product all quarter.
3,John Doe,Negative Feedback,Career Growth,reach,full potential,verb_object,Neutral Context Signal,"He seems to have already reached his full potential here, which is disappointing given the quality of work I've seen from him."
3,John Doe,Negative Feedback,Career Growth,full,full potential,adjective_modifies_noun,Neutral Context Signal,"He seems to have already reached his full potential here, which is disappointing given the quality of work I've seen from him."
2,John Doe,Negative Feedback,Work Culture,disappoint,shoddy work product,verb_preposition_with,Neutral Context Signal,John has consistently disappointed me this quarter with his shoddy work product.
2,John Doe,Negative Feedback,Work Culture,shoddy,shoddy work product,adjective_modifies_noun,Neutral Context Signal,John has consistently disappointed me this quarter with his shoddy work product.
2,John Doe,Negative Feedback,Work Culture,give,lenient week deadline,verb_object,Neutral Context Signal,"I asked him for a report and gave him a lenient two-week deadline, but he blew past that deadline without even informing me."
2,John Doe,Negative Feedback,Work Culture,lenient,lenient week deadline,adjective_modifies_noun,Neutral Context Signal,"I asked him for a report and gave him a lenient two-week deadline, but he blew past that deadline without even informing me."
2,John Doe,Negative Feedback,Work Culture,blow,deadline,verb_preposition_past,Neutral Context Signal,"I asked him for a report and gave him a lenient two-week deadline, but he blew past that deadline without even informing me."
2,John Doe,Negative Feedback,Work Culture,high,high quality,adjective_modifies_noun,Positive Strength Signal,"He did not seem interested in any of the comments that I made on that report, even though I made them for his benefit so he would understand what a high-quality report is supposed to look like."
2,John Doe,Negative Feedback,Work Culture,suppose,quality report,verb_subject,Neutral Context Signal,"He did not seem interested in any of the comments that I made on that report, even though I made them for his benefit so he would understand what a high-quality report is supposed to look like."
35,Kohen Norris,Negative Feedback,Work Culture,check,work,verb_object,Neutral Context Signal,In order to advance at this company he needs to be willing to put in the time and effort to spot-check his work and catch glaring errors.
14,George Gill,Negative Feedback,Career Growth,work,few projects,verb_preposition_on,Neutral Context Signal,Had a chance to work with George Gill last year on few projects.
14,George Gill,Negative Feedback,Career Growth,few,few projects,adjective_modifies_noun,Neutral Context Signal,Had a chance to work with George Gill last year on few projects.
14,George Gill,Negative Feedback,Career Growth,understand,small tasks,verb_object,Neutral Context Signal,I also found him struggling to understanding small tasks.
14,George Gill,Negative Feedback,Career Growth,small,small tasks,adjective_modifies_noun,Neutral Context Signal,I also found him struggling to understanding small tasks.
37,Kohen Norris,Negative Feedback,Work Culture,show,potential,verb_object,Neutral Context Signal,I would like to say more positive things about him but he has not shown any potential in regards to his work.
36,Kohen Norris,Negative Feedback,Career Growth,use,team,verb_preposition_on,Neutral Context Signal,Would never use them on a team again.
36,Kohen Norris,Negative Feedback,Career Growth,hurt,team,verb_object,Neutral Context Signal,Nothing they did was right and it hurt our team.
69,Tom Barrett,Negative Feedback,Work Culture,play,work hours,verb_preposition_during,Neutral Context Signal,I often see him playing on his phone during work hours.
69,Tom Barrett,Negative Feedback,Work Culture,respond,work email,verb_preposition_to,Neutral Context Signal,He rarely respond to his work email.
69,Tom Barrett,Negative Feedback,Work Culture,deliver,projects,verb_subject,Positive Strength Signal,His projects are never delivered on time.
69,Tom Barrett,Negative Feedback,Work Culture,see,potential,verb_object,Neutral Context Signal,I do not see any potential in him.
68,Tom Barrett,Negative Feedback,Work Culture,produce,quality work,verb_preposition_below,Neutral Context Signal,"He consistently produces below quality work, is usually late, and works poorly with others."
67,Libby Parker,Negative Feedback,Work Culture,turn,rushed work,verb_object,Neutral Context Signal,She turns in rushed work.
67,Libby Parker,Negative Feedback,Work Culture,rush,rushed work,adjective_modifies_noun,Neutral Context Signal,She turns in rushed work.
63,George Gill,Negative Feedback,Career Growth,complete,basic tasks,verb_object,Neutral Context Signal,"He struggles to complete basic tasks he is assigned and if he completes them, they are often late."
63,George Gill,Negative Feedback,Career Growth,basic,basic tasks,adjective_modifies_noun,Neutral Context Signal,"He struggles to complete basic tasks he is assigned and if he completes them, they are often late."
63,George Gill,Negative Feedback,Career Growth,current,current skill level,adjective_modifies_noun,Neutral Context Signal,I believe his current skill level and unwillingness to seek help or opportunities will hold him back in the long run.
63,George Gill,Negative Feedback,Career Growth,hold,current skill level,verb_subject,Neutral Context Signal,I believe his current skill level and unwillingness to seek help or opportunities will hold him back in the long run.
62,George Gill,Negative Feedback,Work Culture,see,poor attitude,verb_preposition_given,Neutral Context Signal,I do not see things turning around for him given his poor attitude.
62,George Gill,Negative Feedback,Work Culture,poor,poor attitude,adjective_modifies_noun,Concern / Risk Signal,I do not see things turning around for him given his poor attitude.
61,George Gill,Negative Feedback,Career Growth,see,much potential,verb_object,Neutral Context Signal,I do not see much potential in your motivation right now in the tasks we are asking from you.
61,George Gill,Negative Feedback,Career Growth,see,tasks,verb_preposition_in,Neutral Context Signal,I do not see much potential in your motivation right now in the tasks we are asking from you.
61,George Gill,Negative Feedback,Career Growth,much,much potential,adjective_modifies_noun,Neutral Context Signal,I do not see much potential in your motivation right now in the tasks we are asking from you.
61,George Gill,Negative Feedback,Career Growth,increase,performance,verb_object,Neutral Context Signal,I need you to increase your performance and live up to all the other colleagues.
60,George Gill,Negative Feedback,Career Growth,do,task,verb_subject,Neutral Context Signal,Mr Geroge Gill struggles to get the task done.
58,Caiden Pace,Negative Feedback,Work Culture,work,major group project,verb_preposition_on,Neutral Context Signal,Caiden has had no enthusiasm in working on the major group project.
58,Caiden Pace,Negative Feedback,Work Culture,major,major group project,adjective_modifies_noun,Neutral Context Signal,Caiden has had no enthusiasm in working on the major group project.
58,Caiden Pace,Negative Feedback,Work Culture,personal,personal goals,adjective_modifies_noun,Neutral Context Signal,He has not given time to his personal goals as we had set them together earlier last quarter.
57,Caiden Pace,Negative Feedback,Work Culture,put,little effort,verb_object,Neutral Context Signal,He shows no interest in his work and puts as little effort as possible into completing it.
57,Caiden Pace,Negative Feedback,Work Culture,as,little effort,adjective_modifies_noun,Neutral Context Signal,He shows no interest in his work and puts as little effort as possible into completing it.
57,Caiden Pace,Negative Feedback,Work Culture,little,little effort,adjective_modifies_noun,Neutral Context Signal,He shows no interest in his work and puts as little effort as possible into completing it.
56,Caiden Pace,Negative Feedback,Work Culture,slump,performance,verb_preposition_in,Neutral Context Signal,Caiden has slumped greatly in performance this quarter.
56,Caiden Pace,Negative Feedback,Work Culture,diminish,quality,verb_subject,Neutral Context Signal,"Although he appears to be working at his desk, I notice that the quality of work he submits has greatly diminished."
56,Caiden Pace,Negative Feedback,Work Culture,make,effort,verb_object,Neutral Context Signal,"He also lacks ambition, and makes no effort to improve his work upon feedback."
56,Caiden Pace,Negative Feedback,Work Culture,improve,work,verb_object,Positive Strength Signal,"He also lacks ambition, and makes no effort to improve his work upon feedback."
56,Caiden Pace,Negative Feedback,Work Culture,continue,performance,verb_subject,Neutral Context Signal,His performance should continue to be monitored by the quality assurance department.
54,Caiden Pace,Negative Feedback,Work Culture,produce,good work,verb_object,Neutral Context Signal,Caiden does not produce good work and needs to be supervised constantly.
54,Caiden Pace,Negative Feedback,Work Culture,good,good work,adjective_modifies_noun,Positive Strength Signal,Caiden does not produce good work and needs to be supervised constantly.
54,Caiden Pace,Negative Feedback,Work Culture,lower,others performance levels,verb_object,Neutral Context Signal,Caiden is disruptive to other employees and can lower others performance levels.
65,Libby Parker,Negative Feedback,Work Culture,miss,deadlines,verb_object,Concern / Risk Signal,She consistently misses deadlines and comes into the office late.
65,Libby Parker,Negative Feedback,Work Culture,only,only redeeming quality,adjective_modifies_noun,Neutral Context Signal,"Her only redeeming quality is when she is focused, she can produce good work."
65,Libby Parker,Negative Feedback,Work Culture,redeem,only redeeming quality,adjective_modifies_noun,Neutral Context Signal,"Her only redeeming quality is when she is focused, she can produce good work."
65,Libby Parker,Negative Feedback,Work Culture,produce,good work,verb_object,Neutral Context Signal,"Her only redeeming quality is when she is focused, she can produce good work."
65,Libby Parker,Negative Feedback,Work Culture,good,good work,adjective_modifies_noun,Positive Strength Signal,"Her only redeeming quality is when she is focused, she can produce good work."
65,Libby Parker,Negative Feedback,Work Culture,outweigh,good work,verb_object,Neutral Context Signal,"Unfortunately, that is not very often and her negatives outweigh any good work she is able to produce."
65,Libby Parker,Negative Feedback,Work Culture,good,good work,adjective_modifies_noun,Positive Strength Signal,"Unfortunately, that is not very often and her negatives outweigh any good work she is able to produce."
53,Addison Cohen,Negative Feedback,Work Culture,provide,significantly sub - par work,verb_object,Neutral Context Signal,He consistently provides significantly sub-par work.
53,Addison Cohen,Negative Feedback,Work Culture,significantly,significantly sub - par work,adjective_modifies_noun,Neutral Context Signal,He consistently provides significantly sub-par work.
53,Addison Cohen,Negative Feedback,Work Culture,sub,significantly sub - par work,adjective_modifies_noun,Neutral Context Signal,He consistently provides significantly sub-par work.
53,Addison Cohen,Negative Feedback,Work Culture,-,significantly sub - par work,adjective_modifies_noun,Neutral Context Signal,He consistently provides significantly sub-par work.
53,Addison Cohen,Negative Feedback,Work Culture,par,significantly sub - par work,adjective_modifies_noun,Neutral Context Signal,He consistently provides significantly sub-par work.
39,Aryanna Carney,Negative Feedback,Work Culture,meet,goals,verb_object,Neutral Context Signal,She struggles with following directions and often needs reminders to meet goals on time.
38,Kohen Norris,Negative Feedback,Career Growth,receive,performance review,verb_object,Neutral Context Signal,This is the second consecutive evaluation in which Kohen has received a negative performance review.
38,Kohen Norris,Negative Feedback,Career Growth,negative,negative performance,adjective_modifies_noun,Neutral Context Signal,This is the second consecutive evaluation in which Kohen has received a negative performance review.
38,Kohen Norris,Negative Feedback,Career Growth,contribute,projects,verb_preposition_to,Neutral Context Signal,"Finally, he continues to struggle on contributing to projects without significant help."
43,Aryanna Carney,Negative Feedback,Career Growth,adjust,work,verb_preposition_at,Neutral Context Signal,Aryanna has had difficulty adjusting to her place at work and the tasks at hand.
43,Aryanna Carney,Negative Feedback,Career Growth,turn,work,verb_preposition_in,Neutral Context Signal,"Aryanna seems confused, or turns in work unfinished or filled with mistakes."
44,Wade Stanley,Negative Feedback,Work Culture,produce,valuable work,verb_object,Neutral Context Signal,Wade is an abysmal worker who fails to produce any valuable work.
44,Wade Stanley,Negative Feedback,Work Culture,valuable,valuable work,adjective_modifies_noun,Neutral Context Signal,Wade is an abysmal worker who fails to produce any valuable work.
41,Aryanna Carney,Negative Feedback,Career Growth,produce,acceptable work,verb_object,Neutral Context Signal,She is unable to preform the simplest of tasks and very inconsistently produces acceptable work.
41,Aryanna Carney,Negative Feedback,Career Growth,acceptable,acceptable work,adjective_modifies_noun,Neutral Context Signal,She is unable to preform the simplest of tasks and very inconsistently produces acceptable work.
47,Wade Stanley,Negative Feedback,Work Culture,have,deadline,verb_object,Neutral Context Signal,"For example, last week he had a deadline that he knew of, instead he took long lunches and never made the deadline."
47,Wade Stanley,Negative Feedback,Work Culture,make,deadline,verb_object,Neutral Context Signal,"For example, last week he had a deadline that he knew of, instead he took long lunches and never made the deadline."
50,Addison Cohen,Negative Feedback,Work Culture,major,major tasks,adjective_modifies_noun,Neutral Context Signal,"From being off sick, Addison was behind on major tasks related to our project."
50,Addison Cohen,Negative Feedback,Work Culture,relate,project,verb_preposition_to,Neutral Context Signal,"From being off sick, Addison was behind on major tasks related to our project."
218,Finley Gray,Neutral Feedback,Salary & Benefits,complete,tasks,verb_object,Neutral Context Signal,Finley Grey completes tasks on time and follows instruction well.
218,Finley Gray,Neutral Feedback,Salary & Benefits,make,project,verb_object,Neutral Context Signal,He follows instruction to the letter but does not offer his own insights as to how to make the project any better.
209,Leo Lee,Neutral Feedback,Career Growth,complete,good work,verb_object,Neutral Context Signal,Leo completes good work and can deliver results.
209,Leo Lee,Neutral Feedback,Career Growth,good,good work,adjective_modifies_noun,Positive Strength Signal,Leo completes good work and can deliver results.
209,Leo Lee,Neutral Feedback,Career Growth,have,career goals,verb_object,Neutral Context Signal,Leo does not have any career goals.
176,Sonny Kidd,Neutral Feedback,Work Culture,complete,work,verb_object,Neutral Context Signal,He completes his work on time with decent results.
176,Sonny Kidd,Neutral Feedback,Work Culture,reach,higher goals,verb_object,Neutral Context Signal,"However, he is a little older and has little drive left in him, thus he is unable to be pushed to reach higher goals."
176,Sonny Kidd,Neutral Feedback,Work Culture,high,higher goals,adjective_modifies_noun,Positive Strength Signal,"However, he is a little older and has little drive left in him, thus he is unable to be pushed to reach higher goals."
175,Sonny Kidd,Neutral Feedback,Work Culture,show,performance,verb_subject,Neutral Context Signal,"Her performance I would rate as moderate, she has show better efficiency than before."
173,Sonny Kidd,Neutral Feedback,Work Culture,turn,reliable work product,verb_object,Neutral Context Signal,Sonny masters new software programs quickly and is generally able to turn out reliable work product.
173,Sonny Kidd,Neutral Feedback,Work Culture,reliable,reliable work product,adjective_modifies_noun,Positive Strength Signal,Sonny masters new software programs quickly and is generally able to turn out reliable work product.
171,Amaya Gay,Neutral Feedback,Career Growth,good,best effort,adjective_modifies_noun,Positive Strength Signal,"However, even though she does perfectly well on basic assignments, sometimes her best effort isn't quite enough to staff her on the more complex client assignments that we have available."
171,Amaya Gay,Neutral Feedback,Career Growth,quantitative,quantitative skills,adjective_modifies_noun,Neutral Context Signal,Her quantitative skills simply are not up to par with our senior associates.
164,Sara Phillips,Neutral Feedback,Career Growth,maintain,performance,verb_object,Neutral Context Signal,Sara has maintained her performance in analyzing and tracking sales this quarter.
165,Sara Phillips,Neutral Feedback,Work Culture,produce,work,verb_object,Neutral Context Signal,"Even though I've asked her to slow down her pace, she has continued to produce work with typos."
165,Sara Phillips,Neutral Feedback,Work Culture,improve,performance,verb_subject,Positive Strength Signal,Thus I don't think her performance will really improve much over time.
163,Sara Phillips,Neutral Feedback,Work Culture,keep,work,verb_preposition_with,Neutral Context Signal,"Sara, you keep up with your work."
163,Sara Phillips,Neutral Feedback,Work Culture,keep,work queue,verb_object,Neutral Context Signal,You are able to keep your work queue low and within our service level agreement with our customers.
162,Sara Phillips,Neutral Feedback,Career Growth,contribute,tasks,verb_preposition_to,Neutral Context Signal,I would like you to contribute more to the tasks and ask for help when needed to submit more meaningful work.
162,Sara Phillips,Neutral Feedback,Career Growth,submit,meaningful work,verb_object,Neutral Context Signal,I would like you to contribute more to the tasks and ask for help when needed to submit more meaningful work.
162,Sara Phillips,Neutral Feedback,Career Growth,meaningful,meaningful work,adjective_modifies_noun,Neutral Context Signal,I would like you to contribute more to the tasks and ask for help when needed to submit more meaningful work.
162,Sara Phillips,Neutral Feedback,Career Growth,show,true potential,verb_object,Neutral Context Signal,We are happy to help you to grow and show your true potential.
162,Sara Phillips,Neutral Feedback,Career Growth,true,true potential,adjective_modifies_noun,Neutral Context Signal,We are happy to help you to grow and show your true potential.
161,Joel Wells,Neutral Feedback,Career Growth,complete,work,verb_object,Neutral Context Signal,"Joel Well completes his work, but he does not show much potential for growth."
161,Joel Wells,Neutral Feedback,Career Growth,show,much potential,verb_object,Neutral Context Signal,"Joel Well completes his work, but he does not show much potential for growth."
161,Joel Wells,Neutral Feedback,Career Growth,much,much potential,adjective_modifies_noun,Neutral Context Signal,"Joel Well completes his work, but he does not show much potential for growth."
161,Joel Wells,Neutral Feedback,Career Growth,have,acceptable performance,verb_object,Neutral Context Signal,He has acceptable performance on the job.
161,Joel Wells,Neutral Feedback,Career Growth,acceptable,acceptable performance,adjective_modifies_noun,Neutral Context Signal,He has acceptable performance on the job.
161,Joel Wells,Neutral Feedback,Career Growth,finish,tasks,verb_object,Neutral Context Signal,"He is able to finish his tasks successfully, but he does not go beyond expectations."
321,Sophie Murray,Neutral Feedback,Work Culture,assign,projects,verb_object,Neutral Context Signal,Sophie had been assigned 10 projects for the last 10 months.
321,Sophie Murray,Neutral Feedback,Work Culture,inform,quality issues,verb_preposition_about,Neutral Context Signal,"When we informed Sophie about the quality issues of her work, she was combative."
321,Sophie Murray,Neutral Feedback,Work Culture,pick,new skills,verb_object,Neutral Context Signal,"Overall, Sophie is slow to pick up new skills and slow in getting her work done."
321,Sophie Murray,Neutral Feedback,Work Culture,new,new skills,adjective_modifies_noun,Neutral Context Signal,"Overall, Sophie is slow to pick up new skills and slow in getting her work done."
321,Sophie Murray,Neutral Feedback,Work Culture,do,work,verb_subject,Neutral Context Signal,"Overall, Sophie is slow to pick up new skills and slow in getting her work done."
170,Amaya Gay,Neutral Feedback,Career Growth,most,most projects,adjective_modifies_noun,Neutral Context Signal,Amaya did complete most projects on time.
380,Hannah Woods,Neutral Feedback,Work Culture,have,work,verb_subject,Neutral Context Signal,"Her work, while not bad, doesn't have the shine and polish of a top tier employee."
490,Jessica Black,Neutral Feedback,Management Issues,perform,management expectation,verb_preposition_with,Neutral Context Signal,She has to perform that match up with management expectation and her response should quick as possible towards her task other than she is a good performer.
490,Jessica Black,Neutral Feedback,Management Issues,other,task,adjective_modifies_noun,Neutral Context Signal,She has to perform that match up with management expectation and her response should quick as possible towards her task other than she is a good performer.
157,Joel Wells,Neutral Feedback,Career Growth,accomplish,tasks,verb_object,Neutral Context Signal,Joel is able to accomplish the tasks that he is given but often struggles with accomplishing them on time.
20010,Elliot Gray,Neutral Feedback,Work Culture,undertake,team,verb_preposition_with,Neutral Context Signal,The group tasks he has undertaken with the team have always been to an adequate standard.
20010,Elliot Gray,Neutral Feedback,Work Culture,make,good work,verb_preposition_in,Neutral Context Signal,What he lacks in momentum he makes up for in good work.
20010,Elliot Gray,Neutral Feedback,Work Culture,good,good work,adjective_modifies_noun,Positive Strength Signal,What he lacks in momentum he makes up for in good work.
20009,Elliot Gray,Neutral Feedback,Career Growth,seek,new potential clients,verb_object,Neutral Context Signal,"He rarely seeks out new potential clients and at times can be rather timid in his approach, reducing the confidence in the transaction."
20009,Elliot Gray,Neutral Feedback,Career Growth,new,new potential clients,adjective_modifies_noun,Neutral Context Signal,"He rarely seeks out new potential clients and at times can be rather timid in his approach, reducing the confidence in the transaction."
20009,Elliot Gray,Neutral Feedback,Career Growth,potential,new potential clients,adjective_modifies_noun,Growth Signal,"He rarely seeks out new potential clients and at times can be rather timid in his approach, reducing the confidence in the transaction."
20009,Elliot Gray,Neutral Feedback,Career Growth,reduce,confidence,verb_object,Neutral Context Signal,"He rarely seeks out new potential clients and at times can be rather timid in his approach, reducing the confidence in the transaction."
20009,Elliot Gray,Neutral Feedback,Career Growth,put,promotion,verb_preposition_for,Neutral Context Signal,It is therefore not recommended that his name be put forth for promotion at this time as his leadership potential is not high.
10215,Emerson Rose,Neutral Feedback,Work Culture,put,satisfactory work,verb_object,Neutral Context Signal,she puts out satisfactory work and she shows little potential.
10215,Emerson Rose,Neutral Feedback,Work Culture,satisfactory,satisfactory work,adjective_modifies_noun,Neutral Context Signal,she puts out satisfactory work and she shows little potential.
10215,Emerson Rose,Neutral Feedback,Work Culture,show,little potential,verb_object,Neutral Context Signal,she puts out satisfactory work and she shows little potential.
10215,Emerson Rose,Neutral Feedback,Work Culture,little,little potential,adjective_modifies_noun,Neutral Context Signal,she puts out satisfactory work and she shows little potential.
10212,Emerson Rose,Neutral Feedback,Career Growth,good,good team player,adjective_modifies_noun,Positive Strength Signal,Emerson Rose is a good team player and is able to perform medium complexity tasks well.
10212,Emerson Rose,Neutral Feedback,Career Growth,perform,complexity tasks,verb_object,Neutral Context Signal,Emerson Rose is a good team player and is able to perform medium complexity tasks well.
10212,Emerson Rose,Neutral Feedback,Career Growth,come,complex tasks,verb_preposition_to,Neutral Context Signal,"However, when it comes to somewhat complex tasks, they are not able to quickly adapt inasmuch their learning curve is quite steep even for relatively less complex items."
10212,Emerson Rose,Neutral Feedback,Career Growth,complex,complex tasks,adjective_modifies_noun,Neutral Context Signal,"However, when it comes to somewhat complex tasks, they are not able to quickly adapt inasmuch their learning curve is quite steep even for relatively less complex items."
388,Finley Harrison,Neutral Feedback,Career Growth,see,positive growth,verb_object,Neutral Context Signal,We hope to see more positive growth in his future.
388,Finley Harrison,Neutral Feedback,Career Growth,positive,positive growth,adjective_modifies_noun,Neutral Context Signal,We hope to see more positive growth in his future.
10174,Brynlee Byers,Neutral Feedback,Career Growth,show,little potential,verb_object,Neutral Context Signal,"At present, she shows little potential for future advancement withint the company."
10174,Brynlee Byers,Neutral Feedback,Career Growth,little,little potential,adjective_modifies_noun,Neutral Context Signal,"At present, she shows little potential for future advancement withint the company."
10088,Joyce Douglas,Neutral Feedback,Work Culture,exhibit,learning behaviors,verb_object,Neutral Context Signal,"She does not exhibit learning behaviors, and does not seem enthusiastic about improving."
10088,Joyce Douglas,Neutral Feedback,Work Culture,meet,deadlines,verb_object,Neutral Context Signal,"She almost always meets her deadlines, but her work is only of average quality."
10088,Joyce Douglas,Neutral Feedback,Work Culture,average,average quality,adjective_modifies_noun,Neutral Context Signal,"She almost always meets her deadlines, but her work is only of average quality."
10053,Shannon Harvey,Neutral Feedback,Career Growth,give,mediocre performance,verb_object,Neutral Context Signal,Shannon Harvey's has given a mediocre performance.
10053,Shannon Harvey,Neutral Feedback,Career Growth,mediocre,mediocre performance,adjective_modifies_noun,Neutral Context Signal,Shannon Harvey's has given a mediocre performance.
10053,Shannon Harvey,Neutral Feedback,Career Growth,meet,performance,verb_subject,Neutral Context Signal,Her performance has met our satisfaction in the goals that were given.
10053,Shannon Harvey,Neutral Feedback,Career Growth,exceed,goals,verb_object,Neutral Context Signal,We can't predict her exceeding her goals in near future.
10053,Shannon Harvey,Neutral Feedback,Career Growth,exceed,goals,verb_object,Neutral Context Signal,We believe that her potential is low at this point exceeding the goals provided to her.
10052,Shannon Harvey,Neutral Feedback,Career Growth,show,team,verb_preposition_to,Neutral Context Signal,"Showing more dedication to the team as a whole, the company and their own job would greatly improve their rating."
10051,Shannon Harvey,Neutral Feedback,Work Culture,finish,task,verb_object,Neutral Context Signal,Shannon Harvey has shown she can finish a task with good end result.
10051,Shannon Harvey,Neutral Feedback,Work Culture,make,hard work,verb_preposition_in,Neutral Context Signal,The talent she lacks she makes up for in hard work.
10051,Shannon Harvey,Neutral Feedback,Work Culture,hard,hard work,adjective_modifies_noun,Neutral Context Signal,The talent she lacks she makes up for in hard work.
10006,Harvey Watts,Neutral Feedback,Career Growth,manage,most tasks,verb_object,Neutral Context Signal,"Harvey can manage most tasks of average complexity, but does not see the bigger picture on how this relates to the company's aims."
10006,Harvey Watts,Neutral Feedback,Career Growth,most,most tasks,adjective_modifies_noun,Neutral Context Signal,"Harvey can manage most tasks of average complexity, but does not see the bigger picture on how this relates to the company's aims."
10006,Harvey Watts,Neutral Feedback,Career Growth,meet,management eligibility,verb_object,Neutral Context Signal,unlikely to meet management eligibility in the future.
10006,Harvey Watts,Neutral Feedback,Career Growth,have,team,verb_preposition_on,Neutral Context Signal,"Nonetheless, good to have on the team."
10132,Teagan Pate,Neutral Feedback,Career Growth,be,little potential,verb_object,Neutral Context Signal,There is little potential for Teagan to ascend from average in performance.
10132,Teagan Pate,Neutral Feedback,Career Growth,little,little potential,adjective_modifies_noun,Neutral Context Signal,There is little potential for Teagan to ascend from average in performance.
10132,Teagan Pate,Neutral Feedback,Career Growth,ascend,performance,verb_preposition_in,Neutral Context Signal,There is little potential for Teagan to ascend from average in performance.
156,Amy John,Neutral Feedback,Career Growth,succeed,fulfilling basic work tasks,verb_preposition_at,Neutral Context Signal,Amy John succeeds at fulfilling basic work tasks.
156,Amy John,Neutral Feedback,Career Growth,fulfil,fulfilling basic work tasks,adjective_modifies_noun,Neutral Context Signal,Amy John succeeds at fulfilling basic work tasks.
156,Amy John,Neutral Feedback,Career Growth,basic,fulfilling basic work tasks,adjective_modifies_noun,Neutral Context Signal,Amy John succeeds at fulfilling basic work tasks.
156,Amy John,Neutral Feedback,Career Growth,show,potential,verb_object,Neutral Context Signal,"Meets the minimum standard, but does not normally show potential for growth."
156,Amy John,Neutral Feedback,Career Growth,complete,tasks,verb_object,Neutral Context Signal,She completes all tasks assigned to her.
156,Amy John,Neutral Feedback,Career Growth,show,potential,verb_object,Neutral Context Signal,Does not show potential for exceeding expectations at this time.
122,Michael Kaur,Neutral Feedback,Career Growth,work,team,verb_preposition_with,Neutral Context Signal,He isn't a leader rather he seems to enjoy working with a team.
120,Michael Kaur,Neutral Feedback,Career Growth,complete,assigned tasks,verb_object,Neutral Context Signal,Michael completed all his assigned tasks on time.
120,Michael Kaur,Neutral Feedback,Career Growth,assign,assigned tasks,adjective_modifies_noun,Neutral Context Signal,Michael completed all his assigned tasks on time.
120,Michael Kaur,Neutral Feedback,Career Growth,complete,task,verb_object,Neutral Context Signal,"Michael does complete the task, but doesn't shine as an employee."
116,Sonny Kidd,Neutral Feedback,Work Culture,reasonable,reasonable quality,adjective_modifies_noun,Neutral Context Signal,"His work is of reasonable quality, but his work ethic and effort that he puts in is highly questionable."
116,Sonny Kidd,Neutral Feedback,Work Culture,ethic,work,adjective_modifies_noun,Neutral Context Signal,"His work is of reasonable quality, but his work ethic and effort that he puts in is highly questionable."
116,Sonny Kidd,Neutral Feedback,Work Culture,affect,behavior,verb_subject,Neutral Context Signal,He is also encouraged to be mindful of how his behavior would affect those around him.
115,Sonny Kidd,Neutral Feedback,Work Culture,decent,decent quality,adjective_modifies_noun,Neutral Context Signal,Sonny's work product has always been of decent quality in terms of research analysis and argument development.
115,Sonny Kidd,Neutral Feedback,Work Culture,review,work,verb_object,Neutral Context Signal,"Sonny usually reviews their work once before submitting it to me for final sign-off, but that review sometimes isn't thorough enough because I still catch a handful of minor errors when I review his reports."
115,Sonny Kidd,Neutral Feedback,Work Culture,review,work,verb_object,Neutral Context Signal,"I've asked Sonny to really take as much time as he needs to review his work before submitting it, but the reports I see from him continue to have a few errors here and there, so he doesn't seem too willing to listen and improve his chances of advancement."
112,Amaya Gay,Neutral Feedback,Work Culture,complete,work,verb_object,Neutral Context Signal,"Amaya has been completing work as required, but really does not go above and beyond."
112,Amaya Gay,Neutral Feedback,Work Culture,take,initiative,verb_object,Neutral Context Signal,"This could be improved by taking initiative in additional task in the workplace, but at present time the drive really is not there."
112,Amaya Gay,Neutral Feedback,Work Culture,take,additional task,verb_preposition_in,Neutral Context Signal,"This could be improved by taking initiative in additional task in the workplace, but at present time the drive really is not there."
112,Amaya Gay,Neutral Feedback,Work Culture,additional,additional task,adjective_modifies_noun,Neutral Context Signal,"This could be improved by taking initiative in additional task in the workplace, but at present time the drive really is not there."
111,Sara Phillips,Neutral Feedback,Career Growth,do,tasks,verb_object,Neutral Context Signal,she did her day to day tasks and met all expectations that she was given.
111,Sara Phillips,Neutral Feedback,Career Growth,maxe,potential,verb_object,Neutral Context Signal,Unfortunately I believe she has maxed out her potential with us
110,Sara Phillips,Neutral Feedback,Work Culture,proofread,work,verb_object,Neutral Context Signal,"However, despite all the research she does, she never proofreads her work, and this means that her reports often contain a lot of tiny but noticeable errors like missing periods, extra spaces, and typos."
110,Sara Phillips,Neutral Feedback,Work Culture,edit,work,verb_object,Neutral Context Signal,"Unfortunately, I don't expect Sara to improve in this area since I have already asked her to edit her work prior to submission four times to no avail."
123,Isabella James,Neutral Feedback,Work Culture,put,much extra effort,verb_object,Neutral Context Signal,"She performs her duties, but not put much extra effort into her position."
123,Isabella James,Neutral Feedback,Work Culture,much,much extra effort,adjective_modifies_noun,Neutral Context Signal,"She performs her duties, but not put much extra effort into her position."
123,Isabella James,Neutral Feedback,Work Culture,extra,much extra effort,adjective_modifies_noun,Neutral Context Signal,"She performs her duties, but not put much extra effort into her position."
108,Joel Wells,Neutral Feedback,Work Culture,turn,acceptable work product,verb_object,Neutral Context Signal,"Overall, Joel turned in acceptable work product to me and met all deadlines."
108,Joel Wells,Neutral Feedback,Work Culture,acceptable,acceptable work product,adjective_modifies_noun,Neutral Context Signal,"Overall, Joel turned in acceptable work product to me and met all deadlines."
108,Joel Wells,Neutral Feedback,Work Culture,meet,deadlines,verb_object,Neutral Context Signal,"Overall, Joel turned in acceptable work product to me and met all deadlines."
108,Joel Wells,Neutral Feedback,Work Culture,require,work product,verb_subject,Neutral Context Signal,"Moreover, his work product still required a round of revisions."
108,Joel Wells,Neutral Feedback,Work Culture,turn,best work,verb_preposition_in,Neutral Context Signal,I also felt that his research skills weren't up to par and that he's already turned in the best work he can at this point.
108,Joel Wells,Neutral Feedback,Work Culture,good,best work,adjective_modifies_noun,Positive Strength Signal,I also felt that his research skills weren't up to par and that he's already turned in the best work he can at this point.
104,Amy John,Neutral Feedback,Career Growth,complete,work,verb_object,Neutral Context Signal,"Yes, she usually completes her work but it's usually the bare minimum to say it's done."
101,Bailey Hunter,Neutral Feedback,Work Culture,hinder,performance,verb_subject,Neutral Context Signal,"However, her performance is hindered because she sometimes shows up late to work without any explanation."
99,Amy John,Neutral Feedback,Work Culture,meet,deadlines,verb_object,Neutral Context Signal,She meets deadlines regularly and turns in the expected work.
99,Amy John,Neutral Feedback,Work Culture,turn,expected work,verb_preposition_in,Neutral Context Signal,She meets deadlines regularly and turns in the expected work.
99,Amy John,Neutral Feedback,Work Culture,expect,expected work,adjective_modifies_noun,Neutral Context Signal,She meets deadlines regularly and turns in the expected work.
94,Bailey Hunter,Neutral Feedback,Work Culture,do,work,verb_subject,Neutral Context Signal,"He gets his work done, but doesn't really apply himself otherwise."
94,Bailey Hunter,Neutral Feedback,Work Culture,take,more responsibility,verb_object,Neutral Context Signal,He clearly doesn't have much interest in taking on more responsibility or moving up in the organization.
94,Bailey Hunter,Neutral Feedback,Work Culture,more,more responsibility,adjective_modifies_noun,Neutral Context Signal,He clearly doesn't have much interest in taking on more responsibility or moving up in the organization.
154,Amy John,Neutral Feedback,Career Growth,dedicate,work atmosphere,verb_preposition_to,Neutral Context Signal,Amy John is dedicated to the work atmosphere and creating a fun environment with all the colleagues.
154,Amy John,Neutral Feedback,Career Growth,create,fun environment,verb_object,Neutral Context Signal,Amy John is dedicated to the work atmosphere and creating a fun environment with all the colleagues.
154,Amy John,Neutral Feedback,Career Growth,fun,fun environment,adjective_modifies_noun,Neutral Context Signal,Amy John is dedicated to the work atmosphere and creating a fun environment with all the colleagues.
154,Amy John,Neutral Feedback,Career Growth,show,much growth,verb_object,Neutral Context Signal,"Still, I am a little hesitant to envision in which ways she might improve in the past, as she has not shown much growth through time -- nor has she been necessarily receptive to the constructive comments received from supervisors."
154,Amy John,Neutral Feedback,Career Growth,much,much growth,adjective_modifies_noun,Neutral Context Signal,"Still, I am a little hesitant to envision in which ways she might improve in the past, as she has not shown much growth through time -- nor has she been necessarily receptive to the constructive comments received from supervisors."
105,Amy John,Neutral Feedback,Career Growth,have,excellent performance,verb_object,Neutral Context Signal,Amy had excellent performance this quarter.
105,Amy John,Neutral Feedback,Career Growth,excellent,excellent performance,adjective_modifies_noun,Positive Strength Signal,Amy had excellent performance this quarter.
105,Amy John,Neutral Feedback,Career Growth,have,strong interpersonal skills,verb_object,Neutral Context Signal,"This shouldn't be a problem, since she has strong interpersonal skills."
105,Amy John,Neutral Feedback,Career Growth,strong,strong interpersonal skills,adjective_modifies_noun,Positive Strength Signal,"This shouldn't be a problem, since she has strong interpersonal skills."
105,Amy John,Neutral Feedback,Career Growth,interpersonal,strong interpersonal skills,adjective_modifies_noun,Neutral Context Signal,"This shouldn't be a problem, since she has strong interpersonal skills."
125,Isabella James,Neutral Feedback,Work Culture,deliver,usual work,verb_preposition_on,Positive Strength Signal,She delivers on the usual work assigned to her but struggles with any new work or variations from normal.
125,Isabella James,Neutral Feedback,Work Culture,usual,usual work,adjective_modifies_noun,Neutral Context Signal,She delivers on the usual work assigned to her but struggles with any new work or variations from normal.
125,Isabella James,Neutral Feedback,Work Culture,struggle,new work,verb_preposition_with,Concern / Risk Signal,She delivers on the usual work assigned to her but struggles with any new work or variations from normal.
125,Isabella James,Neutral Feedback,Work Culture,new,new work,adjective_modifies_noun,Neutral Context Signal,She delivers on the usual work assigned to her but struggles with any new work or variations from normal.
51,Addison Cohen,Neutral Feedback,Work Culture,put,effort,verb_object,Neutral Context Signal,Addison means well but does not put the effort in that is needed to complete his work.
51,Addison Cohen,Neutral Feedback,Work Culture,complete,work,verb_object,Neutral Context Signal,Addison means well but does not put the effort in that is needed to complete his work.
150,Bailey Hunter,Neutral Feedback,Work Culture,deliver,work,verb_object,Positive Strength Signal,"Bailey has been consistently delivering her work on time, though from time to time she would make some easily avoidable mistakes."
150,Bailey Hunter,Neutral Feedback,Work Culture,have,great attitude,verb_object,Neutral Context Signal,"She has great attitude at work, though she could show more initiative."
150,Bailey Hunter,Neutral Feedback,Work Culture,great,great attitude,adjective_modifies_noun,Positive Strength Signal,"She has great attitude at work, though she could show more initiative."
150,Bailey Hunter,Neutral Feedback,Work Culture,show,more initiative,verb_object,Neutral Context Signal,"She has great attitude at work, though she could show more initiative."
150,Bailey Hunter,Neutral Feedback,Work Culture,more,more initiative,adjective_modifies_noun,Neutral Context Signal,"She has great attitude at work, though she could show more initiative."
150,Bailey Hunter,Neutral Feedback,Work Culture,participate,team activities,verb_preposition_in,Neutral Context Signal,"She is friendly, however, not too keen in participating in team activities."
148,Bailey Hunter,Neutral Feedback,Work Culture,valuable,valuable team player,adjective_modifies_noun,Neutral Context Signal,She is a valuable team player for our team which doesn't often require people to be the lead.
147,Bailey Hunter,Neutral Feedback,Career Growth,interpersonal,interpersonal skills,adjective_modifies_noun,Neutral Context Signal,"Her interpersonal skills are unexceptional, neither good nor bad."
146,Darius Stafford,Neutral Feedback,Career Growth,keep,term goals,verb_preposition_for,Neutral Context Signal,"He lacks motivation for the future and we dont really see a need to keep him around for our long term goals, but his current work is meeting our needs."
146,Darius Stafford,Neutral Feedback,Career Growth,current,current work,adjective_modifies_noun,Neutral Context Signal,"He lacks motivation for the future and we dont really see a need to keep him around for our long term goals, but his current work is meeting our needs."
146,Darius Stafford,Neutral Feedback,Career Growth,meet,current work,verb_subject,Neutral Context Signal,"He lacks motivation for the future and we dont really see a need to keep him around for our long term goals, but his current work is meeting our needs."
145,Darius Stafford,Neutral Feedback,Work Culture,produce,acceptable work,verb_object,Neutral Context Signal,Darius is a solid employee who consistently produces acceptable work.
145,Darius Stafford,Neutral Feedback,Work Culture,acceptable,acceptable work,adjective_modifies_noun,Neutral Context Signal,Darius is a solid employee who consistently produces acceptable work.
145,Darius Stafford,Neutral Feedback,Work Culture,produce,quality work,verb_object,Neutral Context Signal,He has shown that he is competent in producing quality work that meets but does not exceed our standards.
145,Darius Stafford,Neutral Feedback,Work Culture,adapt,new tasks,verb_preposition_to,Growth Signal,However he has difficulty learning and adapting to new tasks.
145,Darius Stafford,Neutral Feedback,Work Culture,new,new tasks,adjective_modifies_noun,Neutral Context Signal,However he has difficulty learning and adapting to new tasks.
145,Darius Stafford,Neutral Feedback,Work Culture,current,current work capacity,adjective_modifies_noun,Neutral Context Signal,I find that he is unlikely to improve any further and that his current work capacity is his max.
142,Darius Stafford,Neutral Feedback,Career Growth,show,career field,verb_preposition_in,Neutral Context Signal,Darius set a good example at being a great trainee and showed a lot of potential in this career field.
141,April Craft,Neutral Feedback,Work Culture,submit,projects,verb_object,Neutral Context Signal,"She analyzes data accurately, and she is able to submit projects of reasonable quality on time."
141,April Craft,Neutral Feedback,Work Culture,reasonable,reasonable quality,adjective_modifies_noun,Neutral Context Signal,"She analyzes data accurately, and she is able to submit projects of reasonable quality on time."
141,April Craft,Neutral Feedback,Work Culture,however,work,adjective_modifies_noun,Neutral Context Signal,"However, the work she does barely exceeds the work done by the intern, who is only a high school student."
141,April Craft,Neutral Feedback,Work Culture,exceed,work,verb_object,Neutral Context Signal,"However, the work she does barely exceeds the work done by the intern, who is only a high school student."
141,April Craft,Neutral Feedback,Work Culture,use,full potential,verb_preposition_to,Neutral Context Signal,She should continue to be monitored by human resources to ensure our resources are being used to their full potential.
141,April Craft,Neutral Feedback,Work Culture,full,full potential,adjective_modifies_noun,Neutral Context Signal,She should continue to be monitored by human resources to ensure our resources are being used to their full potential.
151,Bailey Hunter,Neutral Feedback,Career Growth,produce,acceptable quality work,verb_object,Neutral Context Signal,However she still consistently produces acceptable quality work and meet her deadlines.
151,Bailey Hunter,Neutral Feedback,Career Growth,acceptable,acceptable quality work,adjective_modifies_noun,Neutral Context Signal,However she still consistently produces acceptable quality work and meet her deadlines.
151,Bailey Hunter,Neutral Feedback,Career Growth,meet,deadlines,verb_object,Neutral Context Signal,However she still consistently produces acceptable quality work and meet her deadlines.
151,Bailey Hunter,Neutral Feedback,Career Growth,improve,current skills,verb_preposition_beyond,Positive Strength Signal,She is a solid performer but I do not expect her to improve beyond her current skills.
151,Bailey Hunter,Neutral Feedback,Career Growth,current,current skills,adjective_modifies_noun,Neutral Context Signal,She is a solid performer but I do not expect her to improve beyond her current skills.
139,April Craft,Neutral Feedback,Career Growth,turn,work,verb_preposition_in,Neutral Context Signal,This worker turns in work that is generally ok.
138,April Craft,Neutral Feedback,Career Growth,see,positive growth,verb_object,Neutral Context Signal,Hopefully we see some positive growth in the near future.
138,April Craft,Neutral Feedback,Career Growth,positive,positive growth,adjective_modifies_noun,Neutral Context Signal,Hopefully we see some positive growth in the near future.
136,Lance Hatfield,Neutral Feedback,Work Culture,good,good team player,adjective_modifies_noun,Positive Strength Signal,Lance Hatfield is a good team player.
136,Lance Hatfield,Neutral Feedback,Work Culture,meet,goals,verb_object,Neutral Context Signal,"He meets the goals set before him, and manages his time well."
136,Lance Hatfield,Neutral Feedback,Work Culture,take,new tasks,verb_object,Neutral Context Signal,"He takes on new tasks slowly, but works toward them until he succeeds."
136,Lance Hatfield,Neutral Feedback,Work Culture,new,new tasks,adjective_modifies_noun,Neutral Context Signal,"He takes on new tasks slowly, but works toward them until he succeeds."
134,Lance Hatfield,Neutral Feedback,Career Growth,have,low potential,verb_object,Neutral Context Signal,"Lance can be trusted to maintain a solid level of success, but has low potential to create more opportunities for the company."
134,Lance Hatfield,Neutral Feedback,Career Growth,low,low potential,adjective_modifies_noun,Concern / Risk Signal,"Lance can be trusted to maintain a solid level of success, but has low potential to create more opportunities for the company."
132,Esmeralda Langley,Neutral Feedback,Career Growth,go,work performance,verb_subject,Neutral Context Signal,Esmeralda is a wonderful person but as far as her work performance goes she struggles to understand simple concepts for the job.
140,April Craft,Neutral Feedback,Work Culture,come,team,verb_preposition_to,Neutral Context Signal,April did not disappoint when she came to our team.
140,April Craft,Neutral Feedback,Work Culture,love,team,verb_subject,Neutral Context Signal,She performed well and the team loved her.
255,Matthew Reid,Positive Feedback,Work Culture,put,full effort,verb_object,Neutral Context Signal,His work is consistent and he puts his full effort into his work.
255,Matthew Reid,Positive Feedback,Work Culture,put,work,verb_preposition_into,Neutral Context Signal,His work is consistent and he puts his full effort into his work.
255,Matthew Reid,Positive Feedback,Work Culture,full,full effort,adjective_modifies_noun,Neutral Context Signal,His work is consistent and he puts his full effort into his work.
255,Matthew Reid,Positive Feedback,Work Culture,show,more growth,verb_object,Neutral Context Signal,Other workers hired at the same time have shown more growth within the field.
255,Matthew Reid,Positive Feedback,Work Culture,more,more growth,adjective_modifies_noun,Neutral Context Signal,Other workers hired at the same time have shown more growth within the field.
256,Matthew Reid,Positive Feedback,Career Growth,have,potential,verb_object,Neutral Context Signal,"While Matthew Reid does not have the potential to learn extra skills due to his learning disability, he is still able to perform exceptionally well with the skills he does have."
256,Matthew Reid,Positive Feedback,Career Growth,learn,extra skills,verb_object,Growth Signal,"While Matthew Reid does not have the potential to learn extra skills due to his learning disability, he is still able to perform exceptionally well with the skills he does have."
256,Matthew Reid,Positive Feedback,Career Growth,extra,extra skills,adjective_modifies_noun,Neutral Context Signal,"While Matthew Reid does not have the potential to learn extra skills due to his learning disability, he is still able to perform exceptionally well with the skills he does have."
256,Matthew Reid,Positive Feedback,Career Growth,perform,skills,verb_preposition_with,Neutral Context Signal,"While Matthew Reid does not have the potential to learn extra skills due to his learning disability, he is still able to perform exceptionally well with the skills he does have."
256,Matthew Reid,Positive Feedback,Career Growth,gain,much confidence,verb_object,Neutral Context Signal,I have gained much confidence in Reid's ability to outwork and outlast his coworkers who have a lot more potential.
256,Matthew Reid,Positive Feedback,Career Growth,much,much confidence,adjective_modifies_noun,Neutral Context Signal,I have gained much confidence in Reid's ability to outwork and outlast his coworkers who have a lot more potential.
256,Matthew Reid,Positive Feedback,Career Growth,have,more potential,verb_object,Neutral Context Signal,I have gained much confidence in Reid's ability to outwork and outlast his coworkers who have a lot more potential.
256,Matthew Reid,Positive Feedback,Career Growth,more,more potential,adjective_modifies_noun,Neutral Context Signal,I have gained much confidence in Reid's ability to outwork and outlast his coworkers who have a lot more potential.
256,Matthew Reid,Positive Feedback,Career Growth,give,projects,verb_object,Neutral Context Signal,"I have even given him projects that high potential workers would receive, simply because I know he can do the work faster and more accurate."
256,Matthew Reid,Positive Feedback,Career Growth,high,high potential workers,adjective_modifies_noun,Positive Strength Signal,"I have even given him projects that high potential workers would receive, simply because I know he can do the work faster and more accurate."
256,Matthew Reid,Positive Feedback,Career Growth,potential,high potential workers,adjective_modifies_noun,Growth Signal,"I have even given him projects that high potential workers would receive, simply because I know he can do the work faster and more accurate."
256,Matthew Reid,Positive Feedback,Career Growth,receive,high potential workers,verb_subject,Neutral Context Signal,"I have even given him projects that high potential workers would receive, simply because I know he can do the work faster and more accurate."
256,Matthew Reid,Positive Feedback,Career Growth,do,work,verb_object,Neutral Context Signal,"I have even given him projects that high potential workers would receive, simply because I know he can do the work faster and more accurate."
260,Conner Mcintyre,Positive Feedback,Career Growth,improve,potential level,verb_object,Positive Strength Signal,He has improve his potential level.
260,Conner Mcintyre,Positive Feedback,Career Growth,potential,potential level,adjective_modifies_noun,Growth Signal,He has improve his potential level.
258,Conner Mcintyre,Positive Feedback,Career Growth,halt,communication skills,verb_subject,Neutral Context Signal,"Unfortunately, his communication skills can be halting and limited."
253,Matthew Reid,Positive Feedback,Work Culture,great,great work,adjective_modifies_noun,Positive Strength Signal,"However, with such a great work ethic that he fails to apply fully to reaching a higher position in this company, I believe he has his eyes on other ventures."
253,Matthew Reid,Positive Feedback,Work Culture,ethic,great work,adjective_modifies_noun,Neutral Context Signal,"However, with such a great work ethic that he fails to apply fully to reaching a higher position in this company, I believe he has his eyes on other ventures."
253,Matthew Reid,Positive Feedback,Work Culture,believe,great work,verb_preposition_with,Neutral Context Signal,"However, with such a great work ethic that he fails to apply fully to reaching a higher position in this company, I believe he has his eyes on other ventures."
261,Conner Mcintyre,Positive Feedback,Career Growth,have,high performance,verb_object,Neutral Context Signal,It has a high performance and it is great that it has it.
261,Conner Mcintyre,Positive Feedback,Career Growth,high,high performance,adjective_modifies_noun,Positive Strength Signal,It has a high performance and it is great that it has it.
261,Conner Mcintyre,Positive Feedback,Career Growth,have,high performance,verb_object,Neutral Context Signal,Although the conner mcintyre has a high performance it potential is somewhat low.
261,Conner Mcintyre,Positive Feedback,Career Growth,high,high performance,adjective_modifies_noun,Positive Strength Signal,Although the conner mcintyre has a high performance it potential is somewhat low.
252,Freya Price,Positive Feedback,Work Culture,teach,new tasks,verb_object,Neutral Context Signal,"However, it's very difficult teaching her new tasks or relying on her to work 100% independently."
252,Freya Price,Positive Feedback,Work Culture,new,new tasks,adjective_modifies_noun,Neutral Context Signal,"However, it's very difficult teaching her new tasks or relying on her to work 100% independently."
249,Freya Price,Positive Feedback,Work Culture,display,hard work,verb_object,Neutral Context Signal,She displayed hard work to make this happen.
249,Freya Price,Positive Feedback,Work Culture,hard,hard work,adjective_modifies_noun,Neutral Context Signal,She displayed hard work to make this happen.
249,Freya Price,Positive Feedback,Work Culture,hard,hard work,adjective_modifies_noun,Neutral Context Signal,"Though she delivered exceptionally, this was due to her hard work but not the team collaboration."
249,Freya Price,Positive Feedback,Work Culture,pull,team,verb_object,Neutral Context Signal,She struggles to pull the team together so the team feels lost.
249,Freya Price,Positive Feedback,Work Culture,feel,team,verb_subject,Neutral Context Signal,She struggles to pull the team together so the team feels lost.
247,Edward Bates,Positive Feedback,Work Culture,deliver,work,verb_object,Positive Strength Signal,"However, he has been delivering his work without delay."
243,Edward Bates,Positive Feedback,Work Culture,do,work,verb_preposition_with,Neutral Context Signal,Edward is doing such a great job with his work.
242,Eloise Foster,Positive Feedback,Work Culture,do,project,verb_preposition_on,Neutral Context Signal,Ms. Foster has done remarkably well on this project.
242,Eloise Foster,Positive Feedback,Work Culture,seem,performance,verb_subject,Neutral Context Signal,Unfortunately her performance this project seems to be an outlier.
242,Eloise Foster,Positive Feedback,Work Culture,seem,project,verb_subject,Neutral Context Signal,Unfortunately her performance this project seems to be an outlier.
242,Eloise Foster,Positive Feedback,Work Culture,move,team,verb_preposition_to,Neutral Context Signal,I am wondering if she should be moved to a team that deals with this kind of project more often.
239,Eloise Foster,Positive Feedback,Work Culture,perform,task,verb_object,Neutral Context Signal,She has performed every task with due diligence and competence.
251,Freya Price,Positive Feedback,Work Culture,produce,high quality work,verb_object,Neutral Context Signal,She always produces high quality work and always meets her deadlines.
251,Freya Price,Positive Feedback,Work Culture,high,high quality work,adjective_modifies_noun,Positive Strength Signal,She always produces high quality work and always meets her deadlines.
251,Freya Price,Positive Feedback,Work Culture,meet,deadlines,verb_object,Neutral Context Signal,She always produces high quality work and always meets her deadlines.
251,Freya Price,Positive Feedback,Work Culture,do,work,verb_subject,Neutral Context Signal,She is very detail orientated and always gets her work done.
10009,Archie Dawson,Positive Feedback,Work Culture,bore,quality,verb_preposition_with,Neutral Context Signal,"Unfortunately, his interest in moving ahead in this company is non existent, and I worry that he may be bored with the quality of work provided."
10013,Archie Dawson,Positive Feedback,Work Culture,keep,performance level,verb_object,Neutral Context Signal,"However, we hope that he continues to keep his performance level consistent."
238,Eloise Foster,Positive Feedback,Career Growth,produce,excellent work,verb_object,Neutral Context Signal,Eloise is a very capable worker and always produces excellent work.
238,Eloise Foster,Positive Feedback,Career Growth,excellent,excellent work,adjective_modifies_noun,Positive Strength Signal,Eloise is a very capable worker and always produces excellent work.
238,Eloise Foster,Positive Feedback,Career Growth,finish,work,verb_object,Neutral Context Signal,She always finishes her work early and diligently pursues new tasks.
238,Eloise Foster,Positive Feedback,Career Growth,pursue,new tasks,verb_object,Neutral Context Signal,She always finishes her work early and diligently pursues new tasks.
238,Eloise Foster,Positive Feedback,Career Growth,new,new tasks,adjective_modifies_noun,Neutral Context Signal,She always finishes her work early and diligently pursues new tasks.
10220,Dean Phillips,Positive Feedback,Work Culture,allot,work,verb_subject,Neutral Context Signal,He is very punctual; he always shows up to work on time and gets his work done in the time allotted.
10220,Dean Phillips,Positive Feedback,Work Culture,great,great team player,adjective_modifies_noun,Positive Strength Signal,He is a great team player and knows how to collaborate with his team and not step on any toes.
10220,Dean Phillips,Positive Feedback,Work Culture,collaborate,team,verb_preposition_with,Positive Strength Signal,He is a great team player and knows how to collaborate with his team and not step on any toes.
10220,Dean Phillips,Positive Feedback,Work Culture,need,work,verb_object,Neutral Context Signal,"One area that needs work is that he is not a risk taker and rarely initiates new ideas and projects of his own, but rather waits to be told what to do."
10219,Dean Phillips,Positive Feedback,Work Culture,lack,many basic communication skills,verb_object,Concern / Risk Signal,"However, he lacks many basic communication skills that interfere with his ability to integrate within the team and have his voice heard."
10219,Dean Phillips,Positive Feedback,Work Culture,many,many basic communication skills,adjective_modifies_noun,Neutral Context Signal,"However, he lacks many basic communication skills that interfere with his ability to integrate within the team and have his voice heard."
10219,Dean Phillips,Positive Feedback,Work Culture,basic,many basic communication skills,adjective_modifies_noun,Neutral Context Signal,"However, he lacks many basic communication skills that interfere with his ability to integrate within the team and have his voice heard."
10219,Dean Phillips,Positive Feedback,Work Culture,integrate,team,verb_preposition_within,Neutral Context Signal,"However, he lacks many basic communication skills that interfere with his ability to integrate within the team and have his voice heard."
10219,Dean Phillips,Positive Feedback,Work Culture,affect,project contribution,verb_object,Neutral Context Signal,These shortcomings don't affect project contribution as Dean has been used to working on individual projects.
10219,Dean Phillips,Positive Feedback,Work Culture,work,individual projects,verb_preposition_on,Neutral Context Signal,These shortcomings don't affect project contribution as Dean has been used to working on individual projects.
10219,Dean Phillips,Positive Feedback,Work Culture,individual,individual projects,adjective_modifies_noun,Neutral Context Signal,These shortcomings don't affect project contribution as Dean has been used to working on individual projects.
10219,Dean Phillips,Positive Feedback,Work Culture,accomplish,many tasks,verb_object,Neutral Context Signal,"As a member, Dean accomplishes many tasks for the team but is not suitable for any other role."
10219,Dean Phillips,Positive Feedback,Work Culture,many,many tasks,adjective_modifies_noun,Neutral Context Signal,"As a member, Dean accomplishes many tasks for the team but is not suitable for any other role."
10216,Dean Phillips,Positive Feedback,Work Culture,contribute,project,verb_preposition_to,Neutral Context Signal,Dean has contributed heavily to the project in the past quarter.
10216,Dean Phillips,Positive Feedback,Work Culture,lead,team charts,verb_object,Positive Strength Signal,He has led the team charts in task completion.
10216,Dean Phillips,Positive Feedback,Work Culture,deliver,complex tasks,verb_object,Positive Strength Signal,"However, he has struggled with taking up responsibilities to deliver complex tasks."
10216,Dean Phillips,Positive Feedback,Work Culture,complex,complex tasks,adjective_modifies_noun,Neutral Context Signal,"However, he has struggled with taking up responsibilities to deliver complex tasks."
10180,Aniya Sullivan,Positive Feedback,Career Growth,whole,whole team,adjective_modifies_noun,Neutral Context Signal,"Aniya is very good at what she does, and a favourite of the whole team."
10180,Aniya Sullivan,Positive Feedback,Career Growth,struggle,leadership,verb_preposition_with,Concern / Risk Signal,Unlikely to be moved into managerial roles as she has struggled with leadership.
10137,Markus Mathews,Positive Feedback,Work Culture,show,quality,verb_preposition_by,Neutral Context Signal,He is working hard and is showing it off by the quality of his work wich is great compared to his colleague.
10137,Markus Mathews,Positive Feedback,Work Culture,have,hight performance,verb_object,Neutral Context Signal,This is why he is not very appreciated by us even if he have hight performance.
10137,Markus Mathews,Positive Feedback,Work Culture,hight,hight performance,adjective_modifies_noun,Neutral Context Signal,This is why he is not very appreciated by us even if he have hight performance.
10012,Archie Dawson,Positive Feedback,Career Growth,work,technical skills,verb_preposition_on,Neutral Context Signal,"However, he needs to work on his technical skills as well, because with his core competency, the migration project cannot be handled smoothly."
10012,Archie Dawson,Positive Feedback,Career Growth,technical,technical skills,adjective_modifies_noun,Neutral Context Signal,"However, he needs to work on his technical skills as well, because with his core competency, the migration project cannot be handled smoothly."
10012,Archie Dawson,Positive Feedback,Career Growth,handle,migration project,verb_subject,Neutral Context Signal,"However, he needs to work on his technical skills as well, because with his core competency, the migration project cannot be handled smoothly."
10012,Archie Dawson,Positive Feedback,Career Growth,boost,growth,verb_object,Neutral Context Signal,I am sure his upcoming technology certification will boost his growth.
10136,Markus Mathews,Positive Feedback,Work Culture,put,effort,verb_object,Neutral Context Signal,Markus consistently puts in an effort to get his work completed on time.
10136,Markus Mathews,Positive Feedback,Work Culture,complete,work,verb_subject,Neutral Context Signal,Markus consistently puts in an effort to get his work completed on time.
10095,Peter Allen,Positive Feedback,Career Growth,join,team,verb_object,Neutral Context Signal,"When he joined the team, he was lacking in skills & attributes in many areas."
10095,Peter Allen,Positive Feedback,Career Growth,lack,skills,verb_preposition_in,Concern / Risk Signal,"When he joined the team, he was lacking in skills & attributes in many areas."
10095,Peter Allen,Positive Feedback,Career Growth,imagine,team,verb_object,Neutral Context Signal,It is hard to imagine this team without his contributions & would like him to step up further to lead it from the front in future.
10094,Peter Allen,Positive Feedback,Work Culture,great,great team person,adjective_modifies_noun,Positive Strength Signal,Though he is not that good at managing people but he can be great team person.
10094,Peter Allen,Positive Feedback,Work Culture,do,good work,verb_object,Neutral Context Signal,Overall  he does rather good work whatever he is into.
10094,Peter Allen,Positive Feedback,Work Culture,good,good work,adjective_modifies_noun,Positive Strength Signal,Overall  he does rather good work whatever he is into.
10093,Peter Allen,Positive Feedback,Career Growth,potential,potential side,adjective_modifies_noun,Growth Signal,"Peter is a great performer, but just a little low on the potential side."
10093,Peter Allen,Positive Feedback,Career Growth,enjoy,team,verb_preposition_on,Neutral Context Signal,"Overall, I like Peter and I always enjoy him on my team."
10092,Peter Allen,Positive Feedback,Work Culture,finish,work,verb_object,Neutral Context Signal,He is one of the outstanding person in the company he used to finish the work in time with high productivity.
10092,Peter Allen,Positive Feedback,Work Culture,finish,high productivity,verb_preposition_with,Neutral Context Signal,He is one of the outstanding person in the company he used to finish the work in time with high productivity.
10092,Peter Allen,Positive Feedback,Work Culture,high,high productivity,adjective_modifies_noun,Positive Strength Signal,He is one of the outstanding person in the company he used to finish the work in time with high productivity.
10092,Peter Allen,Positive Feedback,Work Culture,manage,work,verb_object,Neutral Context Signal,He is more of a smart worker and he manages his work perfectly.
10056,Jessica Dixon,Positive Feedback,Work Culture,achieve,work,verb_preposition_at,Neutral Context Signal,But I think at her work she achieved her highest point.
10055,Jessica Dixon,Positive Feedback,Work Culture,accomplish,tasks,verb_object,Neutral Context Signal,Jessica is efficient at accomplishing her tasks.
10055,Jessica Dixon,Positive Feedback,Work Culture,take,much initiative,verb_object,Neutral Context Signal,"Although she does not take much initiative, she is consistently helpful and willing to pitch in."
10055,Jessica Dixon,Positive Feedback,Work Culture,much,much initiative,adjective_modifies_noun,Neutral Context Signal,"Although she does not take much initiative, she is consistently helpful and willing to pitch in."
195,Edward Bates,Positive Feedback,Career Growth,lack,potential,verb_object,Concern / Risk Signal,He is lacking the potential to move forward.
233,Benjamin Roberts,Positive Feedback,Career Growth,have,low potential,verb_object,Neutral Context Signal,"However, he has low potential and this is something that would need to be worked on."
233,Benjamin Roberts,Positive Feedback,Career Growth,low,low potential,adjective_modifies_noun,Concern / Risk Signal,"However, he has low potential and this is something that would need to be worked on."
233,Benjamin Roberts,Positive Feedback,Career Growth,improve,overall potential,verb_object,Positive Strength Signal,Perhaps more training and brainstorming meetings would help improve the overall potential and ability for Benjamin to improve quality in the long-run.
233,Benjamin Roberts,Positive Feedback,Career Growth,overall,overall potential,adjective_modifies_noun,Neutral Context Signal,Perhaps more training and brainstorming meetings would help improve the overall potential and ability for Benjamin to improve quality in the long-run.
233,Benjamin Roberts,Positive Feedback,Career Growth,improve,quality,verb_object,Positive Strength Signal,Perhaps more training and brainstorming meetings would help improve the overall potential and ability for Benjamin to improve quality in the long-run.
199,Freya Price,Positive Feedback,Management Issues,proper,proper communication,adjective_modifies_noun,Neutral Context Signal,I think that with proper communication she can be a very reliable employee.
198,Freya Price,Positive Feedback,Work Culture,solid,solid support,adjective_modifies_noun,Neutral Context Signal,There always has to be solid support at the entry level and this is it.
193,Eloise Foster,Positive Feedback,Work Culture,turn,high work product,verb_object,Neutral Context Signal,I know that I can always count on Eloise to turn in high quality work product to me.
193,Eloise Foster,Positive Feedback,Work Culture,high,high work product,adjective_modifies_noun,Positive Strength Signal,I know that I can always count on Eloise to turn in high quality work product to me.
193,Eloise Foster,Positive Feedback,Work Culture,meet,single deadline,verb_object,Neutral Context Signal,She's always met every single deadline I've asked her to meet.
193,Eloise Foster,Positive Feedback,Work Culture,single,single deadline,adjective_modifies_noun,Neutral Context Signal,She's always met every single deadline I've asked her to meet.
193,Eloise Foster,Positive Feedback,Work Culture,review,work,verb_object,Neutral Context Signal,"Moreover, I never have to review her work since she's so reliable and consistently shows her sophistication in research and writing."
192,Eloise Foster,Positive Feedback,Work Culture,exceed,work,verb_preposition_at,Neutral Context Signal,I expect her to continuously exceed at her work.
191,Benjamin Roberts,Positive Feedback,Career Growth,do,tasks,verb_object,Neutral Context Signal,He did his day to day tasks and went above and beyond.
191,Benjamin Roberts,Positive Feedback,Career Growth,maxe,potential,verb_object,Neutral Context Signal,Unfortunately I believe he has maxed out his potential with us
187,Eloise Foster,Positive Feedback,Management Issues,good,good team leader,adjective_modifies_noun,Positive Strength Signal,He is a good team leader.
186,Eloise Foster,Positive Feedback,Management Issues,complete,tasks,verb_object,Neutral Context Signal,"While she does complete her tasks in a timely manner, she does so without being inventive."
186,Eloise Foster,Positive Feedback,Management Issues,do,team settings,verb_preposition_in,Neutral Context Signal,In team settings she gladly does the lions share of work.
184,Benjamin Roberts,Positive Feedback,Work Culture,complete,work,verb_object,Neutral Context Signal,"His is smart, diligent, and enthusiastic about completing his work."
183,Benjamin Roberts,Positive Feedback,Work Culture,complete,tasks,verb_object,Neutral Context Signal,I love that he's self-motivated and confident enough to complete tasks independently.
183,Benjamin Roberts,Positive Feedback,Work Culture,face,facing projects,adjective_modifies_noun,Neutral Context Signal,"However, because Benjamin is not interested in the client-facing projects available at our company I do not see him advancing much further in his positions since he is not interested in taking on jobs with more of a challenge."
183,Benjamin Roberts,Positive Feedback,Work Culture,available,facing projects,adjective_modifies_noun,Neutral Context Signal,"However, because Benjamin is not interested in the client-facing projects available at our company I do not see him advancing much further in his positions since he is not interested in taking on jobs with more of a challenge."
182,Bruno Johns,Positive Feedback,Work Culture,high,high performance,adjective_modifies_noun,Positive Strength Signal,"Given his high performance this time around, I question his ability to continue in the long run."
182,Bruno Johns,Positive Feedback,Work Culture,question,high performance,verb_preposition_given,Neutral Context Signal,"Given his high performance this time around, I question his ability to continue in the long run."
179,Bruno Johns,Positive Feedback,Management Issues,demonstrate,initiative,verb_object,Neutral Context Signal,The individual demonstrates initiative to meet goals and objectives of the position.
179,Bruno Johns,Positive Feedback,Management Issues,meet,goals,verb_object,Neutral Context Signal,The individual demonstrates initiative to meet goals and objectives of the position.
235,Benjamin Roberts,Positive Feedback,Work Culture,jump,new projects,verb_preposition_on,Neutral Context Signal,His work is impeccable and he is always eager to jump on new projects and expand his skillset.
235,Benjamin Roberts,Positive Feedback,Work Culture,new,new projects,adjective_modifies_noun,Neutral Context Signal,His work is impeccable and he is always eager to jump on new projects and expand his skillset.
203,Matthew Reid,Positive Feedback,Work Culture,help,work,verb_object,Neutral Context Signal,"Matthew makes sure he listens to others and uses their feedback to help better his work, which allows him to never step a foot wrong."
203,Matthew Reid,Positive Feedback,Work Culture,take,work,verb_object,Neutral Context Signal,"Matthew should try and discuss ideas with others which may help take his work to that next stage, it'll not only mean better quality work but it'll show that he has great leadership skills."
203,Matthew Reid,Positive Feedback,Work Culture,mean,better quality work,verb_object,Neutral Context Signal,"Matthew should try and discuss ideas with others which may help take his work to that next stage, it'll not only mean better quality work but it'll show that he has great leadership skills."
203,Matthew Reid,Positive Feedback,Work Culture,well,better quality work,adjective_modifies_noun,Neutral Context Signal,"Matthew should try and discuss ideas with others which may help take his work to that next stage, it'll not only mean better quality work but it'll show that he has great leadership skills."
203,Matthew Reid,Positive Feedback,Work Culture,have,great leadership skills,verb_object,Neutral Context Signal,"Matthew should try and discuss ideas with others which may help take his work to that next stage, it'll not only mean better quality work but it'll show that he has great leadership skills."
203,Matthew Reid,Positive Feedback,Work Culture,great,great leadership skills,adjective_modifies_noun,Positive Strength Signal,"Matthew should try and discuss ideas with others which may help take his work to that next stage, it'll not only mean better quality work but it'll show that he has great leadership skills."
189,Benjamin Roberts,Positive Feedback,Work Culture,turn,strong work,verb_object,Neutral Context Signal,Benjamin is someone that I can always rely on to turn in strong work.
189,Benjamin Roberts,Positive Feedback,Work Culture,strong,strong work,adjective_modifies_noun,Positive Strength Signal,Benjamin is someone that I can always rely on to turn in strong work.
189,Benjamin Roberts,Positive Feedback,Work Culture,meet,deadlines,verb_object,Neutral Context Signal,"He always meets his deadlines, but more often he will turn in work several days early, which I always appreciate."
231,Braydon Terrell,Positive Feedback,Career Growth,demonstrate,high performance,verb_object,Neutral Context Signal,He has demonstrated high performance in his ability to cultivate and maintain sales.
231,Braydon Terrell,Positive Feedback,Career Growth,high,high performance,adjective_modifies_noun,Positive Strength Signal,He has demonstrated high performance in his ability to cultivate and maintain sales.
231,Braydon Terrell,Positive Feedback,Career Growth,demonstrate,potential,verb_object,Neutral Context Signal,"Mr. Terrell has not demonstrated the potential to build upon the sales that he makes, but continues to do well with existing clients."
204,Conner Mcintyre,Positive Feedback,Management Issues,demonstrate,initiative,verb_object,Neutral Context Signal,The individual demonstrates initiative to meet goals and objectives of the position.
204,Conner Mcintyre,Positive Feedback,Management Issues,meet,goals,verb_object,Neutral Context Signal,The individual demonstrates initiative to meet goals and objectives of the position.
230,Braydon Terrell,Positive Feedback,Management Issues,excel,repetitive simple tasks,verb_object,Neutral Context Signal,"During this time he has excelled in repetitive, simple tasks that required basic knowledge of the business."
230,Braydon Terrell,Positive Feedback,Management Issues,repetitive,repetitive simple tasks,adjective_modifies_noun,Neutral Context Signal,"During this time he has excelled in repetitive, simple tasks that required basic knowledge of the business."
230,Braydon Terrell,Positive Feedback,Management Issues,simple,repetitive simple tasks,adjective_modifies_noun,Neutral Context Signal,"During this time he has excelled in repetitive, simple tasks that required basic knowledge of the business."
229,Braydon Terrell,Positive Feedback,Career Growth,keep,term goals,verb_preposition_for,Neutral Context Signal,He has a difficult time keeping motivation for the long term goals this company has.
224,Nolan Jacobson,Positive Feedback,Career Growth,various,various tasks,adjective_modifies_noun,Neutral Context Signal,His ability as a high performer on various tasks has been extremely beneficial and reflective of his diverse skill set.
224,Nolan Jacobson,Positive Feedback,Career Growth,diverse,diverse skill set,adjective_modifies_noun,Neutral Context Signal,His ability as a high performer on various tasks has been extremely beneficial and reflective of his diverse skill set.
224,Nolan Jacobson,Positive Feedback,Career Growth,show,low potential,verb_object,Neutral Context Signal,"Nolan has shown a low potential for growth and development beyond the skills that he already possesses, however his strong contributions this quarter have been valuable to our company."
224,Nolan Jacobson,Positive Feedback,Career Growth,low,low potential,adjective_modifies_noun,Concern / Risk Signal,"Nolan has shown a low potential for growth and development beyond the skills that he already possesses, however his strong contributions this quarter have been valuable to our company."
223,Nolan Jacobson,Positive Feedback,Work Culture,have,team,verb_preposition_on,Neutral Context Signal,Nolan is a critical member to have on our team.
223,Nolan Jacobson,Positive Feedback,Work Culture,ask,minute project,verb_preposition_on,Neutral Context Signal,He is extremely conscientious about his work and is always willing to go the extra mile when I ask for extra volunteers on a last-minute project.
225,Nolan Jacobson,Positive Feedback,Work Culture,excel,simple repetitive tasks,verb_preposition_at,Neutral Context Signal,"During this time, he has excelled at simple, repetitive tasks require some degree of analytical and quantitative skill."
225,Nolan Jacobson,Positive Feedback,Work Culture,simple,simple repetitive tasks,adjective_modifies_noun,Neutral Context Signal,"During this time, he has excelled at simple, repetitive tasks require some degree of analytical and quantitative skill."
225,Nolan Jacobson,Positive Feedback,Work Culture,repetitive,simple repetitive tasks,adjective_modifies_noun,Neutral Context Signal,"During this time, he has excelled at simple, repetitive tasks require some degree of analytical and quantitative skill."
225,Nolan Jacobson,Positive Feedback,Work Culture,analytical,analytical skill,adjective_modifies_noun,Neutral Context Signal,"During this time, he has excelled at simple, repetitive tasks require some degree of analytical and quantitative skill."
225,Nolan Jacobson,Positive Feedback,Work Culture,accomplish,team projects,verb_object,Neutral Context Signal,"While we think he has the ability to do more, he has not demonstrated the desire to work on other assignments or invest in the personal relationships needed to accomplish team projects."
213,Emilia Davidson,Positive Feedback,Career Growth,produce,high quality work,verb_object,Neutral Context Signal,"She is always on time, is very detail oriented, and consistently produces high quality work."
213,Emilia Davidson,Positive Feedback,Career Growth,high,high quality work,adjective_modifies_noun,Positive Strength Signal,"She is always on time, is very detail oriented, and consistently produces high quality work."
213,Emilia Davidson,Positive Feedback,Career Growth,current,current skill set,adjective_modifies_noun,Neutral Context Signal,She does not seem to want to learn or improve and is happy with her current skill set.
221,Nolan Jacobson,Positive Feedback,Work Culture,complete,work,verb_object,Neutral Context Signal,Nolan can be counted on to complete his work and goes beyond to provide more than is expected.
221,Nolan Jacobson,Positive Feedback,Work Culture,smash,goals,verb_object,Neutral Context Signal,He has high efficency and smashes his goals.
220,Finley Gray,Positive Feedback,Work Culture,produce,quality work,verb_object,Neutral Context Signal,"Finley has, as usual, produce quality work."
220,Finley Gray,Positive Feedback,Work Culture,contain,work,verb_subject,Neutral Context Signal,"He is easily one of the smartest people in the office, and his work rarely contains any errors."
220,Finley Gray,Positive Feedback,Work Culture,have,team,verb_subject,Neutral Context Signal,"The team rarely has any technical problems when Finley is working with them; however, he does not put in any efforts to improve productivity or the quality of his work."
220,Finley Gray,Positive Feedback,Work Culture,improve,productivity,verb_object,Positive Strength Signal,"The team rarely has any technical problems when Finley is working with them; however, he does not put in any efforts to improve productivity or the quality of his work."
220,Finley Gray,Positive Feedback,Work Culture,speak,work,verb_preposition_at,Neutral Context Signal,"He is often uninterested, and only speaks at work when he has to."
220,Finley Gray,Positive Feedback,Work Culture,improve,attitude,verb_object,Positive Strength Signal,"Although he is a smart guy, he should seek to greatly improve his attitude towards his work, rather than only working for the paycheck."
216,Finley Gray,Positive Feedback,Work Culture,turn,work,verb_preposition_in,Neutral Context Signal,Finley always turns in work of impressive quality.
216,Finley Gray,Positive Feedback,Work Culture,impressive,impressive quality,adjective_modifies_noun,Neutral Context Signal,Finley always turns in work of impressive quality.
216,Finley Gray,Positive Feedback,Work Culture,check,work,verb_object,Neutral Context Signal,She is extremely attentive to detail and always goes the extra mile to check her work.
216,Finley Gray,Positive Feedback,Work Culture,succeed,manager role,verb_preposition_in,Neutral Context Signal,"At the same time, I don't see Finley succeeding in a manager role in the future, because she has no interest in leading others."
215,Emilia Davidson,Positive Feedback,Career Growth,push,possible promotion,verb_preposition_to,Neutral Context Signal,I believe goal setting in other areas could push Emilia to a possible promotion.
215,Emilia Davidson,Positive Feedback,Career Growth,possible,possible promotion,adjective_modifies_noun,Neutral Context Signal,I believe goal setting in other areas could push Emilia to a possible promotion.
214,Emilia Davidson,Positive Feedback,Work Culture,produce,amazing quality,verb_object,Neutral Context Signal,Emilia has produced amazing quality of work this quarter.
214,Emilia Davidson,Positive Feedback,Work Culture,amazing,amazing quality,adjective_modifies_noun,Neutral Context Signal,Emilia has produced amazing quality of work this quarter.
214,Emilia Davidson,Positive Feedback,Work Culture,top,top quality,adjective_modifies_noun,Neutral Context Signal,"The work submitted is of top quality, and she often works far more efficiently compared to her coworkers."
214,Emilia Davidson,Positive Feedback,Work Culture,improve,work,verb_object,Positive Strength Signal,"However, Emilia never seeks to improve her work; she often spends workdays on her phone, and she uses company property for personal use."
222,Nolan Jacobson,Positive Feedback,Work Culture,self-,self- directed tasks,adjective_modifies_noun,Neutral Context Signal,"Where Nolan might be able to grow is in self- directed tasks, and meaning their own schedule in a more effective way."
222,Nolan Jacobson,Positive Feedback,Work Culture,direct,self- directed tasks,adjective_modifies_noun,Neutral Context Signal,"Where Nolan might be able to grow is in self- directed tasks, and meaning their own schedule in a more effective way."
212,Emilia Davidson,Positive Feedback,Career Growth,come,performance,verb_preposition_to,Neutral Context Signal,Emilia Davidson is great when it comes to her performance.
212,Emilia Davidson,Positive Feedback,Career Growth,lack,potential,verb_object,Concern / Risk Signal,"Unfortunately, she lack potential."
558,Logan Ellis,Negative Feedback,Work Culture,delay,project,verb_object,Concern / Risk Signal,I seen him delaying a project so that he can playing games with his friend.
558,Logan Ellis,Negative Feedback,Work Culture,have,projects,verb_subject,Neutral Context Signal,He projects have errors and often needs to be re-done.
558,Logan Ellis,Negative Feedback,Work Culture,focus,work,verb_preposition_on,Neutral Context Signal,"If he focus more on his work, he can be a valuable asset."
10014,Tom Houghton,Negative Feedback,Work Culture,well,better team member,adjective_modifies_noun,Neutral Context Signal,Tom will be a better team member if he continues to develop his skills to better himself.
10014,Tom Houghton,Negative Feedback,Work Culture,develop,skills,verb_object,Growth Signal,Tom will be a better team member if he continues to develop his skills to better himself.
532,George Jones,Negative Feedback,Work Culture,complete,menial tasks,verb_object,Neutral Context Signal,"George sometimes struggles here and there with the assignments I give him, even though I only ask him to complete menial tasks like proofreading and copy-editing."
532,George Jones,Negative Feedback,Work Culture,menial,menial tasks,adjective_modifies_noun,Neutral Context Signal,"George sometimes struggles here and there with the assignments I give him, even though I only ask him to complete menial tasks like proofreading and copy-editing."
532,George Jones,Negative Feedback,Work Culture,turn,quality work,verb_preposition_in,Neutral Context Signal,"I think the reason he turns in low-quality work is that he rushes through assignments, thinking he needs to be the first to complete them."
532,George Jones,Negative Feedback,Work Culture,low,low quality,adjective_modifies_noun,Concern / Risk Signal,"I think the reason he turns in low-quality work is that he rushes through assignments, thinking he needs to be the first to complete them."
532,George Jones,Negative Feedback,Work Culture,care,quality,verb_preposition_about,Neutral Context Signal,"I have now emphasized to him that I care more about the work's quality than I care about his speed, which he understands and is taking to heart."
373,Jade Mason,Negative Feedback,Career Growth,show,much potential,verb_object,Neutral Context Signal,Jade throughout the years has shown much potential and great working skills.
373,Jade Mason,Negative Feedback,Career Growth,much,much potential,adjective_modifies_noun,Neutral Context Signal,Jade throughout the years has shown much potential and great working skills.
373,Jade Mason,Negative Feedback,Career Growth,great,great working skills,adjective_modifies_noun,Positive Strength Signal,Jade throughout the years has shown much potential and great working skills.
335,Alfie Wright,Negative Feedback,Career Growth,leave,performance,verb_subject,Neutral Context Signal,"This quarter, Alfie's performance left much to be desired."
335,Alfie Wright,Negative Feedback,Career Growth,come,deadlines,verb_preposition_on,Neutral Context Signal,"There are many areas in which he could improve, especially coming through on deadlines."
335,Alfie Wright,Negative Feedback,Career Growth,great,greater potential,adjective_modifies_noun,Positive Strength Signal,"But when he does come through, he comes through well and this reveals a glimmering of perhaps greater potential."
334,Alfie Wright,Negative Feedback,Work Culture,have,projects,verb_object,Neutral Context Signal,His work also can be inconsistent even if he has projects that are similar.
333,Alfie Wright,Negative Feedback,Work Culture,engage,work day,verb_preposition_in,Neutral Context Signal,"Alfie is punctual, but does not seem engaged in the work day."
333,Alfie Wright,Negative Feedback,Work Culture,pursue,additional tasks,verb_object,Neutral Context Signal,More time needs to be spent pursuing additional tasks rather than waiting for them to come to him.
333,Alfie Wright,Negative Feedback,Work Culture,additional,additional tasks,adjective_modifies_noun,Neutral Context Signal,More time needs to be spent pursuing additional tasks rather than waiting for them to come to him.
