id,person_name,assignment_sentiment,assignment_issue_category,opinion_or_action,target,relationship_type,dependency,sentence
1,John Doe,Negative Feedback,Career Growth,progress,position,verb_preposition_in,prep->pobj,John has not progressed in his position.
1,John Doe,Negative Feedback,Career Growth,progress,john,verb_subject,nsubj,John has not progressed in his position.
1,John Doe,Negative Feedback,Career Growth,take,many breaks,verb_object,dobj,"He is continuously late, leaves early, and takes many breaks throughout the day."
1,John Doe,Negative Feedback,Career Growth,take,day,verb_preposition_throughout,prep->pobj,"He is continuously late, leaves early, and takes many breaks throughout the day."
1,John Doe,Negative Feedback,Career Growth,many,many breaks,adjective_modifies_noun,amod,"He is continuously late, leaves early, and takes many breaks throughout the day."
1,John Doe,Negative Feedback,Career Growth,call,he,verb_subject,nsubj,He calls out at least every other week and it's always on Fridays.
1,John Doe,Negative Feedback,Career Growth,least,other week,adjective_modifies_noun,advmod,He calls out at least every other week and it's always on Fridays.
1,John Doe,Negative Feedback,Career Growth,other,other week,adjective_modifies_noun,amod,He calls out at least every other week and it's always on Fridays.
1,John Doe,Negative Feedback,Career Growth,decline,performance,verb_subject,nsubj,His performance has significantly declined.
10045,Douglas Henry,Negative Feedback,Work Culture,have,trouble,verb_object,dobj,Douglas Henry has been having trouble in all areas of the job.
10045,Douglas Henry,Negative Feedback,Work Culture,have,areas,verb_preposition_in,prep->pobj,Douglas Henry has been having trouble in all areas of the job.
10045,Douglas Henry,Negative Feedback,Work Culture,have,douglas henry,verb_subject,nsubj,Douglas Henry has been having trouble in all areas of the job.
10045,Douglas Henry,Negative Feedback,Work Culture,arrive,work,verb_preposition_at,prep->pobj,He rarely arrives at work on time.
10045,Douglas Henry,Negative Feedback,Work Culture,arrive,time,verb_preposition_on,prep->pobj,He rarely arrives at work on time.
10045,Douglas Henry,Negative Feedback,Work Culture,arrive,he,verb_subject,nsubj,He rarely arrives at work on time.
10045,Douglas Henry,Negative Feedback,Work Culture,phone,he,verb_subject,nsubj,He often phones in sick and tries to make excuses to leave early.
10045,Douglas Henry,Negative Feedback,Work Culture,make,excuses,verb_object,dobj,He often phones in sick and tries to make excuses to leave early.
10045,Douglas Henry,Negative Feedback,Work Culture,have,good feedback,verb_object,dobj,Douglas has not had good feedback from his immediate superior about the quality of his work.
10045,Douglas Henry,Negative Feedback,Work Culture,have,immediate superior,verb_preposition_from,prep->pobj,Douglas has not had good feedback from his immediate superior about the quality of his work.
10045,Douglas Henry,Negative Feedback,Work Culture,have,douglas,verb_subject,nsubj,Douglas has not had good feedback from his immediate superior about the quality of his work.
10045,Douglas Henry,Negative Feedback,Work Culture,good,good feedback,adjective_modifies_noun,amod,Douglas has not had good feedback from his immediate superior about the quality of his work.
10045,Douglas Henry,Negative Feedback,Work Culture,immediate,immediate superior,adjective_modifies_noun,amod,Douglas has not had good feedback from his immediate superior about the quality of his work.
10045,Douglas Henry,Negative Feedback,Work Culture,lack,concentration,verb_object,dobj,He lacks concentration and is often seen daydreaming.
10045,Douglas Henry,Negative Feedback,Work Culture,lack,he,verb_subject,nsubj,He lacks concentration and is often seen daydreaming.
10045,Douglas Henry,Negative Feedback,Work Culture,seem,it,verb_subject,nsubj,"In short, it seems that Douglas Henry is not a good employee for this company and should be let go as soon as possible."
10045,Douglas Henry,Negative Feedback,Work Culture,good,good employee,adjective_modifies_noun,amod,"In short, it seems that Douglas Henry is not a good employee for this company and should be let go as soon as possible."
10044,Douglas Henry,Negative Feedback,Work Culture,have,lot,verb_object,dobj,Douglas has a lot to work on and areas to grow in at work.
10044,Douglas Henry,Negative Feedback,Work Culture,have,douglas,verb_subject,nsubj,Douglas has a lot to work on and areas to grow in at work.
10044,Douglas Henry,Negative Feedback,Work Culture,grow,work,verb_preposition_at,prep->pobj,Douglas has a lot to work on and areas to grow in at work.
10044,Douglas Henry,Negative Feedback,Work Culture,grow,areas,verb_subject,nsubj,Douglas has a lot to work on and areas to grow in at work.
10044,Douglas Henry,Negative Feedback,Work Culture,lack,drive,verb_object,dobj,He lacks the drive to accomplish any task with sound quality.
10044,Douglas Henry,Negative Feedback,Work Culture,lack,he,verb_subject,nsubj,He lacks the drive to accomplish any task with sound quality.
10044,Douglas Henry,Negative Feedback,Work Culture,accomplish,task,verb_object,dobj,He lacks the drive to accomplish any task with sound quality.
10044,Douglas Henry,Negative Feedback,Work Culture,sound,sound quality,adjective_modifies_noun,amod,He lacks the drive to accomplish any task with sound quality.
10044,Douglas Henry,Negative Feedback,Work Culture,come,he,verb_subject,nsubj,He comes to work with an apathetic attitude and applies that to his daily tasks.
10044,Douglas Henry,Negative Feedback,Work Culture,work,apathetic attitude,verb_preposition_with,prep->pobj,He comes to work with an apathetic attitude and applies that to his daily tasks.
10044,Douglas Henry,Negative Feedback,Work Culture,apathetic,apathetic attitude,adjective_modifies_noun,amod,He comes to work with an apathetic attitude and applies that to his daily tasks.
10044,Douglas Henry,Negative Feedback,Work Culture,apply,daily tasks,verb_preposition_to,prep->pobj,He comes to work with an apathetic attitude and applies that to his daily tasks.
10044,Douglas Henry,Negative Feedback,Work Culture,daily,daily tasks,adjective_modifies_noun,amod,He comes to work with an apathetic attitude and applies that to his daily tasks.
10044,Douglas Henry,Negative Feedback,Work Culture,think,lack,verb_preposition_due,prep->pobj,"Due to his lack of initiative, we do not think he has much of a future with our company."
10044,Douglas Henry,Negative Feedback,Work Culture,think,we,verb_subject,nsubj,"Due to his lack of initiative, we do not think he has much of a future with our company."
10044,Douglas Henry,Negative Feedback,Work Culture,have,company,verb_preposition_with,prep->pobj,"Due to his lack of initiative, we do not think he has much of a future with our company."
10044,Douglas Henry,Negative Feedback,Work Culture,have,he,verb_subject,nsubj,"Due to his lack of initiative, we do not think he has much of a future with our company."
10005,Freddie Davies,Negative Feedback,Career Growth,nice,nice guy,adjective_modifies_noun,amod,"Freddie is a nice guy, but his performance and potential levels are ver poor."
10005,Freddie Davies,Negative Feedback,Career Growth,potential,potential levels,adjective_modifies_noun,amod,"Freddie is a nice guy, but his performance and potential levels are ver poor."
10005,Freddie Davies,Negative Feedback,Career Growth,see,much motivation,verb_object,dobj,"I am not seeing much motivation to perform, nor am I seeing the potential to want to perform either."
10005,Freddie Davies,Negative Feedback,Career Growth,see,i,verb_subject,nsubj,"I am not seeing much motivation to perform, nor am I seeing the potential to want to perform either."
10005,Freddie Davies,Negative Feedback,Career Growth,much,much motivation,adjective_modifies_noun,amod,"I am not seeing much motivation to perform, nor am I seeing the potential to want to perform either."
10005,Freddie Davies,Negative Feedback,Career Growth,see,potential,verb_object,dobj,"I am not seeing much motivation to perform, nor am I seeing the potential to want to perform either."
10005,Freddie Davies,Negative Feedback,Career Growth,think,i,verb_subject,nsubj,I think he may be too risky for our team at this time.
10005,Freddie Davies,Negative Feedback,Career Growth,see,i,verb_subject,nsubj,"If I saw more potential there, I would say let's keep him on so we can see what he does in the long run."
10005,Freddie Davies,Negative Feedback,Career Growth,say,i,verb_subject,nsubj,"If I saw more potential there, I would say let's keep him on so we can see what he does in the long run."
10005,Freddie Davies,Negative Feedback,Career Growth,keep,him,verb_object,dobj,"If I saw more potential there, I would say let's keep him on so we can see what he does in the long run."
10005,Freddie Davies,Negative Feedback,Career Growth,keep,'s,verb_subject,nsubj,"If I saw more potential there, I would say let's keep him on so we can see what he does in the long run."
10005,Freddie Davies,Negative Feedback,Career Growth,see,long run,verb_preposition_in,prep->pobj,"If I saw more potential there, I would say let's keep him on so we can see what he does in the long run."
10005,Freddie Davies,Negative Feedback,Career Growth,see,we,verb_subject,nsubj,"If I saw more potential there, I would say let's keep him on so we can see what he does in the long run."
10005,Freddie Davies,Negative Feedback,Career Growth,do,what,verb_object,dobj,"If I saw more potential there, I would say let's keep him on so we can see what he does in the long run."
10005,Freddie Davies,Negative Feedback,Career Growth,do,he,verb_subject,nsubj,"If I saw more potential there, I would say let's keep him on so we can see what he does in the long run."
10005,Freddie Davies,Negative Feedback,Career Growth,long,long run,adjective_modifies_noun,amod,"If I saw more potential there, I would say let's keep him on so we can see what he does in the long run."
10005,Freddie Davies,Negative Feedback,Career Growth,see,enough motivation,verb_object,dobj,"However, I am not seeing enough motivation or positivity from him at this time."
10005,Freddie Davies,Negative Feedback,Career Growth,see,time,verb_preposition_at,prep->pobj,"However, I am not seeing enough motivation or positivity from him at this time."
10005,Freddie Davies,Negative Feedback,Career Growth,see,i,verb_subject,nsubj,"However, I am not seeing enough motivation or positivity from him at this time."
10005,Freddie Davies,Negative Feedback,Career Growth,enough,enough motivation,adjective_modifies_noun,amod,"However, I am not seeing enough motivation or positivity from him at this time."
10004,Freddie Davies,Negative Feedback,Work Culture,whole,whole team,adjective_modifies_noun,amod,"While the whole team is flooded with phone calls due to the ongoing pandemic, he has taken 7 unplanned leaves citing personal emergency, which turned to be a blatant lie according to his social media accounts."
10004,Freddie Davies,Negative Feedback,Work Culture,flood,phone calls,verb_preposition_with,prep->pobj,"While the whole team is flooded with phone calls due to the ongoing pandemic, he has taken 7 unplanned leaves citing personal emergency, which turned to be a blatant lie according to his social media accounts."
10004,Freddie Davies,Negative Feedback,Work Culture,flood,whole team,verb_subject,nsubjpass,"While the whole team is flooded with phone calls due to the ongoing pandemic, he has taken 7 unplanned leaves citing personal emergency, which turned to be a blatant lie according to his social media accounts."
10004,Freddie Davies,Negative Feedback,Work Culture,due,phone calls,adjective_modifies_noun,amod,"While the whole team is flooded with phone calls due to the ongoing pandemic, he has taken 7 unplanned leaves citing personal emergency, which turned to be a blatant lie according to his social media accounts."
10004,Freddie Davies,Negative Feedback,Work Culture,ongoing,ongoing pandemic,adjective_modifies_noun,amod,"While the whole team is flooded with phone calls due to the ongoing pandemic, he has taken 7 unplanned leaves citing personal emergency, which turned to be a blatant lie according to his social media accounts."
10004,Freddie Davies,Negative Feedback,Work Culture,take,unplanned leaves,verb_object,dobj,"While the whole team is flooded with phone calls due to the ongoing pandemic, he has taken 7 unplanned leaves citing personal emergency, which turned to be a blatant lie according to his social media accounts."
10004,Freddie Davies,Negative Feedback,Work Culture,take,he,verb_subject,nsubj,"While the whole team is flooded with phone calls due to the ongoing pandemic, he has taken 7 unplanned leaves citing personal emergency, which turned to be a blatant lie according to his social media accounts."
10004,Freddie Davies,Negative Feedback,Work Culture,unplanned,unplanned leaves,adjective_modifies_noun,amod,"While the whole team is flooded with phone calls due to the ongoing pandemic, he has taken 7 unplanned leaves citing personal emergency, which turned to be a blatant lie according to his social media accounts."
10004,Freddie Davies,Negative Feedback,Work Culture,cite,personal emergency,verb_object,dobj,"While the whole team is flooded with phone calls due to the ongoing pandemic, he has taken 7 unplanned leaves citing personal emergency, which turned to be a blatant lie according to his social media accounts."
10004,Freddie Davies,Negative Feedback,Work Culture,personal,personal emergency,adjective_modifies_noun,amod,"While the whole team is flooded with phone calls due to the ongoing pandemic, he has taken 7 unplanned leaves citing personal emergency, which turned to be a blatant lie according to his social media accounts."
10004,Freddie Davies,Negative Feedback,Work Culture,turn,which,verb_subject,nsubj,"While the whole team is flooded with phone calls due to the ongoing pandemic, he has taken 7 unplanned leaves citing personal emergency, which turned to be a blatant lie according to his social media accounts."
10004,Freddie Davies,Negative Feedback,Work Culture,blatant,blatant lie,adjective_modifies_noun,amod,"While the whole team is flooded with phone calls due to the ongoing pandemic, he has taken 7 unplanned leaves citing personal emergency, which turned to be a blatant lie according to his social media accounts."
10004,Freddie Davies,Negative Feedback,Work Culture,accord,social media accounts,verb_preposition_to,prep->pobj,"While the whole team is flooded with phone calls due to the ongoing pandemic, he has taken 7 unplanned leaves citing personal emergency, which turned to be a blatant lie according to his social media accounts."
10004,Freddie Davies,Negative Feedback,Work Culture,social,social media accounts,adjective_modifies_noun,amod,"While the whole team is flooded with phone calls due to the ongoing pandemic, he has taken 7 unplanned leaves citing personal emergency, which turned to be a blatant lie according to his social media accounts."
10004,Freddie Davies,Negative Feedback,Work Culture,next,next worst performer,adjective_modifies_noun,amod,"Work-wise, his output is alarmingly lower than the next worst performer in the team."
10004,Freddie Davies,Negative Feedback,Work Culture,bad,next worst performer,adjective_modifies_noun,amod,"Work-wise, his output is alarmingly lower than the next worst performer in the team."
10004,Freddie Davies,Negative Feedback,Work Culture,redeem,himself,verb_object,dobj,Freddie should redeem himself swiftly if he as to continue in this team.
10004,Freddie Davies,Negative Feedback,Work Culture,redeem,freddie,verb_subject,nsubj,Freddie should redeem himself swiftly if he as to continue in this team.
10004,Freddie Davies,Negative Feedback,Work Culture,continue,team,verb_preposition_in,prep->pobj,Freddie should redeem himself swiftly if he as to continue in this team.
326,Dylan Baker,Negative Feedback,Management Issues,incorporate,feedback,verb_object,dobj,He does not incorporate feedback.
326,Dylan Baker,Negative Feedback,Management Issues,incorporate,he,verb_subject,nsubj,He does not incorporate feedback.
326,Dylan Baker,Negative Feedback,Management Issues,listen,he,verb_subject,nsubj,He is reliable most of the time but would be better if he listened to feedback and cooperated more.
285,Isobel Foster,Negative Feedback,Management Issues,have,what,verb_object,dobj,What a player to have.
285,Isobel Foster,Negative Feedback,Management Issues,have,player,verb_subject,nsubj,What a player to have.
285,Isobel Foster,Negative Feedback,Management Issues,bad,worse player,adjective_modifies_noun,amod,Easily one of the worse player that I have ever coached.
285,Isobel Foster,Negative Feedback,Management Issues,coach,that,verb_object,dobj,Easily one of the worse player that I have ever coached.
285,Isobel Foster,Negative Feedback,Management Issues,coach,i,verb_subject,nsubj,Easily one of the worse player that I have ever coached.
285,Isobel Foster,Negative Feedback,Management Issues,give,enough effort,verb_object,dobj,He does not give enough effort on the defense end that opposing players will exploit it and get easy buckets.
285,Isobel Foster,Negative Feedback,Management Issues,give,he,verb_subject,nsubj,He does not give enough effort on the defense end that opposing players will exploit it and get easy buckets.
285,Isobel Foster,Negative Feedback,Management Issues,enough,enough effort,adjective_modifies_noun,amod,He does not give enough effort on the defense end that opposing players will exploit it and get easy buckets.
285,Isobel Foster,Negative Feedback,Management Issues,oppose,opposing players,adjective_modifies_noun,amod,He does not give enough effort on the defense end that opposing players will exploit it and get easy buckets.
285,Isobel Foster,Negative Feedback,Management Issues,exploit,it,verb_object,dobj,He does not give enough effort on the defense end that opposing players will exploit it and get easy buckets.
285,Isobel Foster,Negative Feedback,Management Issues,exploit,opposing players,verb_subject,nsubj,He does not give enough effort on the defense end that opposing players will exploit it and get easy buckets.
285,Isobel Foster,Negative Feedback,Management Issues,get,easy buckets,verb_object,dobj,He does not give enough effort on the defense end that opposing players will exploit it and get easy buckets.
285,Isobel Foster,Negative Feedback,Management Issues,easy,easy buckets,adjective_modifies_noun,amod,He does not give enough effort on the defense end that opposing players will exploit it and get easy buckets.
285,Isobel Foster,Negative Feedback,Management Issues,fall,double digits,verb_preposition_into,prep->pobj,"Whenever the team falls down into double digits, he gives up too easily and just puts no effort into his game."
285,Isobel Foster,Negative Feedback,Management Issues,fall,team,verb_subject,nsubj,"Whenever the team falls down into double digits, he gives up too easily and just puts no effort into his game."
285,Isobel Foster,Negative Feedback,Management Issues,double,double digits,adjective_modifies_noun,amod,"Whenever the team falls down into double digits, he gives up too easily and just puts no effort into his game."
285,Isobel Foster,Negative Feedback,Management Issues,give,he,verb_subject,nsubj,"Whenever the team falls down into double digits, he gives up too easily and just puts no effort into his game."
285,Isobel Foster,Negative Feedback,Management Issues,put,effort,verb_object,dobj,"Whenever the team falls down into double digits, he gives up too easily and just puts no effort into his game."
285,Isobel Foster,Negative Feedback,Management Issues,put,game,verb_preposition_into,prep->pobj,"Whenever the team falls down into double digits, he gives up too easily and just puts no effort into his game."
285,Isobel Foster,Negative Feedback,Management Issues,refine,offense,verb_subject,nsubjpass,"While his offense can be refined to be a decent scorer, his defensive end dictates his effort into the game."
285,Isobel Foster,Negative Feedback,Management Issues,decent,decent scorer,adjective_modifies_noun,amod,"While his offense can be refined to be a decent scorer, his defensive end dictates his effort into the game."
285,Isobel Foster,Negative Feedback,Management Issues,defensive,defensive end,adjective_modifies_noun,amod,"While his offense can be refined to be a decent scorer, his defensive end dictates his effort into the game."
285,Isobel Foster,Negative Feedback,Management Issues,dictate,effort,verb_object,dobj,"While his offense can be refined to be a decent scorer, his defensive end dictates his effort into the game."
285,Isobel Foster,Negative Feedback,Management Issues,dictate,game,verb_preposition_into,prep->pobj,"While his offense can be refined to be a decent scorer, his defensive end dictates his effort into the game."
285,Isobel Foster,Negative Feedback,Management Issues,dictate,defensive end,verb_subject,nsubj,"While his offense can be refined to be a decent scorer, his defensive end dictates his effort into the game."
264,Carl Thorn,Negative Feedback,Career Growth,perform,essential functions,verb_object,dobj,He is typically unable to perform the essential functions of his job.
264,Carl Thorn,Negative Feedback,Career Growth,essential,essential functions,adjective_modifies_noun,amod,He is typically unable to perform the essential functions of his job.
264,Carl Thorn,Negative Feedback,Career Growth,say,that,verb_subject,nsubj,"That said, he has shown a willingness to learn."
264,Carl Thorn,Negative Feedback,Career Growth,show,willingness,verb_object,dobj,"That said, he has shown a willingness to learn."
264,Carl Thorn,Negative Feedback,Career Growth,show,he,verb_subject,nsubj,"That said, he has shown a willingness to learn."
264,Carl Thorn,Negative Feedback,Career Growth,provide,him,verb_object,dobj,It would probably be worth it to the organization to provide him with additional support and re evaluate to see if that might improve his performance.
264,Carl Thorn,Negative Feedback,Career Growth,provide,additional support,verb_preposition_with,prep->pobj,It would probably be worth it to the organization to provide him with additional support and re evaluate to see if that might improve his performance.
264,Carl Thorn,Negative Feedback,Career Growth,additional,additional support,adjective_modifies_noun,amod,It would probably be worth it to the organization to provide him with additional support and re evaluate to see if that might improve his performance.
264,Carl Thorn,Negative Feedback,Career Growth,improve,performance,verb_object,dobj,It would probably be worth it to the organization to provide him with additional support and re evaluate to see if that might improve his performance.
264,Carl Thorn,Negative Feedback,Career Growth,improve,that,verb_subject,nsubj,It would probably be worth it to the organization to provide him with additional support and re evaluate to see if that might improve his performance.
158,Joel Wells,Negative Feedback,Work Culture,want,we,verb_subject,nsubj,Joel Well's performance is not where we want it to be.
158,Joel Wells,Negative Feedback,Work Culture,work,he,verb_subject,nsubj,He works slowly and does not work well with the team.
158,Joel Wells,Negative Feedback,Work Culture,work,team,verb_preposition_with,prep->pobj,He works slowly and does not work well with the team.
155,Amy John,Negative Feedback,Career Growth,have,attitude,verb_object,dobj,He has the attitude of doing only what has been told.
155,Amy John,Negative Feedback,Career Growth,have,he,verb_subject,nsubj,He has the attitude of doing only what has been told.
155,Amy John,Negative Feedback,Career Growth,only,what,adjective_modifies_noun,advmod,He has the attitude of doing only what has been told.
155,Amy John,Negative Feedback,Career Growth,tell,what,verb_subject,nsubjpass,He has the attitude of doing only what has been told.
155,Amy John,Negative Feedback,Career Growth,expect,he,verb_subject,nsubjpass,But he is expected to do something implied and not specifically told.
155,Amy John,Negative Feedback,Career Growth,do,something,verb_object,dobj,But he is expected to do something implied and not specifically told.
155,Amy John,Negative Feedback,Career Growth,imply,something,adjective_modifies_noun,amod,But he is expected to do something implied and not specifically told.
155,Amy John,Negative Feedback,Career Growth,repeat,repeated instructions,adjective_modifies_noun,amod,"Even after repeated instructions, what has been missing, implied even specifically not told, he lags understanding."
155,Amy John,Negative Feedback,Career Growth,miss,what,verb_subject,nsubj,"Even after repeated instructions, what has been missing, implied even specifically not told, he lags understanding."
155,Amy John,Negative Feedback,Career Growth,lag,understanding,verb_object,dobj,"Even after repeated instructions, what has been missing, implied even specifically not told, he lags understanding."
155,Amy John,Negative Feedback,Career Growth,lag,repeated instructions,verb_preposition_after,prep->pobj,"Even after repeated instructions, what has been missing, implied even specifically not told, he lags understanding."
155,Amy John,Negative Feedback,Career Growth,lag,he,verb_subject,nsubj,"Even after repeated instructions, what has been missing, implied even specifically not told, he lags understanding."
155,Amy John,Negative Feedback,Career Growth,think,beyong,verb_object,dobj,His capacity to think beyong the specification lags his development.
155,Amy John,Negative Feedback,Career Growth,lag,development,verb_object,dobj,His capacity to think beyong the specification lags his development.
155,Amy John,Negative Feedback,Career Growth,lag,specification,verb_subject,nsubj,His capacity to think beyong the specification lags his development.
153,Amy John,Negative Feedback,Work Culture,mediocre,mediocre worker,adjective_modifies_noun,amod,Amy John is a mediocre worker.
153,Amy John,Negative Feedback,Work Culture,try,she,verb_subject,nsubj,She does not try to go above and beyond what is asked of her.
153,Amy John,Negative Feedback,Work Culture,ask,her,verb_preposition_of,prep->pobj,She does not try to go above and beyond what is asked of her.
153,Amy John,Negative Feedback,Work Culture,ask,what,verb_subject,nsubjpass,She does not try to go above and beyond what is asked of her.
153,Amy John,Negative Feedback,Work Culture,do,minimum,verb_object,dobj,She often does the minimum of tasks asked of her.
153,Amy John,Negative Feedback,Work Culture,do,she,verb_subject,nsubj,She often does the minimum of tasks asked of her.
153,Amy John,Negative Feedback,Work Culture,ask,her,verb_preposition_of,prep->pobj,She often does the minimum of tasks asked of her.
153,Amy John,Negative Feedback,Work Culture,volunteer,she,verb_subject,nsubj,She does not volunteer to take on tasks.
153,Amy John,Negative Feedback,Work Culture,take,tasks,verb_object,dobj,She does not volunteer to take on tasks.
153,Amy John,Negative Feedback,Work Culture,work,team,verb_preposition_with,prep->pobj,She does not work well with the team.
153,Amy John,Negative Feedback,Work Culture,work,she,verb_subject,nsubj,She does not work well with the team.
153,Amy John,Negative Feedback,Work Culture,expect,we,verb_subject,nsubj,Her work is not at the standard we expect.
87,Broderick Hays,Negative Feedback,Work Culture,even,friend,adjective_modifies_noun,advmod,Even my friend deepen graduated from college he could not find a suitable job.
87,Broderick Hays,Negative Feedback,Work Culture,deepen,friend,verb_subject,nsubj,Even my friend deepen graduated from college he could not find a suitable job.
87,Broderick Hays,Negative Feedback,Work Culture,graduate,college,verb_preposition_from,prep->pobj,Even my friend deepen graduated from college he could not find a suitable job.
87,Broderick Hays,Negative Feedback,Work Culture,find,suitable job,verb_object,dobj,Even my friend deepen graduated from college he could not find a suitable job.
87,Broderick Hays,Negative Feedback,Work Culture,find,he,verb_subject,nsubj,Even my friend deepen graduated from college he could not find a suitable job.
87,Broderick Hays,Negative Feedback,Work Culture,suitable,suitable job,adjective_modifies_noun,amod,Even my friend deepen graduated from college he could not find a suitable job.
87,Broderick Hays,Negative Feedback,Work Culture,concentrate,subject,verb_preposition_on,prep->pobj,He doesn't concentrated on the subject while he was studying in college.
87,Broderick Hays,Negative Feedback,Work Culture,concentrate,he,verb_subject,nsubj,He doesn't concentrated on the subject while he was studying in college.
87,Broderick Hays,Negative Feedback,Work Culture,study,college,verb_preposition_in,prep->pobj,He doesn't concentrated on the subject while he was studying in college.
87,Broderick Hays,Negative Feedback,Work Culture,study,he,verb_subject,nsubj,He doesn't concentrated on the subject while he was studying in college.
87,Broderick Hays,Negative Feedback,Work Culture,attend,campus interview,verb_object,dobj,He doesn't attend the campus interview held at the college by his laziness.
87,Broderick Hays,Negative Feedback,Work Culture,attend,he,verb_subject,nsubj,He doesn't attend the campus interview held at the college by his laziness.
87,Broderick Hays,Negative Feedback,Work Culture,hold,college,verb_preposition_at,prep->pobj,He doesn't attend the campus interview held at the college by his laziness.
87,Broderick Hays,Negative Feedback,Work Culture,get,perfect job,verb_object,dobj,So It was very difficult for him to get a perfect job.
87,Broderick Hays,Negative Feedback,Work Culture,get,him,verb_subject,nsubj,So It was very difficult for him to get a perfect job.
87,Broderick Hays,Negative Feedback,Work Culture,perfect,perfect job,adjective_modifies_noun,amod,So It was very difficult for him to get a perfect job.
87,Broderick Hays,Negative Feedback,Work Culture,struggle,he,verb_subject,nsubj,It is very sad to hear that he is currently struggling to find a suitable job relevant to his studies.
87,Broderick Hays,Negative Feedback,Work Culture,find,suitable job,verb_object,dobj,It is very sad to hear that he is currently struggling to find a suitable job relevant to his studies.
87,Broderick Hays,Negative Feedback,Work Culture,suitable,suitable job,adjective_modifies_noun,amod,It is very sad to hear that he is currently struggling to find a suitable job relevant to his studies.
87,Broderick Hays,Negative Feedback,Work Culture,relevant,suitable job,adjective_modifies_noun,amod,It is very sad to hear that he is currently struggling to find a suitable job relevant to his studies.
85,Broderick Hays,Negative Feedback,Work Culture,make,errors,verb_object,dobj,He is always making errors in his projects.
85,Broderick Hays,Negative Feedback,Work Culture,make,projects,verb_preposition_in,prep->pobj,He is always making errors in his projects.
85,Broderick Hays,Negative Feedback,Work Culture,make,he,verb_subject,nsubj,He is always making errors in his projects.
85,Broderick Hays,Negative Feedback,Work Culture,collaborate,members,verb_preposition_with,prep->pobj,He does not collaborate with members on tasks and does not listen to advice.
85,Broderick Hays,Negative Feedback,Work Culture,collaborate,he,verb_subject,nsubj,He does not collaborate with members on tasks and does not listen to advice.
85,Broderick Hays,Negative Feedback,Work Culture,listen,advice,verb_preposition_to,prep->pobj,He does not collaborate with members on tasks and does not listen to advice.
85,Broderick Hays,Negative Feedback,Work Culture,see,him,verb_object,dobj,I do not see him as being a good asset for our firm.
85,Broderick Hays,Negative Feedback,Work Culture,see,i,verb_subject,nsubj,I do not see him as being a good asset for our firm.
85,Broderick Hays,Negative Feedback,Work Culture,good,good asset,adjective_modifies_noun,amod,I do not see him as being a good asset for our firm.
83,Broderick Hays,Negative Feedback,Work Culture,low,low quality,adjective_modifies_noun,amod,Broderick's work this project was not usable by the company due to its low quality.
83,Broderick Hays,Negative Feedback,Work Culture,high,high quality,adjective_modifies_noun,amod,"His work is usually not of high quality, and therefore this project was more to keep him busy and test his performance and potential than to actually use it."
83,Broderick Hays,Negative Feedback,Work Culture,keep,him,verb_object,dobj,"His work is usually not of high quality, and therefore this project was more to keep him busy and test his performance and potential than to actually use it."
83,Broderick Hays,Negative Feedback,Work Culture,test,performance,verb_object,dobj,"His work is usually not of high quality, and therefore this project was more to keep him busy and test his performance and potential than to actually use it."
83,Broderick Hays,Negative Feedback,Work Culture,use,it,verb_object,dobj,"His work is usually not of high quality, and therefore this project was more to keep him busy and test his performance and potential than to actually use it."
83,Broderick Hays,Negative Feedback,Work Culture,think,i,verb_subject,nsubj,"I do not think Broderick has proved his worth on this team, although he has certainly been here long enough to do so."
83,Broderick Hays,Negative Feedback,Work Culture,prove,worth,verb_object,dobj,"I do not think Broderick has proved his worth on this team, although he has certainly been here long enough to do so."
83,Broderick Hays,Negative Feedback,Work Culture,prove,broderick,verb_subject,nsubj,"I do not think Broderick has proved his worth on this team, although he has certainly been here long enough to do so."
81,Mackenzie Jennings,Negative Feedback,Work Culture,assign,mackenzie,verb_object,dobj,I'm always nervous when assigning Mackenzie a report.
81,Mackenzie Jennings,Negative Feedback,Work Culture,assign,report,verb_object,dobj,I'm always nervous when assigning Mackenzie a report.
81,Mackenzie Jennings,Negative Feedback,Work Culture,turn,drafts,verb_object,dobj,When she's turned her drafts back to me I frequently find a lot of glaring typos and miscalculations that would be easy for her to catch if she did any proofreading.
81,Mackenzie Jennings,Negative Feedback,Work Culture,turn,she,verb_subject,nsubjpass,When she's turned her drafts back to me I frequently find a lot of glaring typos and miscalculations that would be easy for her to catch if she did any proofreading.
81,Mackenzie Jennings,Negative Feedback,Work Culture,find,lot,verb_object,dobj,When she's turned her drafts back to me I frequently find a lot of glaring typos and miscalculations that would be easy for her to catch if she did any proofreading.
81,Mackenzie Jennings,Negative Feedback,Work Culture,find,i,verb_subject,nsubj,When she's turned her drafts back to me I frequently find a lot of glaring typos and miscalculations that would be easy for her to catch if she did any proofreading.
81,Mackenzie Jennings,Negative Feedback,Work Culture,glare,glaring typos,adjective_modifies_noun,amod,When she's turned her drafts back to me I frequently find a lot of glaring typos and miscalculations that would be easy for her to catch if she did any proofreading.
81,Mackenzie Jennings,Negative Feedback,Work Culture,catch,her,verb_subject,nsubj,When she's turned her drafts back to me I frequently find a lot of glaring typos and miscalculations that would be easy for her to catch if she did any proofreading.
81,Mackenzie Jennings,Negative Feedback,Work Culture,do,proofreading,verb_object,dobj,When she's turned her drafts back to me I frequently find a lot of glaring typos and miscalculations that would be easy for her to catch if she did any proofreading.
81,Mackenzie Jennings,Negative Feedback,Work Culture,do,she,verb_subject,nsubj,When she's turned her drafts back to me I frequently find a lot of glaring typos and miscalculations that would be easy for her to catch if she did any proofreading.
81,Mackenzie Jennings,Negative Feedback,Work Culture,find,i,verb_subject,nsubj,I find that I can't trust her to turn work into clients without assigning at least two other colleagues to review it first.
81,Mackenzie Jennings,Negative Feedback,Work Culture,trust,her,verb_object,dobj,I find that I can't trust her to turn work into clients without assigning at least two other colleagues to review it first.
81,Mackenzie Jennings,Negative Feedback,Work Culture,trust,i,verb_subject,nsubj,I find that I can't trust her to turn work into clients without assigning at least two other colleagues to review it first.
81,Mackenzie Jennings,Negative Feedback,Work Culture,turn,work,verb_object,dobj,I find that I can't trust her to turn work into clients without assigning at least two other colleagues to review it first.
81,Mackenzie Jennings,Negative Feedback,Work Culture,turn,clients,verb_preposition_into,prep->pobj,I find that I can't trust her to turn work into clients without assigning at least two other colleagues to review it first.
81,Mackenzie Jennings,Negative Feedback,Work Culture,assign,other colleagues,verb_object,dobj,I find that I can't trust her to turn work into clients without assigning at least two other colleagues to review it first.
81,Mackenzie Jennings,Negative Feedback,Work Culture,other,other colleagues,adjective_modifies_noun,amod,I find that I can't trust her to turn work into clients without assigning at least two other colleagues to review it first.
81,Mackenzie Jennings,Negative Feedback,Work Culture,review,it,verb_object,dobj,I find that I can't trust her to turn work into clients without assigning at least two other colleagues to review it first.
81,Mackenzie Jennings,Negative Feedback,Work Culture,seem,she,verb_subject,nsubj,"This is a waste of resources and worse, she doesn't seem to really care about making any improvements."
81,Mackenzie Jennings,Negative Feedback,Work Culture,make,improvements,verb_object,dobj,"This is a waste of resources and worse, she doesn't seem to really care about making any improvements."
81,Mackenzie Jennings,Negative Feedback,Work Culture,see,i,verb_subject,nsubj,Thus I don't see her moving far in this organization.
81,Mackenzie Jennings,Negative Feedback,Work Culture,move,organization,verb_preposition_in,prep->pobj,Thus I don't see her moving far in this organization.
81,Mackenzie Jennings,Negative Feedback,Work Culture,move,her,verb_subject,nsubj,Thus I don't see her moving far in this organization.
80,Mackenzie Jennings,Negative Feedback,Work Culture,have,trouble,verb_object,dobj,Mackenzie has trouble staying on task and completing her duties.
80,Mackenzie Jennings,Negative Feedback,Work Culture,have,mackenzie,verb_subject,nsubj,Mackenzie has trouble staying on task and completing her duties.
80,Mackenzie Jennings,Negative Feedback,Work Culture,stay,task,verb_preposition_on,prep->pobj,Mackenzie has trouble staying on task and completing her duties.
80,Mackenzie Jennings,Negative Feedback,Work Culture,complete,duties,verb_object,dobj,Mackenzie has trouble staying on task and completing her duties.
80,Mackenzie Jennings,Negative Feedback,Work Culture,much,much time,adjective_modifies_noun,amod,She is well-liked by her coworkers but spends too much time socializing.
80,Mackenzie Jennings,Negative Feedback,Work Culture,seem,mackenzie,verb_subject,nsubj,Mackenzie does not seem to be serious about advancing in the company.
80,Mackenzie Jennings,Negative Feedback,Work Culture,advance,company,verb_preposition_in,prep->pobj,Mackenzie does not seem to be serious about advancing in the company.
80,Mackenzie Jennings,Negative Feedback,Work Culture,need,more instruction,verb_object,dobj,She needs more instruction on how to adequately complete her duties.
80,Mackenzie Jennings,Negative Feedback,Work Culture,need,she,verb_subject,nsubj,She needs more instruction on how to adequately complete her duties.
80,Mackenzie Jennings,Negative Feedback,Work Culture,more,more instruction,adjective_modifies_noun,amod,She needs more instruction on how to adequately complete her duties.
80,Mackenzie Jennings,Negative Feedback,Work Culture,complete,duties,verb_object,dobj,She needs more instruction on how to adequately complete her duties.
79,Mackenzie Jennings,Negative Feedback,Work Culture,awful,awful employee,adjective_modifies_noun,amod,Mackenzie is an awful employee.
79,Mackenzie Jennings,Negative Feedback,Work Culture,produce,quality work,verb_object,dobj,"He's always late, does not produce quality work, and does not work well with others."
79,Mackenzie Jennings,Negative Feedback,Work Culture,work,others,verb_preposition_with,prep->pobj,"He's always late, does not produce quality work, and does not work well with others."
79,Mackenzie Jennings,Negative Feedback,Work Culture,only,that,adjective_modifies_noun,advmod,"Not only that, he constantly ignores feedback from supervisors and shows no desire to learn or improve himself."
79,Mackenzie Jennings,Negative Feedback,Work Culture,ignore,feedback,verb_object,dobj,"Not only that, he constantly ignores feedback from supervisors and shows no desire to learn or improve himself."
79,Mackenzie Jennings,Negative Feedback,Work Culture,ignore,supervisors,verb_preposition_from,prep->pobj,"Not only that, he constantly ignores feedback from supervisors and shows no desire to learn or improve himself."
79,Mackenzie Jennings,Negative Feedback,Work Culture,ignore,he,verb_subject,nsubj,"Not only that, he constantly ignores feedback from supervisors and shows no desire to learn or improve himself."
79,Mackenzie Jennings,Negative Feedback,Work Culture,show,desire,verb_object,dobj,"Not only that, he constantly ignores feedback from supervisors and shows no desire to learn or improve himself."
79,Mackenzie Jennings,Negative Feedback,Work Culture,improve,himself,verb_object,dobj,"Not only that, he constantly ignores feedback from supervisors and shows no desire to learn or improve himself."
79,Mackenzie Jennings,Negative Feedback,Work Culture,very,very worker,adjective_modifies_noun,amod,He is a very worker who will likely not improve.
79,Mackenzie Jennings,Negative Feedback,Work Culture,improve,who,verb_subject,nsubj,He is a very worker who will likely not improve.
77,Jalen Summers,Negative Feedback,Work Culture,fall,all,verb_preposition_on,prep->pobj,Jalen Summers has fallen very short on all of our companies standards this quarter.
77,Jalen Summers,Negative Feedback,Work Culture,fall,jalen summers,verb_subject,nsubj,Jalen Summers has fallen very short on all of our companies standards this quarter.
77,Jalen Summers,Negative Feedback,Work Culture,manage,she,verb_subject,nsubj,The amount of work she manages to actually get done is substandard and she needs constant hand holding.
77,Jalen Summers,Negative Feedback,Work Culture,need,constant hand holding,verb_object,dobj,The amount of work she manages to actually get done is substandard and she needs constant hand holding.
77,Jalen Summers,Negative Feedback,Work Culture,need,she,verb_subject,nsubj,The amount of work she manages to actually get done is substandard and she needs constant hand holding.
77,Jalen Summers,Negative Feedback,Work Culture,constant,constant hand holding,adjective_modifies_noun,amod,The amount of work she manages to actually get done is substandard and she needs constant hand holding.
77,Jalen Summers,Negative Feedback,Work Culture,have,her,verb_object,dobj,Having her in the office means somebody at some point will most likely have to sacrifice their time helping her figure something out that she should be able to do on her own.
77,Jalen Summers,Negative Feedback,Work Culture,have,office,verb_preposition_in,prep->pobj,Having her in the office means somebody at some point will most likely have to sacrifice their time helping her figure something out that she should be able to do on her own.
77,Jalen Summers,Negative Feedback,Work Culture,have,point,verb_preposition_at,prep->pobj,Having her in the office means somebody at some point will most likely have to sacrifice their time helping her figure something out that she should be able to do on her own.
77,Jalen Summers,Negative Feedback,Work Culture,have,somebody,verb_subject,nsubj,Having her in the office means somebody at some point will most likely have to sacrifice their time helping her figure something out that she should be able to do on her own.
77,Jalen Summers,Negative Feedback,Work Culture,sacrifice,time,verb_object,dobj,Having her in the office means somebody at some point will most likely have to sacrifice their time helping her figure something out that she should be able to do on her own.
77,Jalen Summers,Negative Feedback,Work Culture,figure,something,verb_object,dobj,Having her in the office means somebody at some point will most likely have to sacrifice their time helping her figure something out that she should be able to do on her own.
77,Jalen Summers,Negative Feedback,Work Culture,figure,her,verb_subject,nsubj,Having her in the office means somebody at some point will most likely have to sacrifice their time helping her figure something out that she should be able to do on her own.
77,Jalen Summers,Negative Feedback,Work Culture,serious,serious risk,adjective_modifies_noun,amod,She is a serious risk to the organization.
76,Jalen Summers,Negative Feedback,Work Culture,ask,jalen,verb_object,dobj,Every time I ask Jalen to complete a report I already know that I will need to ask at least one other member of the team to back him up.
76,Jalen Summers,Negative Feedback,Work Culture,ask,i,verb_subject,nsubj,Every time I ask Jalen to complete a report I already know that I will need to ask at least one other member of the team to back him up.
76,Jalen Summers,Negative Feedback,Work Culture,complete,report,verb_object,dobj,Every time I ask Jalen to complete a report I already know that I will need to ask at least one other member of the team to back him up.
76,Jalen Summers,Negative Feedback,Work Culture,know,i,verb_subject,nsubj,Every time I ask Jalen to complete a report I already know that I will need to ask at least one other member of the team to back him up.
76,Jalen Summers,Negative Feedback,Work Culture,need,i,verb_subject,nsubj,Every time I ask Jalen to complete a report I already know that I will need to ask at least one other member of the team to back him up.
76,Jalen Summers,Negative Feedback,Work Culture,ask,other member,verb_object,dobj,Every time I ask Jalen to complete a report I already know that I will need to ask at least one other member of the team to back him up.
76,Jalen Summers,Negative Feedback,Work Culture,other,other member,adjective_modifies_noun,amod,Every time I ask Jalen to complete a report I already know that I will need to ask at least one other member of the team to back him up.
76,Jalen Summers,Negative Feedback,Work Culture,back,him,verb_object,dobj,Every time I ask Jalen to complete a report I already know that I will need to ask at least one other member of the team to back him up.
76,Jalen Summers,Negative Feedback,Work Culture,spellcheck,he,verb_subject,nsubj,He's consistently late on his assignments and he rarely spellchecks or proofreads any of his work.
76,Jalen Summers,Negative Feedback,Work Culture,proofread,any,verb_object,dobj,He's consistently late on his assignments and he rarely spellchecks or proofreads any of his work.
76,Jalen Summers,Negative Feedback,Work Culture,poor,poor attitude,adjective_modifies_noun,amod,"Unfortunately, his poor attitude toward work doesn't help matters."
76,Jalen Summers,Negative Feedback,Work Culture,help,matters,verb_object,dobj,"Unfortunately, his poor attitude toward work doesn't help matters."
76,Jalen Summers,Negative Feedback,Work Culture,help,poor attitude,verb_subject,nsubj,"Unfortunately, his poor attitude toward work doesn't help matters."
76,Jalen Summers,Negative Feedback,Work Culture,speak,him,verb_preposition_with,prep->pobj,When I've spoken with him about his performance he has simply shrugged and given me one-word responses.
76,Jalen Summers,Negative Feedback,Work Culture,speak,performance,verb_preposition_about,prep->pobj,When I've spoken with him about his performance he has simply shrugged and given me one-word responses.
76,Jalen Summers,Negative Feedback,Work Culture,speak,i,verb_subject,nsubj,When I've spoken with him about his performance he has simply shrugged and given me one-word responses.
76,Jalen Summers,Negative Feedback,Work Culture,shrug,he,verb_subject,nsubj,When I've spoken with him about his performance he has simply shrugged and given me one-word responses.
76,Jalen Summers,Negative Feedback,Work Culture,give,word responses,verb_object,dobj,When I've spoken with him about his performance he has simply shrugged and given me one-word responses.
76,Jalen Summers,Negative Feedback,Work Culture,see,i,verb_subject,nsubj,I don't see Jalen moving up far in this organization as a result.
76,Jalen Summers,Negative Feedback,Work Culture,move,organization,verb_preposition_in,prep->pobj,I don't see Jalen moving up far in this organization as a result.
76,Jalen Summers,Negative Feedback,Work Culture,move,result,verb_preposition_as,prep->pobj,I don't see Jalen moving up far in this organization as a result.
76,Jalen Summers,Negative Feedback,Work Culture,move,jalen,verb_subject,nsubj,I don't see Jalen moving up far in this organization as a result.
75,Jalen Summers,Negative Feedback,Career Growth,meet,standards,verb_object,dobj,Jalen Summers' performance did not meet standards.
75,Jalen Summers,Negative Feedback,Career Growth,meet,performance,verb_subject,nsubj,Jalen Summers' performance did not meet standards.
75,Jalen Summers,Negative Feedback,Career Growth,need,lot,verb_object,dobj,It was subpar and needs a lot of work.
75,Jalen Summers,Negative Feedback,Career Growth,be,much potential,verb_object,attr,There is not much potential in that particular performance.
75,Jalen Summers,Negative Feedback,Career Growth,much,much potential,adjective_modifies_noun,amod,There is not much potential in that particular performance.
75,Jalen Summers,Negative Feedback,Career Growth,particular,particular performance,adjective_modifies_noun,amod,There is not much potential in that particular performance.
75,Jalen Summers,Negative Feedback,Career Growth,get,good review,verb_object,dobj,He does not get a good review.
75,Jalen Summers,Negative Feedback,Career Growth,get,he,verb_subject,nsubj,He does not get a good review.
75,Jalen Summers,Negative Feedback,Career Growth,good,good review,adjective_modifies_noun,amod,He does not get a good review.
10047,Douglas Henry,Negative Feedback,Work Culture,show,inconsistent performance,verb_object,dobj,Douglas has shown inconsistent performance throughout the review period.
10047,Douglas Henry,Negative Feedback,Work Culture,show,douglas,verb_subject,nsubj,Douglas has shown inconsistent performance throughout the review period.
10047,Douglas Henry,Negative Feedback,Work Culture,inconsistent,inconsistent performance,adjective_modifies_noun,amod,Douglas has shown inconsistent performance throughout the review period.
10047,Douglas Henry,Negative Feedback,Work Culture,multiple,multiple documented conversations,adjective_modifies_noun,amod,"At the time of review, multiple documented conversations have occurred regarding the quality and timeliness of submitted documentation."
10047,Douglas Henry,Negative Feedback,Work Culture,document,multiple documented conversations,adjective_modifies_noun,amod,"At the time of review, multiple documented conversations have occurred regarding the quality and timeliness of submitted documentation."
10047,Douglas Henry,Negative Feedback,Work Culture,occur,time,verb_preposition_at,prep->pobj,"At the time of review, multiple documented conversations have occurred regarding the quality and timeliness of submitted documentation."
10047,Douglas Henry,Negative Feedback,Work Culture,occur,quality,verb_preposition_regarding,prep->pobj,"At the time of review, multiple documented conversations have occurred regarding the quality and timeliness of submitted documentation."
10047,Douglas Henry,Negative Feedback,Work Culture,occur,multiple documented conversations,verb_subject,nsubj,"At the time of review, multiple documented conversations have occurred regarding the quality and timeliness of submitted documentation."
10047,Douglas Henry,Negative Feedback,Work Culture,submit,submitted documentation,adjective_modifies_noun,amod,"At the time of review, multiple documented conversations have occurred regarding the quality and timeliness of submitted documentation."
10047,Douglas Henry,Negative Feedback,Work Culture,additional,additional conversations,adjective_modifies_noun,amod,Two additional conversations have occurred regarding appropriate communication and timely follow up when requested to provide information either via phone or email.
10047,Douglas Henry,Negative Feedback,Work Culture,occur,additional conversations,verb_subject,nsubj,Two additional conversations have occurred regarding appropriate communication and timely follow up when requested to provide information either via phone or email.
10047,Douglas Henry,Negative Feedback,Work Culture,regard,appropriate communication,verb_object,dobj,Two additional conversations have occurred regarding appropriate communication and timely follow up when requested to provide information either via phone or email.
10047,Douglas Henry,Negative Feedback,Work Culture,appropriate,appropriate communication,adjective_modifies_noun,amod,Two additional conversations have occurred regarding appropriate communication and timely follow up when requested to provide information either via phone or email.
10047,Douglas Henry,Negative Feedback,Work Culture,provide,information,verb_object,dobj,Two additional conversations have occurred regarding appropriate communication and timely follow up when requested to provide information either via phone or email.
10047,Douglas Henry,Negative Feedback,Work Culture,provide,phone,verb_preposition_via,prep->pobj,Two additional conversations have occurred regarding appropriate communication and timely follow up when requested to provide information either via phone or email.
10047,Douglas Henry,Negative Feedback,Work Culture,need,douglas,verb_subject,nsubj,Douglas will need to significantly improve the quality and timeliness of his work to maintain employment.
10047,Douglas Henry,Negative Feedback,Work Culture,improve,quality,verb_object,dobj,Douglas will need to significantly improve the quality and timeliness of his work to maintain employment.
10047,Douglas Henry,Negative Feedback,Work Culture,maintain,employment,verb_object,dobj,Douglas will need to significantly improve the quality and timeliness of his work to maintain employment.
74,Jalen Summers,Negative Feedback,Work Culture,ask,occasions,verb_preposition_on,prep->pobj,"On two occasions, he was asked to prepare basic discovery requests and missed both deadlines he was given."
74,Jalen Summers,Negative Feedback,Work Culture,ask,he,verb_subject,nsubjpass,"On two occasions, he was asked to prepare basic discovery requests and missed both deadlines he was given."
74,Jalen Summers,Negative Feedback,Work Culture,prepare,basic discovery requests,verb_object,dobj,"On two occasions, he was asked to prepare basic discovery requests and missed both deadlines he was given."
74,Jalen Summers,Negative Feedback,Work Culture,basic,basic discovery requests,adjective_modifies_noun,amod,"On two occasions, he was asked to prepare basic discovery requests and missed both deadlines he was given."
74,Jalen Summers,Negative Feedback,Work Culture,miss,deadlines,verb_object,dobj,"On two occasions, he was asked to prepare basic discovery requests and missed both deadlines he was given."
74,Jalen Summers,Negative Feedback,Work Culture,give,he,verb_subject,nsubjpass,"On two occasions, he was asked to prepare basic discovery requests and missed both deadlines he was given."
74,Jalen Summers,Negative Feedback,Work Culture,regular,regular hours,adjective_modifies_noun,amod,"What's more, Jalen is consistently unenthusiastic when asked to stay past regular hours to complete important casework."
74,Jalen Summers,Negative Feedback,Work Culture,complete,important casework,verb_object,dobj,"What's more, Jalen is consistently unenthusiastic when asked to stay past regular hours to complete important casework."
74,Jalen Summers,Negative Feedback,Work Culture,important,important casework,adjective_modifies_noun,amod,"What's more, Jalen is consistently unenthusiastic when asked to stay past regular hours to complete important casework."
74,Jalen Summers,Negative Feedback,Work Culture,nearly,anyone,adjective_modifies_noun,advmod,"More often than nearly anyone, Jalen also takes sporadic vacation days to deal with personal issues."
74,Jalen Summers,Negative Feedback,Work Culture,take,sporadic vacation days,verb_object,dobj,"More often than nearly anyone, Jalen also takes sporadic vacation days to deal with personal issues."
74,Jalen Summers,Negative Feedback,Work Culture,take,jalen,verb_subject,nsubj,"More often than nearly anyone, Jalen also takes sporadic vacation days to deal with personal issues."
74,Jalen Summers,Negative Feedback,Work Culture,sporadic,sporadic vacation days,adjective_modifies_noun,amod,"More often than nearly anyone, Jalen also takes sporadic vacation days to deal with personal issues."
74,Jalen Summers,Negative Feedback,Work Culture,deal,personal issues,verb_preposition_with,prep->pobj,"More often than nearly anyone, Jalen also takes sporadic vacation days to deal with personal issues."
74,Jalen Summers,Negative Feedback,Work Culture,personal,personal issues,adjective_modifies_noun,amod,"More often than nearly anyone, Jalen also takes sporadic vacation days to deal with personal issues."
10048,Douglas Henry,Negative Feedback,Work Culture,disappoint,us,verb_object,dobj,Douglas Henry has disappointed us this quarter.
10048,Douglas Henry,Negative Feedback,Work Culture,disappoint,douglas henry,verb_subject,nsubj,Douglas Henry has disappointed us this quarter.
10048,Douglas Henry,Negative Feedback,Work Culture,lack,motivation,verb_object,dobj,He lacks motivation to complete his work lately and seems apathetic.
10048,Douglas Henry,Negative Feedback,Work Culture,lack,he,verb_subject,nsubj,He lacks motivation to complete his work lately and seems apathetic.
10048,Douglas Henry,Negative Feedback,Work Culture,complete,work,verb_object,dobj,He lacks motivation to complete his work lately and seems apathetic.
10048,Douglas Henry,Negative Feedback,Work Culture,slip,attendance,verb_subject,nsubj,His attendance is slipping as well and we've issued multiple warnings.
10048,Douglas Henry,Negative Feedback,Work Culture,issue,multiple warnings,verb_object,dobj,His attendance is slipping as well and we've issued multiple warnings.
10048,Douglas Henry,Negative Feedback,Work Culture,issue,we,verb_subject,nsubj,His attendance is slipping as well and we've issued multiple warnings.
10048,Douglas Henry,Negative Feedback,Work Culture,multiple,multiple warnings,adjective_modifies_noun,amod,His attendance is slipping as well and we've issued multiple warnings.
10048,Douglas Henry,Negative Feedback,Work Culture,continue,this,verb_subject,nsubj,"If this continues, we may have to let him go."
10048,Douglas Henry,Negative Feedback,Work Culture,have,we,verb_subject,nsubj,"If this continues, we may have to let him go."
10048,Douglas Henry,Negative Feedback,Work Culture,go,him,verb_subject,nsubj,"If this continues, we may have to let him go."
10084,Layla Scott,Negative Feedback,Work Culture,feel,i,verb_subject,nsubj,I feel like Layla may have overpromised during her interview.
10084,Layla Scott,Negative Feedback,Work Culture,overpromise,interview,verb_preposition_during,prep->pobj,I feel like Layla may have overpromised during her interview.
10084,Layla Scott,Negative Feedback,Work Culture,overpromise,layla,verb_subject,nsubj,I feel like Layla may have overpromised during her interview.
10084,Layla Scott,Negative Feedback,Work Culture,find,extended breaks,verb_preposition_on,prep->pobj,"She is often found on extended breaks, or on her phone, with little drive or interest to accomplish the job."
10084,Layla Scott,Negative Feedback,Work Culture,find,little drive,verb_preposition_with,prep->pobj,"She is often found on extended breaks, or on her phone, with little drive or interest to accomplish the job."
10084,Layla Scott,Negative Feedback,Work Culture,find,she,verb_subject,nsubjpass,"She is often found on extended breaks, or on her phone, with little drive or interest to accomplish the job."
10084,Layla Scott,Negative Feedback,Work Culture,extended,extended breaks,adjective_modifies_noun,amod,"She is often found on extended breaks, or on her phone, with little drive or interest to accomplish the job."
10084,Layla Scott,Negative Feedback,Work Culture,little,little drive,adjective_modifies_noun,amod,"She is often found on extended breaks, or on her phone, with little drive or interest to accomplish the job."
10084,Layla Scott,Negative Feedback,Work Culture,accomplish,job,verb_object,dobj,"She is often found on extended breaks, or on her phone, with little drive or interest to accomplish the job."
10084,Layla Scott,Negative Feedback,Work Culture,squeak,minimal accomplishment,verb_preposition_with,prep->pobj,She often barely squeaks by with minimal accomplishment.
10084,Layla Scott,Negative Feedback,Work Culture,squeak,she,verb_subject,nsubj,She often barely squeaks by with minimal accomplishment.
10084,Layla Scott,Negative Feedback,Work Culture,minimal,minimal accomplishment,adjective_modifies_noun,amod,She often barely squeaks by with minimal accomplishment.
10084,Layla Scott,Negative Feedback,Work Culture,consider,she,verb_subject,nsubj,Maybe she should consider something else more appropriate
10084,Layla Scott,Negative Feedback,Work Culture,else,something,adjective_modifies_noun,advmod,Maybe she should consider something else more appropriate
10084,Layla Scott,Negative Feedback,Work Culture,appropriate,something,copular_description,nsubj,Maybe she should consider something else more appropriate
20047,Cason Vargas,Negative Feedback,Work Culture,work,evaluation,verb_preposition_in,prep->pobj,Carson has not been working out very well in my evaluation.
20047,Cason Vargas,Negative Feedback,Work Culture,work,carson,verb_subject,nsubj,Carson has not been working out very well in my evaluation.
20047,Cason Vargas,Negative Feedback,Work Culture,believe,i,verb_subject,nsubj,I do not believe he is a viable investment and is not worth the time and resources.
20047,Cason Vargas,Negative Feedback,Work Culture,viable,viable investment,adjective_modifies_noun,amod,I do not believe he is a viable investment and is not worth the time and resources.
20045,Cason Vargas,Negative Feedback,Work Culture,short,nothing,adjective_modifies_noun,amod,Cason's performance has been nothing short of disappointing in the past quarter.
20045,Cason Vargas,Negative Feedback,Work Culture,past,past quarter,adjective_modifies_noun,amod,Cason's performance has been nothing short of disappointing in the past quarter.
20045,Cason Vargas,Negative Feedback,Work Culture,meet,deadline,verb_object,dobj,He is perpetually distracted and has not met the deadline even once in the last month.
20045,Cason Vargas,Negative Feedback,Work Culture,last,last month,adjective_modifies_noun,amod,He is perpetually distracted and has not met the deadline even once in the last month.
20045,Cason Vargas,Negative Feedback,Work Culture,meet,deadline,verb_object,dobj,"When he did meet the deadline, his work failed to pass the quality control checkpoint."
20045,Cason Vargas,Negative Feedback,Work Culture,meet,he,verb_subject,nsubj,"When he did meet the deadline, his work failed to pass the quality control checkpoint."
20045,Cason Vargas,Negative Feedback,Work Culture,fail,work,verb_subject,nsubj,"When he did meet the deadline, his work failed to pass the quality control checkpoint."
20045,Cason Vargas,Negative Feedback,Work Culture,pass,control checkpoint,verb_object,dobj,"When he did meet the deadline, his work failed to pass the quality control checkpoint."
20045,Cason Vargas,Negative Feedback,Work Culture,find,suitable replacement,verb_object,dobj,"At this rate, it would be a necessity to find a suitable replacement for Cason, unless he does something miraculous to up his performance on par with the best performers."
20045,Cason Vargas,Negative Feedback,Work Culture,suitable,suitable replacement,adjective_modifies_noun,amod,"At this rate, it would be a necessity to find a suitable replacement for Cason, unless he does something miraculous to up his performance on par with the best performers."
20045,Cason Vargas,Negative Feedback,Work Culture,do,something,verb_object,dobj,"At this rate, it would be a necessity to find a suitable replacement for Cason, unless he does something miraculous to up his performance on par with the best performers."
20045,Cason Vargas,Negative Feedback,Work Culture,do,he,verb_subject,nsubj,"At this rate, it would be a necessity to find a suitable replacement for Cason, unless he does something miraculous to up his performance on par with the best performers."
20045,Cason Vargas,Negative Feedback,Work Culture,miraculous,something,adjective_modifies_noun,amod,"At this rate, it would be a necessity to find a suitable replacement for Cason, unless he does something miraculous to up his performance on par with the best performers."
20045,Cason Vargas,Negative Feedback,Work Culture,good,best performers,adjective_modifies_noun,amod,"At this rate, it would be a necessity to find a suitable replacement for Cason, unless he does something miraculous to up his performance on par with the best performers."
20043,Cason Vargas,Negative Feedback,Work Culture,start,he,verb_subject,nsubj,"He started here last fall and has been responsible for improving user interface errors and bugs on various customer service applications operated on different types of technologies: website, mobile website, mobile app, and in-store machines."
20043,Cason Vargas,Negative Feedback,Work Culture,last,last fall,adjective_modifies_noun,amod,"He started here last fall and has been responsible for improving user interface errors and bugs on various customer service applications operated on different types of technologies: website, mobile website, mobile app, and in-store machines."
20043,Cason Vargas,Negative Feedback,Work Culture,improve,interface errors,verb_object,dobj,"He started here last fall and has been responsible for improving user interface errors and bugs on various customer service applications operated on different types of technologies: website, mobile website, mobile app, and in-store machines."
20043,Cason Vargas,Negative Feedback,Work Culture,various,various service applications,adjective_modifies_noun,amod,"He started here last fall and has been responsible for improving user interface errors and bugs on various customer service applications operated on different types of technologies: website, mobile website, mobile app, and in-store machines."
20043,Cason Vargas,Negative Feedback,Work Culture,operate,different types,verb_preposition_on,prep->pobj,"He started here last fall and has been responsible for improving user interface errors and bugs on various customer service applications operated on different types of technologies: website, mobile website, mobile app, and in-store machines."
20043,Cason Vargas,Negative Feedback,Work Culture,different,different types,adjective_modifies_noun,amod,"He started here last fall and has been responsible for improving user interface errors and bugs on various customer service applications operated on different types of technologies: website, mobile website, mobile app, and in-store machines."
20043,Cason Vargas,Negative Feedback,Work Culture,mobile,mobile website,adjective_modifies_noun,amod,"He started here last fall and has been responsible for improving user interface errors and bugs on various customer service applications operated on different types of technologies: website, mobile website, mobile app, and in-store machines."
20043,Cason Vargas,Negative Feedback,Work Culture,mobile,mobile app,adjective_modifies_noun,amod,"He started here last fall and has been responsible for improving user interface errors and bugs on various customer service applications operated on different types of technologies: website, mobile website, mobile app, and in-store machines."
20043,Cason Vargas,Negative Feedback,Work Culture,attend,multiple customers,verb_preposition_to,prep->pobj,He has attended to multiple customers but I have received feedback that many bugs remain on the company's technologies and some customers are not satisfied with their user experience.
20043,Cason Vargas,Negative Feedback,Work Culture,attend,he,verb_subject,nsubj,He has attended to multiple customers but I have received feedback that many bugs remain on the company's technologies and some customers are not satisfied with their user experience.
20043,Cason Vargas,Negative Feedback,Work Culture,multiple,multiple customers,adjective_modifies_noun,amod,He has attended to multiple customers but I have received feedback that many bugs remain on the company's technologies and some customers are not satisfied with their user experience.
20043,Cason Vargas,Negative Feedback,Work Culture,receive,feedback,verb_object,dobj,He has attended to multiple customers but I have received feedback that many bugs remain on the company's technologies and some customers are not satisfied with their user experience.
20043,Cason Vargas,Negative Feedback,Work Culture,receive,i,verb_subject,nsubj,He has attended to multiple customers but I have received feedback that many bugs remain on the company's technologies and some customers are not satisfied with their user experience.
20043,Cason Vargas,Negative Feedback,Work Culture,many,many bugs,adjective_modifies_noun,amod,He has attended to multiple customers but I have received feedback that many bugs remain on the company's technologies and some customers are not satisfied with their user experience.
20043,Cason Vargas,Negative Feedback,Work Culture,remain,technologies,verb_preposition_on,prep->pobj,He has attended to multiple customers but I have received feedback that many bugs remain on the company's technologies and some customers are not satisfied with their user experience.
20043,Cason Vargas,Negative Feedback,Work Culture,remain,many bugs,verb_subject,nsubj,He has attended to multiple customers but I have received feedback that many bugs remain on the company's technologies and some customers are not satisfied with their user experience.
20043,Cason Vargas,Negative Feedback,Work Culture,notice,i,verb_subject,nsubj,I have also noticed Cason missing a few staff meetings.
20043,Cason Vargas,Negative Feedback,Work Culture,miss,few staff meetings,verb_object,dobj,I have also noticed Cason missing a few staff meetings.
20043,Cason Vargas,Negative Feedback,Work Culture,miss,cason,verb_subject,nsubj,I have also noticed Cason missing a few staff meetings.
20043,Cason Vargas,Negative Feedback,Work Culture,few,few staff meetings,adjective_modifies_noun,amod,I have also noticed Cason missing a few staff meetings.
20028,Rowan Cain,Negative Feedback,Work Culture,start,company,verb_preposition_with,prep->pobj,"Mr. Cain started with the company last month and every day has been a ray of sunshine, until it's time to get to work.."
20028,Rowan Cain,Negative Feedback,Work Culture,start,mr. cain,verb_subject,nsubj,"Mr. Cain started with the company last month and every day has been a ray of sunshine, until it's time to get to work.."
20028,Rowan Cain,Negative Feedback,Work Culture,last,last month,adjective_modifies_noun,amod,"Mr. Cain started with the company last month and every day has been a ray of sunshine, until it's time to get to work.."
20028,Rowan Cain,Negative Feedback,Work Culture,give,percent,verb_object,dobj,"Mr. Cain gives 110 percent to every task he likes and is always there to help people, when he feels  like it."
20028,Rowan Cain,Negative Feedback,Work Culture,give,mr. cain,verb_subject,nsubj,"Mr. Cain gives 110 percent to every task he likes and is always there to help people, when he feels  like it."
20028,Rowan Cain,Negative Feedback,Work Culture,like,he,verb_subject,nsubj,"Mr. Cain gives 110 percent to every task he likes and is always there to help people, when he feels  like it."
20028,Rowan Cain,Negative Feedback,Work Culture,help,people,verb_object,dobj,"Mr. Cain gives 110 percent to every task he likes and is always there to help people, when he feels  like it."
20028,Rowan Cain,Negative Feedback,Work Culture,feel,it,verb_preposition_like,prep->pobj,"Mr. Cain gives 110 percent to every task he likes and is always there to help people, when he feels  like it."
20028,Rowan Cain,Negative Feedback,Work Culture,feel,he,verb_subject,nsubj,"Mr. Cain gives 110 percent to every task he likes and is always there to help people, when he feels  like it."
20028,Rowan Cain,Negative Feedback,Work Culture,remove,floor,verb_preposition_from,prep->pobj,"If a customers is not to his liking or if it is a Thursday, Mr. Cain is rude in manner and has to be removed from the floor."
20028,Rowan Cain,Negative Feedback,Work Culture,wish,we,verb_subject,nsubj,"We wish we could see more consistent performance from Mr. Cain, as right now we are frustrated with his inconsistent performance."
20028,Rowan Cain,Negative Feedback,Work Culture,see,consistent performance,verb_object,dobj,"We wish we could see more consistent performance from Mr. Cain, as right now we are frustrated with his inconsistent performance."
20028,Rowan Cain,Negative Feedback,Work Culture,see,we,verb_subject,nsubj,"We wish we could see more consistent performance from Mr. Cain, as right now we are frustrated with his inconsistent performance."
20028,Rowan Cain,Negative Feedback,Work Culture,consistent,consistent performance,adjective_modifies_noun,amod,"We wish we could see more consistent performance from Mr. Cain, as right now we are frustrated with his inconsistent performance."
20028,Rowan Cain,Negative Feedback,Work Culture,frustrate,inconsistent performance,verb_preposition_with,prep->pobj,"We wish we could see more consistent performance from Mr. Cain, as right now we are frustrated with his inconsistent performance."
20028,Rowan Cain,Negative Feedback,Work Culture,frustrate,we,verb_subject,nsubjpass,"We wish we could see more consistent performance from Mr. Cain, as right now we are frustrated with his inconsistent performance."
20028,Rowan Cain,Negative Feedback,Work Culture,inconsistent,inconsistent performance,adjective_modifies_noun,amod,"We wish we could see more consistent performance from Mr. Cain, as right now we are frustrated with his inconsistent performance."
20005,Jude May,Negative Feedback,Work Culture,have,potential,verb_object,dobj,Jude has potential but needs coaching in several areas.
20005,Jude May,Negative Feedback,Work Culture,have,jude,verb_subject,nsubj,Jude has potential but needs coaching in several areas.
20005,Jude May,Negative Feedback,Work Culture,coach,several areas,verb_preposition_in,prep->pobj,Jude has potential but needs coaching in several areas.
20005,Jude May,Negative Feedback,Work Culture,several,several areas,adjective_modifies_noun,amod,Jude has potential but needs coaching in several areas.
20005,Jude May,Negative Feedback,Work Culture,many,many mistakes,adjective_modifies_noun,amod,Their quality of work is very poor with many mistakes.
20005,Jude May,Negative Feedback,Work Culture,talk,jude,verb_preposition_to,prep->pobj,I have talked to Jude on many occasions about their work quality and they are defensive and deny the mistakes even when I have shown several examples.
20005,Jude May,Negative Feedback,Work Culture,talk,many occasions,verb_preposition_on,prep->pobj,I have talked to Jude on many occasions about their work quality and they are defensive and deny the mistakes even when I have shown several examples.
20005,Jude May,Negative Feedback,Work Culture,talk,i,verb_subject,nsubj,I have talked to Jude on many occasions about their work quality and they are defensive and deny the mistakes even when I have shown several examples.
20005,Jude May,Negative Feedback,Work Culture,many,many occasions,adjective_modifies_noun,amod,I have talked to Jude on many occasions about their work quality and they are defensive and deny the mistakes even when I have shown several examples.
20005,Jude May,Negative Feedback,Work Culture,deny,mistakes,verb_object,dobj,I have talked to Jude on many occasions about their work quality and they are defensive and deny the mistakes even when I have shown several examples.
20005,Jude May,Negative Feedback,Work Culture,show,several examples,verb_object,dobj,I have talked to Jude on many occasions about their work quality and they are defensive and deny the mistakes even when I have shown several examples.
20005,Jude May,Negative Feedback,Work Culture,show,i,verb_subject,nsubj,I have talked to Jude on many occasions about their work quality and they are defensive and deny the mistakes even when I have shown several examples.
20005,Jude May,Negative Feedback,Work Culture,several,several examples,adjective_modifies_noun,amod,I have talked to Jude on many occasions about their work quality and they are defensive and deny the mistakes even when I have shown several examples.
20005,Jude May,Negative Feedback,Work Culture,need,jude,verb_subject,nsubj,Jude also needs to act in a more professional manner.
20005,Jude May,Negative Feedback,Work Culture,act,professional manner,verb_preposition_in,prep->pobj,Jude also needs to act in a more professional manner.
20005,Jude May,Negative Feedback,Work Culture,professional,professional manner,adjective_modifies_noun,amod,Jude also needs to act in a more professional manner.
20005,Jude May,Negative Feedback,Work Culture,take,sort,verb_object,dobj,They do not take any sort of feedback well.
20005,Jude May,Negative Feedback,Work Culture,take,they,verb_subject,nsubj,They do not take any sort of feedback well.
20005,Jude May,Negative Feedback,Work Culture,give,raise,verb_object,dobj,Jude should not be given a raise this year and needs to complete a rigid coaching program to continue employment.
20005,Jude May,Negative Feedback,Work Culture,give,jude,verb_subject,nsubjpass,Jude should not be given a raise this year and needs to complete a rigid coaching program to continue employment.
20005,Jude May,Negative Feedback,Work Culture,complete,rigid coaching program,verb_object,dobj,Jude should not be given a raise this year and needs to complete a rigid coaching program to continue employment.
20005,Jude May,Negative Feedback,Work Culture,rigid,rigid coaching program,adjective_modifies_noun,amod,Jude should not be given a raise this year and needs to complete a rigid coaching program to continue employment.
20005,Jude May,Negative Feedback,Work Culture,continue,employment,verb_object,dobj,Jude should not be given a raise this year and needs to complete a rigid coaching program to continue employment.
20003,Jude May,Negative Feedback,Career Growth,try,he,verb_subject,nsubj,He never even tries or cares at his job.
20003,Jude May,Negative Feedback,Career Growth,care,job,verb_preposition_at,prep->pobj,He never even tries or cares at his job.
20003,Jude May,Negative Feedback,Career Growth,keep,this,verb_object,dobj,"If he keeps this up, he wont have a future here in the company."
20003,Jude May,Negative Feedback,Career Growth,keep,he,verb_subject,nsubj,"If he keeps this up, he wont have a future here in the company."
20003,Jude May,Negative Feedback,Career Growth,have,future,verb_object,dobj,"If he keeps this up, he wont have a future here in the company."
20003,Jude May,Negative Feedback,Career Growth,have,he,verb_subject,nsubj,"If he keeps this up, he wont have a future here in the company."
20002,Jude May,Negative Feedback,Work Culture,work,satisfactory level,verb_preposition_to,prep->pobj,Jude may has not been working to a satisfactory level and must improve on all aspects on their work.
20002,Jude May,Negative Feedback,Work Culture,work,jude,verb_subject,nsubj,Jude may has not been working to a satisfactory level and must improve on all aspects on their work.
20002,Jude May,Negative Feedback,Work Culture,satisfactory,satisfactory level,adjective_modifies_noun,amod,Jude may has not been working to a satisfactory level and must improve on all aspects on their work.
20002,Jude May,Negative Feedback,Work Culture,improve,aspects,verb_preposition_on,prep->pobj,Jude may has not been working to a satisfactory level and must improve on all aspects on their work.
20002,Jude May,Negative Feedback,Work Culture,improve,work,verb_preposition_on,prep->pobj,Jude may has not been working to a satisfactory level and must improve on all aspects on their work.
20002,Jude May,Negative Feedback,Work Culture,need,worker,verb_subject,nsubj,The worker in question needs to show a better attitude and more positive outlook to the work and make sure its completed in a timely manner with better detail.
20002,Jude May,Negative Feedback,Work Culture,show,better attitude,verb_object,dobj,The worker in question needs to show a better attitude and more positive outlook to the work and make sure its completed in a timely manner with better detail.
20002,Jude May,Negative Feedback,Work Culture,well,better attitude,adjective_modifies_noun,amod,The worker in question needs to show a better attitude and more positive outlook to the work and make sure its completed in a timely manner with better detail.
20002,Jude May,Negative Feedback,Work Culture,positive,positive outlook,adjective_modifies_noun,amod,The worker in question needs to show a better attitude and more positive outlook to the work and make sure its completed in a timely manner with better detail.
20002,Jude May,Negative Feedback,Work Culture,complete,timely manner,verb_preposition_in,prep->pobj,The worker in question needs to show a better attitude and more positive outlook to the work and make sure its completed in a timely manner with better detail.
20002,Jude May,Negative Feedback,Work Culture,complete,its,verb_subject,nsubj,The worker in question needs to show a better attitude and more positive outlook to the work and make sure its completed in a timely manner with better detail.
20002,Jude May,Negative Feedback,Work Culture,timely,timely manner,adjective_modifies_noun,amod,The worker in question needs to show a better attitude and more positive outlook to the work and make sure its completed in a timely manner with better detail.
20002,Jude May,Negative Feedback,Work Culture,well,better detail,adjective_modifies_noun,amod,The worker in question needs to show a better attitude and more positive outlook to the work and make sure its completed in a timely manner with better detail.
20002,Jude May,Negative Feedback,Work Culture,show,willingness,verb_object,dobj,jude can and must show a willingness to progress further.
20002,Jude May,Negative Feedback,Work Culture,show,jude,verb_subject,nsubj,jude can and must show a willingness to progress further.
20002,Jude May,Negative Feedback,Work Culture,look,this,verb_preposition_at,prep->pobj,We can look at this again in the future and we can see how we can work with the individual to make the improvements needed.
20002,Jude May,Negative Feedback,Work Culture,look,future,verb_preposition_in,prep->pobj,We can look at this again in the future and we can see how we can work with the individual to make the improvements needed.
20002,Jude May,Negative Feedback,Work Culture,look,we,verb_subject,nsubj,We can look at this again in the future and we can see how we can work with the individual to make the improvements needed.
20002,Jude May,Negative Feedback,Work Culture,see,we,verb_subject,nsubj,We can look at this again in the future and we can see how we can work with the individual to make the improvements needed.
20002,Jude May,Negative Feedback,Work Culture,work,individual,verb_preposition_with,prep->pobj,We can look at this again in the future and we can see how we can work with the individual to make the improvements needed.
20002,Jude May,Negative Feedback,Work Culture,work,we,verb_subject,nsubj,We can look at this again in the future and we can see how we can work with the individual to make the improvements needed.
20002,Jude May,Negative Feedback,Work Culture,need,improvements,verb_subject,nsubj,We can look at this again in the future and we can see how we can work with the individual to make the improvements needed.
20001,Jude May,Negative Feedback,Salary & Benefits,key,key aspects,adjective_modifies_noun,amod,Jude has been disappointing in the key aspects of her work.
20001,Jude May,Negative Feedback,Salary & Benefits,allocate,number,verb_preposition_to,prep->pobj,"Despite being allocated to a number of different tasks, she has failed to demonstrate a satisfactory level of output."
20001,Jude May,Negative Feedback,Salary & Benefits,different,different tasks,adjective_modifies_noun,amod,"Despite being allocated to a number of different tasks, she has failed to demonstrate a satisfactory level of output."
20001,Jude May,Negative Feedback,Salary & Benefits,fail,she,verb_subject,nsubj,"Despite being allocated to a number of different tasks, she has failed to demonstrate a satisfactory level of output."
20001,Jude May,Negative Feedback,Salary & Benefits,demonstrate,satisfactory level,verb_object,dobj,"Despite being allocated to a number of different tasks, she has failed to demonstrate a satisfactory level of output."
20001,Jude May,Negative Feedback,Salary & Benefits,satisfactory,satisfactory level,adjective_modifies_noun,amod,"Despite being allocated to a number of different tasks, she has failed to demonstrate a satisfactory level of output."
20001,Jude May,Negative Feedback,Salary & Benefits,show,little interest,verb_object,dobj,"Her engagement with the job has been poor and she shows little interest in developing, even though these opportunities have been provided."
20001,Jude May,Negative Feedback,Salary & Benefits,show,she,verb_subject,nsubj,"Her engagement with the job has been poor and she shows little interest in developing, even though these opportunities have been provided."
20001,Jude May,Negative Feedback,Salary & Benefits,little,little interest,adjective_modifies_noun,amod,"Her engagement with the job has been poor and she shows little interest in developing, even though these opportunities have been provided."
20001,Jude May,Negative Feedback,Salary & Benefits,provide,opportunities,verb_subject,nsubjpass,"Her engagement with the job has been poor and she shows little interest in developing, even though these opportunities have been provided."
20001,Jude May,Negative Feedback,Salary & Benefits,much,much benefit,adjective_modifies_noun,amod,There does not seem to be much benefit to retaining Jude in the short or long term.
20001,Jude May,Negative Feedback,Salary & Benefits,retain,jude,verb_object,dobj,There does not seem to be much benefit to retaining Jude in the short or long term.
20001,Jude May,Negative Feedback,Salary & Benefits,retain,short term,verb_preposition_in,prep->pobj,There does not seem to be much benefit to retaining Jude in the short or long term.
20001,Jude May,Negative Feedback,Salary & Benefits,short,short term,adjective_modifies_noun,amod,There does not seem to be much benefit to retaining Jude in the short or long term.
10210,Jaiden Horne,Negative Feedback,Work Culture,fail,jaiden,verb_subject,nsubj,Jaiden has been repeatedly failing to deliver what has been asked of him and show little to no interest in the assignments.
10210,Jaiden Horne,Negative Feedback,Work Culture,ask,him,verb_preposition_of,prep->pobj,Jaiden has been repeatedly failing to deliver what has been asked of him and show little to no interest in the assignments.
10210,Jaiden Horne,Negative Feedback,Work Culture,ask,what,verb_subject,nsubjpass,Jaiden has been repeatedly failing to deliver what has been asked of him and show little to no interest in the assignments.
10210,Jaiden Horne,Negative Feedback,Work Culture,show,interest,verb_preposition_to,prep->pobj,Jaiden has been repeatedly failing to deliver what has been asked of him and show little to no interest in the assignments.
10210,Jaiden Horne,Negative Feedback,Work Culture,have,team,verb_subject,nsubj,The team had to work extra hours because of his lacklustre performance this quarter.
10210,Jaiden Horne,Negative Feedback,Work Culture,work,extra hours,verb_object,dobj,The team had to work extra hours because of his lacklustre performance this quarter.
10210,Jaiden Horne,Negative Feedback,Work Culture,work,lacklustre performance,verb_preposition_because,prep->pobj,The team had to work extra hours because of his lacklustre performance this quarter.
10210,Jaiden Horne,Negative Feedback,Work Culture,extra,extra hours,adjective_modifies_noun,amod,The team had to work extra hours because of his lacklustre performance this quarter.
10210,Jaiden Horne,Negative Feedback,Work Culture,lacklustre,lacklustre performance,adjective_modifies_noun,amod,The team had to work extra hours because of his lacklustre performance this quarter.
10210,Jaiden Horne,Negative Feedback,Work Culture,simple,simple day task,adjective_modifies_noun,amod,A simple 1-day task takes 3-4 days when assigned to Jaiden.
10210,Jaiden Horne,Negative Feedback,Work Culture,take,days,verb_object,dobj,A simple 1-day task takes 3-4 days when assigned to Jaiden.
10210,Jaiden Horne,Negative Feedback,Work Culture,take,simple day task,verb_subject,nsubj,A simple 1-day task takes 3-4 days when assigned to Jaiden.
10210,Jaiden Horne,Negative Feedback,Work Culture,assign,jaiden,verb_preposition_to,prep->pobj,A simple 1-day task takes 3-4 days when assigned to Jaiden.
10210,Jaiden Horne,Negative Feedback,Work Culture,believe,i,verb_subject,nsubj,"I believe if this sort of abysmal work continues, he may have to start looking elsewhere."
10210,Jaiden Horne,Negative Feedback,Work Culture,abysmal,abysmal work,adjective_modifies_noun,amod,"I believe if this sort of abysmal work continues, he may have to start looking elsewhere."
10210,Jaiden Horne,Negative Feedback,Work Culture,continue,sort,verb_subject,nsubj,"I believe if this sort of abysmal work continues, he may have to start looking elsewhere."
10210,Jaiden Horne,Negative Feedback,Work Culture,have,he,verb_subject,nsubj,"I believe if this sort of abysmal work continues, he may have to start looking elsewhere."
10208,Jaiden Horne,Negative Feedback,Work Culture,show,quarter,verb_object,dobj,Jaiden showed this quarter that he really cannot perform well.
10208,Jaiden Horne,Negative Feedback,Work Culture,show,jaiden,verb_subject,nsubj,Jaiden showed this quarter that he really cannot perform well.
10208,Jaiden Horne,Negative Feedback,Work Culture,perform,he,verb_subject,nsubj,Jaiden showed this quarter that he really cannot perform well.
10208,Jaiden Horne,Negative Feedback,Work Culture,say,that,verb_object,dobj,"I'm sorry to say that, but hiring that guy isn't good for our company."
10208,Jaiden Horne,Negative Feedback,Work Culture,hire,guy,verb_object,dobj,"I'm sorry to say that, but hiring that guy isn't good for our company."
10208,Jaiden Horne,Negative Feedback,Work Culture,understand,what,verb_object,dobj,"What I've understood is that even if he puts more effort into his work, he won't do good."
10208,Jaiden Horne,Negative Feedback,Work Culture,understand,i,verb_subject,nsubj,"What I've understood is that even if he puts more effort into his work, he won't do good."
10208,Jaiden Horne,Negative Feedback,Work Culture,put,more effort,verb_object,dobj,"What I've understood is that even if he puts more effort into his work, he won't do good."
10208,Jaiden Horne,Negative Feedback,Work Culture,put,work,verb_preposition_into,prep->pobj,"What I've understood is that even if he puts more effort into his work, he won't do good."
10208,Jaiden Horne,Negative Feedback,Work Culture,put,he,verb_subject,nsubj,"What I've understood is that even if he puts more effort into his work, he won't do good."
10208,Jaiden Horne,Negative Feedback,Work Culture,more,more effort,adjective_modifies_noun,amod,"What I've understood is that even if he puts more effort into his work, he won't do good."
10208,Jaiden Horne,Negative Feedback,Work Culture,do,good,verb_object,dobj,"What I've understood is that even if he puts more effort into his work, he won't do good."
10208,Jaiden Horne,Negative Feedback,Work Culture,do,he,verb_subject,nsubj,"What I've understood is that even if he puts more effort into his work, he won't do good."
10208,Jaiden Horne,Negative Feedback,Work Culture,know,i,verb_subject,nsubj,"So i don't know what to tell you, except that i maybe recommend firing him."
10208,Jaiden Horne,Negative Feedback,Work Culture,tell,you,verb_object,dobj,"So i don't know what to tell you, except that i maybe recommend firing him."
10208,Jaiden Horne,Negative Feedback,Work Culture,recommend,i,verb_subject,nsubj,"So i don't know what to tell you, except that i maybe recommend firing him."
10208,Jaiden Horne,Negative Feedback,Work Culture,fire,him,verb_object,dobj,"So i don't know what to tell you, except that i maybe recommend firing him."
10207,Jaiden Horne,Negative Feedback,Career Growth,show,she,verb_subject,nsubj,She has shown that her competence is below the level that is required.
10207,Jaiden Horne,Negative Feedback,Career Growth,require,that,verb_subject,nsubjpass,She has shown that her competence is below the level that is required.
10207,Jaiden Horne,Negative Feedback,Career Growth,complete,she,verb_subject,nsubj,At present the tasks she has completed are below average.
10207,Jaiden Horne,Negative Feedback,Career Growth,improve,time,verb_preposition_with,prep->pobj,With time Jaiden will improve.
10207,Jaiden Horne,Negative Feedback,Career Growth,improve,jaiden,verb_subject,nsubj,With time Jaiden will improve.
10169,Katherine Terry,Negative Feedback,Work Culture,miss,deadlines,verb_object,dobj,Katherine consistently misses her deadlines.
10169,Katherine Terry,Negative Feedback,Work Culture,miss,katherine,verb_subject,nsubj,Katherine consistently misses her deadlines.
10169,Katherine Terry,Negative Feedback,Work Culture,show,signs,verb_object,dobj,She shows no signs of caring about improving her subpar work.
10169,Katherine Terry,Negative Feedback,Work Culture,show,she,verb_subject,nsubj,She shows no signs of caring about improving her subpar work.
10169,Katherine Terry,Negative Feedback,Work Culture,improve,subpar work,verb_object,dobj,She shows no signs of caring about improving her subpar work.
10169,Katherine Terry,Negative Feedback,Work Culture,subpar,subpar work,adjective_modifies_noun,amod,She shows no signs of caring about improving her subpar work.
10169,Katherine Terry,Negative Feedback,Work Culture,organize,organizing spreadsheets,adjective_modifies_noun,amod,"She is not proficient at organizing spreadsheets, which was listed on her resume."
10169,Katherine Terry,Negative Feedback,Work Culture,list,resume,verb_preposition_on,prep->pobj,"She is not proficient at organizing spreadsheets, which was listed on her resume."
10169,Katherine Terry,Negative Feedback,Work Culture,list,which,verb_subject,nsubjpass,"She is not proficient at organizing spreadsheets, which was listed on her resume."
10169,Katherine Terry,Negative Feedback,Work Culture,more,more times,adjective_modifies_noun,amod,She is late to work more times than not.
10168,Katherine Terry,Negative Feedback,Work Culture,struggle,katherine,verb_subject,nsubj,Katherine struggles to meet the minimum requirements of her role.
10168,Katherine Terry,Negative Feedback,Work Culture,meet,minimum requirements,verb_object,dobj,Katherine struggles to meet the minimum requirements of her role.
10168,Katherine Terry,Negative Feedback,Work Culture,minimum,minimum requirements,adjective_modifies_noun,amod,Katherine struggles to meet the minimum requirements of her role.
10168,Katherine Terry,Negative Feedback,Work Culture,several,several occasions,adjective_modifies_noun,amod,"On several occasions, she did not perform in accordance with company standards, and this resulted in significant rework."
10168,Katherine Terry,Negative Feedback,Work Culture,perform,several occasions,verb_preposition_on,prep->pobj,"On several occasions, she did not perform in accordance with company standards, and this resulted in significant rework."
10168,Katherine Terry,Negative Feedback,Work Culture,perform,accordance,verb_preposition_in,prep->pobj,"On several occasions, she did not perform in accordance with company standards, and this resulted in significant rework."
10168,Katherine Terry,Negative Feedback,Work Culture,perform,she,verb_subject,nsubj,"On several occasions, she did not perform in accordance with company standards, and this resulted in significant rework."
10168,Katherine Terry,Negative Feedback,Work Culture,result,significant rework,verb_preposition_in,prep->pobj,"On several occasions, she did not perform in accordance with company standards, and this resulted in significant rework."
10168,Katherine Terry,Negative Feedback,Work Culture,result,this,verb_subject,nsubj,"On several occasions, she did not perform in accordance with company standards, and this resulted in significant rework."
10168,Katherine Terry,Negative Feedback,Work Culture,significant,significant rework,adjective_modifies_noun,amod,"On several occasions, she did not perform in accordance with company standards, and this resulted in significant rework."
10168,Katherine Terry,Negative Feedback,Work Culture,perceive,someone,verb_preposition_as,prep->pobj,"Katherine is perceived as someone who cannot be relied upon, and this has created a toxic atmosphere in her team."
10168,Katherine Terry,Negative Feedback,Work Culture,perceive,katherine,verb_subject,nsubjpass,"Katherine is perceived as someone who cannot be relied upon, and this has created a toxic atmosphere in her team."
10168,Katherine Terry,Negative Feedback,Work Culture,rely,who,verb_subject,nsubjpass,"Katherine is perceived as someone who cannot be relied upon, and this has created a toxic atmosphere in her team."
10168,Katherine Terry,Negative Feedback,Work Culture,create,toxic atmosphere,verb_object,dobj,"Katherine is perceived as someone who cannot be relied upon, and this has created a toxic atmosphere in her team."
10168,Katherine Terry,Negative Feedback,Work Culture,create,this,verb_subject,nsubj,"Katherine is perceived as someone who cannot be relied upon, and this has created a toxic atmosphere in her team."
10168,Katherine Terry,Negative Feedback,Work Culture,toxic,toxic atmosphere,adjective_modifies_noun,amod,"Katherine is perceived as someone who cannot be relied upon, and this has created a toxic atmosphere in her team."
10168,Katherine Terry,Negative Feedback,Work Culture,indicate,katherine,verb_subject,nsubj,Katherine has indicated that she is not willing to work on her performance.
10168,Katherine Terry,Negative Feedback,Work Culture,work,performance,verb_preposition_on,prep->pobj,Katherine has indicated that she is not willing to work on her performance.
10168,Katherine Terry,Negative Feedback,Work Culture,see,reasons,verb_preposition_for,prep->pobj,"For these reasons, Katherine must be seen as both a low performer and a worker with low potential."
10168,Katherine Terry,Negative Feedback,Work Culture,see,low performer,verb_preposition_as,prep->pobj,"For these reasons, Katherine must be seen as both a low performer and a worker with low potential."
10168,Katherine Terry,Negative Feedback,Work Culture,see,katherine,verb_subject,nsubjpass,"For these reasons, Katherine must be seen as both a low performer and a worker with low potential."
10168,Katherine Terry,Negative Feedback,Work Culture,low,low performer,adjective_modifies_noun,amod,"For these reasons, Katherine must be seen as both a low performer and a worker with low potential."
10168,Katherine Terry,Negative Feedback,Work Culture,low,low potential,adjective_modifies_noun,amod,"For these reasons, Katherine must be seen as both a low performer and a worker with low potential."
10168,Katherine Terry,Negative Feedback,Work Culture,conclude,stage,verb_preposition_at,prep->pobj,"At this stage, unfortunately it is concluded that Katherine would be at risk of redundancy."
10168,Katherine Terry,Negative Feedback,Work Culture,conclude,it,verb_subject,nsubjpass,"At this stage, unfortunately it is concluded that Katherine would be at risk of redundancy."
10167,Katherine Terry,Negative Feedback,Work Culture,have,bad attitude,verb_object,dobj,Katherine has a bad attitude towards work and has caused some concern on the team.
10167,Katherine Terry,Negative Feedback,Work Culture,have,katherine,verb_subject,nsubj,Katherine has a bad attitude towards work and has caused some concern on the team.
10167,Katherine Terry,Negative Feedback,Work Culture,bad,bad attitude,adjective_modifies_noun,amod,Katherine has a bad attitude towards work and has caused some concern on the team.
10167,Katherine Terry,Negative Feedback,Work Culture,cause,concern,verb_object,dobj,Katherine has a bad attitude towards work and has caused some concern on the team.
10167,Katherine Terry,Negative Feedback,Work Culture,everyday,everyday performance,adjective_modifies_noun,amod,"Her everyday performance is low in quality, and attempts at training have been unsuccessful."
10167,Katherine Terry,Negative Feedback,Work Culture,high,high priority,adjective_modifies_noun,amod,High priority on redundancy list.
10140,Lexi Rogers,Negative Feedback,Work Culture,meet,expectations,verb_object,dobj,Lexi Rogers does not meet expectations with the tasks given to her.
10140,Lexi Rogers,Negative Feedback,Work Culture,meet,lexi rogers,verb_subject,nsubj,Lexi Rogers does not meet expectations with the tasks given to her.
10140,Lexi Rogers,Negative Feedback,Work Culture,lack,consistency,verb_object,dobj,Rogers lacks consistency in her work and communication.
10140,Lexi Rogers,Negative Feedback,Work Culture,lack,work,verb_preposition_in,prep->pobj,Rogers lacks consistency in her work and communication.
10140,Lexi Rogers,Negative Feedback,Work Culture,lack,rogers,verb_subject,nsubj,Rogers lacks consistency in her work and communication.
10140,Lexi Rogers,Negative Feedback,Work Culture,more,more training,adjective_modifies_noun,amod,It is clear to me that more training is required of her until she can meet expectations.
10140,Lexi Rogers,Negative Feedback,Work Culture,require,her,verb_preposition_of,prep->pobj,It is clear to me that more training is required of her until she can meet expectations.
10140,Lexi Rogers,Negative Feedback,Work Culture,require,more training,verb_subject,nsubjpass,It is clear to me that more training is required of her until she can meet expectations.
10140,Lexi Rogers,Negative Feedback,Work Culture,meet,expectations,verb_object,dobj,It is clear to me that more training is required of her until she can meet expectations.
10140,Lexi Rogers,Negative Feedback,Work Culture,meet,she,verb_subject,nsubj,It is clear to me that more training is required of her until she can meet expectations.
10140,Lexi Rogers,Negative Feedback,Work Culture,work,expectations,verb_preposition_to,prep->pobj,If she does not work up to the expectations she should be terminated.
10140,Lexi Rogers,Negative Feedback,Work Culture,work,she,verb_subject,nsubj,If she does not work up to the expectations she should be terminated.
10140,Lexi Rogers,Negative Feedback,Work Culture,terminate,she,verb_subject,nsubjpass,If she does not work up to the expectations she should be terminated.
10127,Marc Hughes,Negative Feedback,Work Culture,show,intent,verb_object,dobj,Marc Hughes is not showing the intent that is needed at this level.
10127,Marc Hughes,Negative Feedback,Work Culture,show,marc hughes,verb_subject,nsubj,Marc Hughes is not showing the intent that is needed at this level.
10127,Marc Hughes,Negative Feedback,Work Culture,need,level,verb_preposition_at,prep->pobj,Marc Hughes is not showing the intent that is needed at this level.
10127,Marc Hughes,Negative Feedback,Work Culture,need,that,verb_subject,nsubjpass,Marc Hughes is not showing the intent that is needed at this level.
10127,Marc Hughes,Negative Feedback,Work Culture,show,little talent,verb_object,dobj,Overall his work has shown little talent.
10127,Marc Hughes,Negative Feedback,Work Culture,show,work,verb_subject,nsubj,Overall his work has shown little talent.
10127,Marc Hughes,Negative Feedback,Work Culture,little,little talent,adjective_modifies_noun,amod,Overall his work has shown little talent.
10127,Marc Hughes,Negative Feedback,Work Culture,do,he,verb_subject,nsubj,He will do well to continue developing his skills at this time.
10127,Marc Hughes,Negative Feedback,Work Culture,develop,skills,verb_object,dobj,He will do well to continue developing his skills at this time.
10127,Marc Hughes,Negative Feedback,Work Culture,develop,time,verb_preposition_at,prep->pobj,He will do well to continue developing his skills at this time.
10126,Marc Hughes,Negative Feedback,Career Growth,normal,normal average,adjective_modifies_noun,amod,Your achievements are well below the normal average None of your activities meet quality standards.
10126,Marc Hughes,Negative Feedback,Career Growth,meet,quality standards,verb_object,dobj,Your achievements are well below the normal average None of your activities meet quality standards.
10126,Marc Hughes,Negative Feedback,Career Growth,meet,none,verb_subject,nsubj,Your achievements are well below the normal average None of your activities meet quality standards.
10126,Marc Hughes,Negative Feedback,Career Growth,null,creativity,verb_subject,nsubj,Your creativity is null Your communication skills are very poor
10125,Marc Hughes,Negative Feedback,Career Growth,need,lot,verb_object,dobj,Marc needs a lot of improvement for next quarter.
10125,Marc Hughes,Negative Feedback,Career Growth,need,next quarter,verb_preposition_for,prep->pobj,Marc needs a lot of improvement for next quarter.
10125,Marc Hughes,Negative Feedback,Career Growth,need,marc,verb_subject,nsubj,Marc needs a lot of improvement for next quarter.
10125,Marc Hughes,Negative Feedback,Career Growth,next,next quarter,adjective_modifies_noun,amod,Marc needs a lot of improvement for next quarter.
10125,Marc Hughes,Negative Feedback,Career Growth,need,improvement,verb_object,dobj,He needs improvement on listening and using objective language when writing the session notes.
10125,Marc Hughes,Negative Feedback,Career Growth,need,he,verb_subject,nsubj,He needs improvement on listening and using objective language when writing the session notes.
10125,Marc Hughes,Negative Feedback,Career Growth,use,objective language,verb_object,dobj,He needs improvement on listening and using objective language when writing the session notes.
10125,Marc Hughes,Negative Feedback,Career Growth,objective,objective language,adjective_modifies_noun,amod,He needs improvement on listening and using objective language when writing the session notes.
10125,Marc Hughes,Negative Feedback,Career Growth,write,session notes,verb_object,dobj,He needs improvement on listening and using objective language when writing the session notes.
10125,Marc Hughes,Negative Feedback,Career Growth,conduct,therapy sessions,verb_object,dobj,Another area to improve on is conducting the therapy sessions with the kids.
10125,Marc Hughes,Negative Feedback,Career Growth,conduct,kids,verb_preposition_with,prep->pobj,Another area to improve on is conducting the therapy sessions with the kids.
10125,Marc Hughes,Negative Feedback,Career Growth,conduct,area,verb_subject,nsubj,Another area to improve on is conducting the therapy sessions with the kids.
10125,Marc Hughes,Negative Feedback,Career Growth,improve,he,verb_subject,nsubj,"Marc is great with the children; however, he could improve on his multi-tasking with playing with the kids and working on the protocols."
10125,Marc Hughes,Negative Feedback,Career Growth,play,kids,verb_preposition_with,prep->pobj,"Marc is great with the children; however, he could improve on his multi-tasking with playing with the kids and working on the protocols."
10125,Marc Hughes,Negative Feedback,Career Growth,work,protocols,verb_preposition_on,prep->pobj,"Marc is great with the children; however, he could improve on his multi-tasking with playing with the kids and working on the protocols."
10087,Layla Scott,Negative Feedback,Work Culture,show,layla scott,verb_subject,nsubj,"Layla Scott often shows up to work late, often without an valid email or notification leaving the team wondering."
10087,Layla Scott,Negative Feedback,Work Culture,valid,valid email,adjective_modifies_noun,amod,"Layla Scott often shows up to work late, often without an valid email or notification leaving the team wondering."
10087,Layla Scott,Negative Feedback,Work Culture,leave,team,verb_object,dobj,"Layla Scott often shows up to work late, often without an valid email or notification leaving the team wondering."
10087,Layla Scott,Negative Feedback,Work Culture,wonder,valid email,verb_preposition_without,prep->pobj,"Layla Scott often shows up to work late, often without an valid email or notification leaving the team wondering."
10087,Layla Scott,Negative Feedback,Work Culture,see,her,verb_object,dobj,We sometimes could not see her in her office for a long period of time.
10087,Layla Scott,Negative Feedback,Work Culture,see,office,verb_preposition_in,prep->pobj,We sometimes could not see her in her office for a long period of time.
10087,Layla Scott,Negative Feedback,Work Culture,see,long period,verb_preposition_for,prep->pobj,We sometimes could not see her in her office for a long period of time.
10087,Layla Scott,Negative Feedback,Work Culture,see,we,verb_subject,nsubj,We sometimes could not see her in her office for a long period of time.
10087,Layla Scott,Negative Feedback,Work Culture,long,long period,adjective_modifies_noun,amod,We sometimes could not see her in her office for a long period of time.
10087,Layla Scott,Negative Feedback,Work Culture,take,her,verb_object,dobj,It takes her three times than average worker's time to finish half of a regular assigned tasks.
10087,Layla Scott,Negative Feedback,Work Culture,take,time,verb_preposition_than,prep->pobj,It takes her three times than average worker's time to finish half of a regular assigned tasks.
10087,Layla Scott,Negative Feedback,Work Culture,take,it,verb_subject,nsubj,It takes her three times than average worker's time to finish half of a regular assigned tasks.
10087,Layla Scott,Negative Feedback,Work Culture,average,average worker,adjective_modifies_noun,amod,It takes her three times than average worker's time to finish half of a regular assigned tasks.
10087,Layla Scott,Negative Feedback,Work Culture,finish,half,verb_object,dobj,It takes her three times than average worker's time to finish half of a regular assigned tasks.
10087,Layla Scott,Negative Feedback,Work Culture,regular,regular assigned tasks,adjective_modifies_noun,amod,It takes her three times than average worker's time to finish half of a regular assigned tasks.
10087,Layla Scott,Negative Feedback,Work Culture,assign,regular assigned tasks,adjective_modifies_noun,amod,It takes her three times than average worker's time to finish half of a regular assigned tasks.
10085,Layla Scott,Negative Feedback,Work Culture,do,bare minimum,verb_object,dobj,Layla Scott is an underachiever and does the bare minimum at best.
10085,Layla Scott,Negative Feedback,Work Culture,bare,bare minimum,adjective_modifies_noun,amod,Layla Scott is an underachiever and does the bare minimum at best.
10085,Layla Scott,Negative Feedback,Work Culture,come,she,verb_subject,nsubj,She seldom comes to work early and we are lucky if she comes on time at all.
10085,Layla Scott,Negative Feedback,Work Culture,come,time,verb_preposition_on,prep->pobj,She seldom comes to work early and we are lucky if she comes on time at all.
10085,Layla Scott,Negative Feedback,Work Culture,all,time,adjective_modifies_noun,advmod,She seldom comes to work early and we are lucky if she comes on time at all.
10085,Layla Scott,Negative Feedback,Work Culture,call,shifts,verb_object,dobj,She is constantly calling off shifts for work with little notice.
10085,Layla Scott,Negative Feedback,Work Culture,call,she,verb_subject,nsubj,She is constantly calling off shifts for work with little notice.
10085,Layla Scott,Negative Feedback,Work Culture,little,little notice,adjective_modifies_noun,amod,She is constantly calling off shifts for work with little notice.
10085,Layla Scott,Negative Feedback,Work Culture,have,low potential,verb_object,dobj,She has very low potential of ever becoming a good waitress simply because she refuses to listen to advice or instruction.
10085,Layla Scott,Negative Feedback,Work Culture,have,she,verb_subject,nsubj,She has very low potential of ever becoming a good waitress simply because she refuses to listen to advice or instruction.
10085,Layla Scott,Negative Feedback,Work Culture,low,low potential,adjective_modifies_noun,amod,She has very low potential of ever becoming a good waitress simply because she refuses to listen to advice or instruction.
10085,Layla Scott,Negative Feedback,Work Culture,become,good waitress,verb_object,attr,She has very low potential of ever becoming a good waitress simply because she refuses to listen to advice or instruction.
10085,Layla Scott,Negative Feedback,Work Culture,good,good waitress,adjective_modifies_noun,amod,She has very low potential of ever becoming a good waitress simply because she refuses to listen to advice or instruction.
10085,Layla Scott,Negative Feedback,Work Culture,refuse,she,verb_subject,nsubj,She has very low potential of ever becoming a good waitress simply because she refuses to listen to advice or instruction.
10085,Layla Scott,Negative Feedback,Work Culture,listen,advice,verb_preposition_to,prep->pobj,She has very low potential of ever becoming a good waitress simply because she refuses to listen to advice or instruction.
10059,Amelie Martin,Negative Feedback,Work Culture,minded,minded person,adjective_modifies_noun,amod,Amelie is a fickle minded person.
10059,Amelie Martin,Negative Feedback,Work Culture,come,she,verb_subject,nsubj,She comes late to the office very often.
10059,Amelie Martin,Negative Feedback,Work Culture,attend,meetings,verb_object,dobj,Is irregular in attending meetings & not listening properly.
10059,Amelie Martin,Negative Feedback,Work Culture,answer,queries,verb_object,dobj,Unable to answer client's queries in meetings & on emails.
10059,Amelie Martin,Negative Feedback,Work Culture,maintain,proper balance,verb_object,dobj,Unable to maintain proper balance between Work & Personal Life.
10059,Amelie Martin,Negative Feedback,Work Culture,proper,proper balance,adjective_modifies_noun,amod,Unable to maintain proper balance between Work & Personal Life.
10059,Amelie Martin,Negative Feedback,Work Culture,unprofessional,unprofessional behavior,adjective_modifies_noun,amod,Unprofessional behavior with colleagues & seniors.
10059,Amelie Martin,Negative Feedback,Work Culture,produce,better results,verb_object,dobj,This is in spite of the fact that she has some talent in her to produce better results.
10059,Amelie Martin,Negative Feedback,Work Culture,well,better results,adjective_modifies_noun,amod,This is in spite of the fact that she has some talent in her to produce better results.
10059,Amelie Martin,Negative Feedback,Work Culture,guide,proper direction,verb_preposition_in,prep->pobj,Needs to be guided in proper direction.
10059,Amelie Martin,Negative Feedback,Work Culture,proper,proper direction,adjective_modifies_noun,amod,Needs to be guided in proper direction.
70,Tom Barrett,Negative Feedback,Career Growth,struggle,position,verb_preposition_in,prep->pobj,"Tom Barrett has been struggling in his position, his work is rarely up to the minimum acceptable level."
70,Tom Barrett,Negative Feedback,Career Growth,struggle,tom barrett,verb_subject,nsubj,"Tom Barrett has been struggling in his position, his work is rarely up to the minimum acceptable level."
70,Tom Barrett,Negative Feedback,Career Growth,minimum,minimum acceptable level,adjective_modifies_noun,amod,"Tom Barrett has been struggling in his position, his work is rarely up to the minimum acceptable level."
70,Tom Barrett,Negative Feedback,Career Growth,acceptable,minimum acceptable level,adjective_modifies_noun,amod,"Tom Barrett has been struggling in his position, his work is rarely up to the minimum acceptable level."
70,Tom Barrett,Negative Feedback,Career Growth,make,many errors,verb_object,dobj,He makes too many errors and is reluctant to accept criticism thus hampering his ability to improve.
70,Tom Barrett,Negative Feedback,Career Growth,make,he,verb_subject,nsubj,He makes too many errors and is reluctant to accept criticism thus hampering his ability to improve.
70,Tom Barrett,Negative Feedback,Career Growth,many,many errors,adjective_modifies_noun,amod,He makes too many errors and is reluctant to accept criticism thus hampering his ability to improve.
70,Tom Barrett,Negative Feedback,Career Growth,accept,criticism,verb_object,dobj,He makes too many errors and is reluctant to accept criticism thus hampering his ability to improve.
70,Tom Barrett,Negative Feedback,Career Growth,hamper,ability,verb_object,dobj,He makes too many errors and is reluctant to accept criticism thus hampering his ability to improve.
70,Tom Barrett,Negative Feedback,Career Growth,seem,he,verb_subject,nsubj,He seems distracted at work and is often late completing tasks when all others have long finished.
70,Tom Barrett,Negative Feedback,Career Growth,distract,work,verb_preposition_at,prep->pobj,He seems distracted at work and is often late completing tasks when all others have long finished.
70,Tom Barrett,Negative Feedback,Career Growth,finish,others,verb_subject,nsubj,He seems distracted at work and is often late completing tasks when all others have long finished.
70,Tom Barrett,Negative Feedback,Career Growth,see,prospect,verb_object,dobj,Overall I can not see any prospect of improvement in the future.
70,Tom Barrett,Negative Feedback,Career Growth,see,i,verb_subject,nsubj,Overall I can not see any prospect of improvement in the future.
33,Kayden Hill,Negative Feedback,Work Culture,struggle,tasks,verb_preposition_with,prep->pobj,Kayden Hill struggles with the tasks set before him.
33,Kayden Hill,Negative Feedback,Work Culture,struggle,kayden hill,verb_subject,nsubj,Kayden Hill struggles with the tasks set before him.
33,Kayden Hill,Negative Feedback,Work Culture,set,him,verb_preposition_before,prep->pobj,Kayden Hill struggles with the tasks set before him.
33,Kayden Hill,Negative Feedback,Work Culture,frustrate,he,verb_subject,nsubjpass,"He is easily frustrated, and tends to want to give up."
33,Kayden Hill,Negative Feedback,Work Culture,seem,he,verb_subject,nsubj,He seems unhappy with where he is within the team.
32,Kayden Hill,Negative Feedback,Work Culture,fail,kayden,verb_subject,nsubj,Kayden has consistently failed to deliver on a numerous amount of tasks around the office.
32,Kayden Hill,Negative Feedback,Work Culture,deliver,numerous amount,verb_preposition_on,prep->pobj,Kayden has consistently failed to deliver on a numerous amount of tasks around the office.
32,Kayden Hill,Negative Feedback,Work Culture,numerous,numerous amount,adjective_modifies_noun,amod,Kayden has consistently failed to deliver on a numerous amount of tasks around the office.
32,Kayden Hill,Negative Feedback,Work Culture,show,offish attitude,verb_preposition_with,prep->pobj,He shows up with a stand-offish attitude and constantly fails to meet expected deadlines.
32,Kayden Hill,Negative Feedback,Work Culture,show,he,verb_subject,nsubj,He shows up with a stand-offish attitude and constantly fails to meet expected deadlines.
32,Kayden Hill,Negative Feedback,Work Culture,offish,offish attitude,adjective_modifies_noun,amod,He shows up with a stand-offish attitude and constantly fails to meet expected deadlines.
32,Kayden Hill,Negative Feedback,Work Culture,meet,expected deadlines,verb_object,dobj,He shows up with a stand-offish attitude and constantly fails to meet expected deadlines.
32,Kayden Hill,Negative Feedback,Work Culture,expect,expected deadlines,adjective_modifies_noun,amod,He shows up with a stand-offish attitude and constantly fails to meet expected deadlines.
32,Kayden Hill,Negative Feedback,Work Culture,decrease,last few months,verb_preposition_over,prep->pobj,"Additionally, the quality of his submissions has been decreasing greatly over the last few months."
32,Kayden Hill,Negative Feedback,Work Culture,decrease,quality,verb_subject,nsubj,"Additionally, the quality of his submissions has been decreasing greatly over the last few months."
32,Kayden Hill,Negative Feedback,Work Culture,last,last few months,adjective_modifies_noun,amod,"Additionally, the quality of his submissions has been decreasing greatly over the last few months."
32,Kayden Hill,Negative Feedback,Work Culture,few,last few months,adjective_modifies_noun,amod,"Additionally, the quality of his submissions has been decreasing greatly over the last few months."
32,Kayden Hill,Negative Feedback,Work Culture,see,kayden,verb_object,dobj,"I do not currently see Kayden as an individual who I expect to succeed in the office, and I do not believe that he is an asset to the team."
32,Kayden Hill,Negative Feedback,Work Culture,see,individual,verb_preposition_as,prep->pobj,"I do not currently see Kayden as an individual who I expect to succeed in the office, and I do not believe that he is an asset to the team."
32,Kayden Hill,Negative Feedback,Work Culture,see,i,verb_subject,nsubj,"I do not currently see Kayden as an individual who I expect to succeed in the office, and I do not believe that he is an asset to the team."
32,Kayden Hill,Negative Feedback,Work Culture,expect,i,verb_subject,nsubj,"I do not currently see Kayden as an individual who I expect to succeed in the office, and I do not believe that he is an asset to the team."
32,Kayden Hill,Negative Feedback,Work Culture,succeed,who,verb_object,dobj,"I do not currently see Kayden as an individual who I expect to succeed in the office, and I do not believe that he is an asset to the team."
32,Kayden Hill,Negative Feedback,Work Culture,succeed,office,verb_preposition_in,prep->pobj,"I do not currently see Kayden as an individual who I expect to succeed in the office, and I do not believe that he is an asset to the team."
32,Kayden Hill,Negative Feedback,Work Culture,believe,i,verb_subject,nsubj,"I do not currently see Kayden as an individual who I expect to succeed in the office, and I do not believe that he is an asset to the team."
31,Kayden Hill,Negative Feedback,Career Growth,show,improvement,verb_object,dobj,Kayden Hill has shown no improvement over the last quarter.
31,Kayden Hill,Negative Feedback,Career Growth,show,last quarter,verb_preposition_over,prep->pobj,Kayden Hill has shown no improvement over the last quarter.
31,Kayden Hill,Negative Feedback,Career Growth,show,kayden hill,verb_subject,nsubj,Kayden Hill has shown no improvement over the last quarter.
31,Kayden Hill,Negative Feedback,Career Growth,last,last quarter,adjective_modifies_noun,amod,Kayden Hill has shown no improvement over the last quarter.
31,Kayden Hill,Negative Feedback,Career Growth,continue,she,verb_subject,nsubj,She has continued to perform at the lowest standard possible and shows no desire to better herself or seek assistance to improve.
31,Kayden Hill,Negative Feedback,Career Growth,perform,lowest standard,verb_preposition_at,prep->pobj,She has continued to perform at the lowest standard possible and shows no desire to better herself or seek assistance to improve.
31,Kayden Hill,Negative Feedback,Career Growth,low,lowest standard,adjective_modifies_noun,amod,She has continued to perform at the lowest standard possible and shows no desire to better herself or seek assistance to improve.
31,Kayden Hill,Negative Feedback,Career Growth,show,desire,verb_object,dobj,She has continued to perform at the lowest standard possible and shows no desire to better herself or seek assistance to improve.
31,Kayden Hill,Negative Feedback,Career Growth,better,herself,verb_object,dobj,She has continued to perform at the lowest standard possible and shows no desire to better herself or seek assistance to improve.
31,Kayden Hill,Negative Feedback,Career Growth,seek,assistance,verb_object,dobj,She has continued to perform at the lowest standard possible and shows no desire to better herself or seek assistance to improve.
31,Kayden Hill,Negative Feedback,Career Growth,single,single area,adjective_modifies_noun,amod,"Every single area of her work needs immediate improvement, if there is no improvement shown I feel that we have no choice to dismiss this employee as her low performance and work ethic could soon become harmful to the company and effect the work ethic of her peers."
31,Kayden Hill,Negative Feedback,Career Growth,need,immediate improvement,verb_object,dobj,"Every single area of her work needs immediate improvement, if there is no improvement shown I feel that we have no choice to dismiss this employee as her low performance and work ethic could soon become harmful to the company and effect the work ethic of her peers."
31,Kayden Hill,Negative Feedback,Career Growth,need,single area,verb_subject,nsubj,"Every single area of her work needs immediate improvement, if there is no improvement shown I feel that we have no choice to dismiss this employee as her low performance and work ethic could soon become harmful to the company and effect the work ethic of her peers."
31,Kayden Hill,Negative Feedback,Career Growth,immediate,immediate improvement,adjective_modifies_noun,amod,"Every single area of her work needs immediate improvement, if there is no improvement shown I feel that we have no choice to dismiss this employee as her low performance and work ethic could soon become harmful to the company and effect the work ethic of her peers."
31,Kayden Hill,Negative Feedback,Career Growth,be,improvement,verb_object,attr,"Every single area of her work needs immediate improvement, if there is no improvement shown I feel that we have no choice to dismiss this employee as her low performance and work ethic could soon become harmful to the company and effect the work ethic of her peers."
31,Kayden Hill,Negative Feedback,Career Growth,feel,i,verb_subject,nsubj,"Every single area of her work needs immediate improvement, if there is no improvement shown I feel that we have no choice to dismiss this employee as her low performance and work ethic could soon become harmful to the company and effect the work ethic of her peers."
31,Kayden Hill,Negative Feedback,Career Growth,have,choice,verb_object,dobj,"Every single area of her work needs immediate improvement, if there is no improvement shown I feel that we have no choice to dismiss this employee as her low performance and work ethic could soon become harmful to the company and effect the work ethic of her peers."
31,Kayden Hill,Negative Feedback,Career Growth,have,we,verb_subject,nsubj,"Every single area of her work needs immediate improvement, if there is no improvement shown I feel that we have no choice to dismiss this employee as her low performance and work ethic could soon become harmful to the company and effect the work ethic of her peers."
31,Kayden Hill,Negative Feedback,Career Growth,dismiss,employee,verb_object,dobj,"Every single area of her work needs immediate improvement, if there is no improvement shown I feel that we have no choice to dismiss this employee as her low performance and work ethic could soon become harmful to the company and effect the work ethic of her peers."
31,Kayden Hill,Negative Feedback,Career Growth,dismiss,low performance,verb_preposition_as,prep->pobj,"Every single area of her work needs immediate improvement, if there is no improvement shown I feel that we have no choice to dismiss this employee as her low performance and work ethic could soon become harmful to the company and effect the work ethic of her peers."
31,Kayden Hill,Negative Feedback,Career Growth,low,low performance,adjective_modifies_noun,amod,"Every single area of her work needs immediate improvement, if there is no improvement shown I feel that we have no choice to dismiss this employee as her low performance and work ethic could soon become harmful to the company and effect the work ethic of her peers."
31,Kayden Hill,Negative Feedback,Career Growth,ethic,work,adjective_modifies_noun,advmod,"Every single area of her work needs immediate improvement, if there is no improvement shown I feel that we have no choice to dismiss this employee as her low performance and work ethic could soon become harmful to the company and effect the work ethic of her peers."
31,Kayden Hill,Negative Feedback,Career Growth,effect,work,verb_object,dobj,"Every single area of her work needs immediate improvement, if there is no improvement shown I feel that we have no choice to dismiss this employee as her low performance and work ethic could soon become harmful to the company and effect the work ethic of her peers."
30,Broderick Hays,Negative Feedback,Career Growth,apply,himself,verb_object,dobj,Needs to apply himself at work.
30,Broderick Hays,Negative Feedback,Career Growth,apply,work,verb_preposition_at,prep->pobj,Needs to apply himself at work.
30,Broderick Hays,Negative Feedback,Career Growth,improve,things,verb_subject,nsubj,Too distracted and no indication that things will improve.
30,Broderick Hays,Negative Feedback,Career Growth,possible,possible re,adjective_modifies_noun,amod,Possible re-training needed.
30,Broderick Hays,Negative Feedback,Career Growth,need,possible re,verb_subject,nsubj,Possible re-training needed.
30,Broderick Hays,Negative Feedback,Career Growth,need,-,verb_subject,nsubj,Possible re-training needed.
30,Broderick Hays,Negative Feedback,Career Growth,need,training,verb_subject,nsubj,Possible re-training needed.
30,Broderick Hays,Negative Feedback,Career Growth,need,we,verb_subject,nsubj,We need to see that Broderick can work well.
30,Broderick Hays,Negative Feedback,Career Growth,work,broderick,verb_subject,nsubj,We need to see that Broderick can work well.
29,Broderick Hays,Negative Feedback,Work Culture,past,past year,adjective_modifies_noun,amod,Broderick Hays has been a member of our team for the past year.
29,Broderick Hays,Negative Feedback,Work Culture,demonstrate,lack,verb_object,dobj,He has demonstrated a lack of motivation during work hours.
29,Broderick Hays,Negative Feedback,Work Culture,demonstrate,he,verb_subject,nsubj,He has demonstrated a lack of motivation during work hours.
29,Broderick Hays,Negative Feedback,Work Culture,several,several customer complaints,adjective_modifies_noun,amod,There have been several customer complaints due to unresolved issues.
29,Broderick Hays,Negative Feedback,Work Culture,unresolved,unresolved issues,adjective_modifies_noun,amod,There have been several customer complaints due to unresolved issues.
29,Broderick Hays,Negative Feedback,Work Culture,continue,employment,verb_object,dobj,"Unfortunately, we are unable to continue his employment at this time."
29,Broderick Hays,Negative Feedback,Work Culture,continue,time,verb_preposition_at,prep->pobj,"Unfortunately, we are unable to continue his employment at this time."
28,Broderick Hays,Negative Feedback,Work Culture,run,late work,verb_object,dobj,Mr. Hays is always running late or missing work.
28,Broderick Hays,Negative Feedback,Work Culture,run,mr. hays,verb_subject,nsubj,Mr. Hays is always running late or missing work.
28,Broderick Hays,Negative Feedback,Work Culture,late,late work,adjective_modifies_noun,amod,Mr. Hays is always running late or missing work.
28,Broderick Hays,Negative Feedback,Work Culture,have,mr. hays,verb_subject,nsubj,Mr. Hays has yet to hand in an assignment on time.
28,Broderick Hays,Negative Feedback,Work Culture,hand,assignment,verb_object,dobj,Mr. Hays has yet to hand in an assignment on time.
28,Broderick Hays,Negative Feedback,Work Culture,put,little effort,verb_object,dobj,Mr. Hays puts in little effort and work to his assignments.
28,Broderick Hays,Negative Feedback,Work Culture,put,mr. hays,verb_subject,nsubj,Mr. Hays puts in little effort and work to his assignments.
28,Broderick Hays,Negative Feedback,Work Culture,little,little effort,adjective_modifies_noun,amod,Mr. Hays puts in little effort and work to his assignments.
28,Broderick Hays,Negative Feedback,Work Culture,work,assignments,verb_preposition_to,prep->pobj,Mr. Hays puts in little effort and work to his assignments.
28,Broderick Hays,Negative Feedback,Work Culture,enjoy,job,verb_object,dobj,Doesn't appear to enjoy this job.
26,Mackenzie Jennings,Negative Feedback,Work Culture,work,last quarter,verb_preposition_in,prep->pobj,Mackenzie has been frustrating to work with in the last quarter.
26,Mackenzie Jennings,Negative Feedback,Work Culture,last,last quarter,adjective_modifies_noun,amod,Mackenzie has been frustrating to work with in the last quarter.
26,Mackenzie Jennings,Negative Feedback,Work Culture,return,assignments,verb_object,dobj,She's frequently late to return assignments and does not attend meetings on time.
26,Mackenzie Jennings,Negative Feedback,Work Culture,attend,meetings,verb_object,dobj,She's frequently late to return assignments and does not attend meetings on time.
26,Mackenzie Jennings,Negative Feedback,Work Culture,riddle,typos,verb_preposition_with,prep->pobj,Her work product is riddled with typos.
26,Mackenzie Jennings,Negative Feedback,Work Culture,riddle,work product,verb_subject,nsubjpass,Her work product is riddled with typos.
26,Mackenzie Jennings,Negative Feedback,Work Culture,ask,her,verb_object,dobj,"When I've asked her to make corrections, she's slow to do"
26,Mackenzie Jennings,Negative Feedback,Work Culture,ask,i,verb_subject,nsubj,"When I've asked her to make corrections, she's slow to do"
26,Mackenzie Jennings,Negative Feedback,Work Culture,make,corrections,verb_object,dobj,"When I've asked her to make corrections, she's slow to do"
26,Mackenzie Jennings,Negative Feedback,Work Culture,believe,i,verb_subject,nsubj,"Unfortunately, I believe that Mackenzie does not have the ability to improve much from here."
26,Mackenzie Jennings,Negative Feedback,Work Culture,have,ability,verb_object,dobj,"Unfortunately, I believe that Mackenzie does not have the ability to improve much from here."
26,Mackenzie Jennings,Negative Feedback,Work Culture,have,mackenzie,verb_subject,nsubj,"Unfortunately, I believe that Mackenzie does not have the ability to improve much from here."
25,Mackenzie Jennings,Negative Feedback,Career Growth,start,i,verb_subject,nsubj,Where do I start?
25,Mackenzie Jennings,Negative Feedback,Career Growth,meet,any,verb_object,dobj,"She is not meeting any of her company goals, and i do not see how she can improve."
25,Mackenzie Jennings,Negative Feedback,Career Growth,meet,she,verb_subject,nsubj,"She is not meeting any of her company goals, and i do not see how she can improve."
25,Mackenzie Jennings,Negative Feedback,Career Growth,see,i,verb_subject,nsubj,"She is not meeting any of her company goals, and i do not see how she can improve."
25,Mackenzie Jennings,Negative Feedback,Career Growth,improve,she,verb_subject,nsubj,"She is not meeting any of her company goals, and i do not see how she can improve."
25,Mackenzie Jennings,Negative Feedback,Career Growth,recommend,i,verb_subject,nsubj,I would not recommend rehiring her for any position
25,Mackenzie Jennings,Negative Feedback,Career Growth,rehire,her,verb_object,dobj,I would not recommend rehiring her for any position
25,Mackenzie Jennings,Negative Feedback,Career Growth,rehire,position,verb_preposition_for,prep->pobj,I would not recommend rehiring her for any position
24,Jalen Summers,Negative Feedback,Work Culture,turn,me,verb_preposition_to,prep->pobj,The reports that Jalen turns in to me usually reflect a very poor effort.
24,Jalen Summers,Negative Feedback,Work Culture,turn,jalen,verb_subject,nsubj,The reports that Jalen turns in to me usually reflect a very poor effort.
24,Jalen Summers,Negative Feedback,Work Culture,reflect,poor effort,verb_object,dobj,The reports that Jalen turns in to me usually reflect a very poor effort.
24,Jalen Summers,Negative Feedback,Work Culture,reflect,reports,verb_subject,nsubj,The reports that Jalen turns in to me usually reflect a very poor effort.
24,Jalen Summers,Negative Feedback,Work Culture,poor,poor effort,adjective_modifies_noun,amod,The reports that Jalen turns in to me usually reflect a very poor effort.
24,Jalen Summers,Negative Feedback,Work Culture,fill,example,verb_preposition_for,prep->pobj,"For example, they're filled with basic spelling errors."
24,Jalen Summers,Negative Feedback,Work Culture,fill,basic spelling errors,verb_preposition_with,prep->pobj,"For example, they're filled with basic spelling errors."
24,Jalen Summers,Negative Feedback,Work Culture,fill,they,verb_subject,nsubjpass,"For example, they're filled with basic spelling errors."
24,Jalen Summers,Negative Feedback,Work Culture,basic,basic spelling errors,adjective_modifies_noun,amod,"For example, they're filled with basic spelling errors."
24,Jalen Summers,Negative Feedback,Work Culture,font,font randomly changes,adjective_modifies_noun,amod,"The font randomly changes from page to page, and the formatting and spacing are often inconsistent."
24,Jalen Summers,Negative Feedback,Work Culture,randomly,font randomly changes,adjective_modifies_noun,amod,"The font randomly changes from page to page, and the formatting and spacing are often inconsistent."
24,Jalen Summers,Negative Feedback,Work Culture,correct,errors,verb_object,dobj,This is always frustrating because correcting these errors takes a significant amount of time.
24,Jalen Summers,Negative Feedback,Work Culture,take,significant amount,verb_object,dobj,This is always frustrating because correcting these errors takes a significant amount of time.
24,Jalen Summers,Negative Feedback,Work Culture,significant,significant amount,adjective_modifies_noun,amod,This is always frustrating because correcting these errors takes a significant amount of time.
24,Jalen Summers,Negative Feedback,Work Culture,speak,jalen,verb_preposition_to,prep->pobj,"When I've spoken to Jalen about the importance of reviewing and proof-reading work, he has blown me off and continued to submit subpar work."
24,Jalen Summers,Negative Feedback,Work Culture,speak,importance,verb_preposition_about,prep->pobj,"When I've spoken to Jalen about the importance of reviewing and proof-reading work, he has blown me off and continued to submit subpar work."
24,Jalen Summers,Negative Feedback,Work Culture,speak,i,verb_subject,nsubj,"When I've spoken to Jalen about the importance of reviewing and proof-reading work, he has blown me off and continued to submit subpar work."
24,Jalen Summers,Negative Feedback,Work Culture,review,reviewing reading work,adjective_modifies_noun,amod,"When I've spoken to Jalen about the importance of reviewing and proof-reading work, he has blown me off and continued to submit subpar work."
24,Jalen Summers,Negative Feedback,Work Culture,read,reviewing reading work,adjective_modifies_noun,amod,"When I've spoken to Jalen about the importance of reviewing and proof-reading work, he has blown me off and continued to submit subpar work."
24,Jalen Summers,Negative Feedback,Work Culture,blow,me,verb_object,dobj,"When I've spoken to Jalen about the importance of reviewing and proof-reading work, he has blown me off and continued to submit subpar work."
24,Jalen Summers,Negative Feedback,Work Culture,blow,he,verb_subject,nsubj,"When I've spoken to Jalen about the importance of reviewing and proof-reading work, he has blown me off and continued to submit subpar work."
24,Jalen Summers,Negative Feedback,Work Culture,submit,subpar work,verb_object,dobj,"When I've spoken to Jalen about the importance of reviewing and proof-reading work, he has blown me off and continued to submit subpar work."
24,Jalen Summers,Negative Feedback,Work Culture,subpar,subpar work,adjective_modifies_noun,amod,"When I've spoken to Jalen about the importance of reviewing and proof-reading work, he has blown me off and continued to submit subpar work."
24,Jalen Summers,Negative Feedback,Work Culture,show,me,verb_object,dobj,"Unfortunately, his lack of willingness to change shows me that he's not invested in moving up in this company."
24,Jalen Summers,Negative Feedback,Work Culture,show,lack,verb_subject,nsubj,"Unfortunately, his lack of willingness to change shows me that he's not invested in moving up in this company."
24,Jalen Summers,Negative Feedback,Work Culture,invest,he,verb_subject,nsubjpass,"Unfortunately, his lack of willingness to change shows me that he's not invested in moving up in this company."
24,Jalen Summers,Negative Feedback,Work Culture,move,company,verb_preposition_in,prep->pobj,"Unfortunately, his lack of willingness to change shows me that he's not invested in moving up in this company."
22,Jalen Summers,Negative Feedback,Career Growth,think,i,verb_subject,nsubj,I think that Jalen should be trained more so as to perfect his skills.
22,Jalen Summers,Negative Feedback,Career Growth,train,jalen,verb_subject,nsubjpass,I think that Jalen should be trained more so as to perfect his skills.
22,Jalen Summers,Negative Feedback,Career Growth,perfect,skills,verb_object,dobj,I think that Jalen should be trained more so as to perfect his skills.
22,Jalen Summers,Negative Feedback,Career Growth,believe,i,verb_subject,nsubj,I believe that people with low quality skills are willing to learn.
22,Jalen Summers,Negative Feedback,Career Growth,low,low quality skills,adjective_modifies_noun,amod,I believe that people with low quality skills are willing to learn.
22,Jalen Summers,Negative Feedback,Career Growth,say,i,verb_subject,nsubj,I say give him more time .
22,Jalen Summers,Negative Feedback,Career Growth,give,more time,verb_object,dobj,I say give him more time .
22,Jalen Summers,Negative Feedback,Career Growth,more,more time,adjective_modifies_noun,amod,I say give him more time .
21,Tom Barrett,Negative Feedback,Career Growth,show,potential,verb_object,dobj,Tom does not show any potential in his job performance.
21,Tom Barrett,Negative Feedback,Career Growth,show,tom,verb_subject,nsubj,Tom does not show any potential in his job performance.
21,Tom Barrett,Negative Feedback,Career Growth,seem,tom,verb_subject,nsubj,Tom never seems to be caught up with the team and is always behind on his work.
21,Tom Barrett,Negative Feedback,Career Growth,catch,team,verb_preposition_with,prep->pobj,Tom never seems to be caught up with the team and is always behind on his work.
21,Tom Barrett,Negative Feedback,Career Growth,have,bad attitude,verb_object,dobj,Tom has a bad attitude and continues to make excuses for his performance.
21,Tom Barrett,Negative Feedback,Career Growth,have,tom,verb_subject,nsubj,Tom has a bad attitude and continues to make excuses for his performance.
21,Tom Barrett,Negative Feedback,Career Growth,bad,bad attitude,adjective_modifies_noun,amod,Tom has a bad attitude and continues to make excuses for his performance.
21,Tom Barrett,Negative Feedback,Career Growth,make,excuses,verb_object,dobj,Tom has a bad attitude and continues to make excuses for his performance.
21,Tom Barrett,Negative Feedback,Career Growth,need,more training,verb_object,dobj,Tom needs more training to make sure we are offering everything to help him be successful in this career.
21,Tom Barrett,Negative Feedback,Career Growth,need,tom,verb_subject,nsubj,Tom needs more training to make sure we are offering everything to help him be successful in this career.
21,Tom Barrett,Negative Feedback,Career Growth,more,more training,adjective_modifies_noun,amod,Tom needs more training to make sure we are offering everything to help him be successful in this career.
21,Tom Barrett,Negative Feedback,Career Growth,offer,everything,verb_object,dobj,Tom needs more training to make sure we are offering everything to help him be successful in this career.
21,Tom Barrett,Negative Feedback,Career Growth,offer,we,verb_subject,nsubj,Tom needs more training to make sure we are offering everything to help him be successful in this career.
20,Tom Barrett,Negative Feedback,Work Culture,have,problem,verb_object,dobj,Tom Barrett has a problem with keeping up.
20,Tom Barrett,Negative Feedback,Work Culture,have,tom barrett,verb_subject,nsubj,Tom Barrett has a problem with keeping up.
20,Tom Barrett,Negative Feedback,Work Culture,wish,i,verb_subject,nsubj,"I wish he would just take more action and work harder, but it seems something is holding him back."
20,Tom Barrett,Negative Feedback,Work Culture,take,more action,verb_object,dobj,"I wish he would just take more action and work harder, but it seems something is holding him back."
20,Tom Barrett,Negative Feedback,Work Culture,take,he,verb_subject,nsubj,"I wish he would just take more action and work harder, but it seems something is holding him back."
20,Tom Barrett,Negative Feedback,Work Culture,more,more action,adjective_modifies_noun,amod,"I wish he would just take more action and work harder, but it seems something is holding him back."
20,Tom Barrett,Negative Feedback,Work Culture,seem,it,verb_subject,nsubj,"I wish he would just take more action and work harder, but it seems something is holding him back."
20,Tom Barrett,Negative Feedback,Work Culture,hold,him,verb_object,dobj,"I wish he would just take more action and work harder, but it seems something is holding him back."
20,Tom Barrett,Negative Feedback,Work Culture,hold,something,verb_subject,nsubj,"I wish he would just take more action and work harder, but it seems something is holding him back."
20,Tom Barrett,Negative Feedback,Work Culture,go,he,verb_subject,nsubj,"Unfortunately, he is not going to be a good long-term worker."
20,Tom Barrett,Negative Feedback,Work Culture,good,good term worker,adjective_modifies_noun,amod,"Unfortunately, he is not going to be a good long-term worker."
20,Tom Barrett,Negative Feedback,Work Culture,long,long term,adjective_modifies_noun,amod,"Unfortunately, he is not going to be a good long-term worker."
18,Libby Parker,Negative Feedback,Work Culture,talk,performance,verb_preposition_about,prep->pobj,Libby we must talk about your performance.
18,Libby Parker,Negative Feedback,Work Culture,talk,we,verb_subject,nsubj,Libby we must talk about your performance.
18,Libby Parker,Negative Feedback,Work Culture,reflect,amount,verb_object,dobj,Your numbers do not reflect the amount of time you are spending on tasks.
18,Libby Parker,Negative Feedback,Work Culture,reflect,numbers,verb_subject,nsubj,Your numbers do not reflect the amount of time you are spending on tasks.
18,Libby Parker,Negative Feedback,Work Culture,spend,tasks,verb_preposition_on,prep->pobj,Your numbers do not reflect the amount of time you are spending on tasks.
18,Libby Parker,Negative Feedback,Work Culture,spend,you,verb_subject,nsubj,Your numbers do not reflect the amount of time you are spending on tasks.
18,Libby Parker,Negative Feedback,Work Culture,need,we,verb_subject,nsubj,The quality of your work is so low we may need to let you go.
18,Libby Parker,Negative Feedback,Work Culture,go,you,verb_subject,nsubj,The quality of your work is so low we may need to let you go.
18,Libby Parker,Negative Feedback,Work Culture,see,'s,verb_subject,nsubj,Let's see what we can do to improve your work.
18,Libby Parker,Negative Feedback,Work Culture,do,what,verb_object,dobj,Let's see what we can do to improve your work.
18,Libby Parker,Negative Feedback,Work Culture,do,we,verb_subject,nsubj,Let's see what we can do to improve your work.
18,Libby Parker,Negative Feedback,Work Culture,improve,work,verb_object,dobj,Let's see what we can do to improve your work.
18,Libby Parker,Negative Feedback,Work Culture,well,better performer,adjective_modifies_noun,amod,You can be a much better performer if you work with us to improve.
18,Libby Parker,Negative Feedback,Work Culture,work,us,verb_preposition_with,prep->pobj,You can be a much better performer if you work with us to improve.
18,Libby Parker,Negative Feedback,Work Culture,work,you,verb_subject,nsubj,You can be a much better performer if you work with us to improve.
17,Libby Parker,Negative Feedback,Work Culture,start,libby,verb_subject,nsubj,Libby started off well but no longer has motivation to perform well.
17,Libby Parker,Negative Feedback,Work Culture,have,motivation,verb_object,dobj,Libby started off well but no longer has motivation to perform well.
17,Libby Parker,Negative Feedback,Work Culture,show,signs,verb_object,dobj,She shows no signs of interest and has no ambitions.
17,Libby Parker,Negative Feedback,Work Culture,show,she,verb_subject,nsubj,She shows no signs of interest and has no ambitions.
17,Libby Parker,Negative Feedback,Work Culture,have,ambitions,verb_object,dobj,She shows no signs of interest and has no ambitions.
17,Libby Parker,Negative Feedback,Work Culture,perform,she,verb_subject,nsubj,She is performing poorly and doesn't show effort in her work.
17,Libby Parker,Negative Feedback,Work Culture,show,effort,verb_object,dobj,She is performing poorly and doesn't show effort in her work.
17,Libby Parker,Negative Feedback,Work Culture,show,work,verb_preposition_in,prep->pobj,She is performing poorly and doesn't show effort in her work.
17,Libby Parker,Negative Feedback,Work Culture,take,job,verb_object,dobj,She no longer takes the job serious.
17,Libby Parker,Negative Feedback,Work Culture,take,she,verb_subject,nsubj,She no longer takes the job serious.
17,Libby Parker,Negative Feedback,Work Culture,need,she,verb_subject,nsubj,She needs to change her work ethic soon or else she will no longer have a job within our institution.
17,Libby Parker,Negative Feedback,Work Culture,change,work,verb_object,dobj,She needs to change her work ethic soon or else she will no longer have a job within our institution.
17,Libby Parker,Negative Feedback,Work Culture,have,job,verb_object,dobj,She needs to change her work ethic soon or else she will no longer have a job within our institution.
17,Libby Parker,Negative Feedback,Work Culture,have,institution,verb_preposition_within,prep->pobj,She needs to change her work ethic soon or else she will no longer have a job within our institution.
17,Libby Parker,Negative Feedback,Work Culture,have,she,verb_subject,nsubj,She needs to change her work ethic soon or else she will no longer have a job within our institution.
16,Libby Parker,Negative Feedback,Career Growth,senior,senior associate,adjective_modifies_noun,amod,"Even though Libby is a senior associate, she turns in work product that consistently seems like it's come from a first-year associate."
16,Libby Parker,Negative Feedback,Career Growth,turn,work product,verb_preposition_in,prep->pobj,"Even though Libby is a senior associate, she turns in work product that consistently seems like it's come from a first-year associate."
16,Libby Parker,Negative Feedback,Career Growth,turn,she,verb_subject,nsubj,"Even though Libby is a senior associate, she turns in work product that consistently seems like it's come from a first-year associate."
16,Libby Parker,Negative Feedback,Career Growth,seem,that,verb_subject,nsubj,"Even though Libby is a senior associate, she turns in work product that consistently seems like it's come from a first-year associate."
16,Libby Parker,Negative Feedback,Career Growth,come,year associate,verb_preposition_from,prep->pobj,"Even though Libby is a senior associate, she turns in work product that consistently seems like it's come from a first-year associate."
16,Libby Parker,Negative Feedback,Career Growth,come,it,verb_subject,nsubjpass,"Even though Libby is a senior associate, she turns in work product that consistently seems like it's come from a first-year associate."
16,Libby Parker,Negative Feedback,Career Growth,first,first year,adjective_modifies_noun,amod,"Even though Libby is a senior associate, she turns in work product that consistently seems like it's come from a first-year associate."
16,Libby Parker,Negative Feedback,Career Growth,make,careless mistakes,verb_object,dobj,She makes careless mistakes and never checks her spelling or grammar.
16,Libby Parker,Negative Feedback,Career Growth,make,she,verb_subject,nsubj,She makes careless mistakes and never checks her spelling or grammar.
16,Libby Parker,Negative Feedback,Career Growth,careless,careless mistakes,adjective_modifies_noun,amod,She makes careless mistakes and never checks her spelling or grammar.
16,Libby Parker,Negative Feedback,Career Growth,check,spelling,verb_object,dobj,She makes careless mistakes and never checks her spelling or grammar.
16,Libby Parker,Negative Feedback,Career Growth,speak,clients,verb_preposition_with,prep->pobj,She is hesitant and shy about speaking with clients even though that should be a key part of her role at this level.
16,Libby Parker,Negative Feedback,Career Growth,key,key part,adjective_modifies_noun,amod,She is hesitant and shy about speaking with clients even though that should be a key part of her role at this level.
16,Libby Parker,Negative Feedback,Career Growth,take,hours,verb_object,dobj,It frequently takes her hours to complete an assignment that should take 20 minutes or less.
16,Libby Parker,Negative Feedback,Career Growth,take,it,verb_subject,nsubj,It frequently takes her hours to complete an assignment that should take 20 minutes or less.
16,Libby Parker,Negative Feedback,Career Growth,complete,assignment,verb_object,dobj,It frequently takes her hours to complete an assignment that should take 20 minutes or less.
16,Libby Parker,Negative Feedback,Career Growth,take,minutes,verb_object,dobj,It frequently takes her hours to complete an assignment that should take 20 minutes or less.
16,Libby Parker,Negative Feedback,Career Growth,take,that,verb_subject,nsubj,It frequently takes her hours to complete an assignment that should take 20 minutes or less.
16,Libby Parker,Negative Feedback,Career Growth,listen,feedback,verb_preposition_to,prep->pobj,"Moreover, Libby never listens to my feedback or takes it seriously so I cannot imagine that her future at this company will last for much longer."
16,Libby Parker,Negative Feedback,Career Growth,listen,libby,verb_subject,nsubj,"Moreover, Libby never listens to my feedback or takes it seriously so I cannot imagine that her future at this company will last for much longer."
16,Libby Parker,Negative Feedback,Career Growth,take,it,verb_object,dobj,"Moreover, Libby never listens to my feedback or takes it seriously so I cannot imagine that her future at this company will last for much longer."
16,Libby Parker,Negative Feedback,Career Growth,imagine,i,verb_subject,nsubj,"Moreover, Libby never listens to my feedback or takes it seriously so I cannot imagine that her future at this company will last for much longer."
16,Libby Parker,Negative Feedback,Career Growth,last,future,verb_subject,nsubj,"Moreover, Libby never listens to my feedback or takes it seriously so I cannot imagine that her future at this company will last for much longer."
15,George Gill,Negative Feedback,Work Culture,give,ample warning,verb_object,dobj,George was given ample warning last quarter that his work had fallen below respectable levels.
15,George Gill,Negative Feedback,Work Culture,give,george,verb_subject,nsubjpass,George was given ample warning last quarter that his work had fallen below respectable levels.
15,George Gill,Negative Feedback,Work Culture,ample,ample warning,adjective_modifies_noun,amod,George was given ample warning last quarter that his work had fallen below respectable levels.
15,George Gill,Negative Feedback,Work Culture,last,last quarter,adjective_modifies_noun,amod,George was given ample warning last quarter that his work had fallen below respectable levels.
15,George Gill,Negative Feedback,Work Culture,fall,respectable levels,verb_preposition_below,prep->pobj,George was given ample warning last quarter that his work had fallen below respectable levels.
15,George Gill,Negative Feedback,Work Culture,fall,work,verb_subject,nsubj,George was given ample warning last quarter that his work had fallen below respectable levels.
15,George Gill,Negative Feedback,Work Culture,respectable,respectable levels,adjective_modifies_noun,amod,George was given ample warning last quarter that his work had fallen below respectable levels.
15,George Gill,Negative Feedback,Work Culture,remain,input,verb_subject,nsubj,"This quarter, George's input in our division has remained subpar."
15,George Gill,Negative Feedback,Work Culture,seem,he,verb_subject,nsubj,He doesn't seem committed to changing his behavior and shows no enthusiasm towards his job or towards his fellow colleagues.
15,George Gill,Negative Feedback,Work Culture,change,behavior,verb_object,dobj,He doesn't seem committed to changing his behavior and shows no enthusiasm towards his job or towards his fellow colleagues.
15,George Gill,Negative Feedback,Work Culture,show,enthusiasm,verb_object,dobj,He doesn't seem committed to changing his behavior and shows no enthusiasm towards his job or towards his fellow colleagues.
15,George Gill,Negative Feedback,Work Culture,fellow,fellow colleagues,adjective_modifies_noun,amod,He doesn't seem committed to changing his behavior and shows no enthusiasm towards his job or towards his fellow colleagues.
15,George Gill,Negative Feedback,Work Culture,recommend,i,verb_subject,nsubj,I strongly recommend that we terminate his contract.
15,George Gill,Negative Feedback,Work Culture,terminate,contract,verb_object,dobj,I strongly recommend that we terminate his contract.
15,George Gill,Negative Feedback,Work Culture,terminate,we,verb_subject,nsubj,I strongly recommend that we terminate his contract.
71,Tom Barrett,Negative Feedback,Work Culture,seem,tom barrett,verb_subject,nsubj,Tom Barrett does not seem to take his position seriously.
71,Tom Barrett,Negative Feedback,Work Culture,take,position,verb_object,dobj,Tom Barrett does not seem to take his position seriously.
71,Tom Barrett,Negative Feedback,Work Culture,useful,useful input,adjective_modifies_noun,amod,His lack of punctuality and useful input make him more of a burden to the team.
71,Tom Barrett,Negative Feedback,Work Culture,make,lack,verb_subject,nsubj,His lack of punctuality and useful input make him more of a burden to the team.
71,Tom Barrett,Negative Feedback,Work Culture,more,him,copular_description,nsubj,His lack of punctuality and useful input make him more of a burden to the team.
71,Tom Barrett,Negative Feedback,Work Culture,complete,reasonable timeframe,verb_preposition_within,prep->pobj,Tasks are rarely completed within a reasonable timeframe and other team members have had to take on extra work to complete projects.
71,Tom Barrett,Negative Feedback,Work Culture,complete,tasks,verb_subject,nsubjpass,Tasks are rarely completed within a reasonable timeframe and other team members have had to take on extra work to complete projects.
71,Tom Barrett,Negative Feedback,Work Culture,reasonable,reasonable timeframe,adjective_modifies_noun,amod,Tasks are rarely completed within a reasonable timeframe and other team members have had to take on extra work to complete projects.
71,Tom Barrett,Negative Feedback,Work Culture,other,other team members,adjective_modifies_noun,amod,Tasks are rarely completed within a reasonable timeframe and other team members have had to take on extra work to complete projects.
71,Tom Barrett,Negative Feedback,Work Culture,take,extra work,verb_object,dobj,Tasks are rarely completed within a reasonable timeframe and other team members have had to take on extra work to complete projects.
71,Tom Barrett,Negative Feedback,Work Culture,extra,extra work,adjective_modifies_noun,amod,Tasks are rarely completed within a reasonable timeframe and other team members have had to take on extra work to complete projects.
71,Tom Barrett,Negative Feedback,Work Culture,complete,projects,verb_object,dobj,Tasks are rarely completed within a reasonable timeframe and other team members have had to take on extra work to complete projects.
71,Tom Barrett,Negative Feedback,Work Culture,require,proof,verb_object,dobj,"Tom's work often requires proof reading before submission, adding an extra task."
71,Tom Barrett,Negative Feedback,Work Culture,require,work,verb_subject,nsubj,"Tom's work often requires proof reading before submission, adding an extra task."
71,Tom Barrett,Negative Feedback,Work Culture,read,submission,verb_preposition_before,prep->pobj,"Tom's work often requires proof reading before submission, adding an extra task."
71,Tom Barrett,Negative Feedback,Work Culture,add,extra task,verb_object,dobj,"Tom's work often requires proof reading before submission, adding an extra task."
71,Tom Barrett,Negative Feedback,Work Culture,extra,extra task,adjective_modifies_noun,amod,"Tom's work often requires proof reading before submission, adding an extra task."
13,George Gill,Negative Feedback,Work Culture,assign,report,verb_object,dobj,"I'm always nervous to assign George a report to draft, because I know that it's going to require so much of my time to edit."
13,George Gill,Negative Feedback,Work Culture,know,i,verb_subject,nsubj,"I'm always nervous to assign George a report to draft, because I know that it's going to require so much of my time to edit."
13,George Gill,Negative Feedback,Work Culture,go,it,verb_subject,nsubj,"I'm always nervous to assign George a report to draft, because I know that it's going to require so much of my time to edit."
13,George Gill,Negative Feedback,Work Culture,reliable,reliable member,adjective_modifies_noun,amod,George just simply is not a reliable member of our team since he frequently skirts assignments and relies on others to draft major portions.
13,George Gill,Negative Feedback,Work Culture,skirt,assignments,verb_object,dobj,George just simply is not a reliable member of our team since he frequently skirts assignments and relies on others to draft major portions.
13,George Gill,Negative Feedback,Work Culture,skirt,he,verb_subject,nsubj,George just simply is not a reliable member of our team since he frequently skirts assignments and relies on others to draft major portions.
13,George Gill,Negative Feedback,Work Culture,rely,others,verb_preposition_on,prep->pobj,George just simply is not a reliable member of our team since he frequently skirts assignments and relies on others to draft major portions.
13,George Gill,Negative Feedback,Work Culture,draft,major portions,verb_object,dobj,George just simply is not a reliable member of our team since he frequently skirts assignments and relies on others to draft major portions.
13,George Gill,Negative Feedback,Work Culture,major,major portions,adjective_modifies_noun,amod,George just simply is not a reliable member of our team since he frequently skirts assignments and relies on others to draft major portions.
13,George Gill,Negative Feedback,Work Culture,catch,whole paragraph,verb_object,dobj,"Even worse, I caught a whole paragraph that he had plagiarized in one of his reports, which was unacceptable."
13,George Gill,Negative Feedback,Work Culture,catch,i,verb_subject,nsubj,"Even worse, I caught a whole paragraph that he had plagiarized in one of his reports, which was unacceptable."
13,George Gill,Negative Feedback,Work Culture,whole,whole paragraph,adjective_modifies_noun,amod,"Even worse, I caught a whole paragraph that he had plagiarized in one of his reports, which was unacceptable."
13,George Gill,Negative Feedback,Work Culture,plagiarize,that,verb_object,dobj,"Even worse, I caught a whole paragraph that he had plagiarized in one of his reports, which was unacceptable."
13,George Gill,Negative Feedback,Work Culture,plagiarize,he,verb_subject,nsubj,"Even worse, I caught a whole paragraph that he had plagiarized in one of his reports, which was unacceptable."
13,George Gill,Negative Feedback,Work Culture,anticipate,george,verb_subject,nsubjpass,George is not anticipated to advance to further levels within our department given how careless his work product is.
13,George Gill,Negative Feedback,Work Culture,advance,further levels,verb_preposition_to,prep->pobj,George is not anticipated to advance to further levels within our department given how careless his work product is.
13,George Gill,Negative Feedback,Work Culture,further,further levels,adjective_modifies_noun,amod,George is not anticipated to advance to further levels within our department given how careless his work product is.
12,Libby Parker,Negative Feedback,Career Growth,good,good worker,adjective_modifies_noun,amod,Libby Parker has never been a good worker.
12,Libby Parker,Negative Feedback,Career Growth,show,promise,verb_object,dobj,Also she shows no promise in the future at the company.
12,Libby Parker,Negative Feedback,Career Growth,show,future,verb_preposition_in,prep->pobj,Also she shows no promise in the future at the company.
12,Libby Parker,Negative Feedback,Career Growth,show,company,verb_preposition_at,prep->pobj,Also she shows no promise in the future at the company.
12,Libby Parker,Negative Feedback,Career Growth,show,she,verb_subject,nsubj,Also she shows no promise in the future at the company.
12,Libby Parker,Negative Feedback,Career Growth,show,what,verb_object,dobj,From what she shows it appears that she doesn't care.
12,Libby Parker,Negative Feedback,Career Growth,show,she,verb_subject,nsubj,From what she shows it appears that she doesn't care.
12,Libby Parker,Negative Feedback,Career Growth,appear,it,verb_subject,nsubj,From what she shows it appears that she doesn't care.
12,Libby Parker,Negative Feedback,Career Growth,care,she,verb_subject,nsubj,From what she shows it appears that she doesn't care.
12,Libby Parker,Negative Feedback,Career Growth,most,most days,adjective_modifies_noun,amod,Most days she puts in minimal effort on her work.
12,Libby Parker,Negative Feedback,Career Growth,put,minimal effort,verb_object,dobj,Most days she puts in minimal effort on her work.
12,Libby Parker,Negative Feedback,Career Growth,put,work,verb_preposition_on,prep->pobj,Most days she puts in minimal effort on her work.
12,Libby Parker,Negative Feedback,Career Growth,put,she,verb_subject,nsubj,Most days she puts in minimal effort on her work.
12,Libby Parker,Negative Feedback,Career Growth,minimal,minimal effort,adjective_modifies_noun,amod,Most days she puts in minimal effort on her work.
10,Libby Parker,Negative Feedback,Work Culture,need,serious improvement,verb_object,dobj,Libby's work need serious improvement in all areas.
10,Libby Parker,Negative Feedback,Work Culture,need,work,verb_subject,nsubj,Libby's work need serious improvement in all areas.
10,Libby Parker,Negative Feedback,Work Culture,serious,serious improvement,adjective_modifies_noun,amod,Libby's work need serious improvement in all areas.
10,Libby Parker,Negative Feedback,Work Culture,ethic,enthusiasm,adjective_modifies_noun,amod,Her numbers are dismal and her enthusiasm and work ethic are practically non-existent.
10,Libby Parker,Negative Feedback,Work Culture,manage,she,verb_subject,nsubj,"I am unsure how she managed to earn the position she's in, as I see nothing from her that would indicate that she's capable."
10,Libby Parker,Negative Feedback,Work Culture,earn,position,verb_object,dobj,"I am unsure how she managed to earn the position she's in, as I see nothing from her that would indicate that she's capable."
10,Libby Parker,Negative Feedback,Work Culture,see,nothing,verb_object,dobj,"I am unsure how she managed to earn the position she's in, as I see nothing from her that would indicate that she's capable."
10,Libby Parker,Negative Feedback,Work Culture,see,her,verb_preposition_from,prep->pobj,"I am unsure how she managed to earn the position she's in, as I see nothing from her that would indicate that she's capable."
10,Libby Parker,Negative Feedback,Work Culture,see,i,verb_subject,nsubj,"I am unsure how she managed to earn the position she's in, as I see nothing from her that would indicate that she's capable."
10,Libby Parker,Negative Feedback,Work Culture,indicate,that,verb_subject,nsubj,"I am unsure how she managed to earn the position she's in, as I see nothing from her that would indicate that she's capable."
10,Libby Parker,Negative Feedback,Work Culture,need,we,verb_subject,nsubj,We will likely need to speak with her about her substandard performance.
10,Libby Parker,Negative Feedback,Work Culture,speak,her,verb_preposition_with,prep->pobj,We will likely need to speak with her about her substandard performance.
10,Libby Parker,Negative Feedback,Work Culture,speak,substandard performance,verb_preposition_about,prep->pobj,We will likely need to speak with her about her substandard performance.
10,Libby Parker,Negative Feedback,Work Culture,substandard,substandard performance,adjective_modifies_noun,amod,We will likely need to speak with her about her substandard performance.
9,George Gill,Negative Feedback,Work Culture,present,lot,verb_object,dobj,George Gill presents a lot of risk for the achievement of our company.
9,George Gill,Negative Feedback,Work Culture,present,achievement,verb_preposition_for,prep->pobj,George Gill presents a lot of risk for the achievement of our company.
9,George Gill,Negative Feedback,Work Culture,present,george gill,verb_subject,nsubj,George Gill presents a lot of risk for the achievement of our company.
9,George Gill,Negative Feedback,Work Culture,ethic,work,adjective_modifies_noun,amod,His work ethic is not consistent and he comes into work late often.
9,George Gill,Negative Feedback,Work Culture,come,work,verb_preposition_into,prep->pobj,His work ethic is not consistent and he comes into work late often.
9,George Gill,Negative Feedback,Work Culture,come,he,verb_subject,nsubj,His work ethic is not consistent and he comes into work late often.
9,George Gill,Negative Feedback,Work Culture,trust,george,verb_subject,nsubjpass,George cannot be trusted to complete even simple tasks in a timely manner.
9,George Gill,Negative Feedback,Work Culture,complete,simple tasks,verb_object,dobj,George cannot be trusted to complete even simple tasks in a timely manner.
9,George Gill,Negative Feedback,Work Culture,complete,timely manner,verb_preposition_in,prep->pobj,George cannot be trusted to complete even simple tasks in a timely manner.
9,George Gill,Negative Feedback,Work Culture,even,simple tasks,adjective_modifies_noun,advmod,George cannot be trusted to complete even simple tasks in a timely manner.
9,George Gill,Negative Feedback,Work Culture,simple,simple tasks,adjective_modifies_noun,amod,George cannot be trusted to complete even simple tasks in a timely manner.
9,George Gill,Negative Feedback,Work Culture,timely,timely manner,adjective_modifies_noun,amod,George cannot be trusted to complete even simple tasks in a timely manner.
9,George Gill,Negative Feedback,Work Culture,consider,additional training,verb_object,dobj,Please consider additional training to provide a second chance prior to action being taken on a more permanent level.
9,George Gill,Negative Feedback,Work Culture,additional,additional training,adjective_modifies_noun,amod,Please consider additional training to provide a second chance prior to action being taken on a more permanent level.
9,George Gill,Negative Feedback,Work Culture,provide,second chance,verb_object,dobj,Please consider additional training to provide a second chance prior to action being taken on a more permanent level.
9,George Gill,Negative Feedback,Work Culture,second,second chance,adjective_modifies_noun,amod,Please consider additional training to provide a second chance prior to action being taken on a more permanent level.
9,George Gill,Negative Feedback,Work Culture,take,permanent level,verb_preposition_on,prep->pobj,Please consider additional training to provide a second chance prior to action being taken on a more permanent level.
9,George Gill,Negative Feedback,Work Culture,permanent,permanent level,adjective_modifies_noun,amod,Please consider additional training to provide a second chance prior to action being taken on a more permanent level.
6,John Doe,Negative Feedback,Work Culture,demonstrate,low level,verb_object,dobj,John Doe demonstrates a low level of knowledge of the required work procedures and his work does not comply with the required output standards.
6,John Doe,Negative Feedback,Work Culture,demonstrate,john doe,verb_subject,nsubj,John Doe demonstrates a low level of knowledge of the required work procedures and his work does not comply with the required output standards.
6,John Doe,Negative Feedback,Work Culture,low,low level,adjective_modifies_noun,amod,John Doe demonstrates a low level of knowledge of the required work procedures and his work does not comply with the required output standards.
6,John Doe,Negative Feedback,Work Culture,require,required work procedures,adjective_modifies_noun,amod,John Doe demonstrates a low level of knowledge of the required work procedures and his work does not comply with the required output standards.
6,John Doe,Negative Feedback,Work Culture,comply,required output standards,verb_preposition_with,prep->pobj,John Doe demonstrates a low level of knowledge of the required work procedures and his work does not comply with the required output standards.
6,John Doe,Negative Feedback,Work Culture,comply,work,verb_subject,nsubj,John Doe demonstrates a low level of knowledge of the required work procedures and his work does not comply with the required output standards.
6,John Doe,Negative Feedback,Work Culture,require,required output standards,adjective_modifies_noun,amod,John Doe demonstrates a low level of knowledge of the required work procedures and his work does not comply with the required output standards.
6,John Doe,Negative Feedback,Work Culture,take,new responsibilities,verb_object,dobj,Also he is reluctant to take on new responsibilities.
6,John Doe,Negative Feedback,Work Culture,new,new responsibilities,adjective_modifies_noun,amod,Also he is reluctant to take on new responsibilities.
3,John Doe,Negative Feedback,Career Growth,turn,subpar work product,verb_object,dobj,John turned in subpar work product all quarter.
3,John Doe,Negative Feedback,Career Growth,turn,john,verb_subject,nsubj,John turned in subpar work product all quarter.
3,John Doe,Negative Feedback,Career Growth,subpar,subpar work product,adjective_modifies_noun,amod,John turned in subpar work product all quarter.
3,John Doe,Negative Feedback,Career Growth,ask,him,verb_object,dobj,"When I asked him to make revisions, he repeatedly failed to implement the corrections that I had requested."
3,John Doe,Negative Feedback,Career Growth,ask,i,verb_subject,nsubj,"When I asked him to make revisions, he repeatedly failed to implement the corrections that I had requested."
3,John Doe,Negative Feedback,Career Growth,make,revisions,verb_object,dobj,"When I asked him to make revisions, he repeatedly failed to implement the corrections that I had requested."
3,John Doe,Negative Feedback,Career Growth,fail,he,verb_subject,nsubj,"When I asked him to make revisions, he repeatedly failed to implement the corrections that I had requested."
3,John Doe,Negative Feedback,Career Growth,implement,corrections,verb_object,dobj,"When I asked him to make revisions, he repeatedly failed to implement the corrections that I had requested."
3,John Doe,Negative Feedback,Career Growth,request,that,verb_object,dobj,"When I asked him to make revisions, he repeatedly failed to implement the corrections that I had requested."
3,John Doe,Negative Feedback,Career Growth,request,i,verb_subject,nsubj,"When I asked him to make revisions, he repeatedly failed to implement the corrections that I had requested."
3,John Doe,Negative Feedback,Career Growth,seem,he,verb_subject,nsubj,He also seemed confused and lost whenever we had discussions about the reports and the numbers in the data.
3,John Doe,Negative Feedback,Career Growth,have,discussions,verb_object,dobj,He also seemed confused and lost whenever we had discussions about the reports and the numbers in the data.
3,John Doe,Negative Feedback,Career Growth,have,we,verb_subject,nsubj,He also seemed confused and lost whenever we had discussions about the reports and the numbers in the data.
3,John Doe,Negative Feedback,Career Growth,give,opportunities,verb_object,dobj,He was not interested in learning more when I gave him opportunities to participate in trainings.
3,John Doe,Negative Feedback,Career Growth,give,i,verb_subject,nsubj,He was not interested in learning more when I gave him opportunities to participate in trainings.
3,John Doe,Negative Feedback,Career Growth,participate,trainings,verb_preposition_in,prep->pobj,He was not interested in learning more when I gave him opportunities to participate in trainings.
3,John Doe,Negative Feedback,Career Growth,seem,he,verb_subject,nsubj,"He seems to have already reached his full potential here, which is disappointing given the quality of work I've seen from him."
3,John Doe,Negative Feedback,Career Growth,reach,full potential,verb_object,dobj,"He seems to have already reached his full potential here, which is disappointing given the quality of work I've seen from him."
3,John Doe,Negative Feedback,Career Growth,full,full potential,adjective_modifies_noun,amod,"He seems to have already reached his full potential here, which is disappointing given the quality of work I've seen from him."
3,John Doe,Negative Feedback,Career Growth,see,him,verb_preposition_from,prep->pobj,"He seems to have already reached his full potential here, which is disappointing given the quality of work I've seen from him."
3,John Doe,Negative Feedback,Career Growth,see,i,verb_subject,nsubj,"He seems to have already reached his full potential here, which is disappointing given the quality of work I've seen from him."
2,John Doe,Negative Feedback,Work Culture,disappoint,me,verb_object,dobj,John has consistently disappointed me this quarter with his shoddy work product.
2,John Doe,Negative Feedback,Work Culture,disappoint,shoddy work product,verb_preposition_with,prep->pobj,John has consistently disappointed me this quarter with his shoddy work product.
2,John Doe,Negative Feedback,Work Culture,disappoint,john,verb_subject,nsubj,John has consistently disappointed me this quarter with his shoddy work product.
2,John Doe,Negative Feedback,Work Culture,shoddy,shoddy work product,adjective_modifies_noun,amod,John has consistently disappointed me this quarter with his shoddy work product.
2,John Doe,Negative Feedback,Work Culture,ask,him,verb_object,dobj,"I asked him for a report and gave him a lenient two-week deadline, but he blew past that deadline without even informing me."
2,John Doe,Negative Feedback,Work Culture,ask,report,verb_preposition_for,prep->pobj,"I asked him for a report and gave him a lenient two-week deadline, but he blew past that deadline without even informing me."
2,John Doe,Negative Feedback,Work Culture,ask,i,verb_subject,nsubj,"I asked him for a report and gave him a lenient two-week deadline, but he blew past that deadline without even informing me."
2,John Doe,Negative Feedback,Work Culture,give,lenient week deadline,verb_object,dobj,"I asked him for a report and gave him a lenient two-week deadline, but he blew past that deadline without even informing me."
2,John Doe,Negative Feedback,Work Culture,lenient,lenient week deadline,adjective_modifies_noun,amod,"I asked him for a report and gave him a lenient two-week deadline, but he blew past that deadline without even informing me."
2,John Doe,Negative Feedback,Work Culture,blow,deadline,verb_preposition_past,prep->pobj,"I asked him for a report and gave him a lenient two-week deadline, but he blew past that deadline without even informing me."
2,John Doe,Negative Feedback,Work Culture,blow,he,verb_subject,nsubj,"I asked him for a report and gave him a lenient two-week deadline, but he blew past that deadline without even informing me."
2,John Doe,Negative Feedback,Work Culture,inform,me,verb_object,dobj,"I asked him for a report and gave him a lenient two-week deadline, but he blew past that deadline without even informing me."
2,John Doe,Negative Feedback,Work Culture,turn,report,verb_object,dobj,"When he finally turned the report in, it was three weeks late and riddled with typos."
2,John Doe,Negative Feedback,Work Culture,turn,he,verb_subject,nsubj,"When he finally turned the report in, it was three weeks late and riddled with typos."
2,John Doe,Negative Feedback,Work Culture,riddle,typos,verb_preposition_with,prep->pobj,"When he finally turned the report in, it was three weeks late and riddled with typos."
2,John Doe,Negative Feedback,Work Culture,seem,he,verb_subject,nsubj,"He did not seem interested in any of the comments that I made on that report, even though I made them for his benefit so he would understand what a high-quality report is supposed to look like."
2,John Doe,Negative Feedback,Work Culture,make,that,verb_object,dobj,"He did not seem interested in any of the comments that I made on that report, even though I made them for his benefit so he would understand what a high-quality report is supposed to look like."
2,John Doe,Negative Feedback,Work Culture,make,report,verb_preposition_on,prep->pobj,"He did not seem interested in any of the comments that I made on that report, even though I made them for his benefit so he would understand what a high-quality report is supposed to look like."
2,John Doe,Negative Feedback,Work Culture,make,i,verb_subject,nsubj,"He did not seem interested in any of the comments that I made on that report, even though I made them for his benefit so he would understand what a high-quality report is supposed to look like."
2,John Doe,Negative Feedback,Work Culture,make,them,verb_object,dobj,"He did not seem interested in any of the comments that I made on that report, even though I made them for his benefit so he would understand what a high-quality report is supposed to look like."
2,John Doe,Negative Feedback,Work Culture,make,benefit,verb_preposition_for,prep->pobj,"He did not seem interested in any of the comments that I made on that report, even though I made them for his benefit so he would understand what a high-quality report is supposed to look like."
2,John Doe,Negative Feedback,Work Culture,understand,he,verb_subject,nsubj,"He did not seem interested in any of the comments that I made on that report, even though I made them for his benefit so he would understand what a high-quality report is supposed to look like."
2,John Doe,Negative Feedback,Work Culture,high,high quality,adjective_modifies_noun,amod,"He did not seem interested in any of the comments that I made on that report, even though I made them for his benefit so he would understand what a high-quality report is supposed to look like."
2,John Doe,Negative Feedback,Work Culture,suppose,quality report,verb_subject,nsubjpass,"He did not seem interested in any of the comments that I made on that report, even though I made them for his benefit so he would understand what a high-quality report is supposed to look like."
2,John Doe,Negative Feedback,Work Culture,look,what,verb_object,dobj,"He did not seem interested in any of the comments that I made on that report, even though I made them for his benefit so he would understand what a high-quality report is supposed to look like."
35,Kohen Norris,Negative Feedback,Work Culture,trust,kohen,verb_object,dobj,"I can never trust Kohen with any assignment, since I know that any work he returns to me will be full of miscalculations and data analysis problems."
35,Kohen Norris,Negative Feedback,Work Culture,trust,assignment,verb_preposition_with,prep->pobj,"I can never trust Kohen with any assignment, since I know that any work he returns to me will be full of miscalculations and data analysis problems."
35,Kohen Norris,Negative Feedback,Work Culture,trust,i,verb_subject,nsubj,"I can never trust Kohen with any assignment, since I know that any work he returns to me will be full of miscalculations and data analysis problems."
35,Kohen Norris,Negative Feedback,Work Culture,know,i,verb_subject,nsubj,"I can never trust Kohen with any assignment, since I know that any work he returns to me will be full of miscalculations and data analysis problems."
35,Kohen Norris,Negative Feedback,Work Culture,return,me,verb_preposition_to,prep->pobj,"I can never trust Kohen with any assignment, since I know that any work he returns to me will be full of miscalculations and data analysis problems."
35,Kohen Norris,Negative Feedback,Work Culture,return,he,verb_subject,nsubj,"I can never trust Kohen with any assignment, since I know that any work he returns to me will be full of miscalculations and data analysis problems."
35,Kohen Norris,Negative Feedback,Work Culture,last,last report,adjective_modifies_noun,amod,The last report that he submitted to me had a simple arithmetic error.
35,Kohen Norris,Negative Feedback,Work Culture,submit,me,verb_preposition_to,prep->pobj,The last report that he submitted to me had a simple arithmetic error.
35,Kohen Norris,Negative Feedback,Work Culture,submit,he,verb_subject,nsubj,The last report that he submitted to me had a simple arithmetic error.
35,Kohen Norris,Negative Feedback,Work Culture,have,simple arithmetic error,verb_object,dobj,The last report that he submitted to me had a simple arithmetic error.
35,Kohen Norris,Negative Feedback,Work Culture,have,last report,verb_subject,nsubj,The last report that he submitted to me had a simple arithmetic error.
35,Kohen Norris,Negative Feedback,Work Culture,simple,simple arithmetic error,adjective_modifies_noun,amod,The last report that he submitted to me had a simple arithmetic error.
35,Kohen Norris,Negative Feedback,Work Culture,arithmetic,simple arithmetic error,adjective_modifies_noun,amod,The last report that he submitted to me had a simple arithmetic error.
35,Kohen Norris,Negative Feedback,Work Culture,advance,company,verb_preposition_at,prep->pobj,In order to advance at this company he needs to be willing to put in the time and effort to spot-check his work and catch glaring errors.
35,Kohen Norris,Negative Feedback,Work Culture,need,he,verb_subject,nsubj,In order to advance at this company he needs to be willing to put in the time and effort to spot-check his work and catch glaring errors.
35,Kohen Norris,Negative Feedback,Work Culture,put,time,verb_preposition_in,prep->pobj,In order to advance at this company he needs to be willing to put in the time and effort to spot-check his work and catch glaring errors.
35,Kohen Norris,Negative Feedback,Work Culture,check,work,verb_object,dobj,In order to advance at this company he needs to be willing to put in the time and effort to spot-check his work and catch glaring errors.
35,Kohen Norris,Negative Feedback,Work Culture,catch,glaring errors,verb_object,dobj,In order to advance at this company he needs to be willing to put in the time and effort to spot-check his work and catch glaring errors.
35,Kohen Norris,Negative Feedback,Work Culture,glare,glaring errors,adjective_modifies_noun,amod,In order to advance at this company he needs to be willing to put in the time and effort to spot-check his work and catch glaring errors.
35,Kohen Norris,Negative Feedback,Work Culture,repeat,repeated warnings,adjective_modifies_noun,amod,"Because he has been unwilling to do so, even after repeated warnings, I do not see him moving up further in this department."
35,Kohen Norris,Negative Feedback,Work Culture,see,repeated warnings,verb_preposition_after,prep->pobj,"Because he has been unwilling to do so, even after repeated warnings, I do not see him moving up further in this department."
35,Kohen Norris,Negative Feedback,Work Culture,see,i,verb_subject,nsubj,"Because he has been unwilling to do so, even after repeated warnings, I do not see him moving up further in this department."
35,Kohen Norris,Negative Feedback,Work Culture,move,department,verb_preposition_in,prep->pobj,"Because he has been unwilling to do so, even after repeated warnings, I do not see him moving up further in this department."
35,Kohen Norris,Negative Feedback,Work Culture,move,him,verb_subject,nsubj,"Because he has been unwilling to do so, even after repeated warnings, I do not see him moving up further in this department."
14,George Gill,Negative Feedback,Career Growth,have,chance,verb_object,dobj,Had a chance to work with George Gill last year on few projects.
14,George Gill,Negative Feedback,Career Growth,work,george gill,verb_preposition_with,prep->pobj,Had a chance to work with George Gill last year on few projects.
14,George Gill,Negative Feedback,Career Growth,work,few projects,verb_preposition_on,prep->pobj,Had a chance to work with George Gill last year on few projects.
14,George Gill,Negative Feedback,Career Growth,last,last year,adjective_modifies_noun,amod,Had a chance to work with George Gill last year on few projects.
14,George Gill,Negative Feedback,Career Growth,few,few projects,adjective_modifies_noun,amod,Had a chance to work with George Gill last year on few projects.
14,George Gill,Negative Feedback,Career Growth,expect,i,verb_subject,nsubj,I am not sure why his performance was as I expected and there could be many reason behind this.
14,George Gill,Negative Feedback,Career Growth,many,many reason,adjective_modifies_noun,amod,I am not sure why his performance was as I expected and there could be many reason behind this.
14,George Gill,Negative Feedback,Career Growth,find,i,verb_subject,nsubj,I also found him struggling to understanding small tasks.
14,George Gill,Negative Feedback,Career Growth,struggle,him,verb_subject,nsubj,I also found him struggling to understanding small tasks.
14,George Gill,Negative Feedback,Career Growth,understand,small tasks,verb_object,dobj,I also found him struggling to understanding small tasks.
14,George Gill,Negative Feedback,Career Growth,small,small tasks,adjective_modifies_noun,amod,I also found him struggling to understanding small tasks.
14,George Gill,Negative Feedback,Career Growth,believe,i,verb_subject,nsubj,I believe he needs training and counselling so that he could perform better.
14,George Gill,Negative Feedback,Career Growth,need,training,verb_object,dobj,I believe he needs training and counselling so that he could perform better.
14,George Gill,Negative Feedback,Career Growth,need,he,verb_subject,nsubj,I believe he needs training and counselling so that he could perform better.
14,George Gill,Negative Feedback,Career Growth,perform,he,verb_subject,nsubj,I believe he needs training and counselling so that he could perform better.
37,Kohen Norris,Negative Feedback,Work Culture,well,better words,adjective_modifies_noun,amod,Kohen Norris has been for a lack of better words incompetent.
37,Kohen Norris,Negative Feedback,Work Culture,incompetent,better words,adjective_modifies_noun,amod,Kohen Norris has been for a lack of better words incompetent.
37,Kohen Norris,Negative Feedback,Work Culture,like,i,verb_subject,nsubj,I would like to say more positive things about him but he has not shown any potential in regards to his work.
37,Kohen Norris,Negative Feedback,Work Culture,say,positive things,verb_object,dobj,I would like to say more positive things about him but he has not shown any potential in regards to his work.
37,Kohen Norris,Negative Feedback,Work Culture,positive,positive things,adjective_modifies_noun,amod,I would like to say more positive things about him but he has not shown any potential in regards to his work.
37,Kohen Norris,Negative Feedback,Work Culture,show,potential,verb_object,dobj,I would like to say more positive things about him but he has not shown any potential in regards to his work.
37,Kohen Norris,Negative Feedback,Work Culture,show,he,verb_subject,nsubj,I would like to say more positive things about him but he has not shown any potential in regards to his work.
37,Kohen Norris,Negative Feedback,Work Culture,smell,company guidelines,verb_preposition_despite,prep->pobj,He often is late and smells poorly despite our company guidelines.
37,Kohen Norris,Negative Feedback,Work Culture,feel,i,verb_subject,nsubj,I feel it is in our best interest to drop him from the company.
37,Kohen Norris,Negative Feedback,Work Culture,good,best interest,adjective_modifies_noun,amod,I feel it is in our best interest to drop him from the company.
37,Kohen Norris,Negative Feedback,Work Culture,drop,him,verb_object,dobj,I feel it is in our best interest to drop him from the company.
37,Kohen Norris,Negative Feedback,Work Culture,drop,company,verb_preposition_from,prep->pobj,I feel it is in our best interest to drop him from the company.
36,Kohen Norris,Negative Feedback,Career Growth,use,them,verb_object,dobj,Would never use them on a team again.
36,Kohen Norris,Negative Feedback,Career Growth,use,team,verb_preposition_on,prep->pobj,Would never use them on a team again.
36,Kohen Norris,Negative Feedback,Career Growth,do,they,verb_subject,nsubj,Nothing they did was right and it hurt our team.
36,Kohen Norris,Negative Feedback,Career Growth,hurt,team,verb_object,dobj,Nothing they did was right and it hurt our team.
36,Kohen Norris,Negative Feedback,Career Growth,hurt,it,verb_subject,nsubj,Nothing they did was right and it hurt our team.
69,Tom Barrett,Negative Feedback,Work Culture,need,tom barrett,verb_subject,nsubj,Tom Barrett needs to work harder.
69,Tom Barrett,Negative Feedback,Work Culture,see,i,verb_subject,nsubj,I often see him playing on his phone during work hours.
69,Tom Barrett,Negative Feedback,Work Culture,play,phone,verb_preposition_on,prep->pobj,I often see him playing on his phone during work hours.
69,Tom Barrett,Negative Feedback,Work Culture,play,work hours,verb_preposition_during,prep->pobj,I often see him playing on his phone during work hours.
69,Tom Barrett,Negative Feedback,Work Culture,play,him,verb_subject,nsubj,I often see him playing on his phone during work hours.
69,Tom Barrett,Negative Feedback,Work Culture,respond,work email,verb_preposition_to,prep->pobj,He rarely respond to his work email.
69,Tom Barrett,Negative Feedback,Work Culture,respond,he,verb_subject,nsubj,He rarely respond to his work email.
69,Tom Barrett,Negative Feedback,Work Culture,deliver,time,verb_preposition_on,prep->pobj,His projects are never delivered on time.
69,Tom Barrett,Negative Feedback,Work Culture,deliver,projects,verb_subject,nsubjpass,His projects are never delivered on time.
69,Tom Barrett,Negative Feedback,Work Culture,see,potential,verb_object,dobj,I do not see any potential in him.
69,Tom Barrett,Negative Feedback,Work Culture,see,i,verb_subject,nsubj,I do not see any potential in him.
68,Tom Barrett,Negative Feedback,Work Culture,abysmal,abysmal worker,adjective_modifies_noun,amod,"Unfortunately , Tom is an abysmal worker and I'm not sure how much longer we can employ him."
68,Tom Barrett,Negative Feedback,Work Culture,employ,him,verb_object,dobj,"Unfortunately , Tom is an abysmal worker and I'm not sure how much longer we can employ him."
68,Tom Barrett,Negative Feedback,Work Culture,employ,we,verb_subject,nsubj,"Unfortunately , Tom is an abysmal worker and I'm not sure how much longer we can employ him."
68,Tom Barrett,Negative Feedback,Work Culture,produce,quality work,verb_preposition_below,prep->pobj,"He consistently produces below quality work, is usually late, and works poorly with others."
68,Tom Barrett,Negative Feedback,Work Culture,produce,he,verb_subject,nsubj,"He consistently produces below quality work, is usually late, and works poorly with others."
68,Tom Barrett,Negative Feedback,Work Culture,work,others,verb_preposition_with,prep->pobj,"He consistently produces below quality work, is usually late, and works poorly with others."
68,Tom Barrett,Negative Feedback,Work Culture,only,that,adjective_modifies_noun,advmod,"Not only that, he has no drive to improve himself and does not respond to feedback at all."
68,Tom Barrett,Negative Feedback,Work Culture,have,drive,verb_object,dobj,"Not only that, he has no drive to improve himself and does not respond to feedback at all."
68,Tom Barrett,Negative Feedback,Work Culture,have,he,verb_subject,nsubj,"Not only that, he has no drive to improve himself and does not respond to feedback at all."
68,Tom Barrett,Negative Feedback,Work Culture,improve,himself,verb_object,dobj,"Not only that, he has no drive to improve himself and does not respond to feedback at all."
68,Tom Barrett,Negative Feedback,Work Culture,average,average performer,adjective_modifies_noun,amod,"He is a very below average performer and has not improved since he was joined us, and I do not believe he will ever improve."
68,Tom Barrett,Negative Feedback,Work Culture,join,us,verb_object,dobj,"He is a very below average performer and has not improved since he was joined us, and I do not believe he will ever improve."
68,Tom Barrett,Negative Feedback,Work Culture,join,he,verb_subject,nsubjpass,"He is a very below average performer and has not improved since he was joined us, and I do not believe he will ever improve."
68,Tom Barrett,Negative Feedback,Work Culture,believe,i,verb_subject,nsubj,"He is a very below average performer and has not improved since he was joined us, and I do not believe he will ever improve."
68,Tom Barrett,Negative Feedback,Work Culture,improve,he,verb_subject,nsubj,"He is a very below average performer and has not improved since he was joined us, and I do not believe he will ever improve."
67,Libby Parker,Negative Feedback,Work Culture,lazy,laziest colleagues,adjective_modifies_noun,amod,Libby Parker is one of the laziest colleagues I have ever had the displeasure of working with.
67,Libby Parker,Negative Feedback,Work Culture,have,displeasure,verb_object,dobj,Libby Parker is one of the laziest colleagues I have ever had the displeasure of working with.
67,Libby Parker,Negative Feedback,Work Culture,have,i,verb_subject,nsubj,Libby Parker is one of the laziest colleagues I have ever had the displeasure of working with.
67,Libby Parker,Negative Feedback,Work Culture,show,she,verb_subject,nsubj,"She shows up late, but lies on her time stamp."
67,Libby Parker,Negative Feedback,Work Culture,lie,time stamp,verb_preposition_on,prep->pobj,"She shows up late, but lies on her time stamp."
67,Libby Parker,Negative Feedback,Work Culture,text,meetings,verb_preposition_during,prep->pobj,She texts during meetings.
67,Libby Parker,Negative Feedback,Work Culture,text,she,verb_subject,nsubj,She texts during meetings.
67,Libby Parker,Negative Feedback,Work Culture,turn,rushed work,verb_object,dobj,She turns in rushed work.
67,Libby Parker,Negative Feedback,Work Culture,turn,she,verb_subject,nsubj,She turns in rushed work.
67,Libby Parker,Negative Feedback,Work Culture,rush,rushed work,adjective_modifies_noun,amod,She turns in rushed work.
67,Libby Parker,Negative Feedback,Work Culture,talk,backs,verb_preposition_behind,prep->pobj,She talks behind peoples' backs.
67,Libby Parker,Negative Feedback,Work Culture,talk,she,verb_subject,nsubj,She talks behind peoples' backs.
67,Libby Parker,Negative Feedback,Work Culture,think,i,verb_subject,nsubj,I think Libby has little of a future in this company and would not blink an eye at her removal from my division.
67,Libby Parker,Negative Feedback,Work Culture,have,company,verb_preposition_in,prep->pobj,I think Libby has little of a future in this company and would not blink an eye at her removal from my division.
67,Libby Parker,Negative Feedback,Work Culture,have,libby,verb_subject,nsubj,I think Libby has little of a future in this company and would not blink an eye at her removal from my division.
67,Libby Parker,Negative Feedback,Work Culture,blink,eye,verb_object,dobj,I think Libby has little of a future in this company and would not blink an eye at her removal from my division.
67,Libby Parker,Negative Feedback,Work Culture,blink,removal,verb_preposition_at,prep->pobj,I think Libby has little of a future in this company and would not blink an eye at her removal from my division.
63,George Gill,Negative Feedback,Career Growth,ideal,ideal employee,adjective_modifies_noun,amod,George is a less than ideal employee.
63,George Gill,Negative Feedback,Career Growth,struggle,he,verb_subject,nsubj,"He struggles to complete basic tasks he is assigned and if he completes them, they are often late."
63,George Gill,Negative Feedback,Career Growth,complete,basic tasks,verb_object,dobj,"He struggles to complete basic tasks he is assigned and if he completes them, they are often late."
63,George Gill,Negative Feedback,Career Growth,basic,basic tasks,adjective_modifies_noun,amod,"He struggles to complete basic tasks he is assigned and if he completes them, they are often late."
63,George Gill,Negative Feedback,Career Growth,assign,he,verb_subject,nsubjpass,"He struggles to complete basic tasks he is assigned and if he completes them, they are often late."
63,George Gill,Negative Feedback,Career Growth,complete,them,verb_object,dobj,"He struggles to complete basic tasks he is assigned and if he completes them, they are often late."
63,George Gill,Negative Feedback,Career Growth,complete,he,verb_subject,nsubj,"He struggles to complete basic tasks he is assigned and if he completes them, they are often late."
63,George Gill,Negative Feedback,Career Growth,ask,questions,verb_object,dobj,He does not ask questions when he needs clarification and is hesitant in meetings and with his team.
63,George Gill,Negative Feedback,Career Growth,ask,he,verb_subject,nsubj,He does not ask questions when he needs clarification and is hesitant in meetings and with his team.
63,George Gill,Negative Feedback,Career Growth,need,clarification,verb_object,dobj,He does not ask questions when he needs clarification and is hesitant in meetings and with his team.
63,George Gill,Negative Feedback,Career Growth,need,he,verb_subject,nsubj,He does not ask questions when he needs clarification and is hesitant in meetings and with his team.
63,George Gill,Negative Feedback,Career Growth,believe,i,verb_subject,nsubj,I believe his current skill level and unwillingness to seek help or opportunities will hold him back in the long run.
63,George Gill,Negative Feedback,Career Growth,current,current skill level,adjective_modifies_noun,amod,I believe his current skill level and unwillingness to seek help or opportunities will hold him back in the long run.
63,George Gill,Negative Feedback,Career Growth,seek,help,verb_object,dobj,I believe his current skill level and unwillingness to seek help or opportunities will hold him back in the long run.
63,George Gill,Negative Feedback,Career Growth,hold,him,verb_object,dobj,I believe his current skill level and unwillingness to seek help or opportunities will hold him back in the long run.
63,George Gill,Negative Feedback,Career Growth,hold,current skill level,verb_subject,nsubj,I believe his current skill level and unwillingness to seek help or opportunities will hold him back in the long run.
63,George Gill,Negative Feedback,Career Growth,long,long run,adjective_modifies_noun,amod,I believe his current skill level and unwillingness to seek help or opportunities will hold him back in the long run.
62,George Gill,Negative Feedback,Work Culture,show,george,verb_subject,nsubj,George shows up late to almost every meeting.
62,George Gill,Negative Feedback,Work Culture,instant,instant messaging,adjective_modifies_noun,amod,He's so distracted during meetings with his instant messaging and his text messages that he often has no idea what the discussion is about.
62,George Gill,Negative Feedback,Work Culture,have,idea,verb_object,dobj,He's so distracted during meetings with his instant messaging and his text messages that he often has no idea what the discussion is about.
62,George Gill,Negative Feedback,Work Culture,have,he,verb_subject,nsubj,He's so distracted during meetings with his instant messaging and his text messages that he often has no idea what the discussion is about.
62,George Gill,Negative Feedback,Work Culture,ask,him,verb_object,dobj,"When I ask him to take minutes, his notes are sloppy and incomplete."
62,George Gill,Negative Feedback,Work Culture,ask,i,verb_subject,nsubj,"When I ask him to take minutes, his notes are sloppy and incomplete."
62,George Gill,Negative Feedback,Work Culture,take,minutes,verb_object,dobj,"When I ask him to take minutes, his notes are sloppy and incomplete."
62,George Gill,Negative Feedback,Work Culture,show,interest,verb_object,dobj,He has shown no interest in our work and thus his heart is not in this job.
62,George Gill,Negative Feedback,Work Culture,show,he,verb_subject,nsubj,He has shown no interest in our work and thus his heart is not in this job.
62,George Gill,Negative Feedback,Work Culture,see,poor attitude,verb_preposition_given,prep->pobj,I do not see things turning around for him given his poor attitude.
62,George Gill,Negative Feedback,Work Culture,see,i,verb_subject,nsubj,I do not see things turning around for him given his poor attitude.
62,George Gill,Negative Feedback,Work Culture,turn,him,verb_preposition_for,prep->pobj,I do not see things turning around for him given his poor attitude.
62,George Gill,Negative Feedback,Work Culture,turn,things,verb_subject,nsubj,I do not see things turning around for him given his poor attitude.
62,George Gill,Negative Feedback,Work Culture,poor,poor attitude,adjective_modifies_noun,amod,I do not see things turning around for him given his poor attitude.
61,George Gill,Negative Feedback,Career Growth,waste,time,verb_object,dobj,I do not waste your time or my time so I am going to be a straight shooter: Your performance has not been what we want it to be.
61,George Gill,Negative Feedback,Career Growth,waste,i,verb_subject,nsubj,I do not waste your time or my time so I am going to be a straight shooter: Your performance has not been what we want it to be.
61,George Gill,Negative Feedback,Career Growth,go,i,verb_subject,nsubj,I do not waste your time or my time so I am going to be a straight shooter: Your performance has not been what we want it to be.
61,George Gill,Negative Feedback,Career Growth,straight,straight shooter,adjective_modifies_noun,amod,I do not waste your time or my time so I am going to be a straight shooter: Your performance has not been what we want it to be.
61,George Gill,Negative Feedback,Career Growth,want,we,verb_subject,nsubj,I do not waste your time or my time so I am going to be a straight shooter: Your performance has not been what we want it to be.
61,George Gill,Negative Feedback,Career Growth,see,much potential,verb_object,dobj,I do not see much potential in your motivation right now in the tasks we are asking from you.
61,George Gill,Negative Feedback,Career Growth,see,tasks,verb_preposition_in,prep->pobj,I do not see much potential in your motivation right now in the tasks we are asking from you.
61,George Gill,Negative Feedback,Career Growth,see,i,verb_subject,nsubj,I do not see much potential in your motivation right now in the tasks we are asking from you.
61,George Gill,Negative Feedback,Career Growth,much,much potential,adjective_modifies_noun,amod,I do not see much potential in your motivation right now in the tasks we are asking from you.
61,George Gill,Negative Feedback,Career Growth,ask,you,verb_preposition_from,prep->pobj,I do not see much potential in your motivation right now in the tasks we are asking from you.
61,George Gill,Negative Feedback,Career Growth,ask,we,verb_subject,nsubj,I do not see much potential in your motivation right now in the tasks we are asking from you.
61,George Gill,Negative Feedback,Career Growth,need,i,verb_subject,nsubj,I need you to increase your performance and live up to all the other colleagues.
61,George Gill,Negative Feedback,Career Growth,increase,performance,verb_object,dobj,I need you to increase your performance and live up to all the other colleagues.
61,George Gill,Negative Feedback,Career Growth,increase,you,verb_subject,nsubj,I need you to increase your performance and live up to all the other colleagues.
61,George Gill,Negative Feedback,Career Growth,live,other colleagues,verb_preposition_to,prep->pobj,I need you to increase your performance and live up to all the other colleagues.
61,George Gill,Negative Feedback,Career Growth,other,other colleagues,adjective_modifies_noun,amod,I need you to increase your performance and live up to all the other colleagues.
61,George Gill,Negative Feedback,Career Growth,most,most people,adjective_modifies_noun,amod,"Most people would probably not give you one more chance, but I need you to do better."
61,George Gill,Negative Feedback,Career Growth,give,more chance,verb_object,dobj,"Most people would probably not give you one more chance, but I need you to do better."
61,George Gill,Negative Feedback,Career Growth,give,most people,verb_subject,nsubj,"Most people would probably not give you one more chance, but I need you to do better."
61,George Gill,Negative Feedback,Career Growth,more,more chance,adjective_modifies_noun,amod,"Most people would probably not give you one more chance, but I need you to do better."
61,George Gill,Negative Feedback,Career Growth,need,i,verb_subject,nsubj,"Most people would probably not give you one more chance, but I need you to do better."
61,George Gill,Negative Feedback,Career Growth,do,you,verb_subject,nsubj,"Most people would probably not give you one more chance, but I need you to do better."
61,George Gill,Negative Feedback,Career Growth,need,i,verb_subject,nsubj,"But I need you to understand, it is a chance that is timed and extremely sensitive---and quite generous."
61,George Gill,Negative Feedback,Career Growth,understand,you,verb_subject,nsubj,"But I need you to understand, it is a chance that is timed and extremely sensitive---and quite generous."
61,George Gill,Negative Feedback,Career Growth,time,that,verb_subject,nsubjpass,"But I need you to understand, it is a chance that is timed and extremely sensitive---and quite generous."
61,George Gill,Negative Feedback,Career Growth,improve,you,verb_subject,nsubj,"If you do not improve at all, we will have to let you go."
61,George Gill,Negative Feedback,Career Growth,have,we,verb_subject,nsubj,"If you do not improve at all, we will have to let you go."
61,George Gill,Negative Feedback,Career Growth,go,you,verb_subject,nsubj,"If you do not improve at all, we will have to let you go."
60,George Gill,Negative Feedback,Career Growth,struggle,mr geroge gill,verb_subject,nsubj,Mr Geroge Gill struggles to get the task done.
60,George Gill,Negative Feedback,Career Growth,do,task,verb_subject,nsubj,Mr Geroge Gill struggles to get the task done.
60,George Gill,Negative Feedback,Career Growth,distract,he,verb_subject,nsubjpass,He is constantly distracted chatting with his fellow workers.
60,George Gill,Negative Feedback,Career Growth,chat,fellow workers,verb_preposition_with,prep->pobj,He is constantly distracted chatting with his fellow workers.
60,George Gill,Negative Feedback,Career Growth,fellow,fellow workers,adjective_modifies_noun,amod,He is constantly distracted chatting with his fellow workers.
60,George Gill,Negative Feedback,Career Growth,need,he,verb_subject,nsubj,He needs to learn to focus.
60,George Gill,Negative Feedback,Career Growth,keep,mr. gill,verb_subject,nsubj,"If Mr. Gill keeps up, he won't progress far."
60,George Gill,Negative Feedback,Career Growth,progress,he,verb_subject,nsubj,"If Mr. Gill keeps up, he won't progress far."
58,Caiden Pace,Negative Feedback,Work Culture,have,enthusiasm,verb_object,dobj,Caiden has had no enthusiasm in working on the major group project.
58,Caiden Pace,Negative Feedback,Work Culture,have,caiden,verb_subject,nsubj,Caiden has had no enthusiasm in working on the major group project.
58,Caiden Pace,Negative Feedback,Work Culture,work,major group project,verb_preposition_on,prep->pobj,Caiden has had no enthusiasm in working on the major group project.
58,Caiden Pace,Negative Feedback,Work Culture,major,major group project,adjective_modifies_noun,amod,Caiden has had no enthusiasm in working on the major group project.
58,Caiden Pace,Negative Feedback,Work Culture,miss,meetings,verb_object,dobj,He has consistently missed meetings.
58,Caiden Pace,Negative Feedback,Work Culture,miss,he,verb_subject,nsubj,He has consistently missed meetings.
58,Caiden Pace,Negative Feedback,Work Culture,give,time,verb_object,dobj,He has not given time to his personal goals as we had set them together earlier last quarter.
58,Caiden Pace,Negative Feedback,Work Culture,give,he,verb_subject,nsubj,He has not given time to his personal goals as we had set them together earlier last quarter.
58,Caiden Pace,Negative Feedback,Work Culture,personal,personal goals,adjective_modifies_noun,amod,He has not given time to his personal goals as we had set them together earlier last quarter.
58,Caiden Pace,Negative Feedback,Work Culture,set,them,verb_object,dobj,He has not given time to his personal goals as we had set them together earlier last quarter.
58,Caiden Pace,Negative Feedback,Work Culture,set,we,verb_subject,nsubj,He has not given time to his personal goals as we had set them together earlier last quarter.
58,Caiden Pace,Negative Feedback,Work Culture,early,last quarter,adjective_modifies_noun,advmod,He has not given time to his personal goals as we had set them together earlier last quarter.
58,Caiden Pace,Negative Feedback,Work Culture,last,last quarter,adjective_modifies_noun,amod,He has not given time to his personal goals as we had set them together earlier last quarter.
58,Caiden Pace,Negative Feedback,Work Culture,need,caiden,verb_subject,nsubj,Caiden needs to get his mind on the job very soon.  .
58,Caiden Pace,Negative Feedback,Work Culture,get,mind,verb_object,dobj,Caiden needs to get his mind on the job very soon.  .
58,Caiden Pace,Negative Feedback,Work Culture,get,job,verb_preposition_on,prep->pobj,Caiden needs to get his mind on the job very soon.  .
57,Caiden Pace,Negative Feedback,Work Culture,arrive,caiden,verb_subject,nsubj,"Caiden repeatedly arrives late to work, or neglects to show up at all."
57,Caiden Pace,Negative Feedback,Work Culture,show,interest,verb_object,dobj,He shows no interest in his work and puts as little effort as possible into completing it.
57,Caiden Pace,Negative Feedback,Work Culture,show,he,verb_subject,nsubj,He shows no interest in his work and puts as little effort as possible into completing it.
57,Caiden Pace,Negative Feedback,Work Culture,put,little effort,verb_object,dobj,He shows no interest in his work and puts as little effort as possible into completing it.
57,Caiden Pace,Negative Feedback,Work Culture,as,little effort,adjective_modifies_noun,advmod,He shows no interest in his work and puts as little effort as possible into completing it.
57,Caiden Pace,Negative Feedback,Work Culture,little,little effort,adjective_modifies_noun,amod,He shows no interest in his work and puts as little effort as possible into completing it.
57,Caiden Pace,Negative Feedback,Work Culture,complete,it,verb_object,dobj,He shows no interest in his work and puts as little effort as possible into completing it.
57,Caiden Pace,Negative Feedback,Work Culture,express,dissatisfaction,verb_object,dobj,He has expressed dissatisfaction with management and stated that he is looking for another job and won't be here long.
57,Caiden Pace,Negative Feedback,Work Culture,express,he,verb_subject,nsubj,He has expressed dissatisfaction with management and stated that he is looking for another job and won't be here long.
57,Caiden Pace,Negative Feedback,Work Culture,look,job,verb_preposition_for,prep->pobj,He has expressed dissatisfaction with management and stated that he is looking for another job and won't be here long.
57,Caiden Pace,Negative Feedback,Work Culture,look,he,verb_subject,nsubj,He has expressed dissatisfaction with management and stated that he is looking for another job and won't be here long.
56,Caiden Pace,Negative Feedback,Work Culture,slump,performance,verb_preposition_in,prep->pobj,Caiden has slumped greatly in performance this quarter.
56,Caiden Pace,Negative Feedback,Work Culture,slump,caiden,verb_subject,nsubj,Caiden has slumped greatly in performance this quarter.
56,Caiden Pace,Negative Feedback,Work Culture,appear,he,verb_subject,nsubj,"Although he appears to be working at his desk, I notice that the quality of work he submits has greatly diminished."
56,Caiden Pace,Negative Feedback,Work Culture,work,desk,verb_preposition_at,prep->pobj,"Although he appears to be working at his desk, I notice that the quality of work he submits has greatly diminished."
56,Caiden Pace,Negative Feedback,Work Culture,notice,i,verb_subject,nsubj,"Although he appears to be working at his desk, I notice that the quality of work he submits has greatly diminished."
56,Caiden Pace,Negative Feedback,Work Culture,submit,he,verb_subject,nsubj,"Although he appears to be working at his desk, I notice that the quality of work he submits has greatly diminished."
56,Caiden Pace,Negative Feedback,Work Culture,diminish,quality,verb_subject,nsubj,"Although he appears to be working at his desk, I notice that the quality of work he submits has greatly diminished."
56,Caiden Pace,Negative Feedback,Work Culture,lack,ambition,verb_object,dobj,"He also lacks ambition, and makes no effort to improve his work upon feedback."
56,Caiden Pace,Negative Feedback,Work Culture,lack,he,verb_subject,nsubj,"He also lacks ambition, and makes no effort to improve his work upon feedback."
56,Caiden Pace,Negative Feedback,Work Culture,make,effort,verb_object,dobj,"He also lacks ambition, and makes no effort to improve his work upon feedback."
56,Caiden Pace,Negative Feedback,Work Culture,improve,work,verb_object,dobj,"He also lacks ambition, and makes no effort to improve his work upon feedback."
56,Caiden Pace,Negative Feedback,Work Culture,improve,feedback,verb_preposition_upon,prep->pobj,"He also lacks ambition, and makes no effort to improve his work upon feedback."
56,Caiden Pace,Negative Feedback,Work Culture,seek,caiden,verb_subject,nsubj,"Caiden should seek to use constructive feedback from others, rather than resist it."
56,Caiden Pace,Negative Feedback,Work Culture,use,constructive feedback,verb_object,dobj,"Caiden should seek to use constructive feedback from others, rather than resist it."
56,Caiden Pace,Negative Feedback,Work Culture,use,others,verb_preposition_from,prep->pobj,"Caiden should seek to use constructive feedback from others, rather than resist it."
56,Caiden Pace,Negative Feedback,Work Culture,constructive,constructive feedback,adjective_modifies_noun,amod,"Caiden should seek to use constructive feedback from others, rather than resist it."
56,Caiden Pace,Negative Feedback,Work Culture,resist,it,verb_object,dobj,"Caiden should seek to use constructive feedback from others, rather than resist it."
56,Caiden Pace,Negative Feedback,Work Culture,continue,performance,verb_subject,nsubj,His performance should continue to be monitored by the quality assurance department.
55,Caiden Pace,Negative Feedback,Career Growth,show,lack,verb_object,dobj,Caiden Pace has repeatedly showed a lack of motivation and drive for the position.
55,Caiden Pace,Negative Feedback,Career Growth,show,caiden pace,verb_subject,nsubj,Caiden Pace has repeatedly showed a lack of motivation and drive for the position.
55,Caiden Pace,Negative Feedback,Career Growth,drive,position,verb_preposition_for,prep->pobj,Caiden Pace has repeatedly showed a lack of motivation and drive for the position.
55,Caiden Pace,Negative Feedback,Career Growth,remain,-,verb_object,attr,His work quality and task efficiency have remained sub-par for quite some time.
55,Caiden Pace,Negative Feedback,Career Growth,remain,par,verb_object,attr,His work quality and task efficiency have remained sub-par for quite some time.
55,Caiden Pace,Negative Feedback,Career Growth,remain,time,verb_preposition_for,prep->pobj,His work quality and task efficiency have remained sub-par for quite some time.
55,Caiden Pace,Negative Feedback,Career Growth,remain,efficiency,verb_subject,nsubj,His work quality and task efficiency have remained sub-par for quite some time.
55,Caiden Pace,Negative Feedback,Career Growth,expect,this,verb_subject,nsubjpass,"This would generally be expected to improve over time, however his lack of drive leads me to believe we will not see much improvement in the foreseeable future."
55,Caiden Pace,Negative Feedback,Career Growth,improve,time,verb_preposition_over,prep->pobj,"This would generally be expected to improve over time, however his lack of drive leads me to believe we will not see much improvement in the foreseeable future."
55,Caiden Pace,Negative Feedback,Career Growth,lead,me,verb_object,dobj,"This would generally be expected to improve over time, however his lack of drive leads me to believe we will not see much improvement in the foreseeable future."
55,Caiden Pace,Negative Feedback,Career Growth,lead,lack,verb_subject,nsubj,"This would generally be expected to improve over time, however his lack of drive leads me to believe we will not see much improvement in the foreseeable future."
55,Caiden Pace,Negative Feedback,Career Growth,see,much improvement,verb_object,dobj,"This would generally be expected to improve over time, however his lack of drive leads me to believe we will not see much improvement in the foreseeable future."
55,Caiden Pace,Negative Feedback,Career Growth,see,we,verb_subject,nsubj,"This would generally be expected to improve over time, however his lack of drive leads me to believe we will not see much improvement in the foreseeable future."
55,Caiden Pace,Negative Feedback,Career Growth,much,much improvement,adjective_modifies_noun,amod,"This would generally be expected to improve over time, however his lack of drive leads me to believe we will not see much improvement in the foreseeable future."
55,Caiden Pace,Negative Feedback,Career Growth,foreseeable,foreseeable future,adjective_modifies_noun,amod,"This would generally be expected to improve over time, however his lack of drive leads me to believe we will not see much improvement in the foreseeable future."
55,Caiden Pace,Negative Feedback,Career Growth,believe,i,verb_subject,nsubj,Unfortunately I do not believe that at the current moment he is suited for the position.
55,Caiden Pace,Negative Feedback,Career Growth,current,current moment,adjective_modifies_noun,amod,Unfortunately I do not believe that at the current moment he is suited for the position.
55,Caiden Pace,Negative Feedback,Career Growth,suit,current moment,verb_preposition_at,prep->pobj,Unfortunately I do not believe that at the current moment he is suited for the position.
55,Caiden Pace,Negative Feedback,Career Growth,suit,position,verb_preposition_for,prep->pobj,Unfortunately I do not believe that at the current moment he is suited for the position.
55,Caiden Pace,Negative Feedback,Career Growth,suit,he,verb_subject,nsubjpass,Unfortunately I do not believe that at the current moment he is suited for the position.
54,Caiden Pace,Negative Feedback,Work Culture,produce,good work,verb_object,dobj,Caiden does not produce good work and needs to be supervised constantly.
54,Caiden Pace,Negative Feedback,Work Culture,produce,caiden,verb_subject,nsubj,Caiden does not produce good work and needs to be supervised constantly.
54,Caiden Pace,Negative Feedback,Work Culture,good,good work,adjective_modifies_noun,amod,Caiden does not produce good work and needs to be supervised constantly.
54,Caiden Pace,Negative Feedback,Work Culture,other,other employees,adjective_modifies_noun,amod,Caiden is disruptive to other employees and can lower others performance levels.
54,Caiden Pace,Negative Feedback,Work Culture,lower,others performance levels,verb_object,dobj,Caiden is disruptive to other employees and can lower others performance levels.
54,Caiden Pace,Negative Feedback,Work Culture,engage,caiden,verb_subject,nsubj,Caiden doesn't not engage or ask many questions about assignments.
54,Caiden Pace,Negative Feedback,Work Culture,ask,many questions,verb_object,dobj,Caiden doesn't not engage or ask many questions about assignments.
54,Caiden Pace,Negative Feedback,Work Culture,many,many questions,adjective_modifies_noun,amod,Caiden doesn't not engage or ask many questions about assignments.
54,Caiden Pace,Negative Feedback,Work Culture,find,caiden,verb_subject,nsubjpass,Caiden can be frequently found browsing the internet.
54,Caiden Pace,Negative Feedback,Work Culture,browse,internet,verb_object,dobj,Caiden can be frequently found browsing the internet.
65,Libby Parker,Negative Feedback,Work Culture,perform,libby,verb_subject,nsubj,Libby performed poorly this quarter.
65,Libby Parker,Negative Feedback,Work Culture,miss,deadlines,verb_object,dobj,She consistently misses deadlines and comes into the office late.
65,Libby Parker,Negative Feedback,Work Culture,miss,she,verb_subject,nsubj,She consistently misses deadlines and comes into the office late.
65,Libby Parker,Negative Feedback,Work Culture,come,office,verb_preposition_into,prep->pobj,She consistently misses deadlines and comes into the office late.
65,Libby Parker,Negative Feedback,Work Culture,get,coworkers,verb_preposition_with,prep->pobj,"She often does not get along with her coworkers, creating tension in the office."
65,Libby Parker,Negative Feedback,Work Culture,get,she,verb_subject,nsubj,"She often does not get along with her coworkers, creating tension in the office."
65,Libby Parker,Negative Feedback,Work Culture,create,tension,verb_object,dobj,"She often does not get along with her coworkers, creating tension in the office."
65,Libby Parker,Negative Feedback,Work Culture,only,only redeeming quality,adjective_modifies_noun,amod,"Her only redeeming quality is when she is focused, she can produce good work."
65,Libby Parker,Negative Feedback,Work Culture,redeem,only redeeming quality,adjective_modifies_noun,amod,"Her only redeeming quality is when she is focused, she can produce good work."
65,Libby Parker,Negative Feedback,Work Culture,produce,good work,verb_object,dobj,"Her only redeeming quality is when she is focused, she can produce good work."
65,Libby Parker,Negative Feedback,Work Culture,produce,she,verb_subject,nsubj,"Her only redeeming quality is when she is focused, she can produce good work."
65,Libby Parker,Negative Feedback,Work Culture,good,good work,adjective_modifies_noun,amod,"Her only redeeming quality is when she is focused, she can produce good work."
65,Libby Parker,Negative Feedback,Work Culture,outweigh,good work,verb_object,dobj,"Unfortunately, that is not very often and her negatives outweigh any good work she is able to produce."
65,Libby Parker,Negative Feedback,Work Culture,outweigh,negatives,verb_subject,nsubj,"Unfortunately, that is not very often and her negatives outweigh any good work she is able to produce."
65,Libby Parker,Negative Feedback,Work Culture,good,good work,adjective_modifies_noun,amod,"Unfortunately, that is not very often and her negatives outweigh any good work she is able to produce."
52,Addison Cohen,Negative Feedback,Salary & Benefits,have,slow start,verb_object,dobj,"Addison Cohen has had a slow start at our company, her output is less than standard."
52,Addison Cohen,Negative Feedback,Salary & Benefits,have,addison cohen,verb_subject,nsubj,"Addison Cohen has had a slow start at our company, her output is less than standard."
52,Addison Cohen,Negative Feedback,Salary & Benefits,slow,slow start,adjective_modifies_noun,amod,"Addison Cohen has had a slow start at our company, her output is less than standard."
52,Addison Cohen,Negative Feedback,Salary & Benefits,benefit,addison,verb_subject,nsubj,Addison may benefit from additional training and/or goal setting.
52,Addison Cohen,Negative Feedback,Salary & Benefits,need,addison,verb_subject,nsubj,Addison will need to pick up her pace if she would like to continue to work at the company.
52,Addison Cohen,Negative Feedback,Salary & Benefits,pick,pace,verb_object,dobj,Addison will need to pick up her pace if she would like to continue to work at the company.
52,Addison Cohen,Negative Feedback,Salary & Benefits,like,she,verb_subject,nsubj,Addison will need to pick up her pace if she would like to continue to work at the company.
52,Addison Cohen,Negative Feedback,Salary & Benefits,work,company,verb_preposition_at,prep->pobj,Addison will need to pick up her pace if she would like to continue to work at the company.
52,Addison Cohen,Negative Feedback,Salary & Benefits,suggest,review,verb_object,dobj,Suggest review in 3 months to see if any improvements have occurred.
52,Addison Cohen,Negative Feedback,Salary & Benefits,suggest,months,verb_preposition_in,prep->pobj,Suggest review in 3 months to see if any improvements have occurred.
52,Addison Cohen,Negative Feedback,Salary & Benefits,occur,improvements,verb_subject,nsubj,Suggest review in 3 months to see if any improvements have occurred.
53,Addison Cohen,Negative Feedback,Work Culture,fail,addison cohen,verb_subject,nsubj,Addison Cohen fails to deliver.
53,Addison Cohen,Negative Feedback,Work Culture,provide,significantly sub - par work,verb_object,dobj,He consistently provides significantly sub-par work.
53,Addison Cohen,Negative Feedback,Work Culture,provide,he,verb_subject,nsubj,He consistently provides significantly sub-par work.
53,Addison Cohen,Negative Feedback,Work Culture,significantly,significantly sub - par work,adjective_modifies_noun,amod,He consistently provides significantly sub-par work.
53,Addison Cohen,Negative Feedback,Work Culture,sub,significantly sub - par work,adjective_modifies_noun,amod,He consistently provides significantly sub-par work.
53,Addison Cohen,Negative Feedback,Work Culture,-,significantly sub - par work,adjective_modifies_noun,amod,He consistently provides significantly sub-par work.
53,Addison Cohen,Negative Feedback,Work Culture,par,significantly sub - par work,adjective_modifies_noun,amod,He consistently provides significantly sub-par work.
53,Addison Cohen,Negative Feedback,Work Culture,impact,company,verb_object,dobj,The mistakes made by Addison are liable to impact the company significantly.
53,Addison Cohen,Negative Feedback,Work Culture,advise,i,verb_subject,nsubj,I advise against continuing his employment.
53,Addison Cohen,Negative Feedback,Work Culture,continue,employment,verb_object,dobj,I advise against continuing his employment.
39,Aryanna Carney,Negative Feedback,Work Culture,need,guidance,verb_object,dobj,Aryanna is a team player but needs guidance in her actual implementation of skills at work.
39,Aryanna Carney,Negative Feedback,Work Culture,need,actual implementation,verb_preposition_in,prep->pobj,Aryanna is a team player but needs guidance in her actual implementation of skills at work.
39,Aryanna Carney,Negative Feedback,Work Culture,actual,actual implementation,adjective_modifies_noun,amod,Aryanna is a team player but needs guidance in her actual implementation of skills at work.
39,Aryanna Carney,Negative Feedback,Work Culture,struggle,following directions,verb_preposition_with,prep->pobj,She struggles with following directions and often needs reminders to meet goals on time.
39,Aryanna Carney,Negative Feedback,Work Culture,struggle,she,verb_subject,nsubj,She struggles with following directions and often needs reminders to meet goals on time.
39,Aryanna Carney,Negative Feedback,Work Culture,follow,following directions,adjective_modifies_noun,amod,She struggles with following directions and often needs reminders to meet goals on time.
39,Aryanna Carney,Negative Feedback,Work Culture,need,reminders,verb_object,dobj,She struggles with following directions and often needs reminders to meet goals on time.
39,Aryanna Carney,Negative Feedback,Work Culture,meet,goals,verb_object,dobj,She struggles with following directions and often needs reminders to meet goals on time.
38,Kohen Norris,Negative Feedback,Career Growth,earn,risk rating,verb_object,dobj,Kohen Norris has earned the risk rating for the current evaluation period.
38,Kohen Norris,Negative Feedback,Career Growth,earn,kohen norris,verb_subject,nsubj,Kohen Norris has earned the risk rating for the current evaluation period.
38,Kohen Norris,Negative Feedback,Career Growth,current,current evaluation period,adjective_modifies_noun,amod,Kohen Norris has earned the risk rating for the current evaluation period.
38,Kohen Norris,Negative Feedback,Career Growth,second,second consecutive evaluation,adjective_modifies_noun,amod,This is the second consecutive evaluation in which Kohen has received a negative performance review.
38,Kohen Norris,Negative Feedback,Career Growth,consecutive,second consecutive evaluation,adjective_modifies_noun,amod,This is the second consecutive evaluation in which Kohen has received a negative performance review.
38,Kohen Norris,Negative Feedback,Career Growth,receive,performance review,verb_object,dobj,This is the second consecutive evaluation in which Kohen has received a negative performance review.
38,Kohen Norris,Negative Feedback,Career Growth,receive,which,verb_preposition_in,prep->pobj,This is the second consecutive evaluation in which Kohen has received a negative performance review.
38,Kohen Norris,Negative Feedback,Career Growth,receive,kohen,verb_subject,nsubj,This is the second consecutive evaluation in which Kohen has received a negative performance review.
38,Kohen Norris,Negative Feedback,Career Growth,negative,negative performance,adjective_modifies_noun,amod,This is the second consecutive evaluation in which Kohen has received a negative performance review.
38,Kohen Norris,Negative Feedback,Career Growth,give,detailed outline,verb_object,dobj,During this time he has been given a detailed outline of what he needs to improve.
38,Kohen Norris,Negative Feedback,Career Growth,give,time,verb_preposition_during,prep->pobj,During this time he has been given a detailed outline of what he needs to improve.
38,Kohen Norris,Negative Feedback,Career Growth,give,he,verb_subject,nsubjpass,During this time he has been given a detailed outline of what he needs to improve.
38,Kohen Norris,Negative Feedback,Career Growth,detailed,detailed outline,adjective_modifies_noun,amod,During this time he has been given a detailed outline of what he needs to improve.
38,Kohen Norris,Negative Feedback,Career Growth,need,he,verb_subject,nsubj,During this time he has been given a detailed outline of what he needs to improve.
38,Kohen Norris,Negative Feedback,Career Growth,improve,what,verb_object,dobj,During this time he has been given a detailed outline of what he needs to improve.
38,Kohen Norris,Negative Feedback,Career Growth,make,progress,verb_object,dobj,"However, he has not made progress on any item, nor has he shown the desire to do so."
38,Kohen Norris,Negative Feedback,Career Growth,make,item,verb_preposition_on,prep->pobj,"However, he has not made progress on any item, nor has he shown the desire to do so."
38,Kohen Norris,Negative Feedback,Career Growth,make,he,verb_subject,nsubj,"However, he has not made progress on any item, nor has he shown the desire to do so."
38,Kohen Norris,Negative Feedback,Career Growth,show,desire,verb_object,dobj,"However, he has not made progress on any item, nor has he shown the desire to do so."
38,Kohen Norris,Negative Feedback,Career Growth,show,he,verb_subject,nsubj,"However, he has not made progress on any item, nor has he shown the desire to do so."
38,Kohen Norris,Negative Feedback,Career Growth,continue,he,verb_subject,nsubj,"Finally, he continues to struggle on contributing to projects without significant help."
38,Kohen Norris,Negative Feedback,Career Growth,contribute,projects,verb_preposition_to,prep->pobj,"Finally, he continues to struggle on contributing to projects without significant help."
38,Kohen Norris,Negative Feedback,Career Growth,contribute,significant help,verb_preposition_without,prep->pobj,"Finally, he continues to struggle on contributing to projects without significant help."
38,Kohen Norris,Negative Feedback,Career Growth,significant,significant help,adjective_modifies_noun,amod,"Finally, he continues to struggle on contributing to projects without significant help."
38,Kohen Norris,Negative Feedback,Career Growth,believe,i,verb_subject,nsubj,I believe he is headed toward termination if he does not improve in the next 2 months.
38,Kohen Norris,Negative Feedback,Career Growth,head,termination,verb_preposition_toward,prep->pobj,I believe he is headed toward termination if he does not improve in the next 2 months.
38,Kohen Norris,Negative Feedback,Career Growth,head,he,verb_subject,nsubjpass,I believe he is headed toward termination if he does not improve in the next 2 months.
38,Kohen Norris,Negative Feedback,Career Growth,improve,next months,verb_preposition_in,prep->pobj,I believe he is headed toward termination if he does not improve in the next 2 months.
38,Kohen Norris,Negative Feedback,Career Growth,improve,he,verb_subject,nsubj,I believe he is headed toward termination if he does not improve in the next 2 months.
38,Kohen Norris,Negative Feedback,Career Growth,next,next months,adjective_modifies_noun,amod,I believe he is headed toward termination if he does not improve in the next 2 months.
43,Aryanna Carney,Negative Feedback,Career Growth,have,difficulty,verb_object,dobj,Aryanna has had difficulty adjusting to her place at work and the tasks at hand.
43,Aryanna Carney,Negative Feedback,Career Growth,have,aryanna,verb_subject,nsubj,Aryanna has had difficulty adjusting to her place at work and the tasks at hand.
43,Aryanna Carney,Negative Feedback,Career Growth,adjust,place,verb_preposition_to,prep->pobj,Aryanna has had difficulty adjusting to her place at work and the tasks at hand.
43,Aryanna Carney,Negative Feedback,Career Growth,adjust,work,verb_preposition_at,prep->pobj,Aryanna has had difficulty adjusting to her place at work and the tasks at hand.
43,Aryanna Carney,Negative Feedback,Career Growth,seem,aryanna,verb_subject,nsubj,"Aryanna seems confused, or turns in work unfinished or filled with mistakes."
43,Aryanna Carney,Negative Feedback,Career Growth,turn,work,verb_preposition_in,prep->pobj,"Aryanna seems confused, or turns in work unfinished or filled with mistakes."
43,Aryanna Carney,Negative Feedback,Career Growth,fill,mistakes,verb_preposition_with,prep->pobj,"Aryanna seems confused, or turns in work unfinished or filled with mistakes."
43,Aryanna Carney,Negative Feedback,Career Growth,seem,she,verb_subject,nsubj,She does not seem motivated to learn or change the things she needs to in order to have a future with us.
43,Aryanna Carney,Negative Feedback,Career Growth,change,things,verb_object,dobj,She does not seem motivated to learn or change the things she needs to in order to have a future with us.
43,Aryanna Carney,Negative Feedback,Career Growth,change,order,verb_preposition_in,prep->pobj,She does not seem motivated to learn or change the things she needs to in order to have a future with us.
43,Aryanna Carney,Negative Feedback,Career Growth,need,she,verb_subject,nsubj,She does not seem motivated to learn or change the things she needs to in order to have a future with us.
43,Aryanna Carney,Negative Feedback,Career Growth,slow,company,verb_preposition_as,prep->pobj,We might be slowed down as a company if we keep this worker around.
43,Aryanna Carney,Negative Feedback,Career Growth,slow,we,verb_subject,nsubjpass,We might be slowed down as a company if we keep this worker around.
43,Aryanna Carney,Negative Feedback,Career Growth,keep,worker,verb_object,dobj,We might be slowed down as a company if we keep this worker around.
43,Aryanna Carney,Negative Feedback,Career Growth,keep,we,verb_subject,nsubj,We might be slowed down as a company if we keep this worker around.
44,Wade Stanley,Negative Feedback,Work Culture,abysmal,abysmal worker,adjective_modifies_noun,amod,Wade is an abysmal worker who fails to produce any valuable work.
44,Wade Stanley,Negative Feedback,Work Culture,fail,who,verb_subject,nsubj,Wade is an abysmal worker who fails to produce any valuable work.
44,Wade Stanley,Negative Feedback,Work Culture,produce,valuable work,verb_object,dobj,Wade is an abysmal worker who fails to produce any valuable work.
44,Wade Stanley,Negative Feedback,Work Culture,valuable,valuable work,adjective_modifies_noun,amod,Wade is an abysmal worker who fails to produce any valuable work.
44,Wade Stanley,Negative Feedback,Work Culture,work,others,verb_preposition_with,prep->pobj,"He is always late, does not work well with others, and fails to meet every expectation."
44,Wade Stanley,Negative Feedback,Work Culture,meet,expectation,verb_object,dobj,"He is always late, does not work well with others, and fails to meet every expectation."
44,Wade Stanley,Negative Feedback,Work Culture,fail,he,verb_subject,nsubj,Furthermore he fails to respond to feed back
44,Wade Stanley,Negative Feedback,Work Culture,have,i,verb_subject,nsubj,and I have yet to see him try to improve himself.
44,Wade Stanley,Negative Feedback,Work Culture,try,him,verb_subject,nsubj,and I have yet to see him try to improve himself.
44,Wade Stanley,Negative Feedback,Work Culture,improve,himself,verb_object,dobj,and I have yet to see him try to improve himself.
44,Wade Stanley,Negative Feedback,Work Culture,recommend,i,verb_subject,nsubj,I recommend that he be removed as soon as possible.
44,Wade Stanley,Negative Feedback,Work Culture,remove,he,verb_subject,nsubjpass,I recommend that he be removed as soon as possible.
41,Aryanna Carney,Negative Feedback,Career Growth,weak,weak worker,adjective_modifies_noun,amod,Aryanna is a very weak worker.
41,Aryanna Carney,Negative Feedback,Career Growth,suggest,i,verb_subject,nsubj,I suggest that she be terminated immediately.
41,Aryanna Carney,Negative Feedback,Career Growth,terminate,she,verb_subject,nsubjpass,I suggest that she be terminated immediately.
41,Aryanna Carney,Negative Feedback,Career Growth,produce,acceptable work,verb_object,dobj,She is unable to preform the simplest of tasks and very inconsistently produces acceptable work.
41,Aryanna Carney,Negative Feedback,Career Growth,acceptable,acceptable work,adjective_modifies_noun,amod,She is unable to preform the simplest of tasks and very inconsistently produces acceptable work.
41,Aryanna Carney,Negative Feedback,Career Growth,work,others,verb_preposition_with,prep->pobj,She does not work well with others and has shown no desire to learn and improve her self.
41,Aryanna Carney,Negative Feedback,Career Growth,work,she,verb_subject,nsubj,She does not work well with others and has shown no desire to learn and improve her self.
41,Aryanna Carney,Negative Feedback,Career Growth,show,desire,verb_object,dobj,She does not work well with others and has shown no desire to learn and improve her self.
41,Aryanna Carney,Negative Feedback,Career Growth,improve,self,verb_object,dobj,She does not work well with others and has shown no desire to learn and improve her self.
41,Aryanna Carney,Negative Feedback,Career Growth,think,i,verb_subject,nsubj,I do not think she will improve beyond her current abilities and overall is a very disappointing worker.
41,Aryanna Carney,Negative Feedback,Career Growth,improve,current abilities,verb_preposition_beyond,prep->pobj,I do not think she will improve beyond her current abilities and overall is a very disappointing worker.
41,Aryanna Carney,Negative Feedback,Career Growth,improve,she,verb_subject,nsubj,I do not think she will improve beyond her current abilities and overall is a very disappointing worker.
41,Aryanna Carney,Negative Feedback,Career Growth,current,current abilities,adjective_modifies_noun,amod,I do not think she will improve beyond her current abilities and overall is a very disappointing worker.
41,Aryanna Carney,Negative Feedback,Career Growth,disappointing,disappointing worker,adjective_modifies_noun,amod,I do not think she will improve beyond her current abilities and overall is a very disappointing worker.
47,Wade Stanley,Negative Feedback,Work Culture,show,time,verb_object,dobj,"Unfortunately, Mr. Stanley has shown time and time again that he has issues performing."
47,Wade Stanley,Negative Feedback,Work Culture,show,mr. stanley,verb_subject,nsubj,"Unfortunately, Mr. Stanley has shown time and time again that he has issues performing."
47,Wade Stanley,Negative Feedback,Work Culture,perform,issues,verb_subject,nsubj,"Unfortunately, Mr. Stanley has shown time and time again that he has issues performing."
47,Wade Stanley,Negative Feedback,Work Culture,last,last week,adjective_modifies_noun,amod,"For example, last week he had a deadline that he knew of, instead he took long lunches and never made the deadline."
47,Wade Stanley,Negative Feedback,Work Culture,have,deadline,verb_object,dobj,"For example, last week he had a deadline that he knew of, instead he took long lunches and never made the deadline."
47,Wade Stanley,Negative Feedback,Work Culture,have,example,verb_preposition_for,prep->pobj,"For example, last week he had a deadline that he knew of, instead he took long lunches and never made the deadline."
47,Wade Stanley,Negative Feedback,Work Culture,have,he,verb_subject,nsubj,"For example, last week he had a deadline that he knew of, instead he took long lunches and never made the deadline."
47,Wade Stanley,Negative Feedback,Work Culture,know,that,verb_preposition_of,prep->pobj,"For example, last week he had a deadline that he knew of, instead he took long lunches and never made the deadline."
47,Wade Stanley,Negative Feedback,Work Culture,know,he,verb_subject,nsubj,"For example, last week he had a deadline that he knew of, instead he took long lunches and never made the deadline."
47,Wade Stanley,Negative Feedback,Work Culture,take,long lunches,verb_object,dobj,"For example, last week he had a deadline that he knew of, instead he took long lunches and never made the deadline."
47,Wade Stanley,Negative Feedback,Work Culture,take,he,verb_subject,nsubj,"For example, last week he had a deadline that he knew of, instead he took long lunches and never made the deadline."
47,Wade Stanley,Negative Feedback,Work Culture,long,long lunches,adjective_modifies_noun,amod,"For example, last week he had a deadline that he knew of, instead he took long lunches and never made the deadline."
47,Wade Stanley,Negative Feedback,Work Culture,make,deadline,verb_object,dobj,"For example, last week he had a deadline that he knew of, instead he took long lunches and never made the deadline."
47,Wade Stanley,Negative Feedback,Work Culture,show,time,verb_preposition_on,prep->pobj,"Also, his ability to show up on time and dressed accordingly has never happened."
47,Wade Stanley,Negative Feedback,Work Culture,happen,ability,verb_subject,nsubj,"Also, his ability to show up on time and dressed accordingly has never happened."
47,Wade Stanley,Negative Feedback,Work Culture,nice,nice person,adjective_modifies_noun,amod,"This is very unacceptable, he is a nice person and I wish him the best, but potential for growth is not there."
47,Wade Stanley,Negative Feedback,Work Culture,wish,i,verb_subject,nsubj,"This is very unacceptable, he is a nice person and I wish him the best, but potential for growth is not there."
50,Addison Cohen,Negative Feedback,Work Culture,have,rough time,verb_object,dobj,Addison has had a rough time this quarter.
50,Addison Cohen,Negative Feedback,Work Culture,have,addison,verb_subject,nsubj,Addison has had a rough time this quarter.
50,Addison Cohen,Negative Feedback,Work Culture,rough,rough time,adjective_modifies_noun,amod,Addison has had a rough time this quarter.
50,Addison Cohen,Negative Feedback,Work Culture,major,major tasks,adjective_modifies_noun,amod,"From being off sick, Addison was behind on major tasks related to our project."
50,Addison Cohen,Negative Feedback,Work Culture,relate,project,verb_preposition_to,prep->pobj,"From being off sick, Addison was behind on major tasks related to our project."
50,Addison Cohen,Negative Feedback,Work Culture,seem,addison,verb_subject,nsubj,Addison seems to be in another world most of the time.
50,Addison Cohen,Negative Feedback,Work Culture,main,main concern,adjective_modifies_noun,amod,Our main concern is that Addison's continued inattention could be costly to the company.
50,Addison Cohen,Negative Feedback,Work Culture,continued,continued inattention,adjective_modifies_noun,amod,Our main concern is that Addison's continued inattention could be costly to the company.
45,Wade Stanley,Negative Feedback,Work Culture,work,wade,verb_preposition_with,prep->pobj,I would never work with Wade again.
45,Wade Stanley,Negative Feedback,Work Culture,work,i,verb_subject,nsubj,I would never work with Wade again.
45,Wade Stanley,Negative Feedback,Work Culture,have,desire,verb_object,dobj,No room for growth as he has no desire to grow.
45,Wade Stanley,Negative Feedback,Work Culture,have,he,verb_subject,nsubj,No room for growth as he has no desire to grow.
45,Wade Stanley,Negative Feedback,Work Culture,hate,i,verb_subject,nsubj,I would hate to be on a team with him again
218,Finley Gray,Neutral Feedback,Salary & Benefits,complete,tasks,verb_object,dobj,Finley Grey completes tasks on time and follows instruction well.
218,Finley Gray,Neutral Feedback,Salary & Benefits,complete,time,verb_preposition_on,prep->pobj,Finley Grey completes tasks on time and follows instruction well.
218,Finley Gray,Neutral Feedback,Salary & Benefits,complete,finley grey,verb_subject,nsubj,Finley Grey completes tasks on time and follows instruction well.
218,Finley Gray,Neutral Feedback,Salary & Benefits,follow,instruction,verb_object,dobj,Finley Grey completes tasks on time and follows instruction well.
218,Finley Gray,Neutral Feedback,Salary & Benefits,put,his,verb_object,dobj,"However, he does not put forth his on ideas."
218,Finley Gray,Neutral Feedback,Salary & Benefits,put,ideas,verb_preposition_on,prep->pobj,"However, he does not put forth his on ideas."
218,Finley Gray,Neutral Feedback,Salary & Benefits,put,he,verb_subject,nsubj,"However, he does not put forth his on ideas."
218,Finley Gray,Neutral Feedback,Salary & Benefits,follow,instruction,verb_object,dobj,He follows instruction to the letter but does not offer his own insights as to how to make the project any better.
218,Finley Gray,Neutral Feedback,Salary & Benefits,follow,he,verb_subject,nsubj,He follows instruction to the letter but does not offer his own insights as to how to make the project any better.
218,Finley Gray,Neutral Feedback,Salary & Benefits,offer,own insights,verb_object,dobj,He follows instruction to the letter but does not offer his own insights as to how to make the project any better.
218,Finley Gray,Neutral Feedback,Salary & Benefits,own,own insights,adjective_modifies_noun,amod,He follows instruction to the letter but does not offer his own insights as to how to make the project any better.
218,Finley Gray,Neutral Feedback,Salary & Benefits,make,project,verb_object,dobj,He follows instruction to the letter but does not offer his own insights as to how to make the project any better.
218,Finley Gray,Neutral Feedback,Salary & Benefits,have,detailed instruction,verb_object,dobj,"His work is correct, complete and on time as long as he has detailed instruction."
218,Finley Gray,Neutral Feedback,Salary & Benefits,have,he,verb_subject,nsubj,"His work is correct, complete and on time as long as he has detailed instruction."
218,Finley Gray,Neutral Feedback,Salary & Benefits,detailed,detailed instruction,adjective_modifies_noun,amod,"His work is correct, complete and on time as long as he has detailed instruction."
218,Finley Gray,Neutral Feedback,Salary & Benefits,benefit,he,verb_subject,nsubj,He would benefit from thinking outside the box and putting forth his own ideas from time to time.
218,Finley Gray,Neutral Feedback,Salary & Benefits,think,box,verb_preposition_outside,prep->pobj,He would benefit from thinking outside the box and putting forth his own ideas from time to time.
218,Finley Gray,Neutral Feedback,Salary & Benefits,put,own ideas,verb_object,dobj,He would benefit from thinking outside the box and putting forth his own ideas from time to time.
218,Finley Gray,Neutral Feedback,Salary & Benefits,put,time,verb_preposition_from,prep->pobj,He would benefit from thinking outside the box and putting forth his own ideas from time to time.
218,Finley Gray,Neutral Feedback,Salary & Benefits,put,time,verb_preposition_to,prep->pobj,He would benefit from thinking outside the box and putting forth his own ideas from time to time.
218,Finley Gray,Neutral Feedback,Salary & Benefits,own,own ideas,adjective_modifies_noun,amod,He would benefit from thinking outside the box and putting forth his own ideas from time to time.
218,Finley Gray,Neutral Feedback,Salary & Benefits,seem,he,verb_subject,nsubj,But he does not seem motivated to do so.
259,Conner Mcintyre,Neutral Feedback,Work Culture,good,good performer,adjective_modifies_noun,amod,He is a good performer of regular activites.
259,Conner Mcintyre,Neutral Feedback,Work Culture,regular,regular activites,adjective_modifies_noun,amod,He is a good performer of regular activites.
259,Conner Mcintyre,Neutral Feedback,Work Culture,new,new activities,adjective_modifies_noun,amod,His interaction to new activities is not that much remarkable.
259,Conner Mcintyre,Neutral Feedback,Work Culture,expect,he,verb_subject,nsubjpass,He cannot be expected to accomplish for developmental activities.
259,Conner Mcintyre,Neutral Feedback,Work Culture,accomplish,developmental activities,verb_preposition_for,prep->pobj,He cannot be expected to accomplish for developmental activities.
259,Conner Mcintyre,Neutral Feedback,Work Culture,developmental,developmental activities,adjective_modifies_noun,amod,He cannot be expected to accomplish for developmental activities.
209,Leo Lee,Neutral Feedback,Career Growth,complete,good work,verb_object,dobj,Leo completes good work and can deliver results.
209,Leo Lee,Neutral Feedback,Career Growth,complete,leo,verb_subject,nsubj,Leo completes good work and can deliver results.
209,Leo Lee,Neutral Feedback,Career Growth,good,good work,adjective_modifies_noun,amod,Leo completes good work and can deliver results.
209,Leo Lee,Neutral Feedback,Career Growth,deliver,results,verb_object,dobj,Leo completes good work and can deliver results.
209,Leo Lee,Neutral Feedback,Career Growth,show,leo,verb_subject,nsubj,Leo does not show that he willing to contribute more than what is asked of him.
209,Leo Lee,Neutral Feedback,Career Growth,willing,he,copular_description,nsubj,Leo does not show that he willing to contribute more than what is asked of him.
209,Leo Lee,Neutral Feedback,Career Growth,ask,him,verb_preposition_of,prep->pobj,Leo does not show that he willing to contribute more than what is asked of him.
209,Leo Lee,Neutral Feedback,Career Growth,ask,what,verb_subject,nsubjpass,Leo does not show that he willing to contribute more than what is asked of him.
209,Leo Lee,Neutral Feedback,Career Growth,respond,emails,verb_preposition_to,prep->pobj,Leo is quick to respond to emails but it is the bare minimum.
209,Leo Lee,Neutral Feedback,Career Growth,bare,bare minimum,adjective_modifies_noun,amod,Leo is quick to respond to emails but it is the bare minimum.
209,Leo Lee,Neutral Feedback,Career Growth,have,career goals,verb_object,dobj,Leo does not have any career goals.
209,Leo Lee,Neutral Feedback,Career Growth,have,leo,verb_subject,nsubj,Leo does not have any career goals.
176,Sonny Kidd,Neutral Feedback,Work Culture,average,average colleagues,adjective_modifies_noun,amod,Sonny Kidd is one of the most average colleagues I have had.
176,Sonny Kidd,Neutral Feedback,Work Culture,have,i,verb_subject,nsubj,Sonny Kidd is one of the most average colleagues I have had.
176,Sonny Kidd,Neutral Feedback,Work Culture,bad,bad thing,adjective_modifies_noun,amod,This is not always a bad thing because he is consistent.
176,Sonny Kidd,Neutral Feedback,Work Culture,complete,work,verb_object,dobj,He completes his work on time with decent results.
176,Sonny Kidd,Neutral Feedback,Work Culture,complete,time,verb_preposition_on,prep->pobj,He completes his work on time with decent results.
176,Sonny Kidd,Neutral Feedback,Work Culture,complete,decent results,verb_preposition_with,prep->pobj,He completes his work on time with decent results.
176,Sonny Kidd,Neutral Feedback,Work Culture,complete,he,verb_subject,nsubj,He completes his work on time with decent results.
176,Sonny Kidd,Neutral Feedback,Work Culture,decent,decent results,adjective_modifies_noun,amod,He completes his work on time with decent results.
176,Sonny Kidd,Neutral Feedback,Work Culture,have,little drive,verb_object,dobj,"However, he is a little older and has little drive left in him, thus he is unable to be pushed to reach higher goals."
176,Sonny Kidd,Neutral Feedback,Work Culture,little,little drive,adjective_modifies_noun,amod,"However, he is a little older and has little drive left in him, thus he is unable to be pushed to reach higher goals."
176,Sonny Kidd,Neutral Feedback,Work Culture,leave,him,verb_preposition_in,prep->pobj,"However, he is a little older and has little drive left in him, thus he is unable to be pushed to reach higher goals."
176,Sonny Kidd,Neutral Feedback,Work Culture,reach,higher goals,verb_object,dobj,"However, he is a little older and has little drive left in him, thus he is unable to be pushed to reach higher goals."
176,Sonny Kidd,Neutral Feedback,Work Culture,high,higher goals,adjective_modifies_noun,amod,"However, he is a little older and has little drive left in him, thus he is unable to be pushed to reach higher goals."
175,Sonny Kidd,Neutral Feedback,Work Culture,do,quarter,verb_preposition_in,prep->pobj,Sonny did better in this quarter than the last one.
175,Sonny Kidd,Neutral Feedback,Work Culture,do,sonny,verb_subject,nsubj,Sonny did better in this quarter than the last one.
175,Sonny Kidd,Neutral Feedback,Work Culture,rate,i,verb_subject,nsubj,"Her performance I would rate as moderate, she has show better efficiency than before."
175,Sonny Kidd,Neutral Feedback,Work Culture,show,better efficiency,verb_object,dobj,"Her performance I would rate as moderate, she has show better efficiency than before."
175,Sonny Kidd,Neutral Feedback,Work Culture,show,performance,verb_subject,nsubj,"Her performance I would rate as moderate, she has show better efficiency than before."
175,Sonny Kidd,Neutral Feedback,Work Culture,show,she,verb_subject,nsubj,"Her performance I would rate as moderate, she has show better efficiency than before."
175,Sonny Kidd,Neutral Feedback,Work Culture,well,better efficiency,adjective_modifies_noun,amod,"Her performance I would rate as moderate, she has show better efficiency than before."
175,Sonny Kidd,Neutral Feedback,Work Culture,knowledge,specific group,verb_preposition_for,prep->pobj,"Although, he knowledge for this specific group is not quite at par."
175,Sonny Kidd,Neutral Feedback,Work Culture,knowledge,he,verb_subject,nsubj,"Although, he knowledge for this specific group is not quite at par."
175,Sonny Kidd,Neutral Feedback,Work Culture,specific,specific group,adjective_modifies_noun,amod,"Although, he knowledge for this specific group is not quite at par."
173,Sonny Kidd,Neutral Feedback,Work Culture,sonny,sonny masters,adjective_modifies_noun,amod,Sonny masters new software programs quickly and is generally able to turn out reliable work product.
173,Sonny Kidd,Neutral Feedback,Work Culture,new,new software programs,adjective_modifies_noun,amod,Sonny masters new software programs quickly and is generally able to turn out reliable work product.
173,Sonny Kidd,Neutral Feedback,Work Culture,quickly,new software programs,adjective_modifies_noun,advmod,Sonny masters new software programs quickly and is generally able to turn out reliable work product.
173,Sonny Kidd,Neutral Feedback,Work Culture,turn,reliable work product,verb_object,dobj,Sonny masters new software programs quickly and is generally able to turn out reliable work product.
173,Sonny Kidd,Neutral Feedback,Work Culture,reliable,reliable work product,adjective_modifies_noun,amod,Sonny masters new software programs quickly and is generally able to turn out reliable work product.
173,Sonny Kidd,Neutral Feedback,Work Culture,prefer,he,verb_subject,nsubj,"However, he also prefers to work independently and this can be to his detriment at times when his drafts could really benefit from another person's review."
173,Sonny Kidd,Neutral Feedback,Work Culture,benefit,review,verb_preposition_from,prep->pobj,"However, he also prefers to work independently and this can be to his detriment at times when his drafts could really benefit from another person's review."
173,Sonny Kidd,Neutral Feedback,Work Culture,benefit,drafts,verb_subject,nsubj,"However, he also prefers to work independently and this can be to his detriment at times when his drafts could really benefit from another person's review."
173,Sonny Kidd,Neutral Feedback,Work Culture,decline,assistance,verb_object,dobj,He is so quick to decline others' assistance that I am concerned about his ability to make any real improvements in his work moving forward.
173,Sonny Kidd,Neutral Feedback,Work Culture,real,real improvements,adjective_modifies_noun,amod,He is so quick to decline others' assistance that I am concerned about his ability to make any real improvements in his work moving forward.
173,Sonny Kidd,Neutral Feedback,Work Culture,move,real improvements,verb_subject,nsubj,He is so quick to decline others' assistance that I am concerned about his ability to make any real improvements in his work moving forward.
173,Sonny Kidd,Neutral Feedback,Work Culture,see,reason,verb_preposition_for,prep->pobj,"For this reason, I don't see him being able to advance much in our department."
173,Sonny Kidd,Neutral Feedback,Work Culture,see,i,verb_subject,nsubj,"For this reason, I don't see him being able to advance much in our department."
173,Sonny Kidd,Neutral Feedback,Work Culture,advance,department,verb_preposition_in,prep->pobj,"For this reason, I don't see him being able to advance much in our department."
172,Sonny Kidd,Neutral Feedback,Career Growth,show,ability,verb_object,dobj,He has shown the ability to carry out his duties amply.
172,Sonny Kidd,Neutral Feedback,Career Growth,show,he,verb_subject,nsubj,He has shown the ability to carry out his duties amply.
172,Sonny Kidd,Neutral Feedback,Career Growth,carry,duties,verb_object,dobj,He has shown the ability to carry out his duties amply.
172,Sonny Kidd,Neutral Feedback,Career Growth,other,other hand,adjective_modifies_noun,amod,"On the other hand, he doesn't seem to show much interest in wanting to improve."
172,Sonny Kidd,Neutral Feedback,Career Growth,seem,other hand,verb_preposition_on,prep->pobj,"On the other hand, he doesn't seem to show much interest in wanting to improve."
172,Sonny Kidd,Neutral Feedback,Career Growth,seem,he,verb_subject,nsubj,"On the other hand, he doesn't seem to show much interest in wanting to improve."
172,Sonny Kidd,Neutral Feedback,Career Growth,show,much interest,verb_object,dobj,"On the other hand, he doesn't seem to show much interest in wanting to improve."
172,Sonny Kidd,Neutral Feedback,Career Growth,much,much interest,adjective_modifies_noun,amod,"On the other hand, he doesn't seem to show much interest in wanting to improve."
172,Sonny Kidd,Neutral Feedback,Career Growth,seem,he,verb_subject,nsubj,"Overall, his work is decent, but he doesn't seem to want to improve upon it at all."
172,Sonny Kidd,Neutral Feedback,Career Growth,improve,it,verb_preposition_upon,prep->pobj,"Overall, his work is decent, but he doesn't seem to want to improve upon it at all."
171,Amaya Gay,Neutral Feedback,Career Growth,try,her,verb_object,dobj,Amaya always tries her best on her assignments and I really appreciate how proactive she is about reaching out for guidance when she's unclear on something.
171,Amaya Gay,Neutral Feedback,Career Growth,try,assignments,verb_preposition_on,prep->pobj,Amaya always tries her best on her assignments and I really appreciate how proactive she is about reaching out for guidance when she's unclear on something.
171,Amaya Gay,Neutral Feedback,Career Growth,try,amaya,verb_subject,nsubj,Amaya always tries her best on her assignments and I really appreciate how proactive she is about reaching out for guidance when she's unclear on something.
171,Amaya Gay,Neutral Feedback,Career Growth,appreciate,i,verb_subject,nsubj,Amaya always tries her best on her assignments and I really appreciate how proactive she is about reaching out for guidance when she's unclear on something.
171,Amaya Gay,Neutral Feedback,Career Growth,reach,guidance,verb_preposition_for,prep->pobj,Amaya always tries her best on her assignments and I really appreciate how proactive she is about reaching out for guidance when she's unclear on something.
171,Amaya Gay,Neutral Feedback,Career Growth,basic,basic assignments,adjective_modifies_noun,amod,"However, even though she does perfectly well on basic assignments, sometimes her best effort isn't quite enough to staff her on the more complex client assignments that we have available."
171,Amaya Gay,Neutral Feedback,Career Growth,good,best effort,adjective_modifies_noun,amod,"However, even though she does perfectly well on basic assignments, sometimes her best effort isn't quite enough to staff her on the more complex client assignments that we have available."
171,Amaya Gay,Neutral Feedback,Career Growth,staff,her,verb_object,dobj,"However, even though she does perfectly well on basic assignments, sometimes her best effort isn't quite enough to staff her on the more complex client assignments that we have available."
171,Amaya Gay,Neutral Feedback,Career Growth,staff,complex client assignments,verb_preposition_on,prep->pobj,"However, even though she does perfectly well on basic assignments, sometimes her best effort isn't quite enough to staff her on the more complex client assignments that we have available."
171,Amaya Gay,Neutral Feedback,Career Growth,complex,complex client assignments,adjective_modifies_noun,amod,"However, even though she does perfectly well on basic assignments, sometimes her best effort isn't quite enough to staff her on the more complex client assignments that we have available."
171,Amaya Gay,Neutral Feedback,Career Growth,have,that,verb_object,dobj,"However, even though she does perfectly well on basic assignments, sometimes her best effort isn't quite enough to staff her on the more complex client assignments that we have available."
171,Amaya Gay,Neutral Feedback,Career Growth,have,we,verb_subject,nsubj,"However, even though she does perfectly well on basic assignments, sometimes her best effort isn't quite enough to staff her on the more complex client assignments that we have available."
171,Amaya Gay,Neutral Feedback,Career Growth,quantitative,quantitative skills,adjective_modifies_noun,amod,Her quantitative skills simply are not up to par with our senior associates.
171,Amaya Gay,Neutral Feedback,Career Growth,senior,senior associates,adjective_modifies_noun,amod,Her quantitative skills simply are not up to par with our senior associates.
171,Amaya Gay,Neutral Feedback,Career Growth,see,much room,verb_object,dobj,Thus I don't see much room for advancement for her in this department.
171,Amaya Gay,Neutral Feedback,Career Growth,see,her,verb_preposition_for,prep->pobj,Thus I don't see much room for advancement for her in this department.
171,Amaya Gay,Neutral Feedback,Career Growth,see,department,verb_preposition_in,prep->pobj,Thus I don't see much room for advancement for her in this department.
171,Amaya Gay,Neutral Feedback,Career Growth,see,i,verb_subject,nsubj,Thus I don't see much room for advancement for her in this department.
171,Amaya Gay,Neutral Feedback,Career Growth,much,much room,adjective_modifies_noun,amod,Thus I don't see much room for advancement for her in this department.
164,Sara Phillips,Neutral Feedback,Career Growth,maintain,performance,verb_object,dobj,Sara has maintained her performance in analyzing and tracking sales this quarter.
164,Sara Phillips,Neutral Feedback,Career Growth,maintain,sara,verb_subject,nsubj,Sara has maintained her performance in analyzing and tracking sales this quarter.
164,Sara Phillips,Neutral Feedback,Career Growth,track,sales,verb_object,dobj,Sara has maintained her performance in analyzing and tracking sales this quarter.
164,Sara Phillips,Neutral Feedback,Career Growth,improve,speed,verb_preposition_on,prep->pobj,"While she did improve on her speed, there was not much else to improve upon."
164,Sara Phillips,Neutral Feedback,Career Growth,improve,she,verb_subject,nsubj,"While she did improve on her speed, there was not much else to improve upon."
164,Sara Phillips,Neutral Feedback,Career Growth,additionally,sara tires,adjective_modifies_noun,advmod,"Additionally, Sara tires from work easily and struggles to maintain momentum."
164,Sara Phillips,Neutral Feedback,Career Growth,sara,sara tires,adjective_modifies_noun,amod,"Additionally, Sara tires from work easily and struggles to maintain momentum."
164,Sara Phillips,Neutral Feedback,Career Growth,maintain,momentum,verb_object,dobj,"Additionally, Sara tires from work easily and struggles to maintain momentum."
164,Sara Phillips,Neutral Feedback,Career Growth,perform,sara,verb_subject,nsubj,"Overall, Sara did perform well, however, if she does not find a momentum for her pace of work, she may not last long with the company."
164,Sara Phillips,Neutral Feedback,Career Growth,find,momentum,verb_object,dobj,"Overall, Sara did perform well, however, if she does not find a momentum for her pace of work, she may not last long with the company."
164,Sara Phillips,Neutral Feedback,Career Growth,find,she,verb_subject,nsubj,"Overall, Sara did perform well, however, if she does not find a momentum for her pace of work, she may not last long with the company."
164,Sara Phillips,Neutral Feedback,Career Growth,last,company,verb_preposition_with,prep->pobj,"Overall, Sara did perform well, however, if she does not find a momentum for her pace of work, she may not last long with the company."
164,Sara Phillips,Neutral Feedback,Career Growth,last,she,verb_subject,nsubj,"Overall, Sara did perform well, however, if she does not find a momentum for her pace of work, she may not last long with the company."
166,Sara Phillips,Neutral Feedback,Work Culture,do,good things,verb_object,dobj,"She does some good things, but also lacks in other ways."
166,Sara Phillips,Neutral Feedback,Work Culture,do,she,verb_subject,nsubj,"She does some good things, but also lacks in other ways."
166,Sara Phillips,Neutral Feedback,Work Culture,good,good things,adjective_modifies_noun,amod,"She does some good things, but also lacks in other ways."
166,Sara Phillips,Neutral Feedback,Work Culture,lack,other ways,verb_preposition_in,prep->pobj,"She does some good things, but also lacks in other ways."
166,Sara Phillips,Neutral Feedback,Work Culture,other,other ways,adjective_modifies_noun,amod,"She does some good things, but also lacks in other ways."
166,Sara Phillips,Neutral Feedback,Work Culture,seem,she,verb_subject,nsubj,"She doesn't seem to have much interest in improving her skillset in other ways, either."
166,Sara Phillips,Neutral Feedback,Work Culture,have,much interest,verb_object,dobj,"She doesn't seem to have much interest in improving her skillset in other ways, either."
166,Sara Phillips,Neutral Feedback,Work Culture,much,much interest,adjective_modifies_noun,amod,"She doesn't seem to have much interest in improving her skillset in other ways, either."
166,Sara Phillips,Neutral Feedback,Work Culture,improve,skillset,verb_object,dobj,"She doesn't seem to have much interest in improving her skillset in other ways, either."
166,Sara Phillips,Neutral Feedback,Work Culture,improve,other ways,verb_preposition_in,prep->pobj,"She doesn't seem to have much interest in improving her skillset in other ways, either."
166,Sara Phillips,Neutral Feedback,Work Culture,other,other ways,adjective_modifies_noun,amod,"She doesn't seem to have much interest in improving her skillset in other ways, either."
166,Sara Phillips,Neutral Feedback,Work Culture,put,body,verb_object,dobj,"Overall, I would put her body of work somewhere just about sub-par."
166,Sara Phillips,Neutral Feedback,Work Culture,put,sub,verb_preposition_about,prep->pobj,"Overall, I would put her body of work somewhere just about sub-par."
166,Sara Phillips,Neutral Feedback,Work Culture,put,-,verb_preposition_about,prep->pobj,"Overall, I would put her body of work somewhere just about sub-par."
166,Sara Phillips,Neutral Feedback,Work Culture,put,par,verb_preposition_about,prep->pobj,"Overall, I would put her body of work somewhere just about sub-par."
166,Sara Phillips,Neutral Feedback,Work Culture,put,i,verb_subject,nsubj,"Overall, I would put her body of work somewhere just about sub-par."
165,Sara Phillips,Neutral Feedback,Work Culture,know,i,verb_subject,nsubj,I know I can trust her to produce reports that are directly responsive to client requests.
165,Sara Phillips,Neutral Feedback,Work Culture,trust,her,verb_object,dobj,I know I can trust her to produce reports that are directly responsive to client requests.
165,Sara Phillips,Neutral Feedback,Work Culture,trust,i,verb_subject,nsubj,I know I can trust her to produce reports that are directly responsive to client requests.
165,Sara Phillips,Neutral Feedback,Work Culture,produce,reports,verb_object,dobj,I know I can trust her to produce reports that are directly responsive to client requests.
165,Sara Phillips,Neutral Feedback,Work Culture,work,she,verb_subject,nsubj,"Unfortunately, she works so quickly sometimes that she leaves a trail of minor typos throughout her reports."
165,Sara Phillips,Neutral Feedback,Work Culture,leave,trail,verb_object,dobj,"Unfortunately, she works so quickly sometimes that she leaves a trail of minor typos throughout her reports."
165,Sara Phillips,Neutral Feedback,Work Culture,leave,reports,verb_preposition_throughout,prep->pobj,"Unfortunately, she works so quickly sometimes that she leaves a trail of minor typos throughout her reports."
165,Sara Phillips,Neutral Feedback,Work Culture,leave,she,verb_subject,nsubj,"Unfortunately, she works so quickly sometimes that she leaves a trail of minor typos throughout her reports."
165,Sara Phillips,Neutral Feedback,Work Culture,minor,minor typos,adjective_modifies_noun,amod,"Unfortunately, she works so quickly sometimes that she leaves a trail of minor typos throughout her reports."
165,Sara Phillips,Neutral Feedback,Work Culture,ask,her,verb_object,dobj,"Even though I've asked her to slow down her pace, she has continued to produce work with typos."
165,Sara Phillips,Neutral Feedback,Work Culture,ask,i,verb_subject,nsubj,"Even though I've asked her to slow down her pace, she has continued to produce work with typos."
165,Sara Phillips,Neutral Feedback,Work Culture,slow,pace,verb_object,dobj,"Even though I've asked her to slow down her pace, she has continued to produce work with typos."
165,Sara Phillips,Neutral Feedback,Work Culture,continue,she,verb_subject,nsubj,"Even though I've asked her to slow down her pace, she has continued to produce work with typos."
165,Sara Phillips,Neutral Feedback,Work Culture,produce,work,verb_object,dobj,"Even though I've asked her to slow down her pace, she has continued to produce work with typos."
165,Sara Phillips,Neutral Feedback,Work Culture,produce,typos,verb_preposition_with,prep->pobj,"Even though I've asked her to slow down her pace, she has continued to produce work with typos."
165,Sara Phillips,Neutral Feedback,Work Culture,think,i,verb_subject,nsubj,Thus I don't think her performance will really improve much over time.
165,Sara Phillips,Neutral Feedback,Work Culture,improve,time,verb_preposition_over,prep->pobj,Thus I don't think her performance will really improve much over time.
165,Sara Phillips,Neutral Feedback,Work Culture,improve,performance,verb_subject,nsubj,Thus I don't think her performance will really improve much over time.
163,Sara Phillips,Neutral Feedback,Work Culture,keep,work,verb_preposition_with,prep->pobj,"Sara, you keep up with your work."
163,Sara Phillips,Neutral Feedback,Work Culture,keep,you,verb_subject,nsubj,"Sara, you keep up with your work."
163,Sara Phillips,Neutral Feedback,Work Culture,keep,work queue,verb_object,dobj,You are able to keep your work queue low and within our service level agreement with our customers.
163,Sara Phillips,Neutral Feedback,Work Culture,interact,peers,verb_preposition_with,prep->pobj,You interact with your peers as would be expected.
163,Sara Phillips,Neutral Feedback,Work Culture,interact,you,verb_subject,nsubj,You interact with your peers as would be expected.
163,Sara Phillips,Neutral Feedback,Work Culture,like,you,verb_subject,nsubjpass,You are liked by peers and maintain good relationships with customers.
163,Sara Phillips,Neutral Feedback,Work Culture,maintain,good relationships,verb_object,dobj,You are liked by peers and maintain good relationships with customers.
163,Sara Phillips,Neutral Feedback,Work Culture,good,good relationships,adjective_modifies_noun,amod,You are liked by peers and maintain good relationships with customers.
162,Sara Phillips,Neutral Feedback,Career Growth,do,that,verb_object,dobj,"Sara,
The work that you did on your last assignment was decent and shows that you have room for growth."
162,Sara Phillips,Neutral Feedback,Career Growth,do,last assignment,verb_preposition_on,prep->pobj,"Sara,
The work that you did on your last assignment was decent and shows that you have room for growth."
162,Sara Phillips,Neutral Feedback,Career Growth,do,you,verb_subject,nsubj,"Sara,
The work that you did on your last assignment was decent and shows that you have room for growth."
162,Sara Phillips,Neutral Feedback,Career Growth,last,last assignment,adjective_modifies_noun,amod,"Sara,
The work that you did on your last assignment was decent and shows that you have room for growth."
162,Sara Phillips,Neutral Feedback,Career Growth,have,room,verb_object,dobj,"Sara,
The work that you did on your last assignment was decent and shows that you have room for growth."
162,Sara Phillips,Neutral Feedback,Career Growth,have,you,verb_subject,nsubj,"Sara,
The work that you did on your last assignment was decent and shows that you have room for growth."
162,Sara Phillips,Neutral Feedback,Career Growth,like,you,verb_object,dobj,I would like you to contribute more to the tasks and ask for help when needed to submit more meaningful work.
162,Sara Phillips,Neutral Feedback,Career Growth,like,i,verb_subject,nsubj,I would like you to contribute more to the tasks and ask for help when needed to submit more meaningful work.
162,Sara Phillips,Neutral Feedback,Career Growth,contribute,tasks,verb_preposition_to,prep->pobj,I would like you to contribute more to the tasks and ask for help when needed to submit more meaningful work.
162,Sara Phillips,Neutral Feedback,Career Growth,ask,help,verb_preposition_for,prep->pobj,I would like you to contribute more to the tasks and ask for help when needed to submit more meaningful work.
162,Sara Phillips,Neutral Feedback,Career Growth,submit,meaningful work,verb_object,dobj,I would like you to contribute more to the tasks and ask for help when needed to submit more meaningful work.
162,Sara Phillips,Neutral Feedback,Career Growth,meaningful,meaningful work,adjective_modifies_noun,amod,I would like you to contribute more to the tasks and ask for help when needed to submit more meaningful work.
162,Sara Phillips,Neutral Feedback,Career Growth,feel,we,verb_subject,nsubj,"Right now, we feel that you aren't contributing enough to the organization and you need to show some improvements to be an exceptional employee."
162,Sara Phillips,Neutral Feedback,Career Growth,contribute,organization,verb_preposition_to,prep->pobj,"Right now, we feel that you aren't contributing enough to the organization and you need to show some improvements to be an exceptional employee."
162,Sara Phillips,Neutral Feedback,Career Growth,contribute,you,verb_subject,nsubj,"Right now, we feel that you aren't contributing enough to the organization and you need to show some improvements to be an exceptional employee."
162,Sara Phillips,Neutral Feedback,Career Growth,need,you,verb_subject,nsubj,"Right now, we feel that you aren't contributing enough to the organization and you need to show some improvements to be an exceptional employee."
162,Sara Phillips,Neutral Feedback,Career Growth,show,improvements,verb_object,dobj,"Right now, we feel that you aren't contributing enough to the organization and you need to show some improvements to be an exceptional employee."
162,Sara Phillips,Neutral Feedback,Career Growth,exceptional,exceptional employee,adjective_modifies_noun,amod,"Right now, we feel that you aren't contributing enough to the organization and you need to show some improvements to be an exceptional employee."
162,Sara Phillips,Neutral Feedback,Career Growth,grow,you,verb_subject,nsubj,We are happy to help you to grow and show your true potential.
162,Sara Phillips,Neutral Feedback,Career Growth,show,true potential,verb_object,dobj,We are happy to help you to grow and show your true potential.
162,Sara Phillips,Neutral Feedback,Career Growth,true,true potential,adjective_modifies_noun,amod,We are happy to help you to grow and show your true potential.
162,Sara Phillips,Neutral Feedback,Career Growth,feel,we,verb_subject,nsubj,We truly feel that if you are succeeding then the entire organization is succeeding.
162,Sara Phillips,Neutral Feedback,Career Growth,succeed,you,verb_subject,nsubj,We truly feel that if you are succeeding then the entire organization is succeeding.
162,Sara Phillips,Neutral Feedback,Career Growth,entire,entire organization,adjective_modifies_noun,amod,We truly feel that if you are succeeding then the entire organization is succeeding.
162,Sara Phillips,Neutral Feedback,Career Growth,succeed,entire organization,verb_subject,nsubj,We truly feel that if you are succeeding then the entire organization is succeeding.
162,Sara Phillips,Neutral Feedback,Career Growth,have,questions,verb_object,dobj,Do you have any questions?
162,Sara Phillips,Neutral Feedback,Career Growth,have,you,verb_subject,nsubj,Do you have any questions?
161,Joel Wells,Neutral Feedback,Career Growth,complete,work,verb_object,dobj,"Joel Well completes his work, but he does not show much potential for growth."
161,Joel Wells,Neutral Feedback,Career Growth,complete,joel well,verb_subject,nsubj,"Joel Well completes his work, but he does not show much potential for growth."
161,Joel Wells,Neutral Feedback,Career Growth,show,much potential,verb_object,dobj,"Joel Well completes his work, but he does not show much potential for growth."
161,Joel Wells,Neutral Feedback,Career Growth,show,he,verb_subject,nsubj,"Joel Well completes his work, but he does not show much potential for growth."
161,Joel Wells,Neutral Feedback,Career Growth,much,much potential,adjective_modifies_noun,amod,"Joel Well completes his work, but he does not show much potential for growth."
161,Joel Wells,Neutral Feedback,Career Growth,have,acceptable performance,verb_object,dobj,He has acceptable performance on the job.
161,Joel Wells,Neutral Feedback,Career Growth,have,he,verb_subject,nsubj,He has acceptable performance on the job.
161,Joel Wells,Neutral Feedback,Career Growth,acceptable,acceptable performance,adjective_modifies_noun,amod,He has acceptable performance on the job.
161,Joel Wells,Neutral Feedback,Career Growth,finish,tasks,verb_object,dobj,"He is able to finish his tasks successfully, but he does not go beyond expectations."
161,Joel Wells,Neutral Feedback,Career Growth,go,expectations,verb_preposition_beyond,prep->pobj,"He is able to finish his tasks successfully, but he does not go beyond expectations."
161,Joel Wells,Neutral Feedback,Career Growth,go,he,verb_subject,nsubj,"He is able to finish his tasks successfully, but he does not go beyond expectations."
161,Joel Wells,Neutral Feedback,Career Growth,improve,change,verb_preposition_with,prep->pobj,He could improve with a change of mindset toward growth.
161,Joel Wells,Neutral Feedback,Career Growth,improve,he,verb_subject,nsubj,He could improve with a change of mindset toward growth.
321,Sophie Murray,Neutral Feedback,Work Culture,assign,projects,verb_object,dobj,Sophie had been assigned 10 projects for the last 10 months.
321,Sophie Murray,Neutral Feedback,Work Culture,assign,last months,verb_preposition_for,prep->pobj,Sophie had been assigned 10 projects for the last 10 months.
321,Sophie Murray,Neutral Feedback,Work Culture,assign,sophie,verb_subject,nsubjpass,Sophie had been assigned 10 projects for the last 10 months.
321,Sophie Murray,Neutral Feedback,Work Culture,last,last months,adjective_modifies_noun,amod,Sophie had been assigned 10 projects for the last 10 months.
321,Sophie Murray,Neutral Feedback,Work Culture,receive,complaints,verb_object,dobj,"Some of her work were quite good, some of them have received complaints from our clients."
321,Sophie Murray,Neutral Feedback,Work Culture,receive,clients,verb_preposition_from,prep->pobj,"Some of her work were quite good, some of them have received complaints from our clients."
321,Sophie Murray,Neutral Feedback,Work Culture,receive,some,verb_subject,nsubj,"Some of her work were quite good, some of them have received complaints from our clients."
321,Sophie Murray,Neutral Feedback,Work Culture,inform,sophie,verb_object,dobj,"When we informed Sophie about the quality issues of her work, she was combative."
321,Sophie Murray,Neutral Feedback,Work Culture,inform,quality issues,verb_preposition_about,prep->pobj,"When we informed Sophie about the quality issues of her work, she was combative."
321,Sophie Murray,Neutral Feedback,Work Culture,inform,we,verb_subject,nsubj,"When we informed Sophie about the quality issues of her work, she was combative."
321,Sophie Murray,Neutral Feedback,Work Culture,pick,new skills,verb_object,dobj,"Overall, Sophie is slow to pick up new skills and slow in getting her work done."
321,Sophie Murray,Neutral Feedback,Work Culture,new,new skills,adjective_modifies_noun,amod,"Overall, Sophie is slow to pick up new skills and slow in getting her work done."
321,Sophie Murray,Neutral Feedback,Work Culture,do,work,verb_subject,nsubj,"Overall, Sophie is slow to pick up new skills and slow in getting her work done."
160,Joel Wells,Neutral Feedback,Career Growth,technical,technical capabilities,adjective_modifies_noun,amod,Joel is extremely competent in his technical capabilities and I can always rely on him to know the answer to any coding question a colleague might have.
160,Joel Wells,Neutral Feedback,Career Growth,rely,him,verb_preposition_on,prep->pobj,Joel is extremely competent in his technical capabilities and I can always rely on him to know the answer to any coding question a colleague might have.
160,Joel Wells,Neutral Feedback,Career Growth,rely,i,verb_subject,nsubj,Joel is extremely competent in his technical capabilities and I can always rely on him to know the answer to any coding question a colleague might have.
160,Joel Wells,Neutral Feedback,Career Growth,know,answer,verb_object,dobj,Joel is extremely competent in his technical capabilities and I can always rely on him to know the answer to any coding question a colleague might have.
160,Joel Wells,Neutral Feedback,Career Growth,cod,coding question,adjective_modifies_noun,amod,Joel is extremely competent in his technical capabilities and I can always rely on him to know the answer to any coding question a colleague might have.
160,Joel Wells,Neutral Feedback,Career Growth,have,colleague,verb_subject,nsubj,Joel is extremely competent in his technical capabilities and I can always rely on him to know the answer to any coding question a colleague might have.
160,Joel Wells,Neutral Feedback,Career Growth,limit,ability,verb_object,dobj,"However, his grammar skills are somewhat lacking, which limits his ability to put all of his ideas in writing to clients."
160,Joel Wells,Neutral Feedback,Career Growth,limit,which,verb_subject,nsubj,"However, his grammar skills are somewhat lacking, which limits his ability to put all of his ideas in writing to clients."
160,Joel Wells,Neutral Feedback,Career Growth,put,all,verb_object,dobj,"However, his grammar skills are somewhat lacking, which limits his ability to put all of his ideas in writing to clients."
160,Joel Wells,Neutral Feedback,Career Growth,write,clients,verb_preposition_to,prep->pobj,"However, his grammar skills are somewhat lacking, which limits his ability to put all of his ideas in writing to clients."
160,Joel Wells,Neutral Feedback,Career Growth,give,number,verb_object,dobj,I've given him a number of opportunities to improve in this area and he still hasn't been able to do so.
160,Joel Wells,Neutral Feedback,Career Growth,give,i,verb_subject,nsubj,I've given him a number of opportunities to improve in this area and he still hasn't been able to do so.
160,Joel Wells,Neutral Feedback,Career Growth,improve,area,verb_preposition_in,prep->pobj,I've given him a number of opportunities to improve in this area and he still hasn't been able to do so.
160,Joel Wells,Neutral Feedback,Career Growth,promote,him,verb_object,dobj,Thus I'm not sure that I'll be comfortable promoting him to a client-facing role any time soon.
160,Joel Wells,Neutral Feedback,Career Growth,promote,facing role,verb_preposition_to,prep->pobj,Thus I'm not sure that I'll be comfortable promoting him to a client-facing role any time soon.
160,Joel Wells,Neutral Feedback,Career Growth,face,facing role,adjective_modifies_noun,amod,Thus I'm not sure that I'll be comfortable promoting him to a client-facing role any time soon.
170,Amaya Gay,Neutral Feedback,Career Growth,complete,amaya,copular_description,nsubj,Amaya did complete most projects on time.
170,Amaya Gay,Neutral Feedback,Career Growth,most,most projects,adjective_modifies_noun,amod,Amaya did complete most projects on time.
170,Amaya Gay,Neutral Feedback,Career Growth,work,cross functional teams,verb_preposition_with,prep->pobj,He can work with cross functional teams.
170,Amaya Gay,Neutral Feedback,Career Growth,work,he,verb_subject,nsubj,He can work with cross functional teams.
170,Amaya Gay,Neutral Feedback,Career Growth,cross,cross functional teams,adjective_modifies_noun,amod,He can work with cross functional teams.
170,Amaya Gay,Neutral Feedback,Career Growth,functional,cross functional teams,adjective_modifies_noun,amod,He can work with cross functional teams.
170,Amaya Gay,Neutral Feedback,Career Growth,hesitate,he,verb_subject,nsubj,However  he hesitates to make his views known to others quickly.
170,Amaya Gay,Neutral Feedback,Career Growth,know,others,verb_preposition_to,prep->pobj,However  he hesitates to make his views known to others quickly.
170,Amaya Gay,Neutral Feedback,Career Growth,know,views,verb_subject,nsubj,However  he hesitates to make his views known to others quickly.
170,Amaya Gay,Neutral Feedback,Career Growth,get,points,verb_subject,nsubj,So his points do not get the visibility required.
170,Amaya Gay,Neutral Feedback,Career Growth,require,visibility,verb_subject,nsubj,So his points do not get the visibility required.
170,Amaya Gay,Neutral Feedback,Career Growth,progress,him,verb_subject,nsubj,It is hard for him to progress quickly across and has probably met his maximum grade by now.
170,Amaya Gay,Neutral Feedback,Career Growth,meet,maximum grade,verb_object,dobj,It is hard for him to progress quickly across and has probably met his maximum grade by now.
170,Amaya Gay,Neutral Feedback,Career Growth,maximum,maximum grade,adjective_modifies_noun,amod,It is hard for him to progress quickly across and has probably met his maximum grade by now.
380,Hannah Woods,Neutral Feedback,Work Culture,do,satisfactory job,verb_object,dobj,Hannah has done a satisfactory job since coming to our department.
380,Hannah Woods,Neutral Feedback,Work Culture,do,hannah,verb_subject,nsubj,Hannah has done a satisfactory job since coming to our department.
380,Hannah Woods,Neutral Feedback,Work Culture,satisfactory,satisfactory job,adjective_modifies_noun,amod,Hannah has done a satisfactory job since coming to our department.
380,Hannah Woods,Neutral Feedback,Work Culture,come,department,verb_preposition_to,prep->pobj,Hannah has done a satisfactory job since coming to our department.
380,Hannah Woods,Neutral Feedback,Work Culture,have,shine,verb_object,dobj,"Her work, while not bad, doesn't have the shine and polish of a top tier employee."
380,Hannah Woods,Neutral Feedback,Work Culture,have,work,verb_subject,nsubj,"Her work, while not bad, doesn't have the shine and polish of a top tier employee."
380,Hannah Woods,Neutral Feedback,Work Culture,top,top tier employee,adjective_modifies_noun,amod,"Her work, while not bad, doesn't have the shine and polish of a top tier employee."
380,Hannah Woods,Neutral Feedback,Work Culture,get,job,verb_object,dobj,She gets the job done in a fair amount of time but doesn't go above and beyond what is expected of her.
380,Hannah Woods,Neutral Feedback,Work Culture,get,she,verb_subject,nsubj,She gets the job done in a fair amount of time but doesn't go above and beyond what is expected of her.
380,Hannah Woods,Neutral Feedback,Work Culture,do,fair amount,verb_preposition_in,prep->pobj,She gets the job done in a fair amount of time but doesn't go above and beyond what is expected of her.
380,Hannah Woods,Neutral Feedback,Work Culture,fair,fair amount,adjective_modifies_noun,amod,She gets the job done in a fair amount of time but doesn't go above and beyond what is expected of her.
380,Hannah Woods,Neutral Feedback,Work Culture,expect,her,verb_preposition_of,prep->pobj,She gets the job done in a fair amount of time but doesn't go above and beyond what is expected of her.
380,Hannah Woods,Neutral Feedback,Work Culture,expect,what,verb_subject,nsubjpass,She gets the job done in a fair amount of time but doesn't go above and beyond what is expected of her.
380,Hannah Woods,Neutral Feedback,Work Culture,do,she,verb_subject,nsubj,She does what she is asked to do and nothing more.
380,Hannah Woods,Neutral Feedback,Work Culture,ask,she,verb_subject,nsubjpass,She does what she is asked to do and nothing more.
380,Hannah Woods,Neutral Feedback,Work Culture,do,what,verb_object,dobj,She does what she is asked to do and nothing more.
380,Hannah Woods,Neutral Feedback,Work Culture,more,nothing,adjective_modifies_noun,amod,She does what she is asked to do and nothing more.
490,Jessica Black,Neutral Feedback,Management Issues,have,good knowledge,verb_object,dobj,She has good knowledge in her domain but her execution is not up to mark.
490,Jessica Black,Neutral Feedback,Management Issues,have,domain,verb_preposition_in,prep->pobj,She has good knowledge in her domain but her execution is not up to mark.
490,Jessica Black,Neutral Feedback,Management Issues,have,she,verb_subject,nsubj,She has good knowledge in her domain but her execution is not up to mark.
490,Jessica Black,Neutral Feedback,Management Issues,good,good knowledge,adjective_modifies_noun,amod,She has good knowledge in her domain but her execution is not up to mark.
490,Jessica Black,Neutral Feedback,Management Issues,have,she,verb_subject,nsubj,She has to perform that match up with management expectation and her response should quick as possible towards her task other than she is a good performer.
490,Jessica Black,Neutral Feedback,Management Issues,perform,match,verb_object,dobj,She has to perform that match up with management expectation and her response should quick as possible towards her task other than she is a good performer.
490,Jessica Black,Neutral Feedback,Management Issues,perform,management expectation,verb_preposition_with,prep->pobj,She has to perform that match up with management expectation and her response should quick as possible towards her task other than she is a good performer.
490,Jessica Black,Neutral Feedback,Management Issues,other,task,adjective_modifies_noun,amod,She has to perform that match up with management expectation and her response should quick as possible towards her task other than she is a good performer.
490,Jessica Black,Neutral Feedback,Management Issues,good,good performer,adjective_modifies_noun,amod,She has to perform that match up with management expectation and her response should quick as possible towards her task other than she is a good performer.
157,Joel Wells,Neutral Feedback,Career Growth,accomplish,tasks,verb_object,dobj,Joel is able to accomplish the tasks that he is given but often struggles with accomplishing them on time.
157,Joel Wells,Neutral Feedback,Career Growth,give,he,verb_subject,nsubjpass,Joel is able to accomplish the tasks that he is given but often struggles with accomplishing them on time.
157,Joel Wells,Neutral Feedback,Career Growth,accomplish,them,verb_object,dobj,Joel is able to accomplish the tasks that he is given but often struggles with accomplishing them on time.
157,Joel Wells,Neutral Feedback,Career Growth,accomplish,time,verb_preposition_on,prep->pobj,Joel is able to accomplish the tasks that he is given but often struggles with accomplishing them on time.
157,Joel Wells,Neutral Feedback,Career Growth,require,him,verb_object,dobj,He is not very proactive and occasionally is more idle than his role requires him to be.
157,Joel Wells,Neutral Feedback,Career Growth,require,role,verb_subject,nsubj,He is not very proactive and occasionally is more idle than his role requires him to be.
157,Joel Wells,Neutral Feedback,Career Growth,most,most regards,adjective_modifies_noun,amod,He is proficient in most regards.
157,Joel Wells,Neutral Feedback,Career Growth,struggle,he,verb_subject,nsubj,He struggles to apply his knowledge quickly and to seek out new opportunities to help.
157,Joel Wells,Neutral Feedback,Career Growth,apply,knowledge,verb_object,dobj,He struggles to apply his knowledge quickly and to seek out new opportunities to help.
157,Joel Wells,Neutral Feedback,Career Growth,seek,new opportunities,verb_object,dobj,He struggles to apply his knowledge quickly and to seek out new opportunities to help.
157,Joel Wells,Neutral Feedback,Career Growth,new,new opportunities,adjective_modifies_noun,amod,He struggles to apply his knowledge quickly and to seek out new opportunities to help.
20010,Elliot Gray,Neutral Feedback,Work Culture,hard,hard worker,adjective_modifies_noun,amod,Elliot Gray is a hard worker but delivers to a standard level.
20010,Elliot Gray,Neutral Feedback,Work Culture,deliver,standard level,verb_preposition_to,prep->pobj,Elliot Gray is a hard worker but delivers to a standard level.
20010,Elliot Gray,Neutral Feedback,Work Culture,standard,standard level,adjective_modifies_noun,amod,Elliot Gray is a hard worker but delivers to a standard level.
20010,Elliot Gray,Neutral Feedback,Work Culture,undertake,team,verb_preposition_with,prep->pobj,The group tasks he has undertaken with the team have always been to an adequate standard.
20010,Elliot Gray,Neutral Feedback,Work Culture,undertake,he,verb_subject,nsubj,The group tasks he has undertaken with the team have always been to an adequate standard.
20010,Elliot Gray,Neutral Feedback,Work Culture,adequate,adequate standard,adjective_modifies_noun,amod,The group tasks he has undertaken with the team have always been to an adequate standard.
20010,Elliot Gray,Neutral Feedback,Work Culture,lack,what,verb_object,dobj,What he lacks in momentum he makes up for in good work.
20010,Elliot Gray,Neutral Feedback,Work Culture,lack,momentum,verb_preposition_in,prep->pobj,What he lacks in momentum he makes up for in good work.
20010,Elliot Gray,Neutral Feedback,Work Culture,lack,he,verb_subject,nsubj,What he lacks in momentum he makes up for in good work.
20010,Elliot Gray,Neutral Feedback,Work Culture,make,good work,verb_preposition_in,prep->pobj,What he lacks in momentum he makes up for in good work.
20010,Elliot Gray,Neutral Feedback,Work Culture,make,he,verb_subject,nsubj,What he lacks in momentum he makes up for in good work.
20010,Elliot Gray,Neutral Feedback,Work Culture,good,good work,adjective_modifies_noun,amod,What he lacks in momentum he makes up for in good work.
20010,Elliot Gray,Neutral Feedback,Work Culture,show,he,verb_subject,nsubj,"He has shown that he is capable of holding his on, despite the circumstances."
20010,Elliot Gray,Neutral Feedback,Work Culture,hold,his,verb_object,dobj,"He has shown that he is capable of holding his on, despite the circumstances."
20009,Elliot Gray,Neutral Feedback,Career Growth,attend,staff meetings,verb_object,dobj,"Elliot Gray attends all staff meetings and has been presented with daily targets, which are met about 65% of the time."
20009,Elliot Gray,Neutral Feedback,Career Growth,attend,elliot gray,verb_subject,nsubj,"Elliot Gray attends all staff meetings and has been presented with daily targets, which are met about 65% of the time."
20009,Elliot Gray,Neutral Feedback,Career Growth,present,daily targets,verb_preposition_with,prep->pobj,"Elliot Gray attends all staff meetings and has been presented with daily targets, which are met about 65% of the time."
20009,Elliot Gray,Neutral Feedback,Career Growth,daily,daily targets,adjective_modifies_noun,amod,"Elliot Gray attends all staff meetings and has been presented with daily targets, which are met about 65% of the time."
20009,Elliot Gray,Neutral Feedback,Career Growth,meet,%,verb_object,dobj,"Elliot Gray attends all staff meetings and has been presented with daily targets, which are met about 65% of the time."
20009,Elliot Gray,Neutral Feedback,Career Growth,meet,which,verb_subject,nsubjpass,"Elliot Gray attends all staff meetings and has been presented with daily targets, which are met about 65% of the time."
20009,Elliot Gray,Neutral Feedback,Career Growth,appear,times,verb_preposition_at,prep->pobj,At times it appears that Elliot struggles to display ambition to succeed and close deals.
20009,Elliot Gray,Neutral Feedback,Career Growth,appear,it,verb_subject,nsubj,At times it appears that Elliot struggles to display ambition to succeed and close deals.
20009,Elliot Gray,Neutral Feedback,Career Growth,struggle,elliot,verb_subject,nsubj,At times it appears that Elliot struggles to display ambition to succeed and close deals.
20009,Elliot Gray,Neutral Feedback,Career Growth,display,ambition,verb_object,dobj,At times it appears that Elliot struggles to display ambition to succeed and close deals.
20009,Elliot Gray,Neutral Feedback,Career Growth,close,close deals,adjective_modifies_noun,amod,At times it appears that Elliot struggles to display ambition to succeed and close deals.
20009,Elliot Gray,Neutral Feedback,Career Growth,seek,new potential clients,verb_object,dobj,"He rarely seeks out new potential clients and at times can be rather timid in his approach, reducing the confidence in the transaction."
20009,Elliot Gray,Neutral Feedback,Career Growth,seek,he,verb_subject,nsubj,"He rarely seeks out new potential clients and at times can be rather timid in his approach, reducing the confidence in the transaction."
20009,Elliot Gray,Neutral Feedback,Career Growth,new,new potential clients,adjective_modifies_noun,amod,"He rarely seeks out new potential clients and at times can be rather timid in his approach, reducing the confidence in the transaction."
20009,Elliot Gray,Neutral Feedback,Career Growth,potential,new potential clients,adjective_modifies_noun,amod,"He rarely seeks out new potential clients and at times can be rather timid in his approach, reducing the confidence in the transaction."
20009,Elliot Gray,Neutral Feedback,Career Growth,reduce,confidence,verb_object,dobj,"He rarely seeks out new potential clients and at times can be rather timid in his approach, reducing the confidence in the transaction."
20009,Elliot Gray,Neutral Feedback,Career Growth,recommend,it,verb_subject,nsubjpass,It is therefore not recommended that his name be put forth for promotion at this time as his leadership potential is not high.
20009,Elliot Gray,Neutral Feedback,Career Growth,put,promotion,verb_preposition_for,prep->pobj,It is therefore not recommended that his name be put forth for promotion at this time as his leadership potential is not high.
20009,Elliot Gray,Neutral Feedback,Career Growth,put,time,verb_preposition_at,prep->pobj,It is therefore not recommended that his name be put forth for promotion at this time as his leadership potential is not high.
20009,Elliot Gray,Neutral Feedback,Career Growth,put,name,verb_subject,nsubjpass,It is therefore not recommended that his name be put forth for promotion at this time as his leadership potential is not high.
10215,Emerson Rose,Neutral Feedback,Work Culture,average,average worker,adjective_modifies_noun,amod,Emerson Rose is a fairly average worker.
10215,Emerson Rose,Neutral Feedback,Work Culture,put,satisfactory work,verb_object,dobj,she puts out satisfactory work and she shows little potential.
10215,Emerson Rose,Neutral Feedback,Work Culture,put,she,verb_subject,nsubj,she puts out satisfactory work and she shows little potential.
10215,Emerson Rose,Neutral Feedback,Work Culture,satisfactory,satisfactory work,adjective_modifies_noun,amod,she puts out satisfactory work and she shows little potential.
10215,Emerson Rose,Neutral Feedback,Work Culture,show,little potential,verb_object,dobj,she puts out satisfactory work and she shows little potential.
10215,Emerson Rose,Neutral Feedback,Work Culture,show,she,verb_subject,nsubj,she puts out satisfactory work and she shows little potential.
10215,Emerson Rose,Neutral Feedback,Work Culture,little,little potential,adjective_modifies_noun,amod,she puts out satisfactory work and she shows little potential.
10215,Emerson Rose,Neutral Feedback,Work Culture,like,i,verb_subject,nsubj,I would like to see a little bit more from her because other people tend to out work her.
10215,Emerson Rose,Neutral Feedback,Work Culture,see,her,verb_preposition_from,prep->pobj,I would like to see a little bit more from her because other people tend to out work her.
10215,Emerson Rose,Neutral Feedback,Work Culture,little,little bit,adjective_modifies_noun,amod,I would like to see a little bit more from her because other people tend to out work her.
10215,Emerson Rose,Neutral Feedback,Work Culture,other,other people,adjective_modifies_noun,amod,I would like to see a little bit more from her because other people tend to out work her.
10215,Emerson Rose,Neutral Feedback,Work Culture,tend,other people,verb_subject,nsubj,I would like to see a little bit more from her because other people tend to out work her.
10215,Emerson Rose,Neutral Feedback,Work Culture,work,her,verb_object,dobj,I would like to see a little bit more from her because other people tend to out work her.
10215,Emerson Rose,Neutral Feedback,Work Culture,benefit,company,verb_object,dobj,However I am satisfied with her being at the company and she benefits the company
10215,Emerson Rose,Neutral Feedback,Work Culture,benefit,she,verb_subject,nsubj,However I am satisfied with her being at the company and she benefits the company
10214,Emerson Rose,Neutral Feedback,Career Growth,believe,i,verb_subject,nsubj,"Emerson Rose is pretty good at his job, but I don't believe he will be able to progress very far."
10214,Emerson Rose,Neutral Feedback,Career Growth,have,specific problems,verb_object,dobj,"While I don't have any specific problems with how he does his job, he does not excel either."
10214,Emerson Rose,Neutral Feedback,Career Growth,have,i,verb_subject,nsubj,"While I don't have any specific problems with how he does his job, he does not excel either."
10214,Emerson Rose,Neutral Feedback,Career Growth,specific,specific problems,adjective_modifies_noun,amod,"While I don't have any specific problems with how he does his job, he does not excel either."
10214,Emerson Rose,Neutral Feedback,Career Growth,excel,he,verb_subject,nsubj,"While I don't have any specific problems with how he does his job, he does not excel either."
10214,Emerson Rose,Neutral Feedback,Career Growth,be,others,verb_object,attr,There are others in the company more deserving of their jobs than he is.
10214,Emerson Rose,Neutral Feedback,Career Growth,deserving,company,adjective_modifies_noun,amod,There are others in the company more deserving of their jobs than he is.
10214,Emerson Rose,Neutral Feedback,Career Growth,regret,i,verb_subject,nsubj,I regret that he is unlikely to improve with time.
10214,Emerson Rose,Neutral Feedback,Career Growth,improve,time,verb_preposition_with,prep->pobj,I regret that he is unlikely to improve with time.
10212,Emerson Rose,Neutral Feedback,Career Growth,good,good team player,adjective_modifies_noun,amod,Emerson Rose is a good team player and is able to perform medium complexity tasks well.
10212,Emerson Rose,Neutral Feedback,Career Growth,perform,complexity tasks,verb_object,dobj,Emerson Rose is a good team player and is able to perform medium complexity tasks well.
10212,Emerson Rose,Neutral Feedback,Career Growth,medium,medium complexity,adjective_modifies_noun,amod,Emerson Rose is a good team player and is able to perform medium complexity tasks well.
10212,Emerson Rose,Neutral Feedback,Career Growth,come,complex tasks,verb_preposition_to,prep->pobj,"However, when it comes to somewhat complex tasks, they are not able to quickly adapt inasmuch their learning curve is quite steep even for relatively less complex items."
10212,Emerson Rose,Neutral Feedback,Career Growth,come,it,verb_subject,nsubj,"However, when it comes to somewhat complex tasks, they are not able to quickly adapt inasmuch their learning curve is quite steep even for relatively less complex items."
10212,Emerson Rose,Neutral Feedback,Career Growth,complex,complex tasks,adjective_modifies_noun,amod,"However, when it comes to somewhat complex tasks, they are not able to quickly adapt inasmuch their learning curve is quite steep even for relatively less complex items."
10212,Emerson Rose,Neutral Feedback,Career Growth,complex,complex items,adjective_modifies_noun,amod,"However, when it comes to somewhat complex tasks, they are not able to quickly adapt inasmuch their learning curve is quite steep even for relatively less complex items."
10212,Emerson Rose,Neutral Feedback,Career Growth,say,that,verb_object,dobj,"Having said that, I do believe that they can improve by asking more questions."
10212,Emerson Rose,Neutral Feedback,Career Growth,believe,i,verb_subject,nsubj,"Having said that, I do believe that they can improve by asking more questions."
10212,Emerson Rose,Neutral Feedback,Career Growth,improve,they,verb_subject,nsubj,"Having said that, I do believe that they can improve by asking more questions."
10212,Emerson Rose,Neutral Feedback,Career Growth,ask,more questions,verb_object,dobj,"Having said that, I do believe that they can improve by asking more questions."
10212,Emerson Rose,Neutral Feedback,Career Growth,more,more questions,adjective_modifies_noun,amod,"Having said that, I do believe that they can improve by asking more questions."
10212,Emerson Rose,Neutral Feedback,Career Growth,increase,output,verb_object,dobj,As a team we are ready to help Emerson increase their output by sharing our knowledge.
10212,Emerson Rose,Neutral Feedback,Career Growth,increase,emerson,verb_subject,nsubj,As a team we are ready to help Emerson increase their output by sharing our knowledge.
10212,Emerson Rose,Neutral Feedback,Career Growth,share,knowledge,verb_object,dobj,As a team we are ready to help Emerson increase their output by sharing our knowledge.
388,Finley Harrison,Neutral Feedback,Career Growth,show,abilities,verb_object,dobj,Finely Harrison has shown his abilities to get on the ball and get his hands dirty but lacks will power and sometimes is not willing to go the extra mile for the company.
388,Finley Harrison,Neutral Feedback,Career Growth,show,harrison,verb_subject,nsubj,Finely Harrison has shown his abilities to get on the ball and get his hands dirty but lacks will power and sometimes is not willing to go the extra mile for the company.
388,Finley Harrison,Neutral Feedback,Career Growth,get,ball,verb_preposition_on,prep->pobj,Finely Harrison has shown his abilities to get on the ball and get his hands dirty but lacks will power and sometimes is not willing to go the extra mile for the company.
388,Finley Harrison,Neutral Feedback,Career Growth,dirty,hands,copular_description,nsubj,Finely Harrison has shown his abilities to get on the ball and get his hands dirty but lacks will power and sometimes is not willing to go the extra mile for the company.
388,Finley Harrison,Neutral Feedback,Career Growth,power,lacks,verb_subject,nsubj,Finely Harrison has shown his abilities to get on the ball and get his hands dirty but lacks will power and sometimes is not willing to go the extra mile for the company.
388,Finley Harrison,Neutral Feedback,Career Growth,go,extra mile,verb_object,dobj,Finely Harrison has shown his abilities to get on the ball and get his hands dirty but lacks will power and sometimes is not willing to go the extra mile for the company.
388,Finley Harrison,Neutral Feedback,Career Growth,extra,extra mile,adjective_modifies_noun,amod,Finely Harrison has shown his abilities to get on the ball and get his hands dirty but lacks will power and sometimes is not willing to go the extra mile for the company.
388,Finley Harrison,Neutral Feedback,Career Growth,show,he,verb_subject,nsubj,He shows up to work everyday in a timely manner but sometimes seems to lack enthusiasm.
388,Finley Harrison,Neutral Feedback,Career Growth,work,timely manner,verb_preposition_in,prep->pobj,He shows up to work everyday in a timely manner but sometimes seems to lack enthusiasm.
388,Finley Harrison,Neutral Feedback,Career Growth,timely,timely manner,adjective_modifies_noun,amod,He shows up to work everyday in a timely manner but sometimes seems to lack enthusiasm.
388,Finley Harrison,Neutral Feedback,Career Growth,lack,enthusiasm,verb_object,dobj,He shows up to work everyday in a timely manner but sometimes seems to lack enthusiasm.
388,Finley Harrison,Neutral Feedback,Career Growth,show,much interest,verb_object,dobj,He is excellent at what he does but doesnÃ¢â‚¬â„¢t show too much interest in advancement in the company.
388,Finley Harrison,Neutral Feedback,Career Growth,much,much interest,adjective_modifies_noun,amod,He is excellent at what he does but doesnÃ¢â‚¬â„¢t show too much interest in advancement in the company.
388,Finley Harrison,Neutral Feedback,Career Growth,hope,we,verb_subject,nsubj,We hope to see more positive growth in his future.
388,Finley Harrison,Neutral Feedback,Career Growth,see,positive growth,verb_object,dobj,We hope to see more positive growth in his future.
388,Finley Harrison,Neutral Feedback,Career Growth,positive,positive growth,adjective_modifies_noun,amod,We hope to see more positive growth in his future.
10174,Brynlee Byers,Neutral Feedback,Career Growth,perform,average level,verb_preposition_at,prep->pobj,Brynlee performs at an average level in her position.
10174,Brynlee Byers,Neutral Feedback,Career Growth,perform,brynlee,verb_subject,nsubj,Brynlee performs at an average level in her position.
10174,Brynlee Byers,Neutral Feedback,Career Growth,average,average level,adjective_modifies_noun,amod,Brynlee performs at an average level in her position.
10174,Brynlee Byers,Neutral Feedback,Career Growth,achieve,minimum,verb_object,dobj,She achieves the minimum required of her.
10174,Brynlee Byers,Neutral Feedback,Career Growth,achieve,she,verb_subject,nsubj,She achieves the minimum required of her.
10174,Brynlee Byers,Neutral Feedback,Career Growth,require,her,verb_preposition_of,prep->pobj,She achieves the minimum required of her.
10174,Brynlee Byers,Neutral Feedback,Career Growth,attend,duties,verb_preposition_to,prep->pobj,"She attends to her duties to the degree necessary, but rarely goes above and beyond."
10174,Brynlee Byers,Neutral Feedback,Career Growth,attend,degree,verb_preposition_to,prep->pobj,"She attends to her duties to the degree necessary, but rarely goes above and beyond."
10174,Brynlee Byers,Neutral Feedback,Career Growth,attend,she,verb_subject,nsubj,"She attends to her duties to the degree necessary, but rarely goes above and beyond."
10174,Brynlee Byers,Neutral Feedback,Career Growth,show,little potential,verb_object,dobj,"At present, she shows little potential for future advancement withint the company."
10174,Brynlee Byers,Neutral Feedback,Career Growth,show,present,verb_preposition_at,prep->pobj,"At present, she shows little potential for future advancement withint the company."
10174,Brynlee Byers,Neutral Feedback,Career Growth,show,she,verb_subject,nsubj,"At present, she shows little potential for future advancement withint the company."
10174,Brynlee Byers,Neutral Feedback,Career Growth,little,little potential,adjective_modifies_noun,amod,"At present, she shows little potential for future advancement withint the company."
10174,Brynlee Byers,Neutral Feedback,Career Growth,future,future advancement,adjective_modifies_noun,amod,"At present, she shows little potential for future advancement withint the company."
10174,Brynlee Byers,Neutral Feedback,Career Growth,withint,company,verb_object,dobj,"At present, she shows little potential for future advancement withint the company."
10088,Joyce Douglas,Neutral Feedback,Work Culture,exhibit,learning behaviors,verb_object,dobj,"She does not exhibit learning behaviors, and does not seem enthusiastic about improving."
10088,Joyce Douglas,Neutral Feedback,Work Culture,exhibit,she,verb_subject,nsubj,"She does not exhibit learning behaviors, and does not seem enthusiastic about improving."
10088,Joyce Douglas,Neutral Feedback,Work Culture,meet,deadlines,verb_object,dobj,"She almost always meets her deadlines, but her work is only of average quality."
10088,Joyce Douglas,Neutral Feedback,Work Culture,meet,she,verb_subject,nsubj,"She almost always meets her deadlines, but her work is only of average quality."
10088,Joyce Douglas,Neutral Feedback,Work Culture,average,average quality,adjective_modifies_noun,amod,"She almost always meets her deadlines, but her work is only of average quality."
10088,Joyce Douglas,Neutral Feedback,Work Culture,contribute,company,verb_preposition_to,prep->pobj,"She contributes to the company and is not dead weight, but she is not a key worker."
10088,Joyce Douglas,Neutral Feedback,Work Culture,contribute,she,verb_subject,nsubj,"She contributes to the company and is not dead weight, but she is not a key worker."
10088,Joyce Douglas,Neutral Feedback,Work Culture,dead,dead weight,adjective_modifies_noun,amod,"She contributes to the company and is not dead weight, but she is not a key worker."
10088,Joyce Douglas,Neutral Feedback,Work Culture,key,key worker,adjective_modifies_noun,amod,"She contributes to the company and is not dead weight, but she is not a key worker."
10053,Shannon Harvey,Neutral Feedback,Career Growth,give,mediocre performance,verb_object,dobj,Shannon Harvey's has given a mediocre performance.
10053,Shannon Harvey,Neutral Feedback,Career Growth,give,shannon harvey,verb_subject,nsubj,Shannon Harvey's has given a mediocre performance.
10053,Shannon Harvey,Neutral Feedback,Career Growth,mediocre,mediocre performance,adjective_modifies_noun,amod,Shannon Harvey's has given a mediocre performance.
10053,Shannon Harvey,Neutral Feedback,Career Growth,meet,satisfaction,verb_object,dobj,Her performance has met our satisfaction in the goals that were given.
10053,Shannon Harvey,Neutral Feedback,Career Growth,meet,performance,verb_subject,nsubj,Her performance has met our satisfaction in the goals that were given.
10053,Shannon Harvey,Neutral Feedback,Career Growth,give,that,verb_subject,nsubjpass,Her performance has met our satisfaction in the goals that were given.
10053,Shannon Harvey,Neutral Feedback,Career Growth,predict,we,verb_subject,nsubj,We can't predict her exceeding her goals in near future.
10053,Shannon Harvey,Neutral Feedback,Career Growth,exceed,goals,verb_object,dobj,We can't predict her exceeding her goals in near future.
10053,Shannon Harvey,Neutral Feedback,Career Growth,exceed,near future,verb_preposition_in,prep->pobj,We can't predict her exceeding her goals in near future.
10053,Shannon Harvey,Neutral Feedback,Career Growth,exceed,her,verb_subject,nsubj,We can't predict her exceeding her goals in near future.
10053,Shannon Harvey,Neutral Feedback,Career Growth,near,near future,adjective_modifies_noun,amod,We can't predict her exceeding her goals in near future.
10053,Shannon Harvey,Neutral Feedback,Career Growth,believe,we,verb_subject,nsubj,We believe that her potential is low at this point exceeding the goals provided to her.
10053,Shannon Harvey,Neutral Feedback,Career Growth,exceed,goals,verb_object,dobj,We believe that her potential is low at this point exceeding the goals provided to her.
10052,Shannon Harvey,Neutral Feedback,Career Growth,show,mid level dedication,verb_object,dobj,S. Harvey has shown mid level dedication to the job but lacks the ability to move forward.
10052,Shannon Harvey,Neutral Feedback,Career Growth,show,s. harvey,verb_subject,nsubj,S. Harvey has shown mid level dedication to the job but lacks the ability to move forward.
10052,Shannon Harvey,Neutral Feedback,Career Growth,mid,mid level dedication,adjective_modifies_noun,amod,S. Harvey has shown mid level dedication to the job but lacks the ability to move forward.
10052,Shannon Harvey,Neutral Feedback,Career Growth,lack,ability,verb_object,dobj,S. Harvey has shown mid level dedication to the job but lacks the ability to move forward.
10052,Shannon Harvey,Neutral Feedback,Career Growth,meet,demands,verb_object,dobj,They sometimes meet the demands of their job but just as often do not.
10052,Shannon Harvey,Neutral Feedback,Career Growth,meet,they,verb_subject,nsubj,They sometimes meet the demands of their job but just as often do not.
10052,Shannon Harvey,Neutral Feedback,Career Growth,show,more dedication,verb_object,dobj,"Showing more dedication to the team as a whole, the company and their own job would greatly improve their rating."
10052,Shannon Harvey,Neutral Feedback,Career Growth,show,team,verb_preposition_to,prep->pobj,"Showing more dedication to the team as a whole, the company and their own job would greatly improve their rating."
10052,Shannon Harvey,Neutral Feedback,Career Growth,show,whole,verb_preposition_as,prep->pobj,"Showing more dedication to the team as a whole, the company and their own job would greatly improve their rating."
10052,Shannon Harvey,Neutral Feedback,Career Growth,more,more dedication,adjective_modifies_noun,amod,"Showing more dedication to the team as a whole, the company and their own job would greatly improve their rating."
10052,Shannon Harvey,Neutral Feedback,Career Growth,own,own job,adjective_modifies_noun,amod,"Showing more dedication to the team as a whole, the company and their own job would greatly improve their rating."
10052,Shannon Harvey,Neutral Feedback,Career Growth,improve,rating,verb_object,dobj,"Showing more dedication to the team as a whole, the company and their own job would greatly improve their rating."
10052,Shannon Harvey,Neutral Feedback,Career Growth,improve,company,verb_subject,nsubj,"Showing more dedication to the team as a whole, the company and their own job would greatly improve their rating."
10052,Shannon Harvey,Neutral Feedback,Career Growth,stand,it,verb_subject,nsubj,"As it stands, they are not exhibiting the qualities that we prefer to see in our employees."
10052,Shannon Harvey,Neutral Feedback,Career Growth,exhibit,qualities,verb_object,dobj,"As it stands, they are not exhibiting the qualities that we prefer to see in our employees."
10052,Shannon Harvey,Neutral Feedback,Career Growth,exhibit,they,verb_subject,nsubj,"As it stands, they are not exhibiting the qualities that we prefer to see in our employees."
10052,Shannon Harvey,Neutral Feedback,Career Growth,prefer,we,verb_subject,nsubj,"As it stands, they are not exhibiting the qualities that we prefer to see in our employees."
10052,Shannon Harvey,Neutral Feedback,Career Growth,see,that,verb_object,dobj,"As it stands, they are not exhibiting the qualities that we prefer to see in our employees."
10052,Shannon Harvey,Neutral Feedback,Career Growth,see,employees,verb_preposition_in,prep->pobj,"As it stands, they are not exhibiting the qualities that we prefer to see in our employees."
10051,Shannon Harvey,Neutral Feedback,Work Culture,show,shannon harvey,verb_subject,nsubj,Shannon Harvey has shown she can finish a task with good end result.
10051,Shannon Harvey,Neutral Feedback,Work Culture,finish,task,verb_object,dobj,Shannon Harvey has shown she can finish a task with good end result.
10051,Shannon Harvey,Neutral Feedback,Work Culture,finish,she,verb_subject,nsubj,Shannon Harvey has shown she can finish a task with good end result.
10051,Shannon Harvey,Neutral Feedback,Work Culture,good,good end result,adjective_modifies_noun,amod,Shannon Harvey has shown she can finish a task with good end result.
10051,Shannon Harvey,Neutral Feedback,Work Culture,commendable,commendable level,adjective_modifies_noun,amod,The work has been regularly consistent and of commendable level.
10051,Shannon Harvey,Neutral Feedback,Work Culture,look,we,verb_subject,nsubj,We are looking to nurture her further.
10051,Shannon Harvey,Neutral Feedback,Work Culture,nurture,her,verb_object,dobj,We are looking to nurture her further.
10051,Shannon Harvey,Neutral Feedback,Work Culture,lack,she,verb_subject,nsubj,The talent she lacks she makes up for in hard work.
10051,Shannon Harvey,Neutral Feedback,Work Culture,make,hard work,verb_preposition_in,prep->pobj,The talent she lacks she makes up for in hard work.
10051,Shannon Harvey,Neutral Feedback,Work Culture,make,she,verb_subject,nsubj,The talent she lacks she makes up for in hard work.
10051,Shannon Harvey,Neutral Feedback,Work Culture,hard,hard work,adjective_modifies_noun,amod,The talent she lacks she makes up for in hard work.
10008,Harvey Watts,Neutral Feedback,Work Culture,regular,regular worker,adjective_modifies_noun,amod,Harvey Watts is a very regular worker.
10008,Harvey Watts,Neutral Feedback,Work Culture,see,full talent,verb_object,dobj,We have not seen his full talent at time and so will continue to guide him.
10008,Harvey Watts,Neutral Feedback,Work Culture,see,time,verb_preposition_at,prep->pobj,We have not seen his full talent at time and so will continue to guide him.
10008,Harvey Watts,Neutral Feedback,Work Culture,see,we,verb_subject,nsubj,We have not seen his full talent at time and so will continue to guide him.
10008,Harvey Watts,Neutral Feedback,Work Culture,full,full talent,adjective_modifies_noun,amod,We have not seen his full talent at time and so will continue to guide him.
10008,Harvey Watts,Neutral Feedback,Work Culture,guide,him,verb_object,dobj,We have not seen his full talent at time and so will continue to guide him.
10008,Harvey Watts,Neutral Feedback,Work Culture,see,flashes,verb_object,dobj,At times we do see flashes of greatness and will continue to help him on his way.
10008,Harvey Watts,Neutral Feedback,Work Culture,see,times,verb_preposition_at,prep->pobj,At times we do see flashes of greatness and will continue to help him on his way.
10008,Harvey Watts,Neutral Feedback,Work Culture,see,we,verb_subject,nsubj,At times we do see flashes of greatness and will continue to help him on his way.
10008,Harvey Watts,Neutral Feedback,Work Culture,help,him,verb_object,dobj,At times we do see flashes of greatness and will continue to help him on his way.
10008,Harvey Watts,Neutral Feedback,Work Culture,help,way,verb_preposition_on,prep->pobj,At times we do see flashes of greatness and will continue to help him on his way.
10006,Harvey Watts,Neutral Feedback,Career Growth,manage,most tasks,verb_object,dobj,"Harvey can manage most tasks of average complexity, but does not see the bigger picture on how this relates to the company's aims."
10006,Harvey Watts,Neutral Feedback,Career Growth,manage,harvey,verb_subject,nsubj,"Harvey can manage most tasks of average complexity, but does not see the bigger picture on how this relates to the company's aims."
10006,Harvey Watts,Neutral Feedback,Career Growth,most,most tasks,adjective_modifies_noun,amod,"Harvey can manage most tasks of average complexity, but does not see the bigger picture on how this relates to the company's aims."
10006,Harvey Watts,Neutral Feedback,Career Growth,average,average complexity,adjective_modifies_noun,amod,"Harvey can manage most tasks of average complexity, but does not see the bigger picture on how this relates to the company's aims."
10006,Harvey Watts,Neutral Feedback,Career Growth,see,bigger picture,verb_object,dobj,"Harvey can manage most tasks of average complexity, but does not see the bigger picture on how this relates to the company's aims."
10006,Harvey Watts,Neutral Feedback,Career Growth,big,bigger picture,adjective_modifies_noun,amod,"Harvey can manage most tasks of average complexity, but does not see the bigger picture on how this relates to the company's aims."
10006,Harvey Watts,Neutral Feedback,Career Growth,relate,aims,verb_preposition_to,prep->pobj,"Harvey can manage most tasks of average complexity, but does not see the bigger picture on how this relates to the company's aims."
10006,Harvey Watts,Neutral Feedback,Career Growth,relate,this,verb_subject,nsubj,"Harvey can manage most tasks of average complexity, but does not see the bigger picture on how this relates to the company's aims."
10006,Harvey Watts,Neutral Feedback,Career Growth,dependable,dependable worker,adjective_modifies_noun,amod,Dependable worker of average output.
10006,Harvey Watts,Neutral Feedback,Career Growth,average,average output,adjective_modifies_noun,amod,Dependable worker of average output.
10006,Harvey Watts,Neutral Feedback,Career Growth,meet,management eligibility,verb_object,dobj,unlikely to meet management eligibility in the future.
10006,Harvey Watts,Neutral Feedback,Career Growth,meet,future,verb_preposition_in,prep->pobj,unlikely to meet management eligibility in the future.
10006,Harvey Watts,Neutral Feedback,Career Growth,have,team,verb_preposition_on,prep->pobj,"Nonetheless, good to have on the team."
10132,Teagan Pate,Neutral Feedback,Career Growth,meet,requirements,verb_object,dobj,Teagan Pate has meet the requirements for his performance.
10132,Teagan Pate,Neutral Feedback,Career Growth,meet,teagan pate,verb_subject,nsubj,Teagan Pate has meet the requirements for his performance.
10132,Teagan Pate,Neutral Feedback,Career Growth,meet,expectations,verb_object,dobj,He has meet his expectations of what was needed.
10132,Teagan Pate,Neutral Feedback,Career Growth,meet,he,verb_subject,nsubj,He has meet his expectations of what was needed.
10132,Teagan Pate,Neutral Feedback,Career Growth,need,what,verb_subject,nsubjpass,He has meet his expectations of what was needed.
10132,Teagan Pate,Neutral Feedback,Career Growth,be,little potential,verb_object,attr,There is little potential for Teagan to ascend from average in performance.
10132,Teagan Pate,Neutral Feedback,Career Growth,little,little potential,adjective_modifies_noun,amod,There is little potential for Teagan to ascend from average in performance.
10132,Teagan Pate,Neutral Feedback,Career Growth,ascend,performance,verb_preposition_in,prep->pobj,There is little potential for Teagan to ascend from average in performance.
10132,Teagan Pate,Neutral Feedback,Career Growth,ascend,teagan,verb_subject,nsubj,There is little potential for Teagan to ascend from average in performance.
156,Amy John,Neutral Feedback,Career Growth,succeed,fulfilling basic work tasks,verb_preposition_at,prep->pobj,Amy John succeeds at fulfilling basic work tasks.
156,Amy John,Neutral Feedback,Career Growth,succeed,amy john,verb_subject,nsubj,Amy John succeeds at fulfilling basic work tasks.
156,Amy John,Neutral Feedback,Career Growth,fulfil,fulfilling basic work tasks,adjective_modifies_noun,amod,Amy John succeeds at fulfilling basic work tasks.
156,Amy John,Neutral Feedback,Career Growth,basic,fulfilling basic work tasks,adjective_modifies_noun,amod,Amy John succeeds at fulfilling basic work tasks.
156,Amy John,Neutral Feedback,Career Growth,meet,minimum standard,verb_object,dobj,"Meets the minimum standard, but does not normally show potential for growth."
156,Amy John,Neutral Feedback,Career Growth,minimum,minimum standard,adjective_modifies_noun,amod,"Meets the minimum standard, but does not normally show potential for growth."
156,Amy John,Neutral Feedback,Career Growth,show,potential,verb_object,dobj,"Meets the minimum standard, but does not normally show potential for growth."
156,Amy John,Neutral Feedback,Career Growth,complete,tasks,verb_object,dobj,She completes all tasks assigned to her.
156,Amy John,Neutral Feedback,Career Growth,complete,she,verb_subject,nsubj,She completes all tasks assigned to her.
156,Amy John,Neutral Feedback,Career Growth,assign,her,verb_preposition_to,prep->pobj,She completes all tasks assigned to her.
156,Amy John,Neutral Feedback,Career Growth,show,potential,verb_object,dobj,Does not show potential for exceeding expectations at this time.
156,Amy John,Neutral Feedback,Career Growth,exceed,expectations,verb_object,dobj,Does not show potential for exceeding expectations at this time.
156,Amy John,Neutral Feedback,Career Growth,exceed,time,verb_preposition_at,prep->pobj,Does not show potential for exceeding expectations at this time.
98,Amy John,Neutral Feedback,Career Growth,have,definite room,verb_object,dobj,Amy has some definite room to improve.
98,Amy John,Neutral Feedback,Career Growth,definite,definite room,adjective_modifies_noun,amod,Amy has some definite room to improve.
98,Amy John,Neutral Feedback,Career Growth,complete,she,verb_subject,nsubj,"While she has been completing most of her work, she tends to do only exactly what is asked of her and nothing more."
98,Amy John,Neutral Feedback,Career Growth,tend,she,verb_subject,nsubj,"While she has been completing most of her work, she tends to do only exactly what is asked of her and nothing more."
98,Amy John,Neutral Feedback,Career Growth,exactly,what,adjective_modifies_noun,advmod,"While she has been completing most of her work, she tends to do only exactly what is asked of her and nothing more."
98,Amy John,Neutral Feedback,Career Growth,ask,her,verb_preposition_of,prep->pobj,"While she has been completing most of her work, she tends to do only exactly what is asked of her and nothing more."
98,Amy John,Neutral Feedback,Career Growth,ask,what,verb_subject,nsubjpass,"While she has been completing most of her work, she tends to do only exactly what is asked of her and nothing more."
98,Amy John,Neutral Feedback,Career Growth,more,nothing,adjective_modifies_noun,amod,"While she has been completing most of her work, she tends to do only exactly what is asked of her and nothing more."
98,Amy John,Neutral Feedback,Career Growth,show,much interest,verb_object,dobj,She also hasn't shown much interest in going beyond doing the bare minimum.
98,Amy John,Neutral Feedback,Career Growth,show,she,verb_subject,nsubj,She also hasn't shown much interest in going beyond doing the bare minimum.
98,Amy John,Neutral Feedback,Career Growth,much,much interest,adjective_modifies_noun,amod,She also hasn't shown much interest in going beyond doing the bare minimum.
98,Amy John,Neutral Feedback,Career Growth,do,bare minimum,verb_object,dobj,She also hasn't shown much interest in going beyond doing the bare minimum.
98,Amy John,Neutral Feedback,Career Growth,bare,bare minimum,adjective_modifies_noun,amod,She also hasn't shown much interest in going beyond doing the bare minimum.
98,Amy John,Neutral Feedback,Career Growth,say,i,verb_subject,nsubj,"Overall I'd say her performance is merely passable, but I don't know that there's much room for her to grow beyond that."
98,Amy John,Neutral Feedback,Career Growth,know,i,verb_subject,nsubj,"Overall I'd say her performance is merely passable, but I don't know that there's much room for her to grow beyond that."
98,Amy John,Neutral Feedback,Career Growth,be,much room,verb_object,attr,"Overall I'd say her performance is merely passable, but I don't know that there's much room for her to grow beyond that."
98,Amy John,Neutral Feedback,Career Growth,much,much room,adjective_modifies_noun,amod,"Overall I'd say her performance is merely passable, but I don't know that there's much room for her to grow beyond that."
98,Amy John,Neutral Feedback,Career Growth,grow,that,verb_preposition_beyond,prep->pobj,"Overall I'd say her performance is merely passable, but I don't know that there's much room for her to grow beyond that."
98,Amy John,Neutral Feedback,Career Growth,grow,her,verb_subject,nsubj,"Overall I'd say her performance is merely passable, but I don't know that there's much room for her to grow beyond that."
152,Amy John,Neutral Feedback,Career Growth,turn,assignments,verb_object,dobj,Amy is always punctual about turning in her assignments on time.
152,Amy John,Neutral Feedback,Career Growth,turn,time,verb_preposition_on,prep->pobj,Amy is always punctual about turning in her assignments on time.
152,Amy John,Neutral Feedback,Career Growth,do,good job,verb_object,dobj,She does a reasonably good job with every research request I make of her but sometimes she leaves some counterarguments on the table when drafting her reports.
152,Amy John,Neutral Feedback,Career Growth,do,she,verb_subject,nsubj,She does a reasonably good job with every research request I make of her but sometimes she leaves some counterarguments on the table when drafting her reports.
152,Amy John,Neutral Feedback,Career Growth,good,good job,adjective_modifies_noun,amod,She does a reasonably good job with every research request I make of her but sometimes she leaves some counterarguments on the table when drafting her reports.
152,Amy John,Neutral Feedback,Career Growth,make,her,verb_preposition_of,prep->pobj,She does a reasonably good job with every research request I make of her but sometimes she leaves some counterarguments on the table when drafting her reports.
152,Amy John,Neutral Feedback,Career Growth,make,i,verb_subject,nsubj,She does a reasonably good job with every research request I make of her but sometimes she leaves some counterarguments on the table when drafting her reports.
152,Amy John,Neutral Feedback,Career Growth,leave,counterarguments,verb_object,dobj,She does a reasonably good job with every research request I make of her but sometimes she leaves some counterarguments on the table when drafting her reports.
152,Amy John,Neutral Feedback,Career Growth,leave,table,verb_preposition_on,prep->pobj,She does a reasonably good job with every research request I make of her but sometimes she leaves some counterarguments on the table when drafting her reports.
152,Amy John,Neutral Feedback,Career Growth,leave,she,verb_subject,nsubj,She does a reasonably good job with every research request I make of her but sometimes she leaves some counterarguments on the table when drafting her reports.
152,Amy John,Neutral Feedback,Career Growth,draft,reports,verb_object,dobj,She does a reasonably good job with every research request I make of her but sometimes she leaves some counterarguments on the table when drafting her reports.
152,Amy John,Neutral Feedback,Career Growth,tell,her,verb_object,dobj,Moving forward I have told her that she needs to plug in every possible hole in her research by considering multiple perspectives for her reports.
152,Amy John,Neutral Feedback,Career Growth,tell,i,verb_subject,nsubj,Moving forward I have told her that she needs to plug in every possible hole in her research by considering multiple perspectives for her reports.
152,Amy John,Neutral Feedback,Career Growth,need,she,verb_subject,nsubj,Moving forward I have told her that she needs to plug in every possible hole in her research by considering multiple perspectives for her reports.
152,Amy John,Neutral Feedback,Career Growth,plug,possible hole,verb_object,dobj,Moving forward I have told her that she needs to plug in every possible hole in her research by considering multiple perspectives for her reports.
152,Amy John,Neutral Feedback,Career Growth,possible,possible hole,adjective_modifies_noun,amod,Moving forward I have told her that she needs to plug in every possible hole in her research by considering multiple perspectives for her reports.
152,Amy John,Neutral Feedback,Career Growth,consider,multiple perspectives,verb_object,dobj,Moving forward I have told her that she needs to plug in every possible hole in her research by considering multiple perspectives for her reports.
152,Amy John,Neutral Feedback,Career Growth,consider,reports,verb_preposition_for,prep->pobj,Moving forward I have told her that she needs to plug in every possible hole in her research by considering multiple perspectives for her reports.
152,Amy John,Neutral Feedback,Career Growth,multiple,multiple perspectives,adjective_modifies_noun,amod,Moving forward I have told her that she needs to plug in every possible hole in her research by considering multiple perspectives for her reports.
152,Amy John,Neutral Feedback,Career Growth,struggle,she,verb_subject,nsubjpass,"She's struggled to incorporate this feedback, to date, so I question whether she will really be able to improve much."
152,Amy John,Neutral Feedback,Career Growth,incorporate,feedback,verb_object,dobj,"She's struggled to incorporate this feedback, to date, so I question whether she will really be able to improve much."
152,Amy John,Neutral Feedback,Career Growth,incorporate,date,verb_preposition_to,prep->pobj,"She's struggled to incorporate this feedback, to date, so I question whether she will really be able to improve much."
152,Amy John,Neutral Feedback,Career Growth,question,i,verb_subject,nsubj,"She's struggled to incorporate this feedback, to date, so I question whether she will really be able to improve much."
122,Michael Kaur,Neutral Feedback,Career Growth,have,good quarter,verb_object,dobj,Michael is having a good quarter.
122,Michael Kaur,Neutral Feedback,Career Growth,have,michael,verb_subject,nsubj,Michael is having a good quarter.
122,Michael Kaur,Neutral Feedback,Career Growth,good,good quarter,adjective_modifies_noun,amod,Michael is having a good quarter.
122,Michael Kaur,Neutral Feedback,Career Growth,make,waves,verb_object,dobj,He doesn't make waves at meetings but he is dependable.
122,Michael Kaur,Neutral Feedback,Career Growth,make,meetings,verb_preposition_at,prep->pobj,He doesn't make waves at meetings but he is dependable.
122,Michael Kaur,Neutral Feedback,Career Growth,make,he,verb_subject,nsubj,He doesn't make waves at meetings but he is dependable.
122,Michael Kaur,Neutral Feedback,Career Growth,seem,he,verb_subject,nsubj,He isn't a leader rather he seems to enjoy working with a team.
122,Michael Kaur,Neutral Feedback,Career Growth,work,team,verb_preposition_with,prep->pobj,He isn't a leader rather he seems to enjoy working with a team.
122,Michael Kaur,Neutral Feedback,Career Growth,keep,us,verb_object,dobj,Michael does keep us on our toes.
122,Michael Kaur,Neutral Feedback,Career Growth,keep,toes,verb_preposition_on,prep->pobj,Michael does keep us on our toes.
122,Michael Kaur,Neutral Feedback,Career Growth,keep,michael,verb_subject,nsubj,Michael does keep us on our toes.
120,Michael Kaur,Neutral Feedback,Career Growth,complete,assigned tasks,verb_object,dobj,Michael completed all his assigned tasks on time.
120,Michael Kaur,Neutral Feedback,Career Growth,complete,time,verb_preposition_on,prep->pobj,Michael completed all his assigned tasks on time.
120,Michael Kaur,Neutral Feedback,Career Growth,complete,michael,verb_subject,nsubj,Michael completed all his assigned tasks on time.
120,Michael Kaur,Neutral Feedback,Career Growth,assign,assigned tasks,adjective_modifies_noun,amod,Michael completed all his assigned tasks on time.
120,Michael Kaur,Neutral Feedback,Career Growth,strive,michael,verb_subject,nsubj,"Michael does not strive to offer better solutions, only delivers the bare minimum to complete the job."
120,Michael Kaur,Neutral Feedback,Career Growth,offer,better solutions,verb_object,dobj,"Michael does not strive to offer better solutions, only delivers the bare minimum to complete the job."
120,Michael Kaur,Neutral Feedback,Career Growth,well,better solutions,adjective_modifies_noun,amod,"Michael does not strive to offer better solutions, only delivers the bare minimum to complete the job."
120,Michael Kaur,Neutral Feedback,Career Growth,deliver,bare minimum,verb_object,dobj,"Michael does not strive to offer better solutions, only delivers the bare minimum to complete the job."
120,Michael Kaur,Neutral Feedback,Career Growth,bare,bare minimum,adjective_modifies_noun,amod,"Michael does not strive to offer better solutions, only delivers the bare minimum to complete the job."
120,Michael Kaur,Neutral Feedback,Career Growth,complete,job,verb_object,dobj,"Michael does not strive to offer better solutions, only delivers the bare minimum to complete the job."
120,Michael Kaur,Neutral Feedback,Career Growth,ask,questions,verb_object,dobj,Michael asks some questions but does not exhibit the drive to learn more.
120,Michael Kaur,Neutral Feedback,Career Growth,ask,michael,verb_subject,nsubj,Michael asks some questions but does not exhibit the drive to learn more.
120,Michael Kaur,Neutral Feedback,Career Growth,exhibit,drive,verb_object,dobj,Michael asks some questions but does not exhibit the drive to learn more.
120,Michael Kaur,Neutral Feedback,Career Growth,complete,task,verb_object,dobj,"Michael does complete the task, but doesn't shine as an employee."
120,Michael Kaur,Neutral Feedback,Career Growth,complete,michael,verb_subject,nsubj,"Michael does complete the task, but doesn't shine as an employee."
120,Michael Kaur,Neutral Feedback,Career Growth,shine,employee,verb_preposition_as,prep->pobj,"Michael does complete the task, but doesn't shine as an employee."
118,Michael Kaur,Neutral Feedback,Career Growth,most,most days,adjective_modifies_noun,amod,Micheal Kuar most days seems to slip through the cracks.
118,Michael Kaur,Neutral Feedback,Career Growth,seem,micheal kuar,verb_subject,nsubj,Micheal Kuar most days seems to slip through the cracks.
118,Michael Kaur,Neutral Feedback,Career Growth,slip,cracks,verb_preposition_through,prep->pobj,Micheal Kuar most days seems to slip through the cracks.
118,Michael Kaur,Neutral Feedback,Career Growth,do,job,verb_object,dobj,He does his job well enough to not cause issue but lacks enthusiasm that we strive for in our associates.
118,Michael Kaur,Neutral Feedback,Career Growth,do,he,verb_subject,nsubj,He does his job well enough to not cause issue but lacks enthusiasm that we strive for in our associates.
118,Michael Kaur,Neutral Feedback,Career Growth,cause,issue,verb_object,dobj,He does his job well enough to not cause issue but lacks enthusiasm that we strive for in our associates.
118,Michael Kaur,Neutral Feedback,Career Growth,lack,enthusiasm,verb_object,dobj,He does his job well enough to not cause issue but lacks enthusiasm that we strive for in our associates.
118,Michael Kaur,Neutral Feedback,Career Growth,strive,that,verb_preposition_for,prep->pobj,He does his job well enough to not cause issue but lacks enthusiasm that we strive for in our associates.
118,Michael Kaur,Neutral Feedback,Career Growth,strive,associates,verb_preposition_in,prep->pobj,He does his job well enough to not cause issue but lacks enthusiasm that we strive for in our associates.
118,Michael Kaur,Neutral Feedback,Career Growth,strive,we,verb_subject,nsubj,He does his job well enough to not cause issue but lacks enthusiasm that we strive for in our associates.
118,Michael Kaur,Neutral Feedback,Career Growth,hope,better things,verb_preposition_for,prep->pobj,We can hope for better things in his future but for now I can expect him to do his job and not much else.
118,Michael Kaur,Neutral Feedback,Career Growth,hope,future,verb_preposition_in,prep->pobj,We can hope for better things in his future but for now I can expect him to do his job and not much else.
118,Michael Kaur,Neutral Feedback,Career Growth,hope,we,verb_subject,nsubj,We can hope for better things in his future but for now I can expect him to do his job and not much else.
118,Michael Kaur,Neutral Feedback,Career Growth,well,better things,adjective_modifies_noun,amod,We can hope for better things in his future but for now I can expect him to do his job and not much else.
118,Michael Kaur,Neutral Feedback,Career Growth,expect,i,verb_subject,nsubj,We can hope for better things in his future but for now I can expect him to do his job and not much else.
118,Michael Kaur,Neutral Feedback,Career Growth,do,job,verb_object,dobj,We can hope for better things in his future but for now I can expect him to do his job and not much else.
118,Michael Kaur,Neutral Feedback,Career Growth,do,him,verb_subject,nsubj,We can hope for better things in his future but for now I can expect him to do his job and not much else.
116,Sonny Kidd,Neutral Feedback,Work Culture,outperform,results,verb_object,dobj,"Sonny did not outperform results from the last quarter, but he still met the standard of his colleagues."
116,Sonny Kidd,Neutral Feedback,Work Culture,outperform,last quarter,verb_preposition_from,prep->pobj,"Sonny did not outperform results from the last quarter, but he still met the standard of his colleagues."
116,Sonny Kidd,Neutral Feedback,Work Culture,outperform,sonny,verb_subject,nsubj,"Sonny did not outperform results from the last quarter, but he still met the standard of his colleagues."
116,Sonny Kidd,Neutral Feedback,Work Culture,last,last quarter,adjective_modifies_noun,amod,"Sonny did not outperform results from the last quarter, but he still met the standard of his colleagues."
116,Sonny Kidd,Neutral Feedback,Work Culture,meet,standard,verb_object,dobj,"Sonny did not outperform results from the last quarter, but he still met the standard of his colleagues."
116,Sonny Kidd,Neutral Feedback,Work Culture,meet,he,verb_subject,nsubj,"Sonny did not outperform results from the last quarter, but he still met the standard of his colleagues."
116,Sonny Kidd,Neutral Feedback,Work Culture,reasonable,reasonable quality,adjective_modifies_noun,amod,"His work is of reasonable quality, but his work ethic and effort that he puts in is highly questionable."
116,Sonny Kidd,Neutral Feedback,Work Culture,ethic,work,adjective_modifies_noun,amod,"His work is of reasonable quality, but his work ethic and effort that he puts in is highly questionable."
116,Sonny Kidd,Neutral Feedback,Work Culture,put,he,verb_subject,nsubj,"His work is of reasonable quality, but his work ethic and effort that he puts in is highly questionable."
116,Sonny Kidd,Neutral Feedback,Work Culture,spend,time,verb_object,dobj,"He spends time chatting with co-workers and serves as a distraction, and his presence often decreases efficiency in the workplace."
116,Sonny Kidd,Neutral Feedback,Work Culture,spend,he,verb_subject,nsubj,"He spends time chatting with co-workers and serves as a distraction, and his presence often decreases efficiency in the workplace."
116,Sonny Kidd,Neutral Feedback,Work Culture,chat,co,verb_preposition_with,prep->pobj,"He spends time chatting with co-workers and serves as a distraction, and his presence often decreases efficiency in the workplace."
116,Sonny Kidd,Neutral Feedback,Work Culture,chat,-,verb_preposition_with,prep->pobj,"He spends time chatting with co-workers and serves as a distraction, and his presence often decreases efficiency in the workplace."
116,Sonny Kidd,Neutral Feedback,Work Culture,chat,workers,verb_preposition_with,prep->pobj,"He spends time chatting with co-workers and serves as a distraction, and his presence often decreases efficiency in the workplace."
116,Sonny Kidd,Neutral Feedback,Work Culture,serve,distraction,verb_preposition_as,prep->pobj,"He spends time chatting with co-workers and serves as a distraction, and his presence often decreases efficiency in the workplace."
116,Sonny Kidd,Neutral Feedback,Work Culture,decrease,efficiency,verb_object,dobj,"He spends time chatting with co-workers and serves as a distraction, and his presence often decreases efficiency in the workplace."
116,Sonny Kidd,Neutral Feedback,Work Culture,decrease,workplace,verb_preposition_in,prep->pobj,"He spends time chatting with co-workers and serves as a distraction, and his presence often decreases efficiency in the workplace."
116,Sonny Kidd,Neutral Feedback,Work Culture,decrease,presence,verb_subject,nsubj,"He spends time chatting with co-workers and serves as a distraction, and his presence often decreases efficiency in the workplace."
116,Sonny Kidd,Neutral Feedback,Work Culture,encourage,he,verb_subject,nsubjpass,He is encouraged to behave more maturely in the workplace and take constructive feedback from his supervisors.
116,Sonny Kidd,Neutral Feedback,Work Culture,behave,workplace,verb_preposition_in,prep->pobj,He is encouraged to behave more maturely in the workplace and take constructive feedback from his supervisors.
116,Sonny Kidd,Neutral Feedback,Work Culture,take,constructive feedback,verb_object,dobj,He is encouraged to behave more maturely in the workplace and take constructive feedback from his supervisors.
116,Sonny Kidd,Neutral Feedback,Work Culture,take,supervisors,verb_preposition_from,prep->pobj,He is encouraged to behave more maturely in the workplace and take constructive feedback from his supervisors.
116,Sonny Kidd,Neutral Feedback,Work Culture,constructive,constructive feedback,adjective_modifies_noun,amod,He is encouraged to behave more maturely in the workplace and take constructive feedback from his supervisors.
116,Sonny Kidd,Neutral Feedback,Work Culture,encourage,he,verb_subject,nsubjpass,He is also encouraged to be mindful of how his behavior would affect those around him.
116,Sonny Kidd,Neutral Feedback,Work Culture,affect,those,verb_object,dobj,He is also encouraged to be mindful of how his behavior would affect those around him.
116,Sonny Kidd,Neutral Feedback,Work Culture,affect,behavior,verb_subject,nsubj,He is also encouraged to be mindful of how his behavior would affect those around him.
115,Sonny Kidd,Neutral Feedback,Work Culture,decent,decent quality,adjective_modifies_noun,amod,Sonny's work product has always been of decent quality in terms of research analysis and argument development.
115,Sonny Kidd,Neutral Feedback,Work Culture,review,work,verb_object,dobj,"Sonny usually reviews their work once before submitting it to me for final sign-off, but that review sometimes isn't thorough enough because I still catch a handful of minor errors when I review his reports."
115,Sonny Kidd,Neutral Feedback,Work Culture,review,sonny,verb_subject,nsubj,"Sonny usually reviews their work once before submitting it to me for final sign-off, but that review sometimes isn't thorough enough because I still catch a handful of minor errors when I review his reports."
115,Sonny Kidd,Neutral Feedback,Work Culture,submit,it,verb_object,dobj,"Sonny usually reviews their work once before submitting it to me for final sign-off, but that review sometimes isn't thorough enough because I still catch a handful of minor errors when I review his reports."
115,Sonny Kidd,Neutral Feedback,Work Culture,submit,me,verb_preposition_to,prep->pobj,"Sonny usually reviews their work once before submitting it to me for final sign-off, but that review sometimes isn't thorough enough because I still catch a handful of minor errors when I review his reports."
115,Sonny Kidd,Neutral Feedback,Work Culture,submit,final sign off,verb_preposition_for,prep->pobj,"Sonny usually reviews their work once before submitting it to me for final sign-off, but that review sometimes isn't thorough enough because I still catch a handful of minor errors when I review his reports."
115,Sonny Kidd,Neutral Feedback,Work Culture,final,final sign off,adjective_modifies_noun,amod,"Sonny usually reviews their work once before submitting it to me for final sign-off, but that review sometimes isn't thorough enough because I still catch a handful of minor errors when I review his reports."
115,Sonny Kidd,Neutral Feedback,Work Culture,catch,handful,verb_object,dobj,"Sonny usually reviews their work once before submitting it to me for final sign-off, but that review sometimes isn't thorough enough because I still catch a handful of minor errors when I review his reports."
115,Sonny Kidd,Neutral Feedback,Work Culture,catch,i,verb_subject,nsubj,"Sonny usually reviews their work once before submitting it to me for final sign-off, but that review sometimes isn't thorough enough because I still catch a handful of minor errors when I review his reports."
115,Sonny Kidd,Neutral Feedback,Work Culture,minor,minor errors,adjective_modifies_noun,amod,"Sonny usually reviews their work once before submitting it to me for final sign-off, but that review sometimes isn't thorough enough because I still catch a handful of minor errors when I review his reports."
115,Sonny Kidd,Neutral Feedback,Work Culture,review,reports,verb_object,dobj,"Sonny usually reviews their work once before submitting it to me for final sign-off, but that review sometimes isn't thorough enough because I still catch a handful of minor errors when I review his reports."
115,Sonny Kidd,Neutral Feedback,Work Culture,review,i,verb_subject,nsubj,"Sonny usually reviews their work once before submitting it to me for final sign-off, but that review sometimes isn't thorough enough because I still catch a handful of minor errors when I review his reports."
115,Sonny Kidd,Neutral Feedback,Work Culture,ask,sonny,verb_object,dobj,"I've asked Sonny to really take as much time as he needs to review his work before submitting it, but the reports I see from him continue to have a few errors here and there, so he doesn't seem too willing to listen and improve his chances of advancement."
115,Sonny Kidd,Neutral Feedback,Work Culture,ask,i,verb_subject,nsubj,"I've asked Sonny to really take as much time as he needs to review his work before submitting it, but the reports I see from him continue to have a few errors here and there, so he doesn't seem too willing to listen and improve his chances of advancement."
115,Sonny Kidd,Neutral Feedback,Work Culture,take,much time,verb_object,dobj,"I've asked Sonny to really take as much time as he needs to review his work before submitting it, but the reports I see from him continue to have a few errors here and there, so he doesn't seem too willing to listen and improve his chances of advancement."
115,Sonny Kidd,Neutral Feedback,Work Culture,much,much time,adjective_modifies_noun,amod,"I've asked Sonny to really take as much time as he needs to review his work before submitting it, but the reports I see from him continue to have a few errors here and there, so he doesn't seem too willing to listen and improve his chances of advancement."
115,Sonny Kidd,Neutral Feedback,Work Culture,need,he,verb_subject,nsubj,"I've asked Sonny to really take as much time as he needs to review his work before submitting it, but the reports I see from him continue to have a few errors here and there, so he doesn't seem too willing to listen and improve his chances of advancement."
115,Sonny Kidd,Neutral Feedback,Work Culture,review,work,verb_object,dobj,"I've asked Sonny to really take as much time as he needs to review his work before submitting it, but the reports I see from him continue to have a few errors here and there, so he doesn't seem too willing to listen and improve his chances of advancement."
115,Sonny Kidd,Neutral Feedback,Work Culture,submit,it,verb_object,dobj,"I've asked Sonny to really take as much time as he needs to review his work before submitting it, but the reports I see from him continue to have a few errors here and there, so he doesn't seem too willing to listen and improve his chances of advancement."
115,Sonny Kidd,Neutral Feedback,Work Culture,see,him,verb_preposition_from,prep->pobj,"I've asked Sonny to really take as much time as he needs to review his work before submitting it, but the reports I see from him continue to have a few errors here and there, so he doesn't seem too willing to listen and improve his chances of advancement."
115,Sonny Kidd,Neutral Feedback,Work Culture,see,i,verb_subject,nsubj,"I've asked Sonny to really take as much time as he needs to review his work before submitting it, but the reports I see from him continue to have a few errors here and there, so he doesn't seem too willing to listen and improve his chances of advancement."
115,Sonny Kidd,Neutral Feedback,Work Culture,continue,reports,verb_subject,nsubj,"I've asked Sonny to really take as much time as he needs to review his work before submitting it, but the reports I see from him continue to have a few errors here and there, so he doesn't seem too willing to listen and improve his chances of advancement."
115,Sonny Kidd,Neutral Feedback,Work Culture,have,few errors,verb_object,dobj,"I've asked Sonny to really take as much time as he needs to review his work before submitting it, but the reports I see from him continue to have a few errors here and there, so he doesn't seem too willing to listen and improve his chances of advancement."
115,Sonny Kidd,Neutral Feedback,Work Culture,few,few errors,adjective_modifies_noun,amod,"I've asked Sonny to really take as much time as he needs to review his work before submitting it, but the reports I see from him continue to have a few errors here and there, so he doesn't seem too willing to listen and improve his chances of advancement."
115,Sonny Kidd,Neutral Feedback,Work Culture,seem,he,verb_subject,nsubj,"I've asked Sonny to really take as much time as he needs to review his work before submitting it, but the reports I see from him continue to have a few errors here and there, so he doesn't seem too willing to listen and improve his chances of advancement."
115,Sonny Kidd,Neutral Feedback,Work Culture,improve,chances,verb_object,dobj,"I've asked Sonny to really take as much time as he needs to review his work before submitting it, but the reports I see from him continue to have a few errors here and there, so he doesn't seem too willing to listen and improve his chances of advancement."
112,Amaya Gay,Neutral Feedback,Work Culture,complete,work,verb_object,dobj,"Amaya has been completing work as required, but really does not go above and beyond."
112,Amaya Gay,Neutral Feedback,Work Culture,complete,amaya,verb_subject,nsubj,"Amaya has been completing work as required, but really does not go above and beyond."
112,Amaya Gay,Neutral Feedback,Work Culture,complete,she,verb_subject,nsubj,"She completes only what is asked, but does not proactively look for anything more than that."
112,Amaya Gay,Neutral Feedback,Work Culture,only,what,adjective_modifies_noun,advmod,"She completes only what is asked, but does not proactively look for anything more than that."
112,Amaya Gay,Neutral Feedback,Work Culture,ask,what,verb_subject,nsubjpass,"She completes only what is asked, but does not proactively look for anything more than that."
112,Amaya Gay,Neutral Feedback,Work Culture,look,anything,verb_preposition_for,prep->pobj,"She completes only what is asked, but does not proactively look for anything more than that."
112,Amaya Gay,Neutral Feedback,Work Culture,more,anything,adjective_modifies_noun,amod,"She completes only what is asked, but does not proactively look for anything more than that."
112,Amaya Gay,Neutral Feedback,Work Culture,improve,this,verb_subject,nsubjpass,"This could be improved by taking initiative in additional task in the workplace, but at present time the drive really is not there."
112,Amaya Gay,Neutral Feedback,Work Culture,take,initiative,verb_object,dobj,"This could be improved by taking initiative in additional task in the workplace, but at present time the drive really is not there."
112,Amaya Gay,Neutral Feedback,Work Culture,take,additional task,verb_preposition_in,prep->pobj,"This could be improved by taking initiative in additional task in the workplace, but at present time the drive really is not there."
112,Amaya Gay,Neutral Feedback,Work Culture,additional,additional task,adjective_modifies_noun,amod,"This could be improved by taking initiative in additional task in the workplace, but at present time the drive really is not there."
112,Amaya Gay,Neutral Feedback,Work Culture,present,present time,adjective_modifies_noun,amod,"This could be improved by taking initiative in additional task in the workplace, but at present time the drive really is not there."
111,Sara Phillips,Neutral Feedback,Career Growth,great,great colleague,adjective_modifies_noun,amod,Sara was a great colleague of mine.
111,Sara Phillips,Neutral Feedback,Career Growth,do,day,verb_object,dobj,she did her day to day tasks and met all expectations that she was given.
111,Sara Phillips,Neutral Feedback,Career Growth,do,tasks,verb_object,dobj,she did her day to day tasks and met all expectations that she was given.
111,Sara Phillips,Neutral Feedback,Career Growth,do,she,verb_subject,nsubj,she did her day to day tasks and met all expectations that she was given.
111,Sara Phillips,Neutral Feedback,Career Growth,meet,expectations,verb_object,dobj,she did her day to day tasks and met all expectations that she was given.
111,Sara Phillips,Neutral Feedback,Career Growth,give,she,verb_subject,nsubjpass,she did her day to day tasks and met all expectations that she was given.
111,Sara Phillips,Neutral Feedback,Career Growth,be,much room,verb_object,attr,There is not much room to grow.
111,Sara Phillips,Neutral Feedback,Career Growth,much,much room,adjective_modifies_noun,amod,There is not much room to grow.
111,Sara Phillips,Neutral Feedback,Career Growth,believe,i,verb_subject,nsubj,Unfortunately I believe she has maxed out her potential with us
111,Sara Phillips,Neutral Feedback,Career Growth,maxe,potential,verb_object,dobj,Unfortunately I believe she has maxed out her potential with us
111,Sara Phillips,Neutral Feedback,Career Growth,maxe,she,verb_subject,nsubj,Unfortunately I believe she has maxed out her potential with us
110,Sara Phillips,Neutral Feedback,Work Culture,turn,sara,verb_subject,nsubj,Sara always turns in reports covering very timely topics that are well-researched and well-analyzed.
110,Sara Phillips,Neutral Feedback,Work Culture,cover,timely topics,verb_object,dobj,Sara always turns in reports covering very timely topics that are well-researched and well-analyzed.
110,Sara Phillips,Neutral Feedback,Work Culture,timely,timely topics,adjective_modifies_noun,amod,Sara always turns in reports covering very timely topics that are well-researched and well-analyzed.
110,Sara Phillips,Neutral Feedback,Work Culture,do,she,verb_subject,nsubj,"However, despite all the research she does, she never proofreads her work, and this means that her reports often contain a lot of tiny but noticeable errors like missing periods, extra spaces, and typos."
110,Sara Phillips,Neutral Feedback,Work Culture,proofread,work,verb_object,dobj,"However, despite all the research she does, she never proofreads her work, and this means that her reports often contain a lot of tiny but noticeable errors like missing periods, extra spaces, and typos."
110,Sara Phillips,Neutral Feedback,Work Culture,proofread,research,verb_preposition_despite,prep->pobj,"However, despite all the research she does, she never proofreads her work, and this means that her reports often contain a lot of tiny but noticeable errors like missing periods, extra spaces, and typos."
110,Sara Phillips,Neutral Feedback,Work Culture,proofread,she,verb_subject,nsubj,"However, despite all the research she does, she never proofreads her work, and this means that her reports often contain a lot of tiny but noticeable errors like missing periods, extra spaces, and typos."
110,Sara Phillips,Neutral Feedback,Work Culture,mean,this,verb_subject,nsubj,"However, despite all the research she does, she never proofreads her work, and this means that her reports often contain a lot of tiny but noticeable errors like missing periods, extra spaces, and typos."
110,Sara Phillips,Neutral Feedback,Work Culture,contain,lot,verb_object,dobj,"However, despite all the research she does, she never proofreads her work, and this means that her reports often contain a lot of tiny but noticeable errors like missing periods, extra spaces, and typos."
110,Sara Phillips,Neutral Feedback,Work Culture,contain,reports,verb_subject,nsubj,"However, despite all the research she does, she never proofreads her work, and this means that her reports often contain a lot of tiny but noticeable errors like missing periods, extra spaces, and typos."
110,Sara Phillips,Neutral Feedback,Work Culture,tiny,tiny errors,adjective_modifies_noun,amod,"However, despite all the research she does, she never proofreads her work, and this means that her reports often contain a lot of tiny but noticeable errors like missing periods, extra spaces, and typos."
110,Sara Phillips,Neutral Feedback,Work Culture,missing,missing periods,adjective_modifies_noun,amod,"However, despite all the research she does, she never proofreads her work, and this means that her reports often contain a lot of tiny but noticeable errors like missing periods, extra spaces, and typos."
110,Sara Phillips,Neutral Feedback,Work Culture,extra,extra spaces,adjective_modifies_noun,amod,"However, despite all the research she does, she never proofreads her work, and this means that her reports often contain a lot of tiny but noticeable errors like missing periods, extra spaces, and typos."
110,Sara Phillips,Neutral Feedback,Work Culture,expect,i,verb_subject,nsubj,"Unfortunately, I don't expect Sara to improve in this area since I have already asked her to edit her work prior to submission four times to no avail."
110,Sara Phillips,Neutral Feedback,Work Culture,improve,area,verb_preposition_in,prep->pobj,"Unfortunately, I don't expect Sara to improve in this area since I have already asked her to edit her work prior to submission four times to no avail."
110,Sara Phillips,Neutral Feedback,Work Culture,improve,sara,verb_subject,nsubj,"Unfortunately, I don't expect Sara to improve in this area since I have already asked her to edit her work prior to submission four times to no avail."
110,Sara Phillips,Neutral Feedback,Work Culture,ask,her,verb_object,dobj,"Unfortunately, I don't expect Sara to improve in this area since I have already asked her to edit her work prior to submission four times to no avail."
110,Sara Phillips,Neutral Feedback,Work Culture,ask,i,verb_subject,nsubj,"Unfortunately, I don't expect Sara to improve in this area since I have already asked her to edit her work prior to submission four times to no avail."
110,Sara Phillips,Neutral Feedback,Work Culture,edit,work,verb_object,dobj,"Unfortunately, I don't expect Sara to improve in this area since I have already asked her to edit her work prior to submission four times to no avail."
110,Sara Phillips,Neutral Feedback,Work Culture,edit,avail,verb_preposition_to,prep->pobj,"Unfortunately, I don't expect Sara to improve in this area since I have already asked her to edit her work prior to submission four times to no avail."
110,Sara Phillips,Neutral Feedback,Work Culture,seem,she,verb_subject,nsubj,She seems not to have an interest in becoming more detail oriented.
110,Sara Phillips,Neutral Feedback,Work Culture,have,interest,verb_object,dobj,She seems not to have an interest in becoming more detail oriented.
110,Sara Phillips,Neutral Feedback,Work Culture,more,more detail,adjective_modifies_noun,amod,She seems not to have an interest in becoming more detail oriented.
123,Isabella James,Neutral Feedback,Work Culture,average,average employee,adjective_modifies_noun,amod,Isabella is an average employee.
123,Isabella James,Neutral Feedback,Work Culture,perform,duties,verb_object,dobj,"She performs her duties, but not put much extra effort into her position."
123,Isabella James,Neutral Feedback,Work Culture,perform,she,verb_subject,nsubj,"She performs her duties, but not put much extra effort into her position."
123,Isabella James,Neutral Feedback,Work Culture,put,much extra effort,verb_object,dobj,"She performs her duties, but not put much extra effort into her position."
123,Isabella James,Neutral Feedback,Work Culture,put,position,verb_preposition_into,prep->pobj,"She performs her duties, but not put much extra effort into her position."
123,Isabella James,Neutral Feedback,Work Culture,much,much extra effort,adjective_modifies_noun,amod,"She performs her duties, but not put much extra effort into her position."
123,Isabella James,Neutral Feedback,Work Culture,extra,much extra effort,adjective_modifies_noun,amod,"She performs her duties, but not put much extra effort into her position."
123,Isabella James,Neutral Feedback,Work Culture,seem,she,verb_subject,nsubj,She does not seem to have much drive to move forward in her position or forward with the company.
123,Isabella James,Neutral Feedback,Work Culture,have,much drive,verb_object,dobj,She does not seem to have much drive to move forward in her position or forward with the company.
123,Isabella James,Neutral Feedback,Work Culture,much,much drive,adjective_modifies_noun,amod,She does not seem to have much drive to move forward in her position or forward with the company.
123,Isabella James,Neutral Feedback,Work Culture,move,position,verb_preposition_in,prep->pobj,She does not seem to have much drive to move forward in her position or forward with the company.
123,Isabella James,Neutral Feedback,Work Culture,do,isabella,verb_subject,nsubj,Isabella could do so much more if she put her mind to it.
123,Isabella James,Neutral Feedback,Work Culture,put,mind,verb_object,dobj,Isabella could do so much more if she put her mind to it.
123,Isabella James,Neutral Feedback,Work Culture,put,it,verb_preposition_to,prep->pobj,Isabella could do so much more if she put her mind to it.
123,Isabella James,Neutral Feedback,Work Culture,put,she,verb_subject,nsubj,Isabella could do so much more if she put her mind to it.
108,Joel Wells,Neutral Feedback,Work Culture,turn,acceptable work product,verb_object,dobj,"Overall, Joel turned in acceptable work product to me and met all deadlines."
108,Joel Wells,Neutral Feedback,Work Culture,turn,me,verb_preposition_to,prep->pobj,"Overall, Joel turned in acceptable work product to me and met all deadlines."
108,Joel Wells,Neutral Feedback,Work Culture,turn,joel,verb_subject,nsubj,"Overall, Joel turned in acceptable work product to me and met all deadlines."
108,Joel Wells,Neutral Feedback,Work Culture,acceptable,acceptable work product,adjective_modifies_noun,amod,"Overall, Joel turned in acceptable work product to me and met all deadlines."
108,Joel Wells,Neutral Feedback,Work Culture,meet,deadlines,verb_object,dobj,"Overall, Joel turned in acceptable work product to me and met all deadlines."
108,Joel Wells,Neutral Feedback,Work Culture,need,he,verb_subject,nsubj,"However, he needed to be reminded several times of basic assignment instructions."
108,Joel Wells,Neutral Feedback,Work Culture,several,several times,adjective_modifies_noun,amod,"However, he needed to be reminded several times of basic assignment instructions."
108,Joel Wells,Neutral Feedback,Work Culture,basic,basic assignment instructions,adjective_modifies_noun,amod,"However, he needed to be reminded several times of basic assignment instructions."
108,Joel Wells,Neutral Feedback,Work Culture,require,round,verb_object,dobj,"Moreover, his work product still required a round of revisions."
108,Joel Wells,Neutral Feedback,Work Culture,require,work product,verb_subject,nsubj,"Moreover, his work product still required a round of revisions."
108,Joel Wells,Neutral Feedback,Work Culture,feel,i,verb_subject,nsubj,I also felt that his research skills weren't up to par and that he's already turned in the best work he can at this point.
108,Joel Wells,Neutral Feedback,Work Culture,turn,best work,verb_preposition_in,prep->pobj,I also felt that his research skills weren't up to par and that he's already turned in the best work he can at this point.
108,Joel Wells,Neutral Feedback,Work Culture,turn,point,verb_preposition_at,prep->pobj,I also felt that his research skills weren't up to par and that he's already turned in the best work he can at this point.
108,Joel Wells,Neutral Feedback,Work Culture,turn,he,verb_subject,nsubjpass,I also felt that his research skills weren't up to par and that he's already turned in the best work he can at this point.
108,Joel Wells,Neutral Feedback,Work Culture,good,best work,adjective_modifies_noun,amod,I also felt that his research skills weren't up to par and that he's already turned in the best work he can at this point.
104,Amy John,Neutral Feedback,Career Growth,complete,work,verb_object,dobj,"Yes, she usually completes her work but it's usually the bare minimum to say it's done."
104,Amy John,Neutral Feedback,Career Growth,complete,she,verb_subject,nsubj,"Yes, she usually completes her work but it's usually the bare minimum to say it's done."
104,Amy John,Neutral Feedback,Career Growth,bare,bare minimum,adjective_modifies_noun,amod,"Yes, she usually completes her work but it's usually the bare minimum to say it's done."
104,Amy John,Neutral Feedback,Career Growth,do,it,verb_subject,nsubjpass,"Yes, she usually completes her work but it's usually the bare minimum to say it's done."
104,Amy John,Neutral Feedback,Career Growth,care,she,verb_subject,nsubj,I'm not convinced she cares.
104,Amy John,Neutral Feedback,Career Growth,show,little enthusiasm,verb_object,dobj,"She shows little enthusiasm or motivation to learning new things, improving process, or being open minded to new ideas."
104,Amy John,Neutral Feedback,Career Growth,show,she,verb_subject,nsubj,"She shows little enthusiasm or motivation to learning new things, improving process, or being open minded to new ideas."
104,Amy John,Neutral Feedback,Career Growth,little,little enthusiasm,adjective_modifies_noun,amod,"She shows little enthusiasm or motivation to learning new things, improving process, or being open minded to new ideas."
104,Amy John,Neutral Feedback,Career Growth,learn,new things,verb_object,dobj,"She shows little enthusiasm or motivation to learning new things, improving process, or being open minded to new ideas."
104,Amy John,Neutral Feedback,Career Growth,new,new things,adjective_modifies_noun,amod,"She shows little enthusiasm or motivation to learning new things, improving process, or being open minded to new ideas."
104,Amy John,Neutral Feedback,Career Growth,improve,process,verb_object,dobj,"She shows little enthusiasm or motivation to learning new things, improving process, or being open minded to new ideas."
104,Amy John,Neutral Feedback,Career Growth,new,new ideas,adjective_modifies_noun,amod,"She shows little enthusiasm or motivation to learning new things, improving process, or being open minded to new ideas."
101,Bailey Hunter,Neutral Feedback,Work Culture,produce,bailey,verb_subject,nsubj,The reports that Bailey produces are always client-ready after some light editing.
101,Bailey Hunter,Neutral Feedback,Work Culture,light,light editing,adjective_modifies_noun,amod,The reports that Bailey produces are always client-ready after some light editing.
101,Bailey Hunter,Neutral Feedback,Work Culture,do,thorough job,verb_object,dobj,She does a thorough job with the research analysis and I appreciate her attention to detail on the data analysis.
101,Bailey Hunter,Neutral Feedback,Work Culture,do,she,verb_subject,nsubj,She does a thorough job with the research analysis and I appreciate her attention to detail on the data analysis.
101,Bailey Hunter,Neutral Feedback,Work Culture,thorough,thorough job,adjective_modifies_noun,amod,She does a thorough job with the research analysis and I appreciate her attention to detail on the data analysis.
101,Bailey Hunter,Neutral Feedback,Work Culture,appreciate,attention,verb_object,dobj,She does a thorough job with the research analysis and I appreciate her attention to detail on the data analysis.
101,Bailey Hunter,Neutral Feedback,Work Culture,appreciate,i,verb_subject,nsubj,She does a thorough job with the research analysis and I appreciate her attention to detail on the data analysis.
101,Bailey Hunter,Neutral Feedback,Work Culture,hinder,performance,verb_subject,nsubjpass,"However, her performance is hindered because she sometimes shows up late to work without any explanation."
101,Bailey Hunter,Neutral Feedback,Work Culture,show,she,verb_subject,nsubj,"However, her performance is hindered because she sometimes shows up late to work without any explanation."
101,Bailey Hunter,Neutral Feedback,Work Culture,work,explanation,verb_preposition_without,prep->pobj,"However, her performance is hindered because she sometimes shows up late to work without any explanation."
101,Bailey Hunter,Neutral Feedback,Work Culture,tell,her,verb_object,dobj,I have already told her how frustrating this is to her colleagues who are depending on her to be in the office at a certain time to run reports.
101,Bailey Hunter,Neutral Feedback,Work Culture,tell,i,verb_subject,nsubj,I have already told her how frustrating this is to her colleagues who are depending on her to be in the office at a certain time to run reports.
101,Bailey Hunter,Neutral Feedback,Work Culture,depend,her,verb_preposition_on,prep->pobj,I have already told her how frustrating this is to her colleagues who are depending on her to be in the office at a certain time to run reports.
101,Bailey Hunter,Neutral Feedback,Work Culture,depend,who,verb_subject,nsubj,I have already told her how frustrating this is to her colleagues who are depending on her to be in the office at a certain time to run reports.
101,Bailey Hunter,Neutral Feedback,Work Culture,certain,certain time,adjective_modifies_noun,amod,I have already told her how frustrating this is to her colleagues who are depending on her to be in the office at a certain time to run reports.
101,Bailey Hunter,Neutral Feedback,Work Culture,run,reports,verb_object,dobj,I have already told her how frustrating this is to her colleagues who are depending on her to be in the office at a certain time to run reports.
101,Bailey Hunter,Neutral Feedback,Work Culture,refuse,she,verb_subject,nsubjpass,Because she's refused to change her pattern of behavior I can only assume that she will not be moving up very far in our department.
101,Bailey Hunter,Neutral Feedback,Work Culture,change,pattern,verb_object,dobj,Because she's refused to change her pattern of behavior I can only assume that she will not be moving up very far in our department.
101,Bailey Hunter,Neutral Feedback,Work Culture,assume,i,verb_subject,nsubj,Because she's refused to change her pattern of behavior I can only assume that she will not be moving up very far in our department.
101,Bailey Hunter,Neutral Feedback,Work Culture,move,department,verb_preposition_in,prep->pobj,Because she's refused to change her pattern of behavior I can only assume that she will not be moving up very far in our department.
101,Bailey Hunter,Neutral Feedback,Work Culture,move,she,verb_subject,nsubj,Because she's refused to change her pattern of behavior I can only assume that she will not be moving up very far in our department.
99,Amy John,Neutral Feedback,Work Culture,do,job,verb_object,dobj,Amy John has done her job in adequate fashion.
99,Amy John,Neutral Feedback,Work Culture,do,adequate fashion,verb_preposition_in,prep->pobj,Amy John has done her job in adequate fashion.
99,Amy John,Neutral Feedback,Work Culture,do,amy john,verb_subject,nsubj,Amy John has done her job in adequate fashion.
99,Amy John,Neutral Feedback,Work Culture,adequate,adequate fashion,adjective_modifies_noun,amod,Amy John has done her job in adequate fashion.
99,Amy John,Neutral Feedback,Work Culture,great,greatest performer,adjective_modifies_noun,amod,She is not the greatest performer but she is also not the worst.
99,Amy John,Neutral Feedback,Work Culture,meet,deadlines,verb_object,dobj,She meets deadlines regularly and turns in the expected work.
99,Amy John,Neutral Feedback,Work Culture,meet,she,verb_subject,nsubj,She meets deadlines regularly and turns in the expected work.
99,Amy John,Neutral Feedback,Work Culture,turn,expected work,verb_preposition_in,prep->pobj,She meets deadlines regularly and turns in the expected work.
99,Amy John,Neutral Feedback,Work Culture,expect,expected work,adjective_modifies_noun,amod,She meets deadlines regularly and turns in the expected work.
99,Amy John,Neutral Feedback,Work Culture,have,high ceiling,verb_object,dobj,However Amy does not have a very high ceiling for the future so this makes her replaceable.
99,Amy John,Neutral Feedback,Work Culture,have,amy,verb_subject,nsubj,However Amy does not have a very high ceiling for the future so this makes her replaceable.
99,Amy John,Neutral Feedback,Work Culture,high,high ceiling,adjective_modifies_noun,amod,However Amy does not have a very high ceiling for the future so this makes her replaceable.
99,Amy John,Neutral Feedback,Work Culture,make,this,verb_subject,nsubj,However Amy does not have a very high ceiling for the future so this makes her replaceable.
99,Amy John,Neutral Feedback,Work Culture,replaceable,her,copular_description,nsubj,However Amy does not have a very high ceiling for the future so this makes her replaceable.
99,Amy John,Neutral Feedback,Work Culture,net,net positive worker,adjective_modifies_noun,amod,"Regardless, she is a net positive worker."
99,Amy John,Neutral Feedback,Work Culture,positive,net positive worker,adjective_modifies_noun,amod,"Regardless, she is a net positive worker."
94,Bailey Hunter,Neutral Feedback,Work Culture,only,decent worker,adjective_modifies_noun,advmod,Bailey is only a decent worker.
94,Bailey Hunter,Neutral Feedback,Work Culture,decent,decent worker,adjective_modifies_noun,amod,Bailey is only a decent worker.
94,Bailey Hunter,Neutral Feedback,Work Culture,get,he,verb_subject,nsubj,"He gets his work done, but doesn't really apply himself otherwise."
94,Bailey Hunter,Neutral Feedback,Work Culture,do,work,verb_subject,nsubj,"He gets his work done, but doesn't really apply himself otherwise."
94,Bailey Hunter,Neutral Feedback,Work Culture,apply,himself,verb_object,dobj,"He gets his work done, but doesn't really apply himself otherwise."
94,Bailey Hunter,Neutral Feedback,Work Culture,have,much interest,verb_object,dobj,He clearly doesn't have much interest in taking on more responsibility or moving up in the organization.
94,Bailey Hunter,Neutral Feedback,Work Culture,have,he,verb_subject,nsubj,He clearly doesn't have much interest in taking on more responsibility or moving up in the organization.
94,Bailey Hunter,Neutral Feedback,Work Culture,much,much interest,adjective_modifies_noun,amod,He clearly doesn't have much interest in taking on more responsibility or moving up in the organization.
94,Bailey Hunter,Neutral Feedback,Work Culture,take,more responsibility,verb_object,dobj,He clearly doesn't have much interest in taking on more responsibility or moving up in the organization.
94,Bailey Hunter,Neutral Feedback,Work Culture,more,more responsibility,adjective_modifies_noun,amod,He clearly doesn't have much interest in taking on more responsibility or moving up in the organization.
94,Bailey Hunter,Neutral Feedback,Work Culture,move,organization,verb_preposition_in,prep->pobj,He clearly doesn't have much interest in taking on more responsibility or moving up in the organization.
94,Bailey Hunter,Neutral Feedback,Work Culture,do,bare minimum,verb_object,dobj,He will likely only do the bare minimum of whatever he's asked to do.
94,Bailey Hunter,Neutral Feedback,Work Culture,bare,bare minimum,adjective_modifies_noun,amod,He will likely only do the bare minimum of whatever he's asked to do.
94,Bailey Hunter,Neutral Feedback,Work Culture,ask,he,verb_subject,nsubjpass,He will likely only do the bare minimum of whatever he's asked to do.
94,Bailey Hunter,Neutral Feedback,Work Culture,do,whatever,verb_object,dobj,He will likely only do the bare minimum of whatever he's asked to do.
89,Alecia Keys,Neutral Feedback,Career Growth,have,number,verb_object,dobj,Ms. Keys has a number of areas in which she could improve.
89,Alecia Keys,Neutral Feedback,Career Growth,have,ms. keys,verb_subject,nsubj,Ms. Keys has a number of areas in which she could improve.
89,Alecia Keys,Neutral Feedback,Career Growth,improve,which,verb_preposition_in,prep->pobj,Ms. Keys has a number of areas in which she could improve.
89,Alecia Keys,Neutral Feedback,Career Growth,improve,she,verb_subject,nsubj,Ms. Keys has a number of areas in which she could improve.
89,Alecia Keys,Neutral Feedback,Career Growth,meet,minimum expectations,verb_object,dobj,She typically meets the minimum expectations of the job but only just barely.
89,Alecia Keys,Neutral Feedback,Career Growth,meet,she,verb_subject,nsubj,She typically meets the minimum expectations of the job but only just barely.
89,Alecia Keys,Neutral Feedback,Career Growth,minimum,minimum expectations,adjective_modifies_noun,amod,She typically meets the minimum expectations of the job but only just barely.
89,Alecia Keys,Neutral Feedback,Career Growth,additional,additional training,adjective_modifies_noun,amod,With some additional training she may improve to some extent.
89,Alecia Keys,Neutral Feedback,Career Growth,improve,additional training,verb_preposition_with,prep->pobj,With some additional training she may improve to some extent.
89,Alecia Keys,Neutral Feedback,Career Growth,improve,extent,verb_preposition_to,prep->pobj,With some additional training she may improve to some extent.
89,Alecia Keys,Neutral Feedback,Career Growth,improve,she,verb_subject,nsubj,With some additional training she may improve to some extent.
89,Alecia Keys,Neutral Feedback,Career Growth,see,her,verb_object,dobj,"I, sadly, don't however see her as ever becoming a top performer."
89,Alecia Keys,Neutral Feedback,Career Growth,see,i,verb_subject,nsubj,"I, sadly, don't however see her as ever becoming a top performer."
89,Alecia Keys,Neutral Feedback,Career Growth,become,top performer,verb_object,attr,"I, sadly, don't however see her as ever becoming a top performer."
89,Alecia Keys,Neutral Feedback,Career Growth,top,top performer,adjective_modifies_noun,amod,"I, sadly, don't however see her as ever becoming a top performer."
88,Alecia Keys,Neutral Feedback,Salary & Benefits,show,average results,verb_object,dobj,Alecia has shown somewhat average results this quarter.
88,Alecia Keys,Neutral Feedback,Salary & Benefits,show,alecia,verb_subject,nsubj,Alecia has shown somewhat average results this quarter.
88,Alecia Keys,Neutral Feedback,Salary & Benefits,average,average results,adjective_modifies_noun,amod,Alecia has shown somewhat average results this quarter.
88,Alecia Keys,Neutral Feedback,Salary & Benefits,need,she,verb_subject,nsubj,She seriously needs to pick up her speed in multi tasking and projects.
88,Alecia Keys,Neutral Feedback,Salary & Benefits,pick,speed,verb_object,dobj,She seriously needs to pick up her speed in multi tasking and projects.
88,Alecia Keys,Neutral Feedback,Salary & Benefits,pick,multi tasking,verb_preposition_in,prep->pobj,She seriously needs to pick up her speed in multi tasking and projects.
88,Alecia Keys,Neutral Feedback,Salary & Benefits,multi,multi tasking,adjective_modifies_noun,amod,She seriously needs to pick up her speed in multi tasking and projects.
88,Alecia Keys,Neutral Feedback,Salary & Benefits,get,raise,verb_object,dobj,Unlikely to get a raise this quarter.
88,Alecia Keys,Neutral Feedback,Salary & Benefits,see,better results,verb_object,dobj,Hope to see better results next quarter from you.
88,Alecia Keys,Neutral Feedback,Salary & Benefits,see,you,verb_preposition_from,prep->pobj,Hope to see better results next quarter from you.
88,Alecia Keys,Neutral Feedback,Salary & Benefits,well,better results,adjective_modifies_noun,amod,Hope to see better results next quarter from you.
88,Alecia Keys,Neutral Feedback,Salary & Benefits,next,next quarter,adjective_modifies_noun,amod,Hope to see better results next quarter from you.
154,Amy John,Neutral Feedback,Career Growth,dedicate,work atmosphere,verb_preposition_to,prep->pobj,Amy John is dedicated to the work atmosphere and creating a fun environment with all the colleagues.
154,Amy John,Neutral Feedback,Career Growth,dedicate,amy john,verb_subject,nsubjpass,Amy John is dedicated to the work atmosphere and creating a fun environment with all the colleagues.
154,Amy John,Neutral Feedback,Career Growth,create,fun environment,verb_object,dobj,Amy John is dedicated to the work atmosphere and creating a fun environment with all the colleagues.
154,Amy John,Neutral Feedback,Career Growth,create,colleagues,verb_preposition_with,prep->pobj,Amy John is dedicated to the work atmosphere and creating a fun environment with all the colleagues.
154,Amy John,Neutral Feedback,Career Growth,fun,fun environment,adjective_modifies_noun,amod,Amy John is dedicated to the work atmosphere and creating a fun environment with all the colleagues.
154,Amy John,Neutral Feedback,Career Growth,find,terms,verb_preposition_in,prep->pobj,"In terms of performance, I find her quite solid."
154,Amy John,Neutral Feedback,Career Growth,find,i,verb_subject,nsubj,"In terms of performance, I find her quite solid."
154,Amy John,Neutral Feedback,Career Growth,solid,her,copular_description,nsubj,"In terms of performance, I find her quite solid."
154,Amy John,Neutral Feedback,Career Growth,decent,decent condition,adjective_modifies_noun,amod,"She is neither extremely methodical nor extremely creative, but can to the tasks in a relatively decent condition."
154,Amy John,Neutral Feedback,Career Growth,envision,ways,verb_preposition_in,prep->pobj,"Still, I am a little hesitant to envision in which ways she might improve in the past, as she has not shown much growth through time -- nor has she been necessarily receptive to the constructive comments received from supervisors."
154,Amy John,Neutral Feedback,Career Growth,improve,past,verb_preposition_in,prep->pobj,"Still, I am a little hesitant to envision in which ways she might improve in the past, as she has not shown much growth through time -- nor has she been necessarily receptive to the constructive comments received from supervisors."
154,Amy John,Neutral Feedback,Career Growth,improve,she,verb_subject,nsubj,"Still, I am a little hesitant to envision in which ways she might improve in the past, as she has not shown much growth through time -- nor has she been necessarily receptive to the constructive comments received from supervisors."
154,Amy John,Neutral Feedback,Career Growth,show,much growth,verb_object,dobj,"Still, I am a little hesitant to envision in which ways she might improve in the past, as she has not shown much growth through time -- nor has she been necessarily receptive to the constructive comments received from supervisors."
154,Amy John,Neutral Feedback,Career Growth,show,time,verb_preposition_through,prep->pobj,"Still, I am a little hesitant to envision in which ways she might improve in the past, as she has not shown much growth through time -- nor has she been necessarily receptive to the constructive comments received from supervisors."
154,Amy John,Neutral Feedback,Career Growth,show,she,verb_subject,nsubj,"Still, I am a little hesitant to envision in which ways she might improve in the past, as she has not shown much growth through time -- nor has she been necessarily receptive to the constructive comments received from supervisors."
154,Amy John,Neutral Feedback,Career Growth,much,much growth,adjective_modifies_noun,amod,"Still, I am a little hesitant to envision in which ways she might improve in the past, as she has not shown much growth through time -- nor has she been necessarily receptive to the constructive comments received from supervisors."
154,Amy John,Neutral Feedback,Career Growth,constructive,constructive comments,adjective_modifies_noun,amod,"Still, I am a little hesitant to envision in which ways she might improve in the past, as she has not shown much growth through time -- nor has she been necessarily receptive to the constructive comments received from supervisors."
154,Amy John,Neutral Feedback,Career Growth,receive,supervisors,verb_preposition_from,prep->pobj,"Still, I am a little hesitant to envision in which ways she might improve in the past, as she has not shown much growth through time -- nor has she been necessarily receptive to the constructive comments received from supervisors."
105,Amy John,Neutral Feedback,Career Growth,have,excellent performance,verb_object,dobj,Amy had excellent performance this quarter.
105,Amy John,Neutral Feedback,Career Growth,have,amy,verb_subject,nsubj,Amy had excellent performance this quarter.
105,Amy John,Neutral Feedback,Career Growth,excellent,excellent performance,adjective_modifies_noun,amod,Amy had excellent performance this quarter.
105,Amy John,Neutral Feedback,Career Growth,bring,many new ideas,verb_object,dobj,"She was able to bring many new ideas to the table, and her insights allowed her co-workers to think outside the box."
105,Amy John,Neutral Feedback,Career Growth,bring,table,verb_preposition_to,prep->pobj,"She was able to bring many new ideas to the table, and her insights allowed her co-workers to think outside the box."
105,Amy John,Neutral Feedback,Career Growth,many,many new ideas,adjective_modifies_noun,amod,"She was able to bring many new ideas to the table, and her insights allowed her co-workers to think outside the box."
105,Amy John,Neutral Feedback,Career Growth,new,many new ideas,adjective_modifies_noun,amod,"She was able to bring many new ideas to the table, and her insights allowed her co-workers to think outside the box."
105,Amy John,Neutral Feedback,Career Growth,allow,co,verb_object,dobj,"She was able to bring many new ideas to the table, and her insights allowed her co-workers to think outside the box."
105,Amy John,Neutral Feedback,Career Growth,allow,insights,verb_subject,nsubj,"She was able to bring many new ideas to the table, and her insights allowed her co-workers to think outside the box."
105,Amy John,Neutral Feedback,Career Growth,think,box,verb_preposition_outside,prep->pobj,"She was able to bring many new ideas to the table, and her insights allowed her co-workers to think outside the box."
105,Amy John,Neutral Feedback,Career Growth,think,-,verb_subject,nsubj,"She was able to bring many new ideas to the table, and her insights allowed her co-workers to think outside the box."
105,Amy John,Neutral Feedback,Career Growth,think,workers,verb_subject,nsubj,"She was able to bring many new ideas to the table, and her insights allowed her co-workers to think outside the box."
105,Amy John,Neutral Feedback,Career Growth,make,aspect,verb_preposition_in,prep->pobj,"Improvements could be made, however, in the aspect of self-awareness in meetings."
105,Amy John,Neutral Feedback,Career Growth,make,improvements,verb_subject,nsubjpass,"Improvements could be made, however, in the aspect of self-awareness in meetings."
105,Amy John,Neutral Feedback,Career Growth,encourage,amy,verb_subject,nsubjpass,"Amy is encouraged to think more carefully about what she says during meetings, as sometimes, she wastes time with irrelevant information."
105,Amy John,Neutral Feedback,Career Growth,say,what,verb_object,dobj,"Amy is encouraged to think more carefully about what she says during meetings, as sometimes, she wastes time with irrelevant information."
105,Amy John,Neutral Feedback,Career Growth,say,meetings,verb_preposition_during,prep->pobj,"Amy is encouraged to think more carefully about what she says during meetings, as sometimes, she wastes time with irrelevant information."
105,Amy John,Neutral Feedback,Career Growth,say,she,verb_subject,nsubj,"Amy is encouraged to think more carefully about what she says during meetings, as sometimes, she wastes time with irrelevant information."
105,Amy John,Neutral Feedback,Career Growth,waste,time,verb_object,dobj,"Amy is encouraged to think more carefully about what she says during meetings, as sometimes, she wastes time with irrelevant information."
105,Amy John,Neutral Feedback,Career Growth,waste,irrelevant information,verb_preposition_with,prep->pobj,"Amy is encouraged to think more carefully about what she says during meetings, as sometimes, she wastes time with irrelevant information."
105,Amy John,Neutral Feedback,Career Growth,waste,she,verb_subject,nsubj,"Amy is encouraged to think more carefully about what she says during meetings, as sometimes, she wastes time with irrelevant information."
105,Amy John,Neutral Feedback,Career Growth,irrelevant,irrelevant information,adjective_modifies_noun,amod,"Amy is encouraged to think more carefully about what she says during meetings, as sometimes, she wastes time with irrelevant information."
105,Amy John,Neutral Feedback,Career Growth,have,strong interpersonal skills,verb_object,dobj,"This shouldn't be a problem, since she has strong interpersonal skills."
105,Amy John,Neutral Feedback,Career Growth,have,she,verb_subject,nsubj,"This shouldn't be a problem, since she has strong interpersonal skills."
105,Amy John,Neutral Feedback,Career Growth,strong,strong interpersonal skills,adjective_modifies_noun,amod,"This shouldn't be a problem, since she has strong interpersonal skills."
105,Amy John,Neutral Feedback,Career Growth,interpersonal,strong interpersonal skills,adjective_modifies_noun,amod,"This shouldn't be a problem, since she has strong interpersonal skills."
125,Isabella James,Neutral Feedback,Work Culture,report,progress,verb_object,dobj,She is fairly responsive to questions and reports the progress when requested.
125,Isabella James,Neutral Feedback,Work Culture,deliver,usual work,verb_preposition_on,prep->pobj,She delivers on the usual work assigned to her but struggles with any new work or variations from normal.
125,Isabella James,Neutral Feedback,Work Culture,deliver,she,verb_subject,nsubj,She delivers on the usual work assigned to her but struggles with any new work or variations from normal.
125,Isabella James,Neutral Feedback,Work Culture,usual,usual work,adjective_modifies_noun,amod,She delivers on the usual work assigned to her but struggles with any new work or variations from normal.
125,Isabella James,Neutral Feedback,Work Culture,assign,her,verb_preposition_to,prep->pobj,She delivers on the usual work assigned to her but struggles with any new work or variations from normal.
125,Isabella James,Neutral Feedback,Work Culture,struggle,new work,verb_preposition_with,prep->pobj,She delivers on the usual work assigned to her but struggles with any new work or variations from normal.
125,Isabella James,Neutral Feedback,Work Culture,new,new work,adjective_modifies_noun,amod,She delivers on the usual work assigned to her but struggles with any new work or variations from normal.
125,Isabella James,Neutral Feedback,Work Culture,like,she,verb_subject,nsubj,She likes to follow the set processes and does not go beyond the rule back to solve the problems innovatively.
125,Isabella James,Neutral Feedback,Work Culture,follow,set processes,verb_object,dobj,She likes to follow the set processes and does not go beyond the rule back to solve the problems innovatively.
125,Isabella James,Neutral Feedback,Work Culture,go,rule,verb_preposition_beyond,prep->pobj,She likes to follow the set processes and does not go beyond the rule back to solve the problems innovatively.
125,Isabella James,Neutral Feedback,Work Culture,solve,problems,verb_object,dobj,She likes to follow the set processes and does not go beyond the rule back to solve the problems innovatively.
51,Addison Cohen,Neutral Feedback,Work Culture,mean,addison,verb_subject,nsubj,Addison means well but does not put the effort in that is needed to complete his work.
51,Addison Cohen,Neutral Feedback,Work Culture,put,effort,verb_object,dobj,Addison means well but does not put the effort in that is needed to complete his work.
51,Addison Cohen,Neutral Feedback,Work Culture,need,that,verb_subject,nsubjpass,Addison means well but does not put the effort in that is needed to complete his work.
51,Addison Cohen,Neutral Feedback,Work Culture,complete,work,verb_object,dobj,Addison means well but does not put the effort in that is needed to complete his work.
51,Addison Cohen,Neutral Feedback,Work Culture,work,he,verb_subject,nsubj,He works well alone but does not work well with others.
51,Addison Cohen,Neutral Feedback,Work Culture,work,others,verb_preposition_with,prep->pobj,He works well alone but does not work well with others.
51,Addison Cohen,Neutral Feedback,Work Culture,work,morning,verb_preposition_in,prep->pobj,He is frequently late to work in the morning.
51,Addison Cohen,Neutral Feedback,Work Culture,miss,mandatory meetings,verb_object,dobj,He often misses mandatory meetings.
51,Addison Cohen,Neutral Feedback,Work Culture,miss,he,verb_subject,nsubj,He often misses mandatory meetings.
51,Addison Cohen,Neutral Feedback,Work Culture,mandatory,mandatory meetings,adjective_modifies_noun,amod,He often misses mandatory meetings.
150,Bailey Hunter,Neutral Feedback,Work Culture,deliver,work,verb_object,dobj,"Bailey has been consistently delivering her work on time, though from time to time she would make some easily avoidable mistakes."
150,Bailey Hunter,Neutral Feedback,Work Culture,deliver,time,verb_preposition_on,prep->pobj,"Bailey has been consistently delivering her work on time, though from time to time she would make some easily avoidable mistakes."
150,Bailey Hunter,Neutral Feedback,Work Culture,deliver,bailey,verb_subject,nsubj,"Bailey has been consistently delivering her work on time, though from time to time she would make some easily avoidable mistakes."
150,Bailey Hunter,Neutral Feedback,Work Culture,make,avoidable mistakes,verb_object,dobj,"Bailey has been consistently delivering her work on time, though from time to time she would make some easily avoidable mistakes."
150,Bailey Hunter,Neutral Feedback,Work Culture,make,time,verb_preposition_from,prep->pobj,"Bailey has been consistently delivering her work on time, though from time to time she would make some easily avoidable mistakes."
150,Bailey Hunter,Neutral Feedback,Work Culture,make,she,verb_subject,nsubj,"Bailey has been consistently delivering her work on time, though from time to time she would make some easily avoidable mistakes."
150,Bailey Hunter,Neutral Feedback,Work Culture,avoidable,avoidable mistakes,adjective_modifies_noun,amod,"Bailey has been consistently delivering her work on time, though from time to time she would make some easily avoidable mistakes."
150,Bailey Hunter,Neutral Feedback,Work Culture,have,great attitude,verb_object,dobj,"She has great attitude at work, though she could show more initiative."
150,Bailey Hunter,Neutral Feedback,Work Culture,have,she,verb_subject,nsubj,"She has great attitude at work, though she could show more initiative."
150,Bailey Hunter,Neutral Feedback,Work Culture,great,great attitude,adjective_modifies_noun,amod,"She has great attitude at work, though she could show more initiative."
150,Bailey Hunter,Neutral Feedback,Work Culture,show,more initiative,verb_object,dobj,"She has great attitude at work, though she could show more initiative."
150,Bailey Hunter,Neutral Feedback,Work Culture,show,she,verb_subject,nsubj,"She has great attitude at work, though she could show more initiative."
150,Bailey Hunter,Neutral Feedback,Work Culture,more,more initiative,adjective_modifies_noun,amod,"She has great attitude at work, though she could show more initiative."
150,Bailey Hunter,Neutral Feedback,Work Culture,participate,team activities,verb_preposition_in,prep->pobj,"She is friendly, however, not too keen in participating in team activities."
150,Bailey Hunter,Neutral Feedback,Work Culture,good,good worker,adjective_modifies_noun,amod,"In all , Bailey is a good worker."
150,Bailey Hunter,Neutral Feedback,Work Culture,expect,i,verb_subject,nsubj,I expect her to continue to improve
150,Bailey Hunter,Neutral Feedback,Work Culture,continue,her,verb_subject,nsubj,I expect her to continue to improve
149,Bailey Hunter,Neutral Feedback,Work Culture,second,second year,adjective_modifies_noun,amod,Bailey's work product is perfectly acceptable for a second-year analyst.
149,Bailey Hunter,Neutral Feedback,Work Culture,be,few computational errors,verb_object,attr,"There are always a few computational errors present in her reports but for the most part, she does a really solid job with her research and drafting."
149,Bailey Hunter,Neutral Feedback,Work Culture,few,few computational errors,adjective_modifies_noun,amod,"There are always a few computational errors present in her reports but for the most part, she does a really solid job with her research and drafting."
149,Bailey Hunter,Neutral Feedback,Work Culture,computational,few computational errors,adjective_modifies_noun,amod,"There are always a few computational errors present in her reports but for the most part, she does a really solid job with her research and drafting."
149,Bailey Hunter,Neutral Feedback,Work Culture,present,few computational errors,adjective_modifies_noun,amod,"There are always a few computational errors present in her reports but for the most part, she does a really solid job with her research and drafting."
149,Bailey Hunter,Neutral Feedback,Work Culture,most,most part,adjective_modifies_noun,amod,"There are always a few computational errors present in her reports but for the most part, she does a really solid job with her research and drafting."
149,Bailey Hunter,Neutral Feedback,Work Culture,do,solid job,verb_object,dobj,"There are always a few computational errors present in her reports but for the most part, she does a really solid job with her research and drafting."
149,Bailey Hunter,Neutral Feedback,Work Culture,do,most part,verb_preposition_for,prep->pobj,"There are always a few computational errors present in her reports but for the most part, she does a really solid job with her research and drafting."
149,Bailey Hunter,Neutral Feedback,Work Culture,do,she,verb_subject,nsubj,"There are always a few computational errors present in her reports but for the most part, she does a really solid job with her research and drafting."
149,Bailey Hunter,Neutral Feedback,Work Culture,solid,solid job,adjective_modifies_noun,amod,"There are always a few computational errors present in her reports but for the most part, she does a really solid job with her research and drafting."
149,Bailey Hunter,Neutral Feedback,Work Culture,see,i,verb_subject,nsubj,"Unfortunately, I don't see Bailey moving up very far in this organization."
149,Bailey Hunter,Neutral Feedback,Work Culture,move,organization,verb_preposition_in,prep->pobj,"Unfortunately, I don't see Bailey moving up very far in this organization."
149,Bailey Hunter,Neutral Feedback,Work Culture,move,bailey,verb_subject,nsubj,"Unfortunately, I don't see Bailey moving up very far in this organization."
149,Bailey Hunter,Neutral Feedback,Work Culture,seem,heart,verb_subject,nsubj,Her heart never seems to be fully in her work and she always seems distracted with personal commitments.
149,Bailey Hunter,Neutral Feedback,Work Culture,seem,she,verb_subject,nsubj,Her heart never seems to be fully in her work and she always seems distracted with personal commitments.
149,Bailey Hunter,Neutral Feedback,Work Culture,personal,personal commitments,adjective_modifies_noun,amod,Her heart never seems to be fully in her work and she always seems distracted with personal commitments.
148,Bailey Hunter,Neutral Feedback,Work Culture,provide,solid base,verb_object,dobj,Bailey Hunter provides a solid base for this company.
148,Bailey Hunter,Neutral Feedback,Work Culture,provide,bailey hunter,verb_subject,nsubj,Bailey Hunter provides a solid base for this company.
148,Bailey Hunter,Neutral Feedback,Work Culture,solid,solid base,adjective_modifies_noun,amod,Bailey Hunter provides a solid base for this company.
148,Bailey Hunter,Neutral Feedback,Work Culture,valuable,valuable team player,adjective_modifies_noun,amod,She is a valuable team player for our team which doesn't often require people to be the lead.
148,Bailey Hunter,Neutral Feedback,Work Culture,require,people,verb_object,dobj,She is a valuable team player for our team which doesn't often require people to be the lead.
148,Bailey Hunter,Neutral Feedback,Work Culture,require,which,verb_subject,nsubj,She is a valuable team player for our team which doesn't often require people to be the lead.
148,Bailey Hunter,Neutral Feedback,Work Culture,be,room,verb_object,attr,"While she is an asset for our team, there is still room for her to grow and excel within the company."
148,Bailey Hunter,Neutral Feedback,Work Culture,grow,her,verb_subject,nsubj,"While she is an asset for our team, there is still room for her to grow and excel within the company."
148,Bailey Hunter,Neutral Feedback,Work Culture,excel,company,verb_preposition_within,prep->pobj,"While she is an asset for our team, there is still room for her to grow and excel within the company."
147,Bailey Hunter,Neutral Feedback,Career Growth,daily,daily production oscillates,adjective_modifies_noun,amod,Bailey Hunter's daily production oscillates from poor to excellent from day-to day.
147,Bailey Hunter,Neutral Feedback,Career Growth,produce,page brief,verb_object,dobj,One day Bailey will competently produce a 50-page brief and the next day will struggle to complete five transmittal letters.
147,Bailey Hunter,Neutral Feedback,Career Growth,produce,bailey,verb_subject,nsubj,One day Bailey will competently produce a 50-page brief and the next day will struggle to complete five transmittal letters.
147,Bailey Hunter,Neutral Feedback,Career Growth,next,next day,adjective_modifies_noun,amod,One day Bailey will competently produce a 50-page brief and the next day will struggle to complete five transmittal letters.
147,Bailey Hunter,Neutral Feedback,Career Growth,struggle,next day,verb_subject,nsubj,One day Bailey will competently produce a 50-page brief and the next day will struggle to complete five transmittal letters.
147,Bailey Hunter,Neutral Feedback,Career Growth,complete,transmittal letters,verb_object,dobj,One day Bailey will competently produce a 50-page brief and the next day will struggle to complete five transmittal letters.
147,Bailey Hunter,Neutral Feedback,Career Growth,transmittal,transmittal letters,adjective_modifies_noun,amod,One day Bailey will competently produce a 50-page brief and the next day will struggle to complete five transmittal letters.
147,Bailey Hunter,Neutral Feedback,Career Growth,interpersonal,interpersonal skills,adjective_modifies_noun,amod,"Her interpersonal skills are unexceptional, neither good nor bad."
147,Bailey Hunter,Neutral Feedback,Career Growth,believe,balance,verb_preposition_on,prep->pobj,"On balance, I don't believe she is long for this job."
147,Bailey Hunter,Neutral Feedback,Career Growth,believe,i,verb_subject,nsubj,"On balance, I don't believe she is long for this job."
146,Darius Stafford,Neutral Feedback,Career Growth,good,good day,adjective_modifies_noun,amod,Darius is a good day to day task person.
146,Darius Stafford,Neutral Feedback,Career Growth,lack,motivation,verb_object,dobj,"He lacks motivation for the future and we dont really see a need to keep him around for our long term goals, but his current work is meeting our needs."
146,Darius Stafford,Neutral Feedback,Career Growth,lack,he,verb_subject,nsubj,"He lacks motivation for the future and we dont really see a need to keep him around for our long term goals, but his current work is meeting our needs."
146,Darius Stafford,Neutral Feedback,Career Growth,see,need,verb_object,dobj,"He lacks motivation for the future and we dont really see a need to keep him around for our long term goals, but his current work is meeting our needs."
146,Darius Stafford,Neutral Feedback,Career Growth,see,we,verb_subject,nsubj,"He lacks motivation for the future and we dont really see a need to keep him around for our long term goals, but his current work is meeting our needs."
146,Darius Stafford,Neutral Feedback,Career Growth,keep,him,verb_object,dobj,"He lacks motivation for the future and we dont really see a need to keep him around for our long term goals, but his current work is meeting our needs."
146,Darius Stafford,Neutral Feedback,Career Growth,keep,term goals,verb_preposition_for,prep->pobj,"He lacks motivation for the future and we dont really see a need to keep him around for our long term goals, but his current work is meeting our needs."
146,Darius Stafford,Neutral Feedback,Career Growth,long,long term,adjective_modifies_noun,amod,"He lacks motivation for the future and we dont really see a need to keep him around for our long term goals, but his current work is meeting our needs."
146,Darius Stafford,Neutral Feedback,Career Growth,current,current work,adjective_modifies_noun,amod,"He lacks motivation for the future and we dont really see a need to keep him around for our long term goals, but his current work is meeting our needs."
146,Darius Stafford,Neutral Feedback,Career Growth,meet,needs,verb_object,dobj,"He lacks motivation for the future and we dont really see a need to keep him around for our long term goals, but his current work is meeting our needs."
146,Darius Stafford,Neutral Feedback,Career Growth,meet,current work,verb_subject,nsubj,"He lacks motivation for the future and we dont really see a need to keep him around for our long term goals, but his current work is meeting our needs."
146,Darius Stafford,Neutral Feedback,Career Growth,step,it,verb_object,dobj,"If he could step it up, there might be potential for a future in this company as something more."
146,Darius Stafford,Neutral Feedback,Career Growth,step,he,verb_subject,nsubj,"If he could step it up, there might be potential for a future in this company as something more."
146,Darius Stafford,Neutral Feedback,Career Growth,more,something,adjective_modifies_noun,amod,"If he could step it up, there might be potential for a future in this company as something more."
146,Darius Stafford,Neutral Feedback,Career Growth,like,we,verb_subject,nsubj,We would like to see more from Darius as a worker.
146,Darius Stafford,Neutral Feedback,Career Growth,see,darius,verb_preposition_from,prep->pobj,We would like to see more from Darius as a worker.
146,Darius Stafford,Neutral Feedback,Career Growth,see,worker,verb_preposition_as,prep->pobj,We would like to see more from Darius as a worker.
145,Darius Stafford,Neutral Feedback,Work Culture,solid,solid employee,adjective_modifies_noun,amod,Darius is a solid employee who consistently produces acceptable work.
145,Darius Stafford,Neutral Feedback,Work Culture,produce,acceptable work,verb_object,dobj,Darius is a solid employee who consistently produces acceptable work.
145,Darius Stafford,Neutral Feedback,Work Culture,produce,who,verb_subject,nsubj,Darius is a solid employee who consistently produces acceptable work.
145,Darius Stafford,Neutral Feedback,Work Culture,acceptable,acceptable work,adjective_modifies_noun,amod,Darius is a solid employee who consistently produces acceptable work.
145,Darius Stafford,Neutral Feedback,Work Culture,show,he,verb_subject,nsubj,He has shown that he is competent in producing quality work that meets but does not exceed our standards.
145,Darius Stafford,Neutral Feedback,Work Culture,produce,quality work,verb_object,dobj,He has shown that he is competent in producing quality work that meets but does not exceed our standards.
145,Darius Stafford,Neutral Feedback,Work Culture,meet,that,verb_subject,nsubj,He has shown that he is competent in producing quality work that meets but does not exceed our standards.
145,Darius Stafford,Neutral Feedback,Work Culture,exceed,standards,verb_object,dobj,He has shown that he is competent in producing quality work that meets but does not exceed our standards.
145,Darius Stafford,Neutral Feedback,Work Culture,have,difficulty,verb_object,dobj,However he has difficulty learning and adapting to new tasks.
145,Darius Stafford,Neutral Feedback,Work Culture,have,he,verb_subject,nsubj,However he has difficulty learning and adapting to new tasks.
145,Darius Stafford,Neutral Feedback,Work Culture,adapt,new tasks,verb_preposition_to,prep->pobj,However he has difficulty learning and adapting to new tasks.
145,Darius Stafford,Neutral Feedback,Work Culture,new,new tasks,adjective_modifies_noun,amod,However he has difficulty learning and adapting to new tasks.
145,Darius Stafford,Neutral Feedback,Work Culture,find,i,verb_subject,nsubj,I find that he is unlikely to improve any further and that his current work capacity is his max.
145,Darius Stafford,Neutral Feedback,Work Culture,current,current work capacity,adjective_modifies_noun,amod,I find that he is unlikely to improve any further and that his current work capacity is his max.
142,Darius Stafford,Neutral Feedback,Career Growth,set,good example,verb_object,dobj,Darius set a good example at being a great trainee and showed a lot of potential in this career field.
142,Darius Stafford,Neutral Feedback,Career Growth,set,darius,verb_subject,nsubj,Darius set a good example at being a great trainee and showed a lot of potential in this career field.
142,Darius Stafford,Neutral Feedback,Career Growth,good,good example,adjective_modifies_noun,amod,Darius set a good example at being a great trainee and showed a lot of potential in this career field.
142,Darius Stafford,Neutral Feedback,Career Growth,great,great trainee,adjective_modifies_noun,amod,Darius set a good example at being a great trainee and showed a lot of potential in this career field.
142,Darius Stafford,Neutral Feedback,Career Growth,show,lot,verb_object,dobj,Darius set a good example at being a great trainee and showed a lot of potential in this career field.
142,Darius Stafford,Neutral Feedback,Career Growth,show,career field,verb_preposition_in,prep->pobj,Darius set a good example at being a great trainee and showed a lot of potential in this career field.
142,Darius Stafford,Neutral Feedback,Career Growth,strive,darius,verb_subject,nsubj,Darius can always strive to improve some areas to get better.
142,Darius Stafford,Neutral Feedback,Career Growth,improve,areas,verb_object,dobj,Darius can always strive to improve some areas to get better.
142,Darius Stafford,Neutral Feedback,Career Growth,great,great addition,adjective_modifies_noun,amod,Darius will be a great addition to our team.
141,April Craft,Neutral Feedback,Work Culture,have,average results,verb_object,dobj,April has had average results this quarter.
141,April Craft,Neutral Feedback,Work Culture,have,april,verb_subject,nsubj,April has had average results this quarter.
141,April Craft,Neutral Feedback,Work Culture,average,average results,adjective_modifies_noun,amod,April has had average results this quarter.
141,April Craft,Neutral Feedback,Work Culture,analyze,data,verb_object,dobj,"She analyzes data accurately, and she is able to submit projects of reasonable quality on time."
141,April Craft,Neutral Feedback,Work Culture,analyze,she,verb_subject,nsubj,"She analyzes data accurately, and she is able to submit projects of reasonable quality on time."
141,April Craft,Neutral Feedback,Work Culture,submit,projects,verb_object,dobj,"She analyzes data accurately, and she is able to submit projects of reasonable quality on time."
141,April Craft,Neutral Feedback,Work Culture,submit,time,verb_preposition_on,prep->pobj,"She analyzes data accurately, and she is able to submit projects of reasonable quality on time."
141,April Craft,Neutral Feedback,Work Culture,reasonable,reasonable quality,adjective_modifies_noun,amod,"She analyzes data accurately, and she is able to submit projects of reasonable quality on time."
141,April Craft,Neutral Feedback,Work Culture,however,work,adjective_modifies_noun,advmod,"However, the work she does barely exceeds the work done by the intern, who is only a high school student."
141,April Craft,Neutral Feedback,Work Culture,exceed,work,verb_object,dobj,"However, the work she does barely exceeds the work done by the intern, who is only a high school student."
141,April Craft,Neutral Feedback,Work Culture,exceed,she,verb_subject,nsubj,"However, the work she does barely exceeds the work done by the intern, who is only a high school student."
141,April Craft,Neutral Feedback,Work Culture,only,school student,adjective_modifies_noun,advmod,"However, the work she does barely exceeds the work done by the intern, who is only a high school student."
141,April Craft,Neutral Feedback,Work Culture,high,high school,adjective_modifies_noun,amod,"However, the work she does barely exceeds the work done by the intern, who is only a high school student."
141,April Craft,Neutral Feedback,Work Culture,seek,she,verb_subject,nsubj,"She does not seek to improve herself, and has resisted every form of criticism given her way by colleagues and superiors."
141,April Craft,Neutral Feedback,Work Culture,improve,herself,verb_object,dobj,"She does not seek to improve herself, and has resisted every form of criticism given her way by colleagues and superiors."
141,April Craft,Neutral Feedback,Work Culture,resist,form,verb_object,dobj,"She does not seek to improve herself, and has resisted every form of criticism given her way by colleagues and superiors."
141,April Craft,Neutral Feedback,Work Culture,resist,way,verb_preposition_given,prep->pobj,"She does not seek to improve herself, and has resisted every form of criticism given her way by colleagues and superiors."
141,April Craft,Neutral Feedback,Work Culture,continue,she,verb_subject,nsubj,She should continue to be monitored by human resources to ensure our resources are being used to their full potential.
141,April Craft,Neutral Feedback,Work Culture,human,human resources,adjective_modifies_noun,amod,She should continue to be monitored by human resources to ensure our resources are being used to their full potential.
141,April Craft,Neutral Feedback,Work Culture,use,full potential,verb_preposition_to,prep->pobj,She should continue to be monitored by human resources to ensure our resources are being used to their full potential.
141,April Craft,Neutral Feedback,Work Culture,use,resources,verb_subject,nsubjpass,She should continue to be monitored by human resources to ensure our resources are being used to their full potential.
141,April Craft,Neutral Feedback,Work Culture,full,full potential,adjective_modifies_noun,amod,She should continue to be monitored by human resources to ensure our resources are being used to their full potential.
151,Bailey Hunter,Neutral Feedback,Career Growth,ok,ok worker,adjective_modifies_noun,amod,Baily is an OK worker.
151,Bailey Hunter,Neutral Feedback,Career Growth,respond,she,verb_subject,nsubj,Currently she doesn't respond well to feedback and hasn't really shown any improvement in along time.
151,Bailey Hunter,Neutral Feedback,Career Growth,show,improvement,verb_object,dobj,Currently she doesn't respond well to feedback and hasn't really shown any improvement in along time.
151,Bailey Hunter,Neutral Feedback,Career Growth,show,time,verb_preposition_along,prep->pobj,Currently she doesn't respond well to feedback and hasn't really shown any improvement in along time.
151,Bailey Hunter,Neutral Feedback,Career Growth,produce,acceptable quality work,verb_object,dobj,However she still consistently produces acceptable quality work and meet her deadlines.
151,Bailey Hunter,Neutral Feedback,Career Growth,produce,she,verb_subject,nsubj,However she still consistently produces acceptable quality work and meet her deadlines.
151,Bailey Hunter,Neutral Feedback,Career Growth,acceptable,acceptable quality work,adjective_modifies_noun,amod,However she still consistently produces acceptable quality work and meet her deadlines.
151,Bailey Hunter,Neutral Feedback,Career Growth,meet,deadlines,verb_object,dobj,However she still consistently produces acceptable quality work and meet her deadlines.
151,Bailey Hunter,Neutral Feedback,Career Growth,solid,solid performer,adjective_modifies_noun,amod,She is a solid performer but I do not expect her to improve beyond her current skills.
151,Bailey Hunter,Neutral Feedback,Career Growth,expect,i,verb_subject,nsubj,She is a solid performer but I do not expect her to improve beyond her current skills.
151,Bailey Hunter,Neutral Feedback,Career Growth,improve,current skills,verb_preposition_beyond,prep->pobj,She is a solid performer but I do not expect her to improve beyond her current skills.
151,Bailey Hunter,Neutral Feedback,Career Growth,improve,her,verb_subject,nsubj,She is a solid performer but I do not expect her to improve beyond her current skills.
151,Bailey Hunter,Neutral Feedback,Career Growth,current,current skills,adjective_modifies_noun,amod,She is a solid performer but I do not expect her to improve beyond her current skills.
139,April Craft,Neutral Feedback,Career Growth,turn,work,verb_preposition_in,prep->pobj,This worker turns in work that is generally ok.
139,April Craft,Neutral Feedback,Career Growth,turn,worker,verb_subject,nsubj,This worker turns in work that is generally ok.
139,April Craft,Neutral Feedback,Career Growth,have,mistakes,verb_object,dobj,"It never has mistakes, but its never the best they can do."
139,April Craft,Neutral Feedback,Career Growth,have,it,verb_subject,nsubj,"It never has mistakes, but its never the best they can do."
139,April Craft,Neutral Feedback,Career Growth,do,they,verb_subject,nsubj,"It never has mistakes, but its never the best they can do."
139,April Craft,Neutral Feedback,Career Growth,see,i,verb_subject,nsubj,I dont see that this worker wants to succeed and seems to have little motivation to do better than what they are currently doing.
139,April Craft,Neutral Feedback,Career Growth,want,worker,verb_subject,nsubj,I dont see that this worker wants to succeed and seems to have little motivation to do better than what they are currently doing.
139,April Craft,Neutral Feedback,Career Growth,have,little motivation,verb_object,dobj,I dont see that this worker wants to succeed and seems to have little motivation to do better than what they are currently doing.
139,April Craft,Neutral Feedback,Career Growth,little,little motivation,adjective_modifies_noun,amod,I dont see that this worker wants to succeed and seems to have little motivation to do better than what they are currently doing.
139,April Craft,Neutral Feedback,Career Growth,do,what,verb_object,dobj,I dont see that this worker wants to succeed and seems to have little motivation to do better than what they are currently doing.
139,April Craft,Neutral Feedback,Career Growth,do,they,verb_subject,nsubj,I dont see that this worker wants to succeed and seems to have little motivation to do better than what they are currently doing.
139,April Craft,Neutral Feedback,Career Growth,be,many actions,verb_object,attr,There isnt many actions that this person has shown in the workplace that shows that they may be a great influence to this company in the future.
139,April Craft,Neutral Feedback,Career Growth,many,many actions,adjective_modifies_noun,amod,There isnt many actions that this person has shown in the workplace that shows that they may be a great influence to this company in the future.
139,April Craft,Neutral Feedback,Career Growth,show,workplace,verb_preposition_in,prep->pobj,There isnt many actions that this person has shown in the workplace that shows that they may be a great influence to this company in the future.
139,April Craft,Neutral Feedback,Career Growth,show,person,verb_subject,nsubj,There isnt many actions that this person has shown in the workplace that shows that they may be a great influence to this company in the future.
139,April Craft,Neutral Feedback,Career Growth,show,that,verb_subject,nsubj,There isnt many actions that this person has shown in the workplace that shows that they may be a great influence to this company in the future.
139,April Craft,Neutral Feedback,Career Growth,great,great influence,adjective_modifies_noun,amod,There isnt many actions that this person has shown in the workplace that shows that they may be a great influence to this company in the future.
138,April Craft,Neutral Feedback,Career Growth,typical,typical employee,adjective_modifies_noun,amod,April Craft is your typical employee.
138,April Craft,Neutral Feedback,Career Growth,tend,she,verb_subject,nsubj,She tends to do her job and show up on time.
138,April Craft,Neutral Feedback,Career Growth,do,job,verb_object,dobj,She tends to do her job and show up on time.
138,April Craft,Neutral Feedback,Career Growth,show,time,verb_preposition_on,prep->pobj,She tends to do her job and show up on time.
138,April Craft,Neutral Feedback,Career Growth,say,that,verb_subject,nsubj,With that said she doesn't seem particularly interested in the work she is given.
138,April Craft,Neutral Feedback,Career Growth,seem,she,verb_subject,nsubj,With that said she doesn't seem particularly interested in the work she is given.
138,April Craft,Neutral Feedback,Career Growth,give,she,verb_subject,nsubjpass,With that said she doesn't seem particularly interested in the work she is given.
138,April Craft,Neutral Feedback,Career Growth,see,positive growth,verb_object,dobj,Hopefully we see some positive growth in the near future.
138,April Craft,Neutral Feedback,Career Growth,see,we,verb_subject,nsubj,Hopefully we see some positive growth in the near future.
138,April Craft,Neutral Feedback,Career Growth,positive,positive growth,adjective_modifies_noun,amod,Hopefully we see some positive growth in the near future.
138,April Craft,Neutral Feedback,Career Growth,near,near future,adjective_modifies_noun,amod,Hopefully we see some positive growth in the near future.
136,Lance Hatfield,Neutral Feedback,Work Culture,good,good team player,adjective_modifies_noun,amod,Lance Hatfield is a good team player.
136,Lance Hatfield,Neutral Feedback,Work Culture,meet,goals,verb_object,dobj,"He meets the goals set before him, and manages his time well."
136,Lance Hatfield,Neutral Feedback,Work Culture,meet,he,verb_subject,nsubj,"He meets the goals set before him, and manages his time well."
136,Lance Hatfield,Neutral Feedback,Work Culture,set,him,verb_preposition_before,prep->pobj,"He meets the goals set before him, and manages his time well."
136,Lance Hatfield,Neutral Feedback,Work Culture,manage,time,verb_object,dobj,"He meets the goals set before him, and manages his time well."
136,Lance Hatfield,Neutral Feedback,Work Culture,take,new tasks,verb_object,dobj,"He takes on new tasks slowly, but works toward them until he succeeds."
136,Lance Hatfield,Neutral Feedback,Work Culture,take,he,verb_subject,nsubj,"He takes on new tasks slowly, but works toward them until he succeeds."
136,Lance Hatfield,Neutral Feedback,Work Culture,new,new tasks,adjective_modifies_noun,amod,"He takes on new tasks slowly, but works toward them until he succeeds."
136,Lance Hatfield,Neutral Feedback,Work Culture,work,them,verb_preposition_toward,prep->pobj,"He takes on new tasks slowly, but works toward them until he succeeds."
136,Lance Hatfield,Neutral Feedback,Work Culture,succeed,he,verb_subject,nsubj,"He takes on new tasks slowly, but works toward them until he succeeds."
136,Lance Hatfield,Neutral Feedback,Work Culture,seem,he,verb_subject,nsubj,"He seems content in his work space, and is friendly with his team."
134,Lance Hatfield,Neutral Feedback,Career Growth,average,average performer,adjective_modifies_noun,amod,Lance Hatfield has been an average performer this quarter.
134,Lance Hatfield,Neutral Feedback,Career Growth,same,same level,adjective_modifies_noun,amod,"His performance is around the same level as most of his coworkers, but does not stand out in any way."
134,Lance Hatfield,Neutral Feedback,Career Growth,stand,way,verb_preposition_in,prep->pobj,"His performance is around the same level as most of his coworkers, but does not stand out in any way."
134,Lance Hatfield,Neutral Feedback,Career Growth,trust,lance,verb_subject,nsubjpass,"Lance can be trusted to maintain a solid level of success, but has low potential to create more opportunities for the company."
134,Lance Hatfield,Neutral Feedback,Career Growth,maintain,solid level,verb_object,dobj,"Lance can be trusted to maintain a solid level of success, but has low potential to create more opportunities for the company."
134,Lance Hatfield,Neutral Feedback,Career Growth,solid,solid level,adjective_modifies_noun,amod,"Lance can be trusted to maintain a solid level of success, but has low potential to create more opportunities for the company."
134,Lance Hatfield,Neutral Feedback,Career Growth,have,low potential,verb_object,dobj,"Lance can be trusted to maintain a solid level of success, but has low potential to create more opportunities for the company."
134,Lance Hatfield,Neutral Feedback,Career Growth,low,low potential,adjective_modifies_noun,amod,"Lance can be trusted to maintain a solid level of success, but has low potential to create more opportunities for the company."
134,Lance Hatfield,Neutral Feedback,Career Growth,create,more opportunities,verb_object,dobj,"Lance can be trusted to maintain a solid level of success, but has low potential to create more opportunities for the company."
134,Lance Hatfield,Neutral Feedback,Career Growth,more,more opportunities,adjective_modifies_noun,amod,"Lance can be trusted to maintain a solid level of success, but has low potential to create more opportunities for the company."
134,Lance Hatfield,Neutral Feedback,Career Growth,show,ability,verb_object,dobj,He has not shown the ability to grow in his roles and responsibilites.
134,Lance Hatfield,Neutral Feedback,Career Growth,show,he,verb_subject,nsubj,He has not shown the ability to grow in his roles and responsibilites.
134,Lance Hatfield,Neutral Feedback,Career Growth,grow,roles,verb_preposition_in,prep->pobj,He has not shown the ability to grow in his roles and responsibilites.
132,Esmeralda Langley,Neutral Feedback,Career Growth,wonderful,wonderful person,adjective_modifies_noun,amod,Esmeralda is a wonderful person but as far as her work performance goes she struggles to understand simple concepts for the job.
132,Esmeralda Langley,Neutral Feedback,Career Growth,go,work performance,verb_subject,nsubj,Esmeralda is a wonderful person but as far as her work performance goes she struggles to understand simple concepts for the job.
132,Esmeralda Langley,Neutral Feedback,Career Growth,struggle,she,verb_subject,nsubj,Esmeralda is a wonderful person but as far as her work performance goes she struggles to understand simple concepts for the job.
132,Esmeralda Langley,Neutral Feedback,Career Growth,understand,simple concepts,verb_object,dobj,Esmeralda is a wonderful person but as far as her work performance goes she struggles to understand simple concepts for the job.
132,Esmeralda Langley,Neutral Feedback,Career Growth,simple,simple concepts,adjective_modifies_noun,amod,Esmeralda is a wonderful person but as far as her work performance goes she struggles to understand simple concepts for the job.
132,Esmeralda Langley,Neutral Feedback,Career Growth,see,i,verb_subject,nsubj,I dont see her being able to move up any further.
132,Esmeralda Langley,Neutral Feedback,Career Growth,extra,extra training,adjective_modifies_noun,amod,Maybe some extra training might help but I wouldnt expect it would do much good
132,Esmeralda Langley,Neutral Feedback,Career Growth,help,extra training,verb_subject,nsubj,Maybe some extra training might help but I wouldnt expect it would do much good
132,Esmeralda Langley,Neutral Feedback,Career Growth,expect,i,verb_subject,nsubj,Maybe some extra training might help but I wouldnt expect it would do much good
132,Esmeralda Langley,Neutral Feedback,Career Growth,do,it,verb_subject,nsubj,Maybe some extra training might help but I wouldnt expect it would do much good
132,Esmeralda Langley,Neutral Feedback,Career Growth,s,professional opinion,verb_object,attr,but thats just my professional opinion.
132,Esmeralda Langley,Neutral Feedback,Career Growth,s,that,verb_subject,nsubj,but thats just my professional opinion.
132,Esmeralda Langley,Neutral Feedback,Career Growth,just,professional opinion,adjective_modifies_noun,advmod,but thats just my professional opinion.
132,Esmeralda Langley,Neutral Feedback,Career Growth,professional,professional opinion,adjective_modifies_noun,amod,but thats just my professional opinion.
140,April Craft,Neutral Feedback,Work Culture,disappoint,april,verb_subject,nsubj,April did not disappoint when she came to our team.
140,April Craft,Neutral Feedback,Work Culture,come,team,verb_preposition_to,prep->pobj,April did not disappoint when she came to our team.
140,April Craft,Neutral Feedback,Work Culture,come,she,verb_subject,nsubj,April did not disappoint when she came to our team.
140,April Craft,Neutral Feedback,Work Culture,perform,she,verb_subject,nsubj,She performed well and the team loved her.
140,April Craft,Neutral Feedback,Work Culture,love,her,verb_object,dobj,She performed well and the team loved her.
140,April Craft,Neutral Feedback,Work Culture,love,team,verb_subject,nsubj,She performed well and the team loved her.
140,April Craft,Neutral Feedback,Work Culture,see,much room,verb_object,dobj,I dont see much room for growth.
140,April Craft,Neutral Feedback,Work Culture,see,i,verb_subject,nsubj,I dont see much room for growth.
140,April Craft,Neutral Feedback,Work Culture,much,much room,adjective_modifies_noun,amod,I dont see much room for growth.
140,April Craft,Neutral Feedback,Work Culture,rehire,i,verb_subject,nsubj,"Lastly, i would not rehire"
255,Matthew Reid,Positive Feedback,Work Culture,last,last years,adjective_modifies_noun,amod,Mr. Reid has been with the company for the last two years.
255,Matthew Reid,Positive Feedback,Work Culture,put,full effort,verb_object,dobj,His work is consistent and he puts his full effort into his work.
255,Matthew Reid,Positive Feedback,Work Culture,put,work,verb_preposition_into,prep->pobj,His work is consistent and he puts his full effort into his work.
255,Matthew Reid,Positive Feedback,Work Culture,put,he,verb_subject,nsubj,His work is consistent and he puts his full effort into his work.
255,Matthew Reid,Positive Feedback,Work Culture,full,full effort,adjective_modifies_noun,amod,His work is consistent and he puts his full effort into his work.
255,Matthew Reid,Positive Feedback,Work Culture,follow,instructions,verb_object,dobj,"He follows instructions well, but his abilities seem limited to his current experience level."
255,Matthew Reid,Positive Feedback,Work Culture,follow,he,verb_subject,nsubj,"He follows instructions well, but his abilities seem limited to his current experience level."
255,Matthew Reid,Positive Feedback,Work Culture,seem,abilities,verb_subject,nsubj,"He follows instructions well, but his abilities seem limited to his current experience level."
255,Matthew Reid,Positive Feedback,Work Culture,current,current experience level,adjective_modifies_noun,amod,"He follows instructions well, but his abilities seem limited to his current experience level."
255,Matthew Reid,Positive Feedback,Work Culture,other,other workers,adjective_modifies_noun,amod,Other workers hired at the same time have shown more growth within the field.
255,Matthew Reid,Positive Feedback,Work Culture,hire,same time,verb_preposition_at,prep->pobj,Other workers hired at the same time have shown more growth within the field.
255,Matthew Reid,Positive Feedback,Work Culture,same,same time,adjective_modifies_noun,amod,Other workers hired at the same time have shown more growth within the field.
255,Matthew Reid,Positive Feedback,Work Culture,show,more growth,verb_object,dobj,Other workers hired at the same time have shown more growth within the field.
255,Matthew Reid,Positive Feedback,Work Culture,show,field,verb_preposition_within,prep->pobj,Other workers hired at the same time have shown more growth within the field.
255,Matthew Reid,Positive Feedback,Work Culture,show,other workers,verb_subject,nsubj,Other workers hired at the same time have shown more growth within the field.
255,Matthew Reid,Positive Feedback,Work Culture,more,more growth,adjective_modifies_noun,amod,Other workers hired at the same time have shown more growth within the field.
256,Matthew Reid,Positive Feedback,Career Growth,have,potential,verb_object,dobj,"While Matthew Reid does not have the potential to learn extra skills due to his learning disability, he is still able to perform exceptionally well with the skills he does have."
256,Matthew Reid,Positive Feedback,Career Growth,have,matthew reid,verb_subject,nsubj,"While Matthew Reid does not have the potential to learn extra skills due to his learning disability, he is still able to perform exceptionally well with the skills he does have."
256,Matthew Reid,Positive Feedback,Career Growth,learn,extra skills,verb_object,dobj,"While Matthew Reid does not have the potential to learn extra skills due to his learning disability, he is still able to perform exceptionally well with the skills he does have."
256,Matthew Reid,Positive Feedback,Career Growth,extra,extra skills,adjective_modifies_noun,amod,"While Matthew Reid does not have the potential to learn extra skills due to his learning disability, he is still able to perform exceptionally well with the skills he does have."
256,Matthew Reid,Positive Feedback,Career Growth,perform,skills,verb_preposition_with,prep->pobj,"While Matthew Reid does not have the potential to learn extra skills due to his learning disability, he is still able to perform exceptionally well with the skills he does have."
256,Matthew Reid,Positive Feedback,Career Growth,have,he,verb_subject,nsubj,"While Matthew Reid does not have the potential to learn extra skills due to his learning disability, he is still able to perform exceptionally well with the skills he does have."
256,Matthew Reid,Positive Feedback,Career Growth,gain,much confidence,verb_object,dobj,I have gained much confidence in Reid's ability to outwork and outlast his coworkers who have a lot more potential.
256,Matthew Reid,Positive Feedback,Career Growth,gain,i,verb_subject,nsubj,I have gained much confidence in Reid's ability to outwork and outlast his coworkers who have a lot more potential.
256,Matthew Reid,Positive Feedback,Career Growth,much,much confidence,adjective_modifies_noun,amod,I have gained much confidence in Reid's ability to outwork and outlast his coworkers who have a lot more potential.
256,Matthew Reid,Positive Feedback,Career Growth,outlast,coworkers,verb_object,dobj,I have gained much confidence in Reid's ability to outwork and outlast his coworkers who have a lot more potential.
256,Matthew Reid,Positive Feedback,Career Growth,have,more potential,verb_object,dobj,I have gained much confidence in Reid's ability to outwork and outlast his coworkers who have a lot more potential.
256,Matthew Reid,Positive Feedback,Career Growth,have,who,verb_subject,nsubj,I have gained much confidence in Reid's ability to outwork and outlast his coworkers who have a lot more potential.
256,Matthew Reid,Positive Feedback,Career Growth,more,more potential,adjective_modifies_noun,amod,I have gained much confidence in Reid's ability to outwork and outlast his coworkers who have a lot more potential.
256,Matthew Reid,Positive Feedback,Career Growth,give,projects,verb_object,dobj,"I have even given him projects that high potential workers would receive, simply because I know he can do the work faster and more accurate."
256,Matthew Reid,Positive Feedback,Career Growth,give,i,verb_subject,nsubj,"I have even given him projects that high potential workers would receive, simply because I know he can do the work faster and more accurate."
256,Matthew Reid,Positive Feedback,Career Growth,high,high potential workers,adjective_modifies_noun,amod,"I have even given him projects that high potential workers would receive, simply because I know he can do the work faster and more accurate."
256,Matthew Reid,Positive Feedback,Career Growth,potential,high potential workers,adjective_modifies_noun,amod,"I have even given him projects that high potential workers would receive, simply because I know he can do the work faster and more accurate."
256,Matthew Reid,Positive Feedback,Career Growth,receive,high potential workers,verb_subject,nsubj,"I have even given him projects that high potential workers would receive, simply because I know he can do the work faster and more accurate."
256,Matthew Reid,Positive Feedback,Career Growth,know,i,verb_subject,nsubj,"I have even given him projects that high potential workers would receive, simply because I know he can do the work faster and more accurate."
256,Matthew Reid,Positive Feedback,Career Growth,do,work,verb_object,dobj,"I have even given him projects that high potential workers would receive, simply because I know he can do the work faster and more accurate."
256,Matthew Reid,Positive Feedback,Career Growth,do,he,verb_subject,nsubj,"I have even given him projects that high potential workers would receive, simply because I know he can do the work faster and more accurate."
256,Matthew Reid,Positive Feedback,Career Growth,count,reid,verb_preposition_on,prep->pobj,I can always count on Reid to get a major job done successfully.
256,Matthew Reid,Positive Feedback,Career Growth,count,i,verb_subject,nsubj,I can always count on Reid to get a major job done successfully.
256,Matthew Reid,Positive Feedback,Career Growth,get,major job,verb_object,dobj,I can always count on Reid to get a major job done successfully.
256,Matthew Reid,Positive Feedback,Career Growth,major,major job,adjective_modifies_noun,amod,I can always count on Reid to get a major job done successfully.
260,Conner Mcintyre,Positive Feedback,Career Growth,good,good performer,adjective_modifies_noun,amod,Conner Mcintyre is good performer.
260,Conner Mcintyre,Positive Feedback,Career Growth,have,lots,verb_object,dobj,He has lots of talent.
260,Conner Mcintyre,Positive Feedback,Career Growth,have,he,verb_subject,nsubj,He has lots of talent.
260,Conner Mcintyre,Positive Feedback,Career Growth,put,job,verb_preposition_in,prep->pobj,if he put more potential in his job he will reach the good position in his career.
260,Conner Mcintyre,Positive Feedback,Career Growth,put,he,verb_subject,nsubj,if he put more potential in his job he will reach the good position in his career.
260,Conner Mcintyre,Positive Feedback,Career Growth,reach,good position,verb_object,dobj,if he put more potential in his job he will reach the good position in his career.
260,Conner Mcintyre,Positive Feedback,Career Growth,reach,he,verb_subject,nsubj,if he put more potential in his job he will reach the good position in his career.
260,Conner Mcintyre,Positive Feedback,Career Growth,good,good position,adjective_modifies_noun,amod,if he put more potential in his job he will reach the good position in his career.
260,Conner Mcintyre,Positive Feedback,Career Growth,improve,potential level,verb_object,dobj,He has improve his potential level.
260,Conner Mcintyre,Positive Feedback,Career Growth,improve,he,verb_subject,nsubj,He has improve his potential level.
260,Conner Mcintyre,Positive Feedback,Career Growth,potential,potential level,adjective_modifies_noun,amod,He has improve his potential level.
258,Conner Mcintyre,Positive Feedback,Career Growth,come,it,verb_subject,nsubj,Conner is such a whiz when it comes to learning new software programs.
258,Conner Mcintyre,Positive Feedback,Career Growth,learn,new software programs,verb_object,dobj,Conner is such a whiz when it comes to learning new software programs.
258,Conner Mcintyre,Positive Feedback,Career Growth,new,new software programs,adjective_modifies_noun,amod,Conner is such a whiz when it comes to learning new software programs.
258,Conner Mcintyre,Positive Feedback,Career Growth,come,i,verb_subject,nsubj,I've consistently come to rely on him to train younger colleagues on every update.
258,Conner Mcintyre,Positive Feedback,Career Growth,rely,him,verb_preposition_on,prep->pobj,I've consistently come to rely on him to train younger colleagues on every update.
258,Conner Mcintyre,Positive Feedback,Career Growth,train,younger colleagues,verb_object,dobj,I've consistently come to rely on him to train younger colleagues on every update.
258,Conner Mcintyre,Positive Feedback,Career Growth,young,younger colleagues,adjective_modifies_noun,amod,I've consistently come to rely on him to train younger colleagues on every update.
258,Conner Mcintyre,Positive Feedback,Career Growth,halt,communication skills,verb_subject,nsubjpass,"Unfortunately, his communication skills can be halting and limited."
258,Conner Mcintyre,Positive Feedback,Career Growth,send,kind,verb_object,dobj,"Moreover, his grammar and spelling are so poor that I'd be nervous having him send any kind of reports to clients."
258,Conner Mcintyre,Positive Feedback,Career Growth,send,him,verb_subject,nsubj,"Moreover, his grammar and spelling are so poor that I'd be nervous having him send any kind of reports to clients."
258,Conner Mcintyre,Positive Feedback,Career Growth,see,much room,verb_object,dobj,"Thus, though Conner is a delight to have on our team I don't see much room for promotion for him."
258,Conner Mcintyre,Positive Feedback,Career Growth,see,i,verb_subject,nsubj,"Thus, though Conner is a delight to have on our team I don't see much room for promotion for him."
258,Conner Mcintyre,Positive Feedback,Career Growth,much,much room,adjective_modifies_noun,amod,"Thus, though Conner is a delight to have on our team I don't see much room for promotion for him."
253,Matthew Reid,Positive Feedback,Work Culture,great,great addition,adjective_modifies_noun,amod,"My friend and colleague, Matthew Reid, is a great addition to any team."
253,Matthew Reid,Positive Feedback,Work Culture,great,great work,adjective_modifies_noun,amod,"However, with such a great work ethic that he fails to apply fully to reaching a higher position in this company, I believe he has his eyes on other ventures."
253,Matthew Reid,Positive Feedback,Work Culture,ethic,great work,adjective_modifies_noun,amod,"However, with such a great work ethic that he fails to apply fully to reaching a higher position in this company, I believe he has his eyes on other ventures."
253,Matthew Reid,Positive Feedback,Work Culture,fail,he,verb_subject,nsubj,"However, with such a great work ethic that he fails to apply fully to reaching a higher position in this company, I believe he has his eyes on other ventures."
253,Matthew Reid,Positive Feedback,Work Culture,reach,higher position,verb_object,dobj,"However, with such a great work ethic that he fails to apply fully to reaching a higher position in this company, I believe he has his eyes on other ventures."
253,Matthew Reid,Positive Feedback,Work Culture,high,higher position,adjective_modifies_noun,amod,"However, with such a great work ethic that he fails to apply fully to reaching a higher position in this company, I believe he has his eyes on other ventures."
253,Matthew Reid,Positive Feedback,Work Culture,believe,great work,verb_preposition_with,prep->pobj,"However, with such a great work ethic that he fails to apply fully to reaching a higher position in this company, I believe he has his eyes on other ventures."
253,Matthew Reid,Positive Feedback,Work Culture,believe,i,verb_subject,nsubj,"However, with such a great work ethic that he fails to apply fully to reaching a higher position in this company, I believe he has his eyes on other ventures."
253,Matthew Reid,Positive Feedback,Work Culture,have,eyes,verb_object,dobj,"However, with such a great work ethic that he fails to apply fully to reaching a higher position in this company, I believe he has his eyes on other ventures."
253,Matthew Reid,Positive Feedback,Work Culture,have,other ventures,verb_preposition_on,prep->pobj,"However, with such a great work ethic that he fails to apply fully to reaching a higher position in this company, I believe he has his eyes on other ventures."
253,Matthew Reid,Positive Feedback,Work Culture,have,he,verb_subject,nsubj,"However, with such a great work ethic that he fails to apply fully to reaching a higher position in this company, I believe he has his eyes on other ventures."
253,Matthew Reid,Positive Feedback,Work Culture,other,other ventures,adjective_modifies_noun,amod,"However, with such a great work ethic that he fails to apply fully to reaching a higher position in this company, I believe he has his eyes on other ventures."
253,Matthew Reid,Positive Feedback,Work Culture,love,i,verb_subject,nsubj,"I would love to recruit and keep Matthew in our company, but I can't trust that we won't pour resources into his success only for him to leave for a bigger company."
253,Matthew Reid,Positive Feedback,Work Culture,keep,matthew,verb_object,dobj,"I would love to recruit and keep Matthew in our company, but I can't trust that we won't pour resources into his success only for him to leave for a bigger company."
253,Matthew Reid,Positive Feedback,Work Culture,keep,company,verb_preposition_in,prep->pobj,"I would love to recruit and keep Matthew in our company, but I can't trust that we won't pour resources into his success only for him to leave for a bigger company."
253,Matthew Reid,Positive Feedback,Work Culture,trust,i,verb_subject,nsubj,"I would love to recruit and keep Matthew in our company, but I can't trust that we won't pour resources into his success only for him to leave for a bigger company."
253,Matthew Reid,Positive Feedback,Work Culture,pour,resources,verb_object,dobj,"I would love to recruit and keep Matthew in our company, but I can't trust that we won't pour resources into his success only for him to leave for a bigger company."
253,Matthew Reid,Positive Feedback,Work Culture,pour,success,verb_preposition_into,prep->pobj,"I would love to recruit and keep Matthew in our company, but I can't trust that we won't pour resources into his success only for him to leave for a bigger company."
253,Matthew Reid,Positive Feedback,Work Culture,pour,we,verb_subject,nsubj,"I would love to recruit and keep Matthew in our company, but I can't trust that we won't pour resources into his success only for him to leave for a bigger company."
253,Matthew Reid,Positive Feedback,Work Culture,leave,bigger company,verb_preposition_for,prep->pobj,"I would love to recruit and keep Matthew in our company, but I can't trust that we won't pour resources into his success only for him to leave for a bigger company."
253,Matthew Reid,Positive Feedback,Work Culture,leave,him,verb_subject,nsubj,"I would love to recruit and keep Matthew in our company, but I can't trust that we won't pour resources into his success only for him to leave for a bigger company."
253,Matthew Reid,Positive Feedback,Work Culture,big,bigger company,adjective_modifies_noun,amod,"I would love to recruit and keep Matthew in our company, but I can't trust that we won't pour resources into his success only for him to leave for a bigger company."
261,Conner Mcintyre,Positive Feedback,Career Growth,solid,solid high performer,adjective_modifies_noun,amod,The conner mcintyre is a solid high performer.
261,Conner Mcintyre,Positive Feedback,Career Growth,high,solid high performer,adjective_modifies_noun,amod,The conner mcintyre is a solid high performer.
261,Conner Mcintyre,Positive Feedback,Career Growth,have,high performance,verb_object,dobj,It has a high performance and it is great that it has it.
261,Conner Mcintyre,Positive Feedback,Career Growth,have,it,verb_subject,nsubj,It has a high performance and it is great that it has it.
261,Conner Mcintyre,Positive Feedback,Career Growth,high,high performance,adjective_modifies_noun,amod,It has a high performance and it is great that it has it.
261,Conner Mcintyre,Positive Feedback,Career Growth,have,it,verb_object,dobj,It has a high performance and it is great that it has it.
261,Conner Mcintyre,Positive Feedback,Career Growth,have,high performance,verb_object,dobj,Although the conner mcintyre has a high performance it potential is somewhat low.
261,Conner Mcintyre,Positive Feedback,Career Growth,have,conner mcintyre,verb_subject,nsubj,Although the conner mcintyre has a high performance it potential is somewhat low.
261,Conner Mcintyre,Positive Feedback,Career Growth,high,high performance,adjective_modifies_noun,amod,Although the conner mcintyre has a high performance it potential is somewhat low.
261,Conner Mcintyre,Positive Feedback,Career Growth,potential,it,copular_description,nsubj,Although the conner mcintyre has a high performance it potential is somewhat low.
257,Matthew Reid,Positive Feedback,Work Culture,prove,matthew,verb_subject,nsubj,Matthew has proven to be exceptional at his duties.
257,Matthew Reid,Positive Feedback,Work Culture,consistent,consistent performer day,adjective_modifies_noun,amod,He is a consistent top performer day in and day out.
257,Matthew Reid,Positive Feedback,Work Culture,top,top performer,adjective_modifies_noun,amod,He is a consistent top performer day in and day out.
257,Matthew Reid,Positive Feedback,Work Culture,in,consistent performer day,adjective_modifies_noun,advmod,He is a consistent top performer day in and day out.
257,Matthew Reid,Positive Feedback,Work Culture,say,that,verb_subject,nsubj,"That said, he has not shown much desire to venture outside of his job description."
257,Matthew Reid,Positive Feedback,Work Culture,show,much desire,verb_object,dobj,"That said, he has not shown much desire to venture outside of his job description."
257,Matthew Reid,Positive Feedback,Work Culture,show,he,verb_subject,nsubj,"That said, he has not shown much desire to venture outside of his job description."
257,Matthew Reid,Positive Feedback,Work Culture,much,much desire,adjective_modifies_noun,amod,"That said, he has not shown much desire to venture outside of his job description."
257,Matthew Reid,Positive Feedback,Work Culture,strong,strong worker,adjective_modifies_noun,amod,"While he is a strong worker, he doesn't seem very interested in growing at all."
257,Matthew Reid,Positive Feedback,Work Culture,seem,he,verb_subject,nsubj,"While he is a strong worker, he doesn't seem very interested in growing at all."
252,Freya Price,Positive Feedback,Work Culture,come,it,verb_subject,nsubj,Freya is great when it comes to working hard in her current role.
252,Freya Price,Positive Feedback,Work Culture,work,current role,verb_preposition_in,prep->pobj,Freya is great when it comes to working hard in her current role.
252,Freya Price,Positive Feedback,Work Culture,current,current role,adjective_modifies_noun,amod,Freya is great when it comes to working hard in her current role.
252,Freya Price,Positive Feedback,Work Culture,teach,new tasks,verb_object,dobj,"However, it's very difficult teaching her new tasks or relying on her to work 100% independently."
252,Freya Price,Positive Feedback,Work Culture,new,new tasks,adjective_modifies_noun,amod,"However, it's very difficult teaching her new tasks or relying on her to work 100% independently."
252,Freya Price,Positive Feedback,Work Culture,rely,her,verb_preposition_on,prep->pobj,"However, it's very difficult teaching her new tasks or relying on her to work 100% independently."
252,Freya Price,Positive Feedback,Work Culture,see,much indication,verb_object,dobj,"As a result, I can't see much indication that Freya would be able to handle the pressures and responsibilities of any jobs further up the ladder."
252,Freya Price,Positive Feedback,Work Culture,see,result,verb_preposition_as,prep->pobj,"As a result, I can't see much indication that Freya would be able to handle the pressures and responsibilities of any jobs further up the ladder."
252,Freya Price,Positive Feedback,Work Culture,see,i,verb_subject,nsubj,"As a result, I can't see much indication that Freya would be able to handle the pressures and responsibilities of any jobs further up the ladder."
252,Freya Price,Positive Feedback,Work Culture,much,much indication,adjective_modifies_noun,amod,"As a result, I can't see much indication that Freya would be able to handle the pressures and responsibilities of any jobs further up the ladder."
252,Freya Price,Positive Feedback,Work Culture,handle,pressures,verb_object,dobj,"As a result, I can't see much indication that Freya would be able to handle the pressures and responsibilities of any jobs further up the ladder."
252,Freya Price,Positive Feedback,Work Culture,handle,ladder,verb_preposition_up,prep->pobj,"As a result, I can't see much indication that Freya would be able to handle the pressures and responsibilities of any jobs further up the ladder."
252,Freya Price,Positive Feedback,Work Culture,do,what,verb_object,dobj,"But for what she is doing now, she is doing great and works very hard."
252,Freya Price,Positive Feedback,Work Culture,do,she,verb_subject,nsubj,"But for what she is doing now, she is doing great and works very hard."
246,Edward Bates,Positive Feedback,Work Culture,call,him,verb_object,dobj,Even when clients call him with last minute requests at midnight he's still willing to pull an all-nighter to respond to the issue.
246,Edward Bates,Positive Feedback,Work Culture,call,minute requests,verb_preposition_with,prep->pobj,Even when clients call him with last minute requests at midnight he's still willing to pull an all-nighter to respond to the issue.
246,Edward Bates,Positive Feedback,Work Culture,call,clients,verb_subject,nsubj,Even when clients call him with last minute requests at midnight he's still willing to pull an all-nighter to respond to the issue.
246,Edward Bates,Positive Feedback,Work Culture,last,last minute,adjective_modifies_noun,amod,Even when clients call him with last minute requests at midnight he's still willing to pull an all-nighter to respond to the issue.
246,Edward Bates,Positive Feedback,Work Culture,pull,all nighter,verb_object,dobj,Even when clients call him with last minute requests at midnight he's still willing to pull an all-nighter to respond to the issue.
246,Edward Bates,Positive Feedback,Work Culture,respond,issue,verb_preposition_to,prep->pobj,Even when clients call him with last minute requests at midnight he's still willing to pull an all-nighter to respond to the issue.
246,Edward Bates,Positive Feedback,Work Culture,see,i,verb_subject,nsubj,"I'm impressed by his work ethic, which is among the best I've seen bar none."
246,Edward Bates,Positive Feedback,Work Culture,bar,none,verb_object,dobj,"I'm impressed by his work ethic, which is among the best I've seen bar none."
246,Edward Bates,Positive Feedback,Work Culture,see,big picture,verb_object,dobj,"Unfortunately, Edward is so in the weeds with his work that it's hard for him to see the big picture."
246,Edward Bates,Positive Feedback,Work Culture,see,him,verb_subject,nsubj,"Unfortunately, Edward is so in the weeds with his work that it's hard for him to see the big picture."
246,Edward Bates,Positive Feedback,Work Culture,big,big picture,adjective_modifies_noun,amod,"Unfortunately, Edward is so in the weeds with his work that it's hard for him to see the big picture."
246,Edward Bates,Positive Feedback,Work Culture,promote,director level,verb_preposition_to,prep->pobj,"This capability is necessary for him to be promoted to the director level, so I do not see him advancing far from here."
246,Edward Bates,Positive Feedback,Work Culture,promote,him,verb_subject,nsubjpass,"This capability is necessary for him to be promoted to the director level, so I do not see him advancing far from here."
246,Edward Bates,Positive Feedback,Work Culture,see,i,verb_subject,nsubj,"This capability is necessary for him to be promoted to the director level, so I do not see him advancing far from here."
246,Edward Bates,Positive Feedback,Work Culture,advance,him,verb_subject,nsubj,"This capability is necessary for him to be promoted to the director level, so I do not see him advancing far from here."
249,Freya Price,Positive Feedback,Work Culture,exceed,expectations,verb_object,dobj,Freya Price exceeded expectations on all her deliverables in this period.
249,Freya Price,Positive Feedback,Work Culture,exceed,period,verb_preposition_in,prep->pobj,Freya Price exceeded expectations on all her deliverables in this period.
249,Freya Price,Positive Feedback,Work Culture,exceed,freya price,verb_subject,nsubj,Freya Price exceeded expectations on all her deliverables in this period.
249,Freya Price,Positive Feedback,Work Culture,display,hard work,verb_object,dobj,She displayed hard work to make this happen.
249,Freya Price,Positive Feedback,Work Culture,display,she,verb_subject,nsubj,She displayed hard work to make this happen.
249,Freya Price,Positive Feedback,Work Culture,hard,hard work,adjective_modifies_noun,amod,She displayed hard work to make this happen.
249,Freya Price,Positive Feedback,Work Culture,happen,this,verb_subject,nsubj,She displayed hard work to make this happen.
249,Freya Price,Positive Feedback,Work Culture,deliver,she,verb_subject,nsubj,"Though she delivered exceptionally, this was due to her hard work but not the team collaboration."
249,Freya Price,Positive Feedback,Work Culture,hard,hard work,adjective_modifies_noun,amod,"Though she delivered exceptionally, this was due to her hard work but not the team collaboration."
249,Freya Price,Positive Feedback,Work Culture,struggle,she,verb_subject,nsubj,She struggles to pull the team together so the team feels lost.
249,Freya Price,Positive Feedback,Work Culture,pull,team,verb_object,dobj,She struggles to pull the team together so the team feels lost.
249,Freya Price,Positive Feedback,Work Culture,feel,team,verb_subject,nsubj,She struggles to pull the team together so the team feels lost.
249,Freya Price,Positive Feedback,Work Culture,appear,that,verb_preposition_with,prep->pobj,"With that, it appears that she has not demonstrated the capability to move higher in the organization."
249,Freya Price,Positive Feedback,Work Culture,appear,it,verb_subject,nsubj,"With that, it appears that she has not demonstrated the capability to move higher in the organization."
249,Freya Price,Positive Feedback,Work Culture,demonstrate,capability,verb_object,dobj,"With that, it appears that she has not demonstrated the capability to move higher in the organization."
249,Freya Price,Positive Feedback,Work Culture,demonstrate,she,verb_subject,nsubj,"With that, it appears that she has not demonstrated the capability to move higher in the organization."
249,Freya Price,Positive Feedback,Work Culture,move,organization,verb_preposition_in,prep->pobj,"With that, it appears that she has not demonstrated the capability to move higher in the organization."
247,Edward Bates,Positive Feedback,Work Culture,participate,activities,verb_object,dobj,He generally does not participate any company's activities.
247,Edward Bates,Positive Feedback,Work Culture,participate,he,verb_subject,nsubj,He generally does not participate any company's activities.
247,Edward Bates,Positive Feedback,Work Culture,smile,he,verb_subject,nsubj,He does not smile.
247,Edward Bates,Positive Feedback,Work Culture,deliver,work,verb_object,dobj,"However, he has been delivering his work without delay."
247,Edward Bates,Positive Feedback,Work Culture,deliver,delay,verb_preposition_without,prep->pobj,"However, he has been delivering his work without delay."
247,Edward Bates,Positive Feedback,Work Culture,deliver,he,verb_subject,nsubj,"However, he has been delivering his work without delay."
247,Edward Bates,Positive Feedback,Work Culture,show,interest,verb_object,dobj,"He has shown no interest in growing, either in further his knowledge of the business, or building better relationship with colleagues or clients."
247,Edward Bates,Positive Feedback,Work Culture,show,knowledge,verb_preposition_in,prep->pobj,"He has shown no interest in growing, either in further his knowledge of the business, or building better relationship with colleagues or clients."
247,Edward Bates,Positive Feedback,Work Culture,show,he,verb_subject,nsubj,"He has shown no interest in growing, either in further his knowledge of the business, or building better relationship with colleagues or clients."
247,Edward Bates,Positive Feedback,Work Culture,build,better relationship,verb_object,dobj,"He has shown no interest in growing, either in further his knowledge of the business, or building better relationship with colleagues or clients."
247,Edward Bates,Positive Feedback,Work Culture,well,better relationship,adjective_modifies_noun,amod,"He has shown no interest in growing, either in further his knowledge of the business, or building better relationship with colleagues or clients."
245,Edward Bates,Positive Feedback,Work Culture,spend,lot,verb_object,dobj,He spends a lot of time on details often overlooked by other employees and is exceptionally dedicated.
245,Edward Bates,Positive Feedback,Work Culture,spend,details,verb_preposition_on,prep->pobj,He spends a lot of time on details often overlooked by other employees and is exceptionally dedicated.
245,Edward Bates,Positive Feedback,Work Culture,spend,he,verb_subject,nsubj,He spends a lot of time on details often overlooked by other employees and is exceptionally dedicated.
245,Edward Bates,Positive Feedback,Work Culture,other,other employees,adjective_modifies_noun,amod,He spends a lot of time on details often overlooked by other employees and is exceptionally dedicated.
245,Edward Bates,Positive Feedback,Work Culture,other,other hand,adjective_modifies_noun,amod,"On the other hand, I find it difficult to imagine in which ways Edward could continue to grow as an employee."
245,Edward Bates,Positive Feedback,Work Culture,find,other hand,verb_preposition_on,prep->pobj,"On the other hand, I find it difficult to imagine in which ways Edward could continue to grow as an employee."
245,Edward Bates,Positive Feedback,Work Culture,find,i,verb_subject,nsubj,"On the other hand, I find it difficult to imagine in which ways Edward could continue to grow as an employee."
245,Edward Bates,Positive Feedback,Work Culture,difficult,it,copular_description,nsubj,"On the other hand, I find it difficult to imagine in which ways Edward could continue to grow as an employee."
245,Edward Bates,Positive Feedback,Work Culture,continue,edward,verb_subject,nsubj,"On the other hand, I find it difficult to imagine in which ways Edward could continue to grow as an employee."
245,Edward Bates,Positive Feedback,Work Culture,grow,employee,verb_preposition_as,prep->pobj,"On the other hand, I find it difficult to imagine in which ways Edward could continue to grow as an employee."
245,Edward Bates,Positive Feedback,Work Culture,come,new solutions,verb_preposition_with,prep->pobj,"He is not the most creative coming up with new solutions to uncommon problems, and due to that lack of ingenuity, I struggle to ever see him as the star employee."
245,Edward Bates,Positive Feedback,Work Culture,new,new solutions,adjective_modifies_noun,amod,"He is not the most creative coming up with new solutions to uncommon problems, and due to that lack of ingenuity, I struggle to ever see him as the star employee."
245,Edward Bates,Positive Feedback,Work Culture,uncommon,uncommon problems,adjective_modifies_noun,amod,"He is not the most creative coming up with new solutions to uncommon problems, and due to that lack of ingenuity, I struggle to ever see him as the star employee."
245,Edward Bates,Positive Feedback,Work Culture,struggle,lack,verb_preposition_due,prep->pobj,"He is not the most creative coming up with new solutions to uncommon problems, and due to that lack of ingenuity, I struggle to ever see him as the star employee."
245,Edward Bates,Positive Feedback,Work Culture,struggle,i,verb_subject,nsubj,"He is not the most creative coming up with new solutions to uncommon problems, and due to that lack of ingenuity, I struggle to ever see him as the star employee."
245,Edward Bates,Positive Feedback,Work Culture,see,him,verb_object,dobj,"He is not the most creative coming up with new solutions to uncommon problems, and due to that lack of ingenuity, I struggle to ever see him as the star employee."
245,Edward Bates,Positive Feedback,Work Culture,see,star employee,verb_preposition_as,prep->pobj,"He is not the most creative coming up with new solutions to uncommon problems, and due to that lack of ingenuity, I struggle to ever see him as the star employee."
245,Edward Bates,Positive Feedback,Work Culture,solid,solid reliable addition,adjective_modifies_noun,amod,"Still, he is a solid reliable addition to any team."
245,Edward Bates,Positive Feedback,Work Culture,reliable,solid reliable addition,adjective_modifies_noun,amod,"Still, he is a solid reliable addition to any team."
244,Edward Bates,Positive Feedback,Career Growth,describe,achievements,verb_object,dobj,Surreal is how I describe the achievements of Edward Bates this quarter.
244,Edward Bates,Positive Feedback,Career Growth,describe,i,verb_subject,nsubj,Surreal is how I describe the achievements of Edward Bates this quarter.
244,Edward Bates,Positive Feedback,Career Growth,sit,first chair,verb_object,dobj,"He sat first chair on two important trials, leading to successful jury verdicts in both matters."
244,Edward Bates,Positive Feedback,Career Growth,sit,important trials,verb_preposition_on,prep->pobj,"He sat first chair on two important trials, leading to successful jury verdicts in both matters."
244,Edward Bates,Positive Feedback,Career Growth,sit,he,verb_subject,nsubj,"He sat first chair on two important trials, leading to successful jury verdicts in both matters."
244,Edward Bates,Positive Feedback,Career Growth,first,first chair,adjective_modifies_noun,amod,"He sat first chair on two important trials, leading to successful jury verdicts in both matters."
244,Edward Bates,Positive Feedback,Career Growth,important,important trials,adjective_modifies_noun,amod,"He sat first chair on two important trials, leading to successful jury verdicts in both matters."
244,Edward Bates,Positive Feedback,Career Growth,lead,successful jury verdicts,verb_preposition_to,prep->pobj,"He sat first chair on two important trials, leading to successful jury verdicts in both matters."
244,Edward Bates,Positive Feedback,Career Growth,successful,successful jury verdicts,adjective_modifies_noun,amod,"He sat first chair on two important trials, leading to successful jury verdicts in both matters."
244,Edward Bates,Positive Feedback,Career Growth,see,future,verb_object,dobj,"It is apparent to many of us in the firm, however, that Edward sees his future in politics and not as a shareholder of the firm."
244,Edward Bates,Positive Feedback,Career Growth,see,politics,verb_preposition_in,prep->pobj,"It is apparent to many of us in the firm, however, that Edward sees his future in politics and not as a shareholder of the firm."
244,Edward Bates,Positive Feedback,Career Growth,see,edward,verb_subject,nsubj,"It is apparent to many of us in the firm, however, that Edward sees his future in politics and not as a shareholder of the firm."
244,Edward Bates,Positive Feedback,Career Growth,future,future candidate,adjective_modifies_noun,amod,He is active in Camden County politics and is rumored to be a future candidate for State Senate in the 6th legislative district.
244,Edward Bates,Positive Feedback,Career Growth,6th,6th legislative district,adjective_modifies_noun,amod,He is active in Camden County politics and is rumored to be a future candidate for State Senate in the 6th legislative district.
244,Edward Bates,Positive Feedback,Career Growth,legislative,6th legislative district,adjective_modifies_noun,amod,He is active in Camden County politics and is rumored to be a future candidate for State Senate in the 6th legislative district.
243,Edward Bates,Positive Feedback,Work Culture,do,great job,verb_object,dobj,Edward is doing such a great job with his work.
243,Edward Bates,Positive Feedback,Work Culture,do,work,verb_preposition_with,prep->pobj,Edward is doing such a great job with his work.
243,Edward Bates,Positive Feedback,Work Culture,do,edward,verb_subject,nsubj,Edward is doing such a great job with his work.
243,Edward Bates,Positive Feedback,Work Culture,great,great job,adjective_modifies_noun,amod,Edward is doing such a great job with his work.
243,Edward Bates,Positive Feedback,Work Culture,top,top performers,adjective_modifies_noun,amod,Every day he is consistent at or near the top performers.
243,Edward Bates,Positive Feedback,Work Culture,refine,ability,verb_object,dobj,He has really refined his ability to do what is expected of him.
243,Edward Bates,Positive Feedback,Work Culture,refine,he,verb_subject,nsubj,He has really refined his ability to do what is expected of him.
243,Edward Bates,Positive Feedback,Work Culture,expect,him,verb_preposition_of,prep->pobj,He has really refined his ability to do what is expected of him.
243,Edward Bates,Positive Feedback,Work Culture,expect,what,verb_subject,nsubjpass,He has really refined his ability to do what is expected of him.
243,Edward Bates,Positive Feedback,Work Culture,seem,it,verb_subject,nsubj,"However, it seems he doesn't have much interest in straying from the scope of his duties."
243,Edward Bates,Positive Feedback,Work Culture,have,much interest,verb_object,dobj,"However, it seems he doesn't have much interest in straying from the scope of his duties."
243,Edward Bates,Positive Feedback,Work Culture,have,he,verb_subject,nsubj,"However, it seems he doesn't have much interest in straying from the scope of his duties."
243,Edward Bates,Positive Feedback,Work Culture,much,much interest,adjective_modifies_noun,amod,"However, it seems he doesn't have much interest in straying from the scope of his duties."
243,Edward Bates,Positive Feedback,Work Culture,stray,scope,verb_preposition_from,prep->pobj,"However, it seems he doesn't have much interest in straying from the scope of his duties."
242,Eloise Foster,Positive Feedback,Work Culture,do,project,verb_preposition_on,prep->pobj,Ms. Foster has done remarkably well on this project.
242,Eloise Foster,Positive Feedback,Work Culture,do,ms. foster,verb_subject,nsubj,Ms. Foster has done remarkably well on this project.
242,Eloise Foster,Positive Feedback,Work Culture,go,she,verb_subject,nsubj,"She went above and beyond with her presentation, and made sure to cover any confusing areas in extra detail."
242,Eloise Foster,Positive Feedback,Work Culture,cover,confusing areas,verb_object,dobj,"She went above and beyond with her presentation, and made sure to cover any confusing areas in extra detail."
242,Eloise Foster,Positive Feedback,Work Culture,confusing,confusing areas,adjective_modifies_noun,amod,"She went above and beyond with her presentation, and made sure to cover any confusing areas in extra detail."
242,Eloise Foster,Positive Feedback,Work Culture,extra,extra detail,adjective_modifies_noun,amod,"She went above and beyond with her presentation, and made sure to cover any confusing areas in extra detail."
242,Eloise Foster,Positive Feedback,Work Culture,seem,performance,verb_subject,nsubj,Unfortunately her performance this project seems to be an outlier.
242,Eloise Foster,Positive Feedback,Work Culture,seem,project,verb_subject,nsubj,Unfortunately her performance this project seems to be an outlier.
242,Eloise Foster,Positive Feedback,Work Culture,do,this,verb_object,dobj,"That is, she does not usually do this well."
242,Eloise Foster,Positive Feedback,Work Culture,do,she,verb_subject,nsubj,"That is, she does not usually do this well."
242,Eloise Foster,Positive Feedback,Work Culture,wonder,i,verb_subject,nsubj,I am wondering if she should be moved to a team that deals with this kind of project more often.
242,Eloise Foster,Positive Feedback,Work Culture,move,team,verb_preposition_to,prep->pobj,I am wondering if she should be moved to a team that deals with this kind of project more often.
242,Eloise Foster,Positive Feedback,Work Culture,move,she,verb_subject,nsubjpass,I am wondering if she should be moved to a team that deals with this kind of project more often.
242,Eloise Foster,Positive Feedback,Work Culture,deal,kind,verb_preposition_with,prep->pobj,I am wondering if she should be moved to a team that deals with this kind of project more often.
242,Eloise Foster,Positive Feedback,Work Culture,deal,that,verb_subject,nsubj,I am wondering if she should be moved to a team that deals with this kind of project more often.
262,Conner Mcintyre,Positive Feedback,Work Culture,do,good job,verb_object,dobj,Conner Mcintyre did a good job.
262,Conner Mcintyre,Positive Feedback,Work Culture,do,conner mcintyre,verb_subject,nsubj,Conner Mcintyre did a good job.
262,Conner Mcintyre,Positive Feedback,Work Culture,good,good job,adjective_modifies_noun,amod,Conner Mcintyre did a good job.
262,Conner Mcintyre,Positive Feedback,Work Culture,meet,standards,verb_object,dobj,His performance was solid and met standards.
262,Conner Mcintyre,Positive Feedback,Work Culture,do,he,verb_subject,nsubj,He can be proud of the job he did.
239,Eloise Foster,Positive Feedback,Work Culture,hard,hard worker,adjective_modifies_noun,amod,Eloise is a hard worker.
239,Eloise Foster,Positive Feedback,Work Culture,perform,task,verb_object,dobj,She has performed every task with due diligence and competence.
239,Eloise Foster,Positive Feedback,Work Culture,perform,she,verb_subject,nsubj,She has performed every task with due diligence and competence.
239,Eloise Foster,Positive Feedback,Work Culture,due,due diligence,adjective_modifies_noun,amod,She has performed every task with due diligence and competence.
239,Eloise Foster,Positive Feedback,Work Culture,rise,occasions,verb_preposition_to,prep->pobj,"However, Eloise has been reluctant to rise to occasions, generally fails to take initiatives."
239,Eloise Foster,Positive Feedback,Work Culture,take,initiatives,verb_object,dobj,"However, Eloise has been reluctant to rise to occasions, generally fails to take initiatives."
239,Eloise Foster,Positive Feedback,Work Culture,seem,she,verb_subject,nsubj,She also seems to lack enthusiasm with the company's mission.
239,Eloise Foster,Positive Feedback,Work Culture,lack,enthusiasm,verb_object,dobj,She also seems to lack enthusiasm with the company's mission.
251,Freya Price,Positive Feedback,Work Culture,consistent,consistent worker,adjective_modifies_noun,amod,Freya is a very consistent worker.
251,Freya Price,Positive Feedback,Work Culture,produce,high quality work,verb_object,dobj,She always produces high quality work and always meets her deadlines.
251,Freya Price,Positive Feedback,Work Culture,produce,she,verb_subject,nsubj,She always produces high quality work and always meets her deadlines.
251,Freya Price,Positive Feedback,Work Culture,high,high quality work,adjective_modifies_noun,amod,She always produces high quality work and always meets her deadlines.
251,Freya Price,Positive Feedback,Work Culture,meet,deadlines,verb_object,dobj,She always produces high quality work and always meets her deadlines.
251,Freya Price,Positive Feedback,Work Culture,very,detail,adjective_modifies_noun,advmod,She is very detail orientated and always gets her work done.
251,Freya Price,Positive Feedback,Work Culture,do,work,verb_subject,nsubj,She is very detail orientated and always gets her work done.
251,Freya Price,Positive Feedback,Work Culture,improve,herself,verb_object,dobj,However she is a bit complacent and is generally unwilling to improve herself.
251,Freya Price,Positive Feedback,Work Culture,respond,feedback,verb_preposition_to,prep->pobj,She doesn't really respond to feedback and generally ignores comments from supervisors.
251,Freya Price,Positive Feedback,Work Culture,respond,she,verb_subject,nsubj,She doesn't really respond to feedback and generally ignores comments from supervisors.
251,Freya Price,Positive Feedback,Work Culture,ignore,comments,verb_object,dobj,She doesn't really respond to feedback and generally ignores comments from supervisors.
251,Freya Price,Positive Feedback,Work Culture,say,that,verb_subject,nsubjpass,However that being said she still is a very strong worker but it doesn't seem she will improve anymore.
251,Freya Price,Positive Feedback,Work Culture,strong,strong worker,adjective_modifies_noun,amod,However that being said she still is a very strong worker but it doesn't seem she will improve anymore.
251,Freya Price,Positive Feedback,Work Culture,seem,it,verb_subject,nsubj,However that being said she still is a very strong worker but it doesn't seem she will improve anymore.
251,Freya Price,Positive Feedback,Work Culture,improve,she,verb_subject,nsubj,However that being said she still is a very strong worker but it doesn't seem she will improve anymore.
10009,Archie Dawson,Positive Feedback,Work Culture,great,great worker,adjective_modifies_noun,amod,Archie is a great worker.
10009,Archie Dawson,Positive Feedback,Work Culture,work,overtime,verb_object,dobj,He's often here working overtime and volunteering when others need coverage.
10009,Archie Dawson,Positive Feedback,Work Culture,need,coverage,verb_object,dobj,He's often here working overtime and volunteering when others need coverage.
10009,Archie Dawson,Positive Feedback,Work Culture,need,others,verb_subject,nsubj,He's often here working overtime and volunteering when others need coverage.
10009,Archie Dawson,Positive Feedback,Work Culture,count,him,verb_preposition_on,prep->pobj,I can always count on him to go above and beyond in his workload.
10009,Archie Dawson,Positive Feedback,Work Culture,count,i,verb_subject,nsubj,I can always count on him to go above and beyond in his workload.
10009,Archie Dawson,Positive Feedback,Work Culture,move,company,verb_preposition_in,prep->pobj,"Unfortunately, his interest in moving ahead in this company is non existent, and I worry that he may be bored with the quality of work provided."
10009,Archie Dawson,Positive Feedback,Work Culture,non,non existent,adjective_modifies_noun,amod,"Unfortunately, his interest in moving ahead in this company is non existent, and I worry that he may be bored with the quality of work provided."
10009,Archie Dawson,Positive Feedback,Work Culture,worry,i,verb_subject,nsubj,"Unfortunately, his interest in moving ahead in this company is non existent, and I worry that he may be bored with the quality of work provided."
10009,Archie Dawson,Positive Feedback,Work Culture,bore,quality,verb_preposition_with,prep->pobj,"Unfortunately, his interest in moving ahead in this company is non existent, and I worry that he may be bored with the quality of work provided."
10009,Archie Dawson,Positive Feedback,Work Culture,bore,he,verb_subject,nsubjpass,"Unfortunately, his interest in moving ahead in this company is non existent, and I worry that he may be bored with the quality of work provided."
10009,Archie Dawson,Positive Feedback,Work Culture,like,i,verb_subject,nsubj,I would like to see him push himself intellectually.
10009,Archie Dawson,Positive Feedback,Work Culture,push,himself,verb_object,dobj,I would like to see him push himself intellectually.
10009,Archie Dawson,Positive Feedback,Work Culture,push,him,verb_subject,nsubj,I would like to see him push himself intellectually.
10013,Archie Dawson,Positive Feedback,Work Culture,provide,consistency,verb_object,dobj,He has been able to provide consistency in his superb skillset.
10013,Archie Dawson,Positive Feedback,Work Culture,provide,superb skillset,verb_preposition_in,prep->pobj,He has been able to provide consistency in his superb skillset.
10013,Archie Dawson,Positive Feedback,Work Culture,exceed,expectations,verb_object,dobj,He has exceeded our expectations.
10013,Archie Dawson,Positive Feedback,Work Culture,exceed,he,verb_subject,nsubj,He has exceeded our expectations.
10013,Archie Dawson,Positive Feedback,Work Culture,hope,we,verb_subject,nsubj,"However, we hope that he continues to keep his performance level consistent."
10013,Archie Dawson,Positive Feedback,Work Culture,continue,he,verb_subject,nsubj,"However, we hope that he continues to keep his performance level consistent."
10013,Archie Dawson,Positive Feedback,Work Culture,keep,performance level,verb_object,dobj,"However, we hope that he continues to keep his performance level consistent."
238,Eloise Foster,Positive Feedback,Career Growth,capable,capable worker,adjective_modifies_noun,amod,Eloise is a very capable worker and always produces excellent work.
238,Eloise Foster,Positive Feedback,Career Growth,produce,excellent work,verb_object,dobj,Eloise is a very capable worker and always produces excellent work.
238,Eloise Foster,Positive Feedback,Career Growth,excellent,excellent work,adjective_modifies_noun,amod,Eloise is a very capable worker and always produces excellent work.
238,Eloise Foster,Positive Feedback,Career Growth,finish,work,verb_object,dobj,She always finishes her work early and diligently pursues new tasks.
238,Eloise Foster,Positive Feedback,Career Growth,finish,she,verb_subject,nsubj,She always finishes her work early and diligently pursues new tasks.
238,Eloise Foster,Positive Feedback,Career Growth,pursue,new tasks,verb_object,dobj,She always finishes her work early and diligently pursues new tasks.
238,Eloise Foster,Positive Feedback,Career Growth,new,new tasks,adjective_modifies_noun,amod,She always finishes her work early and diligently pursues new tasks.
238,Eloise Foster,Positive Feedback,Career Growth,respond,she,verb_subject,nsubj,However she responds very poorly to feedback and doesn't seek to improve herself.
238,Eloise Foster,Positive Feedback,Career Growth,improve,herself,verb_object,dobj,However she responds very poorly to feedback and doesn't seek to improve herself.
238,Eloise Foster,Positive Feedback,Career Growth,strong,strong worker,adjective_modifies_noun,amod,She is an incredibly strong worker but doesn't seek to improve herself.
238,Eloise Foster,Positive Feedback,Career Growth,improve,herself,verb_object,dobj,She is an incredibly strong worker but doesn't seek to improve herself.
10220,Dean Phillips,Positive Feedback,Work Culture,effective,effective worker,adjective_modifies_noun,amod,Dean is overall a very effective worker.
10220,Dean Phillips,Positive Feedback,Work Culture,show,he,verb_subject,nsubj,He is very punctual; he always shows up to work on time and gets his work done in the time allotted.
10220,Dean Phillips,Positive Feedback,Work Culture,work,time,verb_preposition_on,prep->pobj,He is very punctual; he always shows up to work on time and gets his work done in the time allotted.
10220,Dean Phillips,Positive Feedback,Work Culture,do,time,verb_preposition_in,prep->pobj,He is very punctual; he always shows up to work on time and gets his work done in the time allotted.
10220,Dean Phillips,Positive Feedback,Work Culture,allot,work,verb_subject,nsubj,He is very punctual; he always shows up to work on time and gets his work done in the time allotted.
10220,Dean Phillips,Positive Feedback,Work Culture,produce,organization,verb_preposition_for,prep->pobj,The marketing content he produces for our organization is appealing and spot on for our target audience.
10220,Dean Phillips,Positive Feedback,Work Culture,produce,he,verb_subject,nsubj,The marketing content he produces for our organization is appealing and spot on for our target audience.
10220,Dean Phillips,Positive Feedback,Work Culture,appeal,marketing content,verb_subject,nsubj,The marketing content he produces for our organization is appealing and spot on for our target audience.
10220,Dean Phillips,Positive Feedback,Work Culture,spot,target audience,verb_preposition_for,prep->pobj,The marketing content he produces for our organization is appealing and spot on for our target audience.
10220,Dean Phillips,Positive Feedback,Work Culture,great,great team player,adjective_modifies_noun,amod,He is a great team player and knows how to collaborate with his team and not step on any toes.
10220,Dean Phillips,Positive Feedback,Work Culture,collaborate,team,verb_preposition_with,prep->pobj,He is a great team player and knows how to collaborate with his team and not step on any toes.
10220,Dean Phillips,Positive Feedback,Work Culture,step,toes,verb_preposition_on,prep->pobj,He is a great team player and knows how to collaborate with his team and not step on any toes.
10220,Dean Phillips,Positive Feedback,Work Culture,need,work,verb_object,dobj,"One area that needs work is that he is not a risk taker and rarely initiates new ideas and projects of his own, but rather waits to be told what to do."
10220,Dean Phillips,Positive Feedback,Work Culture,need,that,verb_subject,nsubj,"One area that needs work is that he is not a risk taker and rarely initiates new ideas and projects of his own, but rather waits to be told what to do."
10220,Dean Phillips,Positive Feedback,Work Culture,initiate,new ideas,verb_object,dobj,"One area that needs work is that he is not a risk taker and rarely initiates new ideas and projects of his own, but rather waits to be told what to do."
10220,Dean Phillips,Positive Feedback,Work Culture,new,new ideas,adjective_modifies_noun,amod,"One area that needs work is that he is not a risk taker and rarely initiates new ideas and projects of his own, but rather waits to be told what to do."
10220,Dean Phillips,Positive Feedback,Work Culture,do,what,verb_object,dobj,"One area that needs work is that he is not a risk taker and rarely initiates new ideas and projects of his own, but rather waits to be told what to do."
10219,Dean Phillips,Positive Feedback,Work Culture,exceed,expectations,verb_object,dobj,"Working individually, Dean has exceeded expectations."
10219,Dean Phillips,Positive Feedback,Work Culture,exceed,dean,verb_subject,nsubj,"Working individually, Dean has exceeded expectations."
10219,Dean Phillips,Positive Feedback,Work Culture,lack,many basic communication skills,verb_object,dobj,"However, he lacks many basic communication skills that interfere with his ability to integrate within the team and have his voice heard."
10219,Dean Phillips,Positive Feedback,Work Culture,lack,he,verb_subject,nsubj,"However, he lacks many basic communication skills that interfere with his ability to integrate within the team and have his voice heard."
10219,Dean Phillips,Positive Feedback,Work Culture,many,many basic communication skills,adjective_modifies_noun,amod,"However, he lacks many basic communication skills that interfere with his ability to integrate within the team and have his voice heard."
10219,Dean Phillips,Positive Feedback,Work Culture,basic,many basic communication skills,adjective_modifies_noun,amod,"However, he lacks many basic communication skills that interfere with his ability to integrate within the team and have his voice heard."
10219,Dean Phillips,Positive Feedback,Work Culture,interfere,ability,verb_preposition_with,prep->pobj,"However, he lacks many basic communication skills that interfere with his ability to integrate within the team and have his voice heard."
10219,Dean Phillips,Positive Feedback,Work Culture,interfere,that,verb_subject,nsubj,"However, he lacks many basic communication skills that interfere with his ability to integrate within the team and have his voice heard."
10219,Dean Phillips,Positive Feedback,Work Culture,integrate,team,verb_preposition_within,prep->pobj,"However, he lacks many basic communication skills that interfere with his ability to integrate within the team and have his voice heard."
10219,Dean Phillips,Positive Feedback,Work Culture,hear,voice,verb_subject,nsubj,"However, he lacks many basic communication skills that interfere with his ability to integrate within the team and have his voice heard."
10219,Dean Phillips,Positive Feedback,Work Culture,affect,project contribution,verb_object,dobj,These shortcomings don't affect project contribution as Dean has been used to working on individual projects.
10219,Dean Phillips,Positive Feedback,Work Culture,affect,shortcomings,verb_subject,nsubj,These shortcomings don't affect project contribution as Dean has been used to working on individual projects.
10219,Dean Phillips,Positive Feedback,Work Culture,use,dean,verb_subject,nsubjpass,These shortcomings don't affect project contribution as Dean has been used to working on individual projects.
10219,Dean Phillips,Positive Feedback,Work Culture,work,individual projects,verb_preposition_on,prep->pobj,These shortcomings don't affect project contribution as Dean has been used to working on individual projects.
10219,Dean Phillips,Positive Feedback,Work Culture,individual,individual projects,adjective_modifies_noun,amod,These shortcomings don't affect project contribution as Dean has been used to working on individual projects.
10219,Dean Phillips,Positive Feedback,Work Culture,accomplish,many tasks,verb_object,dobj,"As a member, Dean accomplishes many tasks for the team but is not suitable for any other role."
10219,Dean Phillips,Positive Feedback,Work Culture,accomplish,member,verb_preposition_as,prep->pobj,"As a member, Dean accomplishes many tasks for the team but is not suitable for any other role."
10219,Dean Phillips,Positive Feedback,Work Culture,accomplish,dean,verb_subject,nsubj,"As a member, Dean accomplishes many tasks for the team but is not suitable for any other role."
10219,Dean Phillips,Positive Feedback,Work Culture,many,many tasks,adjective_modifies_noun,amod,"As a member, Dean accomplishes many tasks for the team but is not suitable for any other role."
10219,Dean Phillips,Positive Feedback,Work Culture,other,other role,adjective_modifies_noun,amod,"As a member, Dean accomplishes many tasks for the team but is not suitable for any other role."
10216,Dean Phillips,Positive Feedback,Work Culture,contribute,project,verb_preposition_to,prep->pobj,Dean has contributed heavily to the project in the past quarter.
10216,Dean Phillips,Positive Feedback,Work Culture,contribute,past quarter,verb_preposition_in,prep->pobj,Dean has contributed heavily to the project in the past quarter.
10216,Dean Phillips,Positive Feedback,Work Culture,contribute,dean,verb_subject,nsubj,Dean has contributed heavily to the project in the past quarter.
10216,Dean Phillips,Positive Feedback,Work Culture,past,past quarter,adjective_modifies_noun,amod,Dean has contributed heavily to the project in the past quarter.
10216,Dean Phillips,Positive Feedback,Work Culture,lead,team charts,verb_object,dobj,He has led the team charts in task completion.
10216,Dean Phillips,Positive Feedback,Work Culture,lead,he,verb_subject,nsubj,He has led the team charts in task completion.
10216,Dean Phillips,Positive Feedback,Work Culture,struggle,he,verb_subject,nsubj,"However, he has struggled with taking up responsibilities to deliver complex tasks."
10216,Dean Phillips,Positive Feedback,Work Culture,take,responsibilities,verb_object,dobj,"However, he has struggled with taking up responsibilities to deliver complex tasks."
10216,Dean Phillips,Positive Feedback,Work Culture,deliver,complex tasks,verb_object,dobj,"However, he has struggled with taking up responsibilities to deliver complex tasks."
10216,Dean Phillips,Positive Feedback,Work Culture,complex,complex tasks,adjective_modifies_noun,amod,"However, he has struggled with taking up responsibilities to deliver complex tasks."
10216,Dean Phillips,Positive Feedback,Work Culture,handle,high pressure situations,verb_object,dobj,He also does not handle high pressure situations well.
10216,Dean Phillips,Positive Feedback,Work Culture,handle,he,verb_subject,nsubj,He also does not handle high pressure situations well.
10216,Dean Phillips,Positive Feedback,Work Culture,high,high pressure situations,adjective_modifies_noun,amod,He also does not handle high pressure situations well.
10180,Aniya Sullivan,Positive Feedback,Career Growth,whole,whole team,adjective_modifies_noun,amod,"Aniya is very good at what she does, and a favourite of the whole team."
10180,Aniya Sullivan,Positive Feedback,Career Growth,rely,we,verb_subject,nsubj,"At the end of the quarter, she is one of the members we rely on the most due to her high output."
10180,Aniya Sullivan,Positive Feedback,Career Growth,high,high output,adjective_modifies_noun,amod,"At the end of the quarter, she is one of the members we rely on the most due to her high output."
10180,Aniya Sullivan,Positive Feedback,Career Growth,consistent,consistent worker,adjective_modifies_noun,amod,She is a consistent worker.
10180,Aniya Sullivan,Positive Feedback,Career Growth,move,managerial roles,verb_preposition_into,prep->pobj,Unlikely to be moved into managerial roles as she has struggled with leadership.
10180,Aniya Sullivan,Positive Feedback,Career Growth,managerial,managerial roles,adjective_modifies_noun,amod,Unlikely to be moved into managerial roles as she has struggled with leadership.
10180,Aniya Sullivan,Positive Feedback,Career Growth,struggle,leadership,verb_preposition_with,prep->pobj,Unlikely to be moved into managerial roles as she has struggled with leadership.
10180,Aniya Sullivan,Positive Feedback,Career Growth,struggle,she,verb_subject,nsubj,Unlikely to be moved into managerial roles as she has struggled with leadership.
10137,Markus Mathews,Positive Feedback,Work Culture,great,great employee,adjective_modifies_noun,amod,"Markus is a great employee, he did a lot for the company and provided some great idea to upgrade our products."
10137,Markus Mathews,Positive Feedback,Work Culture,do,lot,verb_object,dobj,"Markus is a great employee, he did a lot for the company and provided some great idea to upgrade our products."
10137,Markus Mathews,Positive Feedback,Work Culture,do,he,verb_subject,nsubj,"Markus is a great employee, he did a lot for the company and provided some great idea to upgrade our products."
10137,Markus Mathews,Positive Feedback,Work Culture,provide,great idea,verb_object,dobj,"Markus is a great employee, he did a lot for the company and provided some great idea to upgrade our products."
10137,Markus Mathews,Positive Feedback,Work Culture,great,great idea,adjective_modifies_noun,amod,"Markus is a great employee, he did a lot for the company and provided some great idea to upgrade our products."
10137,Markus Mathews,Positive Feedback,Work Culture,upgrade,products,verb_object,dobj,"Markus is a great employee, he did a lot for the company and provided some great idea to upgrade our products."
10137,Markus Mathews,Positive Feedback,Work Culture,work,he,verb_subject,nsubj,He is working hard and is showing it off by the quality of his work wich is great compared to his colleague.
10137,Markus Mathews,Positive Feedback,Work Culture,show,it,verb_object,dobj,He is working hard and is showing it off by the quality of his work wich is great compared to his colleague.
10137,Markus Mathews,Positive Feedback,Work Culture,show,quality,verb_preposition_by,prep->pobj,He is working hard and is showing it off by the quality of his work wich is great compared to his colleague.
10137,Markus Mathews,Positive Feedback,Work Culture,compare,colleague,verb_preposition_to,prep->pobj,He is working hard and is showing it off by the quality of his work wich is great compared to his colleague.
10137,Markus Mathews,Positive Feedback,Work Culture,have,lot,verb_object,dobj,"His performance are good but he dont have a lot of potential on the long run because he cannot accept the autority that other have on him, he always want to decide on his own and seems to think he is the boss."
10137,Markus Mathews,Positive Feedback,Work Culture,have,long run,verb_preposition_on,prep->pobj,"His performance are good but he dont have a lot of potential on the long run because he cannot accept the autority that other have on him, he always want to decide on his own and seems to think he is the boss."
10137,Markus Mathews,Positive Feedback,Work Culture,have,he,verb_subject,nsubj,"His performance are good but he dont have a lot of potential on the long run because he cannot accept the autority that other have on him, he always want to decide on his own and seems to think he is the boss."
10137,Markus Mathews,Positive Feedback,Work Culture,long,long run,adjective_modifies_noun,amod,"His performance are good but he dont have a lot of potential on the long run because he cannot accept the autority that other have on him, he always want to decide on his own and seems to think he is the boss."
10137,Markus Mathews,Positive Feedback,Work Culture,accept,autority,verb_object,dobj,"His performance are good but he dont have a lot of potential on the long run because he cannot accept the autority that other have on him, he always want to decide on his own and seems to think he is the boss."
10137,Markus Mathews,Positive Feedback,Work Culture,accept,he,verb_subject,nsubj,"His performance are good but he dont have a lot of potential on the long run because he cannot accept the autority that other have on him, he always want to decide on his own and seems to think he is the boss."
10137,Markus Mathews,Positive Feedback,Work Culture,have,that,verb_object,dobj,"His performance are good but he dont have a lot of potential on the long run because he cannot accept the autority that other have on him, he always want to decide on his own and seems to think he is the boss."
10137,Markus Mathews,Positive Feedback,Work Culture,have,him,verb_preposition_on,prep->pobj,"His performance are good but he dont have a lot of potential on the long run because he cannot accept the autority that other have on him, he always want to decide on his own and seems to think he is the boss."
10137,Markus Mathews,Positive Feedback,Work Culture,want,he,verb_subject,nsubj,"His performance are good but he dont have a lot of potential on the long run because he cannot accept the autority that other have on him, he always want to decide on his own and seems to think he is the boss."
10137,Markus Mathews,Positive Feedback,Work Culture,have,hight performance,verb_object,dobj,This is why he is not very appreciated by us even if he have hight performance.
10137,Markus Mathews,Positive Feedback,Work Culture,have,he,verb_subject,nsubj,This is why he is not very appreciated by us even if he have hight performance.
10137,Markus Mathews,Positive Feedback,Work Culture,hight,hight performance,adjective_modifies_noun,amod,This is why he is not very appreciated by us even if he have hight performance.
10012,Archie Dawson,Positive Feedback,Career Growth,show,considerable improvements,verb_object,dobj,Archie has shown considerable improvements in the past half-year.
10012,Archie Dawson,Positive Feedback,Career Growth,show,past half year,verb_preposition_in,prep->pobj,Archie has shown considerable improvements in the past half-year.
10012,Archie Dawson,Positive Feedback,Career Growth,show,archie,verb_subject,nsubj,Archie has shown considerable improvements in the past half-year.
10012,Archie Dawson,Positive Feedback,Career Growth,considerable,considerable improvements,adjective_modifies_noun,amod,Archie has shown considerable improvements in the past half-year.
10012,Archie Dawson,Positive Feedback,Career Growth,past,past half year,adjective_modifies_noun,amod,Archie has shown considerable improvements in the past half-year.
10012,Archie Dawson,Positive Feedback,Career Growth,half,past half year,adjective_modifies_noun,amod,Archie has shown considerable improvements in the past half-year.
10012,Archie Dawson,Positive Feedback,Career Growth,take,many initiatives,verb_object,dobj,He has taken many initiatives in documenting the workflows and creating a solid knowledge base.
10012,Archie Dawson,Positive Feedback,Career Growth,take,he,verb_subject,nsubj,He has taken many initiatives in documenting the workflows and creating a solid knowledge base.
10012,Archie Dawson,Positive Feedback,Career Growth,many,many initiatives,adjective_modifies_noun,amod,He has taken many initiatives in documenting the workflows and creating a solid knowledge base.
10012,Archie Dawson,Positive Feedback,Career Growth,document,workflows,verb_object,dobj,He has taken many initiatives in documenting the workflows and creating a solid knowledge base.
10012,Archie Dawson,Positive Feedback,Career Growth,create,solid knowledge base,verb_object,dobj,He has taken many initiatives in documenting the workflows and creating a solid knowledge base.
10012,Archie Dawson,Positive Feedback,Career Growth,solid,solid knowledge base,adjective_modifies_noun,amod,He has taken many initiatives in documenting the workflows and creating a solid knowledge base.
10012,Archie Dawson,Positive Feedback,Career Growth,need,he,verb_subject,nsubj,"However, he needs to work on his technical skills as well, because with his core competency, the migration project cannot be handled smoothly."
10012,Archie Dawson,Positive Feedback,Career Growth,work,technical skills,verb_preposition_on,prep->pobj,"However, he needs to work on his technical skills as well, because with his core competency, the migration project cannot be handled smoothly."
10012,Archie Dawson,Positive Feedback,Career Growth,technical,technical skills,adjective_modifies_noun,amod,"However, he needs to work on his technical skills as well, because with his core competency, the migration project cannot be handled smoothly."
10012,Archie Dawson,Positive Feedback,Career Growth,handle,core competency,verb_preposition_with,prep->pobj,"However, he needs to work on his technical skills as well, because with his core competency, the migration project cannot be handled smoothly."
10012,Archie Dawson,Positive Feedback,Career Growth,handle,migration project,verb_subject,nsubjpass,"However, he needs to work on his technical skills as well, because with his core competency, the migration project cannot be handled smoothly."
10012,Archie Dawson,Positive Feedback,Career Growth,upcoming,upcoming technology certification,adjective_modifies_noun,amod,I am sure his upcoming technology certification will boost his growth.
10012,Archie Dawson,Positive Feedback,Career Growth,boost,growth,verb_object,dobj,I am sure his upcoming technology certification will boost his growth.
10012,Archie Dawson,Positive Feedback,Career Growth,boost,upcoming technology certification,verb_subject,nsubj,I am sure his upcoming technology certification will boost his growth.
10136,Markus Mathews,Positive Feedback,Work Culture,put,effort,verb_object,dobj,Markus consistently puts in an effort to get his work completed on time.
10136,Markus Mathews,Positive Feedback,Work Culture,put,markus,verb_subject,nsubj,Markus consistently puts in an effort to get his work completed on time.
10136,Markus Mathews,Positive Feedback,Work Culture,complete,time,verb_preposition_on,prep->pobj,Markus consistently puts in an effort to get his work completed on time.
10136,Markus Mathews,Positive Feedback,Work Culture,complete,work,verb_subject,nsubj,Markus consistently puts in an effort to get his work completed on time.
10136,Markus Mathews,Positive Feedback,Work Culture,own,own area,adjective_modifies_noun,amod,"He is a master of his own area and I think that trying to move him on to bigger things may prove unsuccessful - however, he is very well equipped to deal with the type of work he currently does."
10136,Markus Mathews,Positive Feedback,Work Culture,think,i,verb_subject,nsubj,"He is a master of his own area and I think that trying to move him on to bigger things may prove unsuccessful - however, he is very well equipped to deal with the type of work he currently does."
10136,Markus Mathews,Positive Feedback,Work Culture,move,him,verb_object,dobj,"He is a master of his own area and I think that trying to move him on to bigger things may prove unsuccessful - however, he is very well equipped to deal with the type of work he currently does."
10136,Markus Mathews,Positive Feedback,Work Culture,move,bigger things,verb_preposition_to,prep->pobj,"He is a master of his own area and I think that trying to move him on to bigger things may prove unsuccessful - however, he is very well equipped to deal with the type of work he currently does."
10136,Markus Mathews,Positive Feedback,Work Culture,big,bigger things,adjective_modifies_noun,amod,"He is a master of his own area and I think that trying to move him on to bigger things may prove unsuccessful - however, he is very well equipped to deal with the type of work he currently does."
10136,Markus Mathews,Positive Feedback,Work Culture,deal,type,verb_preposition_with,prep->pobj,"He is a master of his own area and I think that trying to move him on to bigger things may prove unsuccessful - however, he is very well equipped to deal with the type of work he currently does."
10136,Markus Mathews,Positive Feedback,Work Culture,do,he,verb_subject,nsubj,"He is a master of his own area and I think that trying to move him on to bigger things may prove unsuccessful - however, he is very well equipped to deal with the type of work he currently does."
10095,Peter Allen,Positive Feedback,Career Growth,hard,hard working guy,adjective_modifies_noun,amod,Peter is a really hard working guy.
10095,Peter Allen,Positive Feedback,Career Growth,work,hard working guy,adjective_modifies_noun,amod,Peter is a really hard working guy.
10095,Peter Allen,Positive Feedback,Career Growth,join,team,verb_object,dobj,"When he joined the team, he was lacking in skills & attributes in many areas."
10095,Peter Allen,Positive Feedback,Career Growth,join,he,verb_subject,nsubj,"When he joined the team, he was lacking in skills & attributes in many areas."
10095,Peter Allen,Positive Feedback,Career Growth,lack,skills,verb_preposition_in,prep->pobj,"When he joined the team, he was lacking in skills & attributes in many areas."
10095,Peter Allen,Positive Feedback,Career Growth,lack,many areas,verb_preposition_in,prep->pobj,"When he joined the team, he was lacking in skills & attributes in many areas."
10095,Peter Allen,Positive Feedback,Career Growth,lack,he,verb_subject,nsubj,"When he joined the team, he was lacking in skills & attributes in many areas."
10095,Peter Allen,Positive Feedback,Career Growth,many,many areas,adjective_modifies_noun,amod,"When he joined the team, he was lacking in skills & attributes in many areas."
10095,Peter Allen,Positive Feedback,Career Growth,keep,he,verb_subject,nsubj,"However, he kept taking huge efforts to overcome his weak competencies & went on to become one of the core pillars of this project."
10095,Peter Allen,Positive Feedback,Career Growth,take,huge efforts,verb_object,dobj,"However, he kept taking huge efforts to overcome his weak competencies & went on to become one of the core pillars of this project."
10095,Peter Allen,Positive Feedback,Career Growth,huge,huge efforts,adjective_modifies_noun,amod,"However, he kept taking huge efforts to overcome his weak competencies & went on to become one of the core pillars of this project."
10095,Peter Allen,Positive Feedback,Career Growth,overcome,weak competencies,verb_object,dobj,"However, he kept taking huge efforts to overcome his weak competencies & went on to become one of the core pillars of this project."
10095,Peter Allen,Positive Feedback,Career Growth,weak,weak competencies,adjective_modifies_noun,amod,"However, he kept taking huge efforts to overcome his weak competencies & went on to become one of the core pillars of this project."
10095,Peter Allen,Positive Feedback,Career Growth,imagine,team,verb_object,dobj,It is hard to imagine this team without his contributions & would like him to step up further to lead it from the front in future.
10095,Peter Allen,Positive Feedback,Career Growth,imagine,contributions,verb_preposition_without,prep->pobj,It is hard to imagine this team without his contributions & would like him to step up further to lead it from the front in future.
10095,Peter Allen,Positive Feedback,Career Growth,step,him,verb_subject,nsubj,It is hard to imagine this team without his contributions & would like him to step up further to lead it from the front in future.
10095,Peter Allen,Positive Feedback,Career Growth,lead,it,verb_object,dobj,It is hard to imagine this team without his contributions & would like him to step up further to lead it from the front in future.
10095,Peter Allen,Positive Feedback,Career Growth,lead,front,verb_preposition_from,prep->pobj,It is hard to imagine this team without his contributions & would like him to step up further to lead it from the front in future.
10094,Peter Allen,Positive Feedback,Work Culture,do,decent job,verb_object,dobj,Peter Allen does a pretty decent job.
10094,Peter Allen,Positive Feedback,Work Culture,do,peter allen,verb_subject,nsubj,Peter Allen does a pretty decent job.
10094,Peter Allen,Positive Feedback,Work Culture,decent,decent job,adjective_modifies_noun,amod,Peter Allen does a pretty decent job.
10094,Peter Allen,Positive Feedback,Work Culture,need,improvement,verb_object,dobj,Though he needs some improvement in some areas he still manages to do a good job.
10094,Peter Allen,Positive Feedback,Work Culture,need,he,verb_subject,nsubj,Though he needs some improvement in some areas he still manages to do a good job.
10094,Peter Allen,Positive Feedback,Work Culture,manage,he,verb_subject,nsubj,Though he needs some improvement in some areas he still manages to do a good job.
10094,Peter Allen,Positive Feedback,Work Culture,do,good job,verb_object,dobj,Though he needs some improvement in some areas he still manages to do a good job.
10094,Peter Allen,Positive Feedback,Work Culture,good,good job,adjective_modifies_noun,amod,Though he needs some improvement in some areas he still manages to do a good job.
10094,Peter Allen,Positive Feedback,Work Culture,manage,people,verb_object,dobj,Though he is not that good at managing people but he can be great team person.
10094,Peter Allen,Positive Feedback,Work Culture,great,great team person,adjective_modifies_noun,amod,Though he is not that good at managing people but he can be great team person.
10094,Peter Allen,Positive Feedback,Work Culture,do,good work,verb_object,dobj,Overall  he does rather good work whatever he is into.
10094,Peter Allen,Positive Feedback,Work Culture,do,he,verb_subject,nsubj,Overall  he does rather good work whatever he is into.
10094,Peter Allen,Positive Feedback,Work Culture,good,good work,adjective_modifies_noun,amod,Overall  he does rather good work whatever he is into.
10093,Peter Allen,Positive Feedback,Career Growth,great,great performer,adjective_modifies_noun,amod,"Peter is a great performer, but just a little low on the potential side."
10093,Peter Allen,Positive Feedback,Career Growth,potential,potential side,adjective_modifies_noun,amod,"Peter is a great performer, but just a little low on the potential side."
10093,Peter Allen,Positive Feedback,Career Growth,ask,he,verb_subject,nsubj,"He does well when asked, but there doesn't seem to be much motivation on his own beyond that."
10093,Peter Allen,Positive Feedback,Career Growth,much,much motivation,adjective_modifies_noun,amod,"He does well when asked, but there doesn't seem to be much motivation on his own beyond that."
10093,Peter Allen,Positive Feedback,Career Growth,think,i,verb_subject,nsubj,"I think he can do well when put on the spot, but he gives up after that."
10093,Peter Allen,Positive Feedback,Career Growth,do,he,verb_subject,nsubj,"I think he can do well when put on the spot, but he gives up after that."
10093,Peter Allen,Positive Feedback,Career Growth,put,spot,verb_preposition_on,prep->pobj,"I think he can do well when put on the spot, but he gives up after that."
10093,Peter Allen,Positive Feedback,Career Growth,give,that,verb_preposition_after,prep->pobj,"I think he can do well when put on the spot, but he gives up after that."
10093,Peter Allen,Positive Feedback,Career Growth,give,he,verb_subject,nsubj,"I think he can do well when put on the spot, but he gives up after that."
10093,Peter Allen,Positive Feedback,Career Growth,like,peter,verb_object,dobj,"Overall, I like Peter and I always enjoy him on my team."
10093,Peter Allen,Positive Feedback,Career Growth,like,i,verb_subject,nsubj,"Overall, I like Peter and I always enjoy him on my team."
10093,Peter Allen,Positive Feedback,Career Growth,enjoy,him,verb_object,dobj,"Overall, I like Peter and I always enjoy him on my team."
10093,Peter Allen,Positive Feedback,Career Growth,enjoy,team,verb_preposition_on,prep->pobj,"Overall, I like Peter and I always enjoy him on my team."
10093,Peter Allen,Positive Feedback,Career Growth,enjoy,i,verb_subject,nsubj,"Overall, I like Peter and I always enjoy him on my team."
10092,Peter Allen,Positive Feedback,Work Culture,friendly,friendly person,adjective_modifies_noun,amod,Peter Allen is a friendly person who helps the co-worker very much.
10092,Peter Allen,Positive Feedback,Work Culture,help,co,verb_object,dobj,Peter Allen is a friendly person who helps the co-worker very much.
10092,Peter Allen,Positive Feedback,Work Culture,help,-,verb_object,dobj,Peter Allen is a friendly person who helps the co-worker very much.
10092,Peter Allen,Positive Feedback,Work Culture,help,worker,verb_object,dobj,Peter Allen is a friendly person who helps the co-worker very much.
10092,Peter Allen,Positive Feedback,Work Culture,help,who,verb_subject,nsubj,Peter Allen is a friendly person who helps the co-worker very much.
10092,Peter Allen,Positive Feedback,Work Culture,outstanding,outstanding person,adjective_modifies_noun,amod,He is one of the outstanding person in the company he used to finish the work in time with high productivity.
10092,Peter Allen,Positive Feedback,Work Culture,use,he,verb_subject,nsubj,He is one of the outstanding person in the company he used to finish the work in time with high productivity.
10092,Peter Allen,Positive Feedback,Work Culture,finish,work,verb_object,dobj,He is one of the outstanding person in the company he used to finish the work in time with high productivity.
10092,Peter Allen,Positive Feedback,Work Culture,finish,time,verb_preposition_in,prep->pobj,He is one of the outstanding person in the company he used to finish the work in time with high productivity.
10092,Peter Allen,Positive Feedback,Work Culture,finish,high productivity,verb_preposition_with,prep->pobj,He is one of the outstanding person in the company he used to finish the work in time with high productivity.
10092,Peter Allen,Positive Feedback,Work Culture,high,high productivity,adjective_modifies_noun,amod,He is one of the outstanding person in the company he used to finish the work in time with high productivity.
10092,Peter Allen,Positive Feedback,Work Culture,smart,smart worker,adjective_modifies_noun,amod,He is more of a smart worker and he manages his work perfectly.
10092,Peter Allen,Positive Feedback,Work Culture,manage,work,verb_object,dobj,He is more of a smart worker and he manages his work perfectly.
10092,Peter Allen,Positive Feedback,Work Culture,manage,he,verb_subject,nsubj,He is more of a smart worker and he manages his work perfectly.
10092,Peter Allen,Positive Feedback,Work Culture,compare,other workers,verb_preposition_to,prep->pobj,His performance is so high compared to other workers
10092,Peter Allen,Positive Feedback,Work Culture,other,other workers,adjective_modifies_noun,amod,His performance is so high compared to other workers
10056,Jessica Dixon,Positive Feedback,Work Culture,hardworke,hardworking person,adjective_modifies_noun,amod,Jessica is a hardworking person.
10056,Jessica Dixon,Positive Feedback,Work Culture,know,she,verb_subject,nsubj,She knows very well what she is doing.
10056,Jessica Dixon,Positive Feedback,Work Culture,do,what,verb_object,dobj,She knows very well what she is doing.
10056,Jessica Dixon,Positive Feedback,Work Culture,do,she,verb_subject,nsubj,She knows very well what she is doing.
10056,Jessica Dixon,Positive Feedback,Work Culture,think,i,verb_subject,nsubj,But I think at her work she achieved her highest point.
10056,Jessica Dixon,Positive Feedback,Work Culture,achieve,highest point,verb_object,dobj,But I think at her work she achieved her highest point.
10056,Jessica Dixon,Positive Feedback,Work Culture,achieve,work,verb_preposition_at,prep->pobj,But I think at her work she achieved her highest point.
10056,Jessica Dixon,Positive Feedback,Work Culture,achieve,she,verb_subject,nsubj,But I think at her work she achieved her highest point.
10056,Jessica Dixon,Positive Feedback,Work Culture,high,highest point,adjective_modifies_noun,amod,But I think at her work she achieved her highest point.
10056,Jessica Dixon,Positive Feedback,Work Culture,grow,her,verb_subject,nsubj,It is a challenge for her to grow.
10055,Jessica Dixon,Positive Feedback,Work Culture,accomplish,tasks,verb_object,dobj,Jessica is efficient at accomplishing her tasks.
10055,Jessica Dixon,Positive Feedback,Work Culture,take,much initiative,verb_object,dobj,"Although she does not take much initiative, she is consistently helpful and willing to pitch in."
10055,Jessica Dixon,Positive Feedback,Work Culture,take,she,verb_subject,nsubj,"Although she does not take much initiative, she is consistently helpful and willing to pitch in."
10055,Jessica Dixon,Positive Feedback,Work Culture,much,much initiative,adjective_modifies_noun,amod,"Although she does not take much initiative, she is consistently helpful and willing to pitch in."
10055,Jessica Dixon,Positive Feedback,Work Culture,exceed,she,verb_subject,nsubj,She exceeds at collaborating with her peers.
10055,Jessica Dixon,Positive Feedback,Work Culture,collaborate,peers,verb_preposition_with,prep->pobj,She exceeds at collaborating with her peers.
10055,Jessica Dixon,Positive Feedback,Work Culture,stick,timelines,verb_preposition_to,prep->pobj,She sticks to timelines and deadlines well.
10055,Jessica Dixon,Positive Feedback,Work Culture,stick,she,verb_subject,nsubj,She sticks to timelines and deadlines well.
10135,Markus Mathews,Positive Feedback,Work Culture,deliver,great results,verb_object,dobj,He has delivered some great results over the past few months thanks to his solid fundamentals.
10135,Markus Mathews,Positive Feedback,Work Culture,deliver,past few months,verb_preposition_over,prep->pobj,He has delivered some great results over the past few months thanks to his solid fundamentals.
10135,Markus Mathews,Positive Feedback,Work Culture,deliver,solid fundamentals,verb_preposition_to,prep->pobj,He has delivered some great results over the past few months thanks to his solid fundamentals.
10135,Markus Mathews,Positive Feedback,Work Culture,deliver,he,verb_subject,nsubj,He has delivered some great results over the past few months thanks to his solid fundamentals.
10135,Markus Mathews,Positive Feedback,Work Culture,great,great results,adjective_modifies_noun,amod,He has delivered some great results over the past few months thanks to his solid fundamentals.
10135,Markus Mathews,Positive Feedback,Work Culture,past,past few months,adjective_modifies_noun,amod,He has delivered some great results over the past few months thanks to his solid fundamentals.
10135,Markus Mathews,Positive Feedback,Work Culture,few,past few months,adjective_modifies_noun,amod,He has delivered some great results over the past few months thanks to his solid fundamentals.
10135,Markus Mathews,Positive Feedback,Work Culture,solid,solid fundamentals,adjective_modifies_noun,amod,He has delivered some great results over the past few months thanks to his solid fundamentals.
10135,Markus Mathews,Positive Feedback,Work Culture,need,he,verb_subject,nsubj,"However, he needs to increase his depth in certain core areas without which it will be a tough road ahead of him."
10135,Markus Mathews,Positive Feedback,Work Culture,increase,depth,verb_object,dobj,"However, he needs to increase his depth in certain core areas without which it will be a tough road ahead of him."
10135,Markus Mathews,Positive Feedback,Work Culture,increase,certain core areas,verb_preposition_in,prep->pobj,"However, he needs to increase his depth in certain core areas without which it will be a tough road ahead of him."
10135,Markus Mathews,Positive Feedback,Work Culture,certain,certain core areas,adjective_modifies_noun,amod,"However, he needs to increase his depth in certain core areas without which it will be a tough road ahead of him."
10135,Markus Mathews,Positive Feedback,Work Culture,tough,tough road,adjective_modifies_noun,amod,"However, he needs to increase his depth in certain core areas without which it will be a tough road ahead of him."
10135,Markus Mathews,Positive Feedback,Work Culture,ahead,tough road,adjective_modifies_noun,advmod,"However, he needs to increase his depth in certain core areas without which it will be a tough road ahead of him."
10135,Markus Mathews,Positive Feedback,Work Culture,know,few little things,verb_preposition_about,prep->pobj,"In this business, knowing deeply about a few little things trumps knowing a little about many different things, that is, depth is greater than breadth."
10135,Markus Mathews,Positive Feedback,Work Culture,few,few little things,adjective_modifies_noun,amod,"In this business, knowing deeply about a few little things trumps knowing a little about many different things, that is, depth is greater than breadth."
10135,Markus Mathews,Positive Feedback,Work Culture,little,few little things,adjective_modifies_noun,amod,"In this business, knowing deeply about a few little things trumps knowing a little about many different things, that is, depth is greater than breadth."
10135,Markus Mathews,Positive Feedback,Work Culture,trump,business,verb_preposition_in,prep->pobj,"In this business, knowing deeply about a few little things trumps knowing a little about many different things, that is, depth is greater than breadth."
10135,Markus Mathews,Positive Feedback,Work Culture,know,many different things,verb_preposition_about,prep->pobj,"In this business, knowing deeply about a few little things trumps knowing a little about many different things, that is, depth is greater than breadth."
10135,Markus Mathews,Positive Feedback,Work Culture,many,many different things,adjective_modifies_noun,amod,"In this business, knowing deeply about a few little things trumps knowing a little about many different things, that is, depth is greater than breadth."
10135,Markus Mathews,Positive Feedback,Work Culture,different,many different things,adjective_modifies_noun,amod,"In this business, knowing deeply about a few little things trumps knowing a little about many different things, that is, depth is greater than breadth."
195,Edward Bates,Positive Feedback,Career Growth,complete,he,verb_subject,nsubj,He completes what is needed with no problems.
195,Edward Bates,Positive Feedback,Career Growth,need,problems,verb_preposition_with,prep->pobj,He completes what is needed with no problems.
195,Edward Bates,Positive Feedback,Career Growth,need,what,verb_subject,nsubjpass,He completes what is needed with no problems.
195,Edward Bates,Positive Feedback,Career Growth,concern,what,verb_object,dobj,What is concerning is his potential.
195,Edward Bates,Positive Feedback,Career Growth,lack,potential,verb_object,dobj,He is lacking the potential to move forward.
195,Edward Bates,Positive Feedback,Career Growth,lack,he,verb_subject,nsubj,He is lacking the potential to move forward.
233,Benjamin Roberts,Positive Feedback,Career Growth,excel,everything,verb_preposition_in,prep->pobj,He consistently excels in everything he does and streamlines workflow for the company.
233,Benjamin Roberts,Positive Feedback,Career Growth,excel,he,verb_subject,nsubj,He consistently excels in everything he does and streamlines workflow for the company.
233,Benjamin Roberts,Positive Feedback,Career Growth,do,he,verb_subject,nsubj,He consistently excels in everything he does and streamlines workflow for the company.
233,Benjamin Roberts,Positive Feedback,Career Growth,streamline,company,verb_preposition_for,prep->pobj,He consistently excels in everything he does and streamlines workflow for the company.
233,Benjamin Roberts,Positive Feedback,Career Growth,have,low potential,verb_object,dobj,"However, he has low potential and this is something that would need to be worked on."
233,Benjamin Roberts,Positive Feedback,Career Growth,have,he,verb_subject,nsubj,"However, he has low potential and this is something that would need to be worked on."
233,Benjamin Roberts,Positive Feedback,Career Growth,low,low potential,adjective_modifies_noun,amod,"However, he has low potential and this is something that would need to be worked on."
233,Benjamin Roberts,Positive Feedback,Career Growth,need,that,verb_subject,nsubj,"However, he has low potential and this is something that would need to be worked on."
233,Benjamin Roberts,Positive Feedback,Career Growth,more,more training,adjective_modifies_noun,amod,Perhaps more training and brainstorming meetings would help improve the overall potential and ability for Benjamin to improve quality in the long-run.
233,Benjamin Roberts,Positive Feedback,Career Growth,help,brainstorming meetings,verb_subject,nsubj,Perhaps more training and brainstorming meetings would help improve the overall potential and ability for Benjamin to improve quality in the long-run.
233,Benjamin Roberts,Positive Feedback,Career Growth,improve,overall potential,verb_object,dobj,Perhaps more training and brainstorming meetings would help improve the overall potential and ability for Benjamin to improve quality in the long-run.
233,Benjamin Roberts,Positive Feedback,Career Growth,overall,overall potential,adjective_modifies_noun,amod,Perhaps more training and brainstorming meetings would help improve the overall potential and ability for Benjamin to improve quality in the long-run.
233,Benjamin Roberts,Positive Feedback,Career Growth,improve,quality,verb_object,dobj,Perhaps more training and brainstorming meetings would help improve the overall potential and ability for Benjamin to improve quality in the long-run.
233,Benjamin Roberts,Positive Feedback,Career Growth,improve,long run,verb_preposition_in,prep->pobj,Perhaps more training and brainstorming meetings would help improve the overall potential and ability for Benjamin to improve quality in the long-run.
233,Benjamin Roberts,Positive Feedback,Career Growth,improve,benjamin,verb_subject,nsubj,Perhaps more training and brainstorming meetings would help improve the overall potential and ability for Benjamin to improve quality in the long-run.
233,Benjamin Roberts,Positive Feedback,Career Growth,long,long run,adjective_modifies_noun,amod,Perhaps more training and brainstorming meetings would help improve the overall potential and ability for Benjamin to improve quality in the long-run.
233,Benjamin Roberts,Positive Feedback,Career Growth,top,top notch,adjective_modifies_noun,amod,Though overall his work is top-notch currently.
199,Freya Price,Positive Feedback,Management Issues,have,right mindset,verb_object,dobj,"Freya Price has the right mindset and attitude needed to succeed, despite her having issues problem solving."
199,Freya Price,Positive Feedback,Management Issues,have,freya price,verb_subject,nsubj,"Freya Price has the right mindset and attitude needed to succeed, despite her having issues problem solving."
199,Freya Price,Positive Feedback,Management Issues,right,right mindset,adjective_modifies_noun,amod,"Freya Price has the right mindset and attitude needed to succeed, despite her having issues problem solving."
199,Freya Price,Positive Feedback,Management Issues,have,issues,verb_object,dobj,"Freya Price has the right mindset and attitude needed to succeed, despite her having issues problem solving."
199,Freya Price,Positive Feedback,Management Issues,have,her,verb_subject,nsubj,"Freya Price has the right mindset and attitude needed to succeed, despite her having issues problem solving."
199,Freya Price,Positive Feedback,Management Issues,think,i,verb_subject,nsubj,I think that with proper communication she can be a very reliable employee.
199,Freya Price,Positive Feedback,Management Issues,proper,proper communication,adjective_modifies_noun,amod,I think that with proper communication she can be a very reliable employee.
199,Freya Price,Positive Feedback,Management Issues,reliable,reliable employee,adjective_modifies_noun,amod,I think that with proper communication she can be a very reliable employee.
199,Freya Price,Positive Feedback,Management Issues,entrust,grand responsibilities,verb_object,dobj,However I would not entrust any grand responsibilities onto her with hopes of ingenuity.
199,Freya Price,Positive Feedback,Management Issues,entrust,her,verb_preposition_onto,prep->pobj,However I would not entrust any grand responsibilities onto her with hopes of ingenuity.
199,Freya Price,Positive Feedback,Management Issues,entrust,hopes,verb_preposition_with,prep->pobj,However I would not entrust any grand responsibilities onto her with hopes of ingenuity.
199,Freya Price,Positive Feedback,Management Issues,entrust,i,verb_subject,nsubj,However I would not entrust any grand responsibilities onto her with hopes of ingenuity.
199,Freya Price,Positive Feedback,Management Issues,grand,grand responsibilities,adjective_modifies_noun,amod,However I would not entrust any grand responsibilities onto her with hopes of ingenuity.
199,Freya Price,Positive Feedback,Management Issues,have,role,verb_object,dobj,Every employee has a role and hers is one that we embrace.
199,Freya Price,Positive Feedback,Management Issues,have,employee,verb_subject,nsubj,Every employee has a role and hers is one that we embrace.
199,Freya Price,Positive Feedback,Management Issues,embrace,that,verb_object,dobj,Every employee has a role and hers is one that we embrace.
199,Freya Price,Positive Feedback,Management Issues,embrace,we,verb_subject,nsubj,Every employee has a role and hers is one that we embrace.
198,Freya Price,Positive Feedback,Work Culture,hard,hard worker,adjective_modifies_noun,amod,Freya price is a hard worker.
198,Freya Price,Positive Feedback,Work Culture,solid,solid support,adjective_modifies_noun,amod,There always has to be solid support at the entry level and this is it.
198,Freya Price,Positive Feedback,Work Culture,give,%,verb_object,dobj,She gives 100% every time but only when the bare minimum is required.
198,Freya Price,Positive Feedback,Work Culture,give,she,verb_subject,nsubj,She gives 100% every time but only when the bare minimum is required.
198,Freya Price,Positive Feedback,Work Culture,bare,bare minimum,adjective_modifies_noun,amod,She gives 100% every time but only when the bare minimum is required.
198,Freya Price,Positive Feedback,Work Culture,require,bare minimum,verb_subject,nsubjpass,She gives 100% every time but only when the bare minimum is required.
196,Edward Bates,Positive Feedback,Work Culture,know,i,verb_subject,nsubj,Edward is someone that I know I can count on in a pinch if a client has requested a report at the last minute.
196,Edward Bates,Positive Feedback,Work Culture,count,that,verb_object,dobj,Edward is someone that I know I can count on in a pinch if a client has requested a report at the last minute.
196,Edward Bates,Positive Feedback,Work Culture,count,pinch,verb_preposition_in,prep->pobj,Edward is someone that I know I can count on in a pinch if a client has requested a report at the last minute.
196,Edward Bates,Positive Feedback,Work Culture,count,i,verb_subject,nsubj,Edward is someone that I know I can count on in a pinch if a client has requested a report at the last minute.
196,Edward Bates,Positive Feedback,Work Culture,request,report,verb_object,dobj,Edward is someone that I know I can count on in a pinch if a client has requested a report at the last minute.
196,Edward Bates,Positive Feedback,Work Culture,request,last minute,verb_preposition_at,prep->pobj,Edward is someone that I know I can count on in a pinch if a client has requested a report at the last minute.
196,Edward Bates,Positive Feedback,Work Culture,request,client,verb_subject,nsubj,Edward is someone that I know I can count on in a pinch if a client has requested a report at the last minute.
196,Edward Bates,Positive Feedback,Work Culture,last,last minute,adjective_modifies_noun,amod,Edward is someone that I know I can count on in a pinch if a client has requested a report at the last minute.
196,Edward Bates,Positive Feedback,Work Culture,stay,he,verb_subject,nsubj,He will stay up late to get the job done on time because he's that conscientious about his work.
196,Edward Bates,Positive Feedback,Work Culture,get,job,verb_object,dobj,He will stay up late to get the job done on time because he's that conscientious about his work.
196,Edward Bates,Positive Feedback,Work Culture,do,time,verb_preposition_on,prep->pobj,He will stay up late to get the job done on time because he's that conscientious about his work.
196,Edward Bates,Positive Feedback,Work Culture,appreciate,technical abilities,verb_object,dobj,"As much as I appreciate his technical abilities and his diligence I do not see him advancing much further from where he is, because he is so quiet and introverted."
196,Edward Bates,Positive Feedback,Work Culture,appreciate,i,verb_subject,nsubj,"As much as I appreciate his technical abilities and his diligence I do not see him advancing much further from where he is, because he is so quiet and introverted."
196,Edward Bates,Positive Feedback,Work Culture,technical,technical abilities,adjective_modifies_noun,amod,"As much as I appreciate his technical abilities and his diligence I do not see him advancing much further from where he is, because he is so quiet and introverted."
196,Edward Bates,Positive Feedback,Work Culture,see,i,verb_subject,nsubj,"As much as I appreciate his technical abilities and his diligence I do not see him advancing much further from where he is, because he is so quiet and introverted."
196,Edward Bates,Positive Feedback,Work Culture,advance,him,verb_subject,nsubj,"As much as I appreciate his technical abilities and his diligence I do not see him advancing much further from where he is, because he is so quiet and introverted."
196,Edward Bates,Positive Feedback,Work Culture,require,aggressive personality,verb_object,dobj,Our business requires an aggressive personality for client development and clients find it hard to connect with Edward.
196,Edward Bates,Positive Feedback,Work Culture,require,business,verb_subject,nsubj,Our business requires an aggressive personality for client development and clients find it hard to connect with Edward.
196,Edward Bates,Positive Feedback,Work Culture,aggressive,aggressive personality,adjective_modifies_noun,amod,Our business requires an aggressive personality for client development and clients find it hard to connect with Edward.
196,Edward Bates,Positive Feedback,Work Culture,hard,it,copular_description,nsubj,Our business requires an aggressive personality for client development and clients find it hard to connect with Edward.
196,Edward Bates,Positive Feedback,Work Culture,connect,edward,verb_preposition_with,prep->pobj,Our business requires an aggressive personality for client development and clients find it hard to connect with Edward.
193,Eloise Foster,Positive Feedback,Work Culture,know,i,verb_subject,nsubj,I know that I can always count on Eloise to turn in high quality work product to me.
193,Eloise Foster,Positive Feedback,Work Culture,count,eloise,verb_preposition_on,prep->pobj,I know that I can always count on Eloise to turn in high quality work product to me.
193,Eloise Foster,Positive Feedback,Work Culture,count,i,verb_subject,nsubj,I know that I can always count on Eloise to turn in high quality work product to me.
193,Eloise Foster,Positive Feedback,Work Culture,turn,high work product,verb_object,dobj,I know that I can always count on Eloise to turn in high quality work product to me.
193,Eloise Foster,Positive Feedback,Work Culture,turn,me,verb_preposition_to,prep->pobj,I know that I can always count on Eloise to turn in high quality work product to me.
193,Eloise Foster,Positive Feedback,Work Culture,high,high work product,adjective_modifies_noun,amod,I know that I can always count on Eloise to turn in high quality work product to me.
193,Eloise Foster,Positive Feedback,Work Culture,meet,single deadline,verb_object,dobj,She's always met every single deadline I've asked her to meet.
193,Eloise Foster,Positive Feedback,Work Culture,meet,she,verb_subject,nsubjpass,She's always met every single deadline I've asked her to meet.
193,Eloise Foster,Positive Feedback,Work Culture,single,single deadline,adjective_modifies_noun,amod,She's always met every single deadline I've asked her to meet.
193,Eloise Foster,Positive Feedback,Work Culture,ask,her,verb_object,dobj,She's always met every single deadline I've asked her to meet.
193,Eloise Foster,Positive Feedback,Work Culture,ask,i,verb_subject,nsubj,She's always met every single deadline I've asked her to meet.
193,Eloise Foster,Positive Feedback,Work Culture,have,i,verb_subject,nsubj,"Moreover, I never have to review her work since she's so reliable and consistently shows her sophistication in research and writing."
193,Eloise Foster,Positive Feedback,Work Culture,review,work,verb_object,dobj,"Moreover, I never have to review her work since she's so reliable and consistently shows her sophistication in research and writing."
193,Eloise Foster,Positive Feedback,Work Culture,show,sophistication,verb_object,dobj,"Moreover, I never have to review her work since she's so reliable and consistently shows her sophistication in research and writing."
193,Eloise Foster,Positive Feedback,Work Culture,same,same time,adjective_modifies_noun,amod,"At the same time, I believe she's hit her maximum capacity and thus don't see much room for growth in her remaining."
193,Eloise Foster,Positive Feedback,Work Culture,believe,same time,verb_preposition_at,prep->pobj,"At the same time, I believe she's hit her maximum capacity and thus don't see much room for growth in her remaining."
193,Eloise Foster,Positive Feedback,Work Culture,believe,i,verb_subject,nsubj,"At the same time, I believe she's hit her maximum capacity and thus don't see much room for growth in her remaining."
193,Eloise Foster,Positive Feedback,Work Culture,hit,maximum capacity,verb_object,dobj,"At the same time, I believe she's hit her maximum capacity and thus don't see much room for growth in her remaining."
193,Eloise Foster,Positive Feedback,Work Culture,hit,she,verb_subject,nsubjpass,"At the same time, I believe she's hit her maximum capacity and thus don't see much room for growth in her remaining."
193,Eloise Foster,Positive Feedback,Work Culture,maximum,maximum capacity,adjective_modifies_noun,amod,"At the same time, I believe she's hit her maximum capacity and thus don't see much room for growth in her remaining."
193,Eloise Foster,Positive Feedback,Work Culture,see,much room,verb_object,dobj,"At the same time, I believe she's hit her maximum capacity and thus don't see much room for growth in her remaining."
193,Eloise Foster,Positive Feedback,Work Culture,much,much room,adjective_modifies_noun,amod,"At the same time, I believe she's hit her maximum capacity and thus don't see much room for growth in her remaining."
192,Eloise Foster,Positive Feedback,Work Culture,great,great employee,adjective_modifies_noun,amod,Eloise is a great employee but doesn't have much ambition.
192,Eloise Foster,Positive Feedback,Work Culture,have,much ambition,verb_object,dobj,Eloise is a great employee but doesn't have much ambition.
192,Eloise Foster,Positive Feedback,Work Culture,much,much ambition,adjective_modifies_noun,amod,Eloise is a great employee but doesn't have much ambition.
192,Eloise Foster,Positive Feedback,Work Culture,need,she,verb_subject,nsubj,She needs to try to help others or become passionate about something outside of her work so she can be promoted into a different role.
192,Eloise Foster,Positive Feedback,Work Culture,help,others,verb_object,dobj,She needs to try to help others or become passionate about something outside of her work so she can be promoted into a different role.
192,Eloise Foster,Positive Feedback,Work Culture,promote,different role,verb_preposition_into,prep->pobj,She needs to try to help others or become passionate about something outside of her work so she can be promoted into a different role.
192,Eloise Foster,Positive Feedback,Work Culture,promote,she,verb_subject,nsubjpass,She needs to try to help others or become passionate about something outside of her work so she can be promoted into a different role.
192,Eloise Foster,Positive Feedback,Work Culture,different,different role,adjective_modifies_noun,amod,She needs to try to help others or become passionate about something outside of her work so she can be promoted into a different role.
192,Eloise Foster,Positive Feedback,Work Culture,perform,she,verb_subject,nsubj,She is consistently performing well and is a role model to her peers.
192,Eloise Foster,Positive Feedback,Work Culture,expect,i,verb_subject,nsubj,I expect her to continuously exceed at her work.
192,Eloise Foster,Positive Feedback,Work Culture,exceed,work,verb_preposition_at,prep->pobj,I expect her to continuously exceed at her work.
192,Eloise Foster,Positive Feedback,Work Culture,exceed,her,verb_subject,nsubj,I expect her to continuously exceed at her work.
191,Benjamin Roberts,Positive Feedback,Career Growth,great,great colleague,adjective_modifies_noun,amod,Ben was a great colleague of mine.
191,Benjamin Roberts,Positive Feedback,Career Growth,do,day,verb_object,dobj,He did his day to day tasks and went above and beyond.
191,Benjamin Roberts,Positive Feedback,Career Growth,do,tasks,verb_object,dobj,He did his day to day tasks and went above and beyond.
191,Benjamin Roberts,Positive Feedback,Career Growth,do,he,verb_subject,nsubj,He did his day to day tasks and went above and beyond.
191,Benjamin Roberts,Positive Feedback,Career Growth,have,i,verb_subject,nsubj,"Everything i had him do, he did well."
191,Benjamin Roberts,Positive Feedback,Career Growth,do,him,verb_subject,nsubj,"Everything i had him do, he did well."
191,Benjamin Roberts,Positive Feedback,Career Growth,do,he,verb_subject,nsubj,"Everything i had him do, he did well."
191,Benjamin Roberts,Positive Feedback,Career Growth,believe,i,verb_subject,nsubj,Unfortunately I believe he has maxed out his potential with us
191,Benjamin Roberts,Positive Feedback,Career Growth,maxe,potential,verb_object,dobj,Unfortunately I believe he has maxed out his potential with us
191,Benjamin Roberts,Positive Feedback,Career Growth,maxe,he,verb_subject,nsubj,Unfortunately I believe he has maxed out his potential with us
187,Eloise Foster,Positive Feedback,Management Issues,work,foster,verb_subject,nsubj,Foster works really hard to acheive his targets.
187,Eloise Foster,Positive Feedback,Management Issues,acheive,targets,verb_object,dobj,Foster works really hard to acheive his targets.
187,Eloise Foster,Positive Feedback,Management Issues,have,few issues,verb_object,dobj,He has a few issues when explaining the idea to a larger group of people.
187,Eloise Foster,Positive Feedback,Management Issues,have,he,verb_subject,nsubj,He has a few issues when explaining the idea to a larger group of people.
187,Eloise Foster,Positive Feedback,Management Issues,few,few issues,adjective_modifies_noun,amod,He has a few issues when explaining the idea to a larger group of people.
187,Eloise Foster,Positive Feedback,Management Issues,explain,idea,verb_object,dobj,He has a few issues when explaining the idea to a larger group of people.
187,Eloise Foster,Positive Feedback,Management Issues,explain,larger group,verb_preposition_to,prep->pobj,He has a few issues when explaining the idea to a larger group of people.
187,Eloise Foster,Positive Feedback,Management Issues,large,larger group,adjective_modifies_noun,amod,He has a few issues when explaining the idea to a larger group of people.
187,Eloise Foster,Positive Feedback,Management Issues,need,more guidance,verb_object,dobj,He needs more guidance to acheive more outcome.
187,Eloise Foster,Positive Feedback,Management Issues,need,he,verb_subject,nsubj,He needs more guidance to acheive more outcome.
187,Eloise Foster,Positive Feedback,Management Issues,more,more guidance,adjective_modifies_noun,amod,He needs more guidance to acheive more outcome.
187,Eloise Foster,Positive Feedback,Management Issues,acheive,more outcome,verb_object,dobj,He needs more guidance to acheive more outcome.
187,Eloise Foster,Positive Feedback,Management Issues,more,more outcome,adjective_modifies_noun,amod,He needs more guidance to acheive more outcome.
187,Eloise Foster,Positive Feedback,Management Issues,more,more interactions,adjective_modifies_noun,amod,More interactions with the clients enable him to explore more issues and their solutions.
187,Eloise Foster,Positive Feedback,Management Issues,enable,him,verb_object,dobj,More interactions with the clients enable him to explore more issues and their solutions.
187,Eloise Foster,Positive Feedback,Management Issues,enable,more interactions,verb_subject,nsubj,More interactions with the clients enable him to explore more issues and their solutions.
187,Eloise Foster,Positive Feedback,Management Issues,explore,more issues,verb_object,dobj,More interactions with the clients enable him to explore more issues and their solutions.
187,Eloise Foster,Positive Feedback,Management Issues,more,more issues,adjective_modifies_noun,amod,More interactions with the clients enable him to explore more issues and their solutions.
187,Eloise Foster,Positive Feedback,Management Issues,good,good team leader,adjective_modifies_noun,amod,He is a good team leader.
186,Eloise Foster,Positive Feedback,Management Issues,complete,tasks,verb_object,dobj,"While she does complete her tasks in a timely manner, she does so without being inventive."
186,Eloise Foster,Positive Feedback,Management Issues,complete,timely manner,verb_preposition_in,prep->pobj,"While she does complete her tasks in a timely manner, she does so without being inventive."
186,Eloise Foster,Positive Feedback,Management Issues,complete,she,verb_subject,nsubj,"While she does complete her tasks in a timely manner, she does so without being inventive."
186,Eloise Foster,Positive Feedback,Management Issues,timely,timely manner,adjective_modifies_noun,amod,"While she does complete her tasks in a timely manner, she does so without being inventive."
186,Eloise Foster,Positive Feedback,Management Issues,do,she,verb_subject,nsubj,"While she does complete her tasks in a timely manner, she does so without being inventive."
186,Eloise Foster,Positive Feedback,Management Issues,do,lions share,verb_object,dobj,In team settings she gladly does the lions share of work.
186,Eloise Foster,Positive Feedback,Management Issues,do,team settings,verb_preposition_in,prep->pobj,In team settings she gladly does the lions share of work.
186,Eloise Foster,Positive Feedback,Management Issues,do,she,verb_subject,nsubj,In team settings she gladly does the lions share of work.
186,Eloise Foster,Positive Feedback,Management Issues,contribute,own ideas,verb_object,dobj,But does not contribute her own ideas.
186,Eloise Foster,Positive Feedback,Management Issues,own,own ideas,adjective_modifies_noun,amod,But does not contribute her own ideas.
186,Eloise Foster,Positive Feedback,Management Issues,let,she,verb_subject,nsubj,She will gladly let someone else take the lead.
186,Eloise Foster,Positive Feedback,Management Issues,else,someone,adjective_modifies_noun,advmod,She will gladly let someone else take the lead.
186,Eloise Foster,Positive Feedback,Management Issues,take,lead,verb_object,dobj,She will gladly let someone else take the lead.
186,Eloise Foster,Positive Feedback,Management Issues,take,someone,verb_subject,nsubj,She will gladly let someone else take the lead.
184,Benjamin Roberts,Positive Feedback,Work Culture,great,great worker,adjective_modifies_noun,amod,Ben is a great worker who blazes through his duties.
184,Benjamin Roberts,Positive Feedback,Work Culture,blaze,duties,verb_preposition_through,prep->pobj,Ben is a great worker who blazes through his duties.
184,Benjamin Roberts,Positive Feedback,Work Culture,blaze,who,verb_subject,nsubj,Ben is a great worker who blazes through his duties.
184,Benjamin Roberts,Positive Feedback,Work Culture,complete,work,verb_object,dobj,"His is smart, diligent, and enthusiastic about completing his work."
184,Benjamin Roberts,Positive Feedback,Work Culture,flip,flip side,adjective_modifies_noun,amod,"On the flip side, he doesn't really venture outside of his prescribed duties."
184,Benjamin Roberts,Positive Feedback,Work Culture,venture,flip side,verb_preposition_on,prep->pobj,"On the flip side, he doesn't really venture outside of his prescribed duties."
184,Benjamin Roberts,Positive Feedback,Work Culture,venture,he,verb_subject,nsubj,"On the flip side, he doesn't really venture outside of his prescribed duties."
184,Benjamin Roberts,Positive Feedback,Work Culture,prescribed,prescribed duties,adjective_modifies_noun,amod,"On the flip side, he doesn't really venture outside of his prescribed duties."
184,Benjamin Roberts,Positive Feedback,Work Culture,show,much interest,verb_object,dobj,"He also hasn't shown much interest in doing so, either."
184,Benjamin Roberts,Positive Feedback,Work Culture,show,he,verb_subject,nsubj,"He also hasn't shown much interest in doing so, either."
184,Benjamin Roberts,Positive Feedback,Work Culture,much,much interest,adjective_modifies_noun,amod,"He also hasn't shown much interest in doing so, either."
184,Benjamin Roberts,Positive Feedback,Work Culture,say,that,verb_subject,nsubj,"That said, he is an absolutely workhorse who's doing great with his current duties."
184,Benjamin Roberts,Positive Feedback,Work Culture,do,current duties,verb_preposition_with,prep->pobj,"That said, he is an absolutely workhorse who's doing great with his current duties."
184,Benjamin Roberts,Positive Feedback,Work Culture,do,who,verb_subject,nsubj,"That said, he is an absolutely workhorse who's doing great with his current duties."
184,Benjamin Roberts,Positive Feedback,Work Culture,current,current duties,adjective_modifies_noun,amod,"That said, he is an absolutely workhorse who's doing great with his current duties."
183,Benjamin Roberts,Positive Feedback,Work Culture,give,assignment,verb_object,dobj,"Whenever I give Benjamin an assignment, I put 100% of my trust in him to get the job done, and to get the job done well."
183,Benjamin Roberts,Positive Feedback,Work Culture,give,i,verb_subject,nsubj,"Whenever I give Benjamin an assignment, I put 100% of my trust in him to get the job done, and to get the job done well."
183,Benjamin Roberts,Positive Feedback,Work Culture,put,%,verb_object,dobj,"Whenever I give Benjamin an assignment, I put 100% of my trust in him to get the job done, and to get the job done well."
183,Benjamin Roberts,Positive Feedback,Work Culture,put,him,verb_preposition_in,prep->pobj,"Whenever I give Benjamin an assignment, I put 100% of my trust in him to get the job done, and to get the job done well."
183,Benjamin Roberts,Positive Feedback,Work Culture,put,i,verb_subject,nsubj,"Whenever I give Benjamin an assignment, I put 100% of my trust in him to get the job done, and to get the job done well."
183,Benjamin Roberts,Positive Feedback,Work Culture,do,job,verb_subject,nsubj,"Whenever I give Benjamin an assignment, I put 100% of my trust in him to get the job done, and to get the job done well."
183,Benjamin Roberts,Positive Feedback,Work Culture,need,i,verb_subject,nsubj,"I never need to question whether he understood the instructions I provided, or whether he will need follow-up assistance."
183,Benjamin Roberts,Positive Feedback,Work Culture,understand,instructions,verb_object,dobj,"I never need to question whether he understood the instructions I provided, or whether he will need follow-up assistance."
183,Benjamin Roberts,Positive Feedback,Work Culture,understand,he,verb_subject,nsubj,"I never need to question whether he understood the instructions I provided, or whether he will need follow-up assistance."
183,Benjamin Roberts,Positive Feedback,Work Culture,provide,i,verb_subject,nsubj,"I never need to question whether he understood the instructions I provided, or whether he will need follow-up assistance."
183,Benjamin Roberts,Positive Feedback,Work Culture,need,follow assistance,verb_object,dobj,"I never need to question whether he understood the instructions I provided, or whether he will need follow-up assistance."
183,Benjamin Roberts,Positive Feedback,Work Culture,need,he,verb_subject,nsubj,"I never need to question whether he understood the instructions I provided, or whether he will need follow-up assistance."
183,Benjamin Roberts,Positive Feedback,Work Culture,follow,follow assistance,adjective_modifies_noun,amod,"I never need to question whether he understood the instructions I provided, or whether he will need follow-up assistance."
183,Benjamin Roberts,Positive Feedback,Work Culture,love,i,verb_subject,nsubj,I love that he's self-motivated and confident enough to complete tasks independently.
183,Benjamin Roberts,Positive Feedback,Work Culture,complete,tasks,verb_object,dobj,I love that he's self-motivated and confident enough to complete tasks independently.
183,Benjamin Roberts,Positive Feedback,Work Culture,face,facing projects,adjective_modifies_noun,amod,"However, because Benjamin is not interested in the client-facing projects available at our company I do not see him advancing much further in his positions since he is not interested in taking on jobs with more of a challenge."
183,Benjamin Roberts,Positive Feedback,Work Culture,available,facing projects,adjective_modifies_noun,amod,"However, because Benjamin is not interested in the client-facing projects available at our company I do not see him advancing much further in his positions since he is not interested in taking on jobs with more of a challenge."
183,Benjamin Roberts,Positive Feedback,Work Culture,see,i,verb_subject,nsubj,"However, because Benjamin is not interested in the client-facing projects available at our company I do not see him advancing much further in his positions since he is not interested in taking on jobs with more of a challenge."
183,Benjamin Roberts,Positive Feedback,Work Culture,advance,positions,verb_preposition_in,prep->pobj,"However, because Benjamin is not interested in the client-facing projects available at our company I do not see him advancing much further in his positions since he is not interested in taking on jobs with more of a challenge."
183,Benjamin Roberts,Positive Feedback,Work Culture,advance,him,verb_subject,nsubj,"However, because Benjamin is not interested in the client-facing projects available at our company I do not see him advancing much further in his positions since he is not interested in taking on jobs with more of a challenge."
183,Benjamin Roberts,Positive Feedback,Work Culture,take,jobs,verb_object,dobj,"However, because Benjamin is not interested in the client-facing projects available at our company I do not see him advancing much further in his positions since he is not interested in taking on jobs with more of a challenge."
182,Bruno Johns,Positive Feedback,Work Culture,have,strong showing,verb_object,dobj,Bruno Johns had a rather strong showing tis quarter with the sales volume.
182,Bruno Johns,Positive Feedback,Work Culture,have,bruno johns,verb_subject,nsubj,Bruno Johns had a rather strong showing tis quarter with the sales volume.
182,Bruno Johns,Positive Feedback,Work Culture,strong,strong showing,adjective_modifies_noun,amod,Bruno Johns had a rather strong showing tis quarter with the sales volume.
182,Bruno Johns,Positive Feedback,Work Culture,high,high performance,adjective_modifies_noun,amod,"Given his high performance this time around, I question his ability to continue in the long run."
182,Bruno Johns,Positive Feedback,Work Culture,around,time,adjective_modifies_noun,advmod,"Given his high performance this time around, I question his ability to continue in the long run."
182,Bruno Johns,Positive Feedback,Work Culture,question,ability,verb_object,dobj,"Given his high performance this time around, I question his ability to continue in the long run."
182,Bruno Johns,Positive Feedback,Work Culture,question,high performance,verb_preposition_given,prep->pobj,"Given his high performance this time around, I question his ability to continue in the long run."
182,Bruno Johns,Positive Feedback,Work Culture,question,i,verb_subject,nsubj,"Given his high performance this time around, I question his ability to continue in the long run."
182,Bruno Johns,Positive Feedback,Work Culture,continue,long run,verb_preposition_in,prep->pobj,"Given his high performance this time around, I question his ability to continue in the long run."
182,Bruno Johns,Positive Feedback,Work Culture,long,long run,adjective_modifies_noun,amod,"Given his high performance this time around, I question his ability to continue in the long run."
182,Bruno Johns,Positive Feedback,Work Culture,need,we,verb_subject,nsubj,We will need to evaluate further to gain a better understanding.
182,Bruno Johns,Positive Feedback,Work Culture,gain,better understanding,verb_object,dobj,We will need to evaluate further to gain a better understanding.
182,Bruno Johns,Positive Feedback,Work Culture,well,better understanding,adjective_modifies_noun,amod,We will need to evaluate further to gain a better understanding.
182,Bruno Johns,Positive Feedback,Work Culture,work,he,verb_subject,nsubj,He works hard but also has other priorities.
182,Bruno Johns,Positive Feedback,Work Culture,have,other priorities,verb_object,dobj,He works hard but also has other priorities.
182,Bruno Johns,Positive Feedback,Work Culture,other,other priorities,adjective_modifies_noun,amod,He works hard but also has other priorities.
181,Bruno Johns,Positive Feedback,Career Growth,perform,.he,verb_object,dobj,Bruno johns is person who performs really great .He is a solid performer.
181,Bruno Johns,Positive Feedback,Career Growth,perform,who,verb_subject,nsubj,Bruno johns is person who performs really great .He is a solid performer.
181,Bruno Johns,Positive Feedback,Career Growth,solid,solid performer,adjective_modifies_noun,amod,Bruno johns is person who performs really great .He is a solid performer.
181,Bruno Johns,Positive Feedback,Career Growth,do,job,verb_preposition_in,prep->pobj,He also does his best in every job assigned .
181,Bruno Johns,Positive Feedback,Career Growth,do,he,verb_subject,nsubj,He also does his best in every job assigned .
179,Bruno Johns,Positive Feedback,Management Issues,meet,established job expectations,verb_object,dobj,The employee fully meets the established job expectations and is a reliable and solid performer.
179,Bruno Johns,Positive Feedback,Management Issues,meet,employee,verb_subject,nsubj,The employee fully meets the established job expectations and is a reliable and solid performer.
179,Bruno Johns,Positive Feedback,Management Issues,establish,established job expectations,adjective_modifies_noun,amod,The employee fully meets the established job expectations and is a reliable and solid performer.
179,Bruno Johns,Positive Feedback,Management Issues,reliable,reliable performer,adjective_modifies_noun,amod,The employee fully meets the established job expectations and is a reliable and solid performer.
179,Bruno Johns,Positive Feedback,Management Issues,perform,employee,verb_subject,nsubj,The employee generally performs well and requires little additional guidance.
179,Bruno Johns,Positive Feedback,Management Issues,require,little additional guidance,verb_object,dobj,The employee generally performs well and requires little additional guidance.
179,Bruno Johns,Positive Feedback,Management Issues,little,little additional guidance,adjective_modifies_noun,amod,The employee generally performs well and requires little additional guidance.
179,Bruno Johns,Positive Feedback,Management Issues,additional,little additional guidance,adjective_modifies_noun,amod,The employee generally performs well and requires little additional guidance.
179,Bruno Johns,Positive Feedback,Management Issues,demonstrate,initiative,verb_object,dobj,The individual demonstrates initiative to meet goals and objectives of the position.
179,Bruno Johns,Positive Feedback,Management Issues,demonstrate,individual,verb_subject,nsubj,The individual demonstrates initiative to meet goals and objectives of the position.
179,Bruno Johns,Positive Feedback,Management Issues,meet,goals,verb_object,dobj,The individual demonstrates initiative to meet goals and objectives of the position.
177,Bruno Johns,Positive Feedback,Work Culture,definite,definite asset,adjective_modifies_noun,amod,John Bruno is a definite asset to your dealership.
177,Bruno Johns,Positive Feedback,Work Culture,deal,him,verb_preposition_with,prep->pobj,I am so happy to be dealing with him during the termination of my 7th vehicle.
177,Bruno Johns,Positive Feedback,Work Culture,deal,termination,verb_preposition_during,prep->pobj,I am so happy to be dealing with him during the termination of my 7th vehicle.
177,Bruno Johns,Positive Feedback,Work Culture,7th,7th vehicle,adjective_modifies_noun,amod,I am so happy to be dealing with him during the termination of my 7th vehicle.
177,Bruno Johns,Positive Feedback,Work Culture,understand,he,verb_subject,nsubj,He and I understood each other and we were able to make this a very pleasant experience.
177,Bruno Johns,Positive Feedback,Work Culture,pleasant,pleasant experience,adjective_modifies_noun,amod,He and I understood each other and we were able to make this a very pleasant experience.
177,Bruno Johns,Positive Feedback,Work Culture,close,deal,verb_object,dobj,"He was instrumental in closing this deal with me, as I had already decided that I was not going to return."
177,Bruno Johns,Positive Feedback,Work Culture,close,me,verb_preposition_with,prep->pobj,"He was instrumental in closing this deal with me, as I had already decided that I was not going to return."
177,Bruno Johns,Positive Feedback,Work Culture,decide,i,verb_subject,nsubj,"He was instrumental in closing this deal with me, as I had already decided that I was not going to return."
177,Bruno Johns,Positive Feedback,Work Culture,go,i,verb_subject,nsubj,"He was instrumental in closing this deal with me, as I had already decided that I was not going to return."
177,Bruno Johns,Positive Feedback,Work Culture,make,john,verb_subject,nsubj,"However, John made me the offer I was expecting to get initially."
177,Bruno Johns,Positive Feedback,Work Culture,expect,i,verb_subject,nsubj,"However, John made me the offer I was expecting to get initially."
177,Bruno Johns,Positive Feedback,Work Culture,great,great salesperson,adjective_modifies_noun,amod,"He is a great salesperson, and my husband and I will probably be back to work with him for our 8th and 9th lease."
177,Bruno Johns,Positive Feedback,Work Culture,work,him,verb_preposition_with,prep->pobj,"He is a great salesperson, and my husband and I will probably be back to work with him for our 8th and 9th lease."
177,Bruno Johns,Positive Feedback,Work Culture,work,8th lease,verb_preposition_for,prep->pobj,"He is a great salesperson, and my husband and I will probably be back to work with him for our 8th and 9th lease."
177,Bruno Johns,Positive Feedback,Work Culture,8th,8th lease,adjective_modifies_noun,amod,"He is a great salesperson, and my husband and I will probably be back to work with him for our 8th and 9th lease."
235,Benjamin Roberts,Positive Feedback,Work Culture,meet,harder worker,verb_object,dobj,I've never met a harder worker than Benjamin.
235,Benjamin Roberts,Positive Feedback,Work Culture,meet,i,verb_subject,nsubj,I've never met a harder worker than Benjamin.
235,Benjamin Roberts,Positive Feedback,Work Culture,hard,harder worker,adjective_modifies_noun,amod,I've never met a harder worker than Benjamin.
235,Benjamin Roberts,Positive Feedback,Work Culture,last,last person,adjective_modifies_noun,amod,He's usually the last person to leave the office and I'm always impressed by his dedication to client service.
235,Benjamin Roberts,Positive Feedback,Work Culture,leave,office,verb_object,dobj,He's usually the last person to leave the office and I'm always impressed by his dedication to client service.
235,Benjamin Roberts,Positive Feedback,Work Culture,impressed,i,copular_description,nsubjpass,He's usually the last person to leave the office and I'm always impressed by his dedication to client service.
235,Benjamin Roberts,Positive Feedback,Work Culture,jump,new projects,verb_preposition_on,prep->pobj,His work is impeccable and he is always eager to jump on new projects and expand his skillset.
235,Benjamin Roberts,Positive Feedback,Work Culture,new,new projects,adjective_modifies_noun,amod,His work is impeccable and he is always eager to jump on new projects and expand his skillset.
235,Benjamin Roberts,Positive Feedback,Work Culture,expand,skillset,verb_object,dobj,His work is impeccable and he is always eager to jump on new projects and expand his skillset.
235,Benjamin Roberts,Positive Feedback,Work Culture,see,i,verb_subject,nsubj,"Unfortunately he is so shy and reserved that I don't see him being able to make the jump up to the director level, since that position requires him to be much more aggressive about building and creating client relationships."
235,Benjamin Roberts,Positive Feedback,Work Culture,make,jump,verb_object,dobj,"Unfortunately he is so shy and reserved that I don't see him being able to make the jump up to the director level, since that position requires him to be much more aggressive about building and creating client relationships."
235,Benjamin Roberts,Positive Feedback,Work Culture,require,him,verb_object,dobj,"Unfortunately he is so shy and reserved that I don't see him being able to make the jump up to the director level, since that position requires him to be much more aggressive about building and creating client relationships."
235,Benjamin Roberts,Positive Feedback,Work Culture,require,position,verb_subject,nsubj,"Unfortunately he is so shy and reserved that I don't see him being able to make the jump up to the director level, since that position requires him to be much more aggressive about building and creating client relationships."
235,Benjamin Roberts,Positive Feedback,Work Culture,create,client relationships,verb_object,dobj,"Unfortunately he is so shy and reserved that I don't see him being able to make the jump up to the director level, since that position requires him to be much more aggressive about building and creating client relationships."
201,Matthew Reid,Positive Feedback,Work Culture,consider,i,verb_subject,nsubj,I consider Matthew to be the true quarterback of my team of analysts.
201,Matthew Reid,Positive Feedback,Work Culture,true,true quarterback,adjective_modifies_noun,amod,I consider Matthew to be the true quarterback of my team of analysts.
201,Matthew Reid,Positive Feedback,Work Culture,respect,advice,verb_object,dobj,"He is so reliable and his colleagues really respect his advice and opinions about research analysis, report drafting, and client interactions."
201,Matthew Reid,Positive Feedback,Work Culture,respect,colleagues,verb_subject,nsubj,"He is so reliable and his colleagues really respect his advice and opinions about research analysis, report drafting, and client interactions."
201,Matthew Reid,Positive Feedback,Work Culture,report,drafting,verb_object,dobj,"He is so reliable and his colleagues really respect his advice and opinions about research analysis, report drafting, and client interactions."
201,Matthew Reid,Positive Feedback,Work Culture,think,i,verb_subject,nsubj,"Unfortunately, however, I think Matthew's chances of promotion to the partner level are slim."
201,Matthew Reid,Positive Feedback,Work Culture,demonstrate,enough ambition,verb_object,dobj,"He hasn't demonstrated enough ambition or boldness to be able to bring in new client business, and this personality limitation is going to be a hindrance that will be very hard for him to overcome."
201,Matthew Reid,Positive Feedback,Work Culture,demonstrate,he,verb_subject,nsubj,"He hasn't demonstrated enough ambition or boldness to be able to bring in new client business, and this personality limitation is going to be a hindrance that will be very hard for him to overcome."
201,Matthew Reid,Positive Feedback,Work Culture,enough,enough ambition,adjective_modifies_noun,amod,"He hasn't demonstrated enough ambition or boldness to be able to bring in new client business, and this personality limitation is going to be a hindrance that will be very hard for him to overcome."
201,Matthew Reid,Positive Feedback,Work Culture,bring,new client business,verb_object,dobj,"He hasn't demonstrated enough ambition or boldness to be able to bring in new client business, and this personality limitation is going to be a hindrance that will be very hard for him to overcome."
201,Matthew Reid,Positive Feedback,Work Culture,new,new client business,adjective_modifies_noun,amod,"He hasn't demonstrated enough ambition or boldness to be able to bring in new client business, and this personality limitation is going to be a hindrance that will be very hard for him to overcome."
201,Matthew Reid,Positive Feedback,Work Culture,go,personality limitation,verb_subject,nsubj,"He hasn't demonstrated enough ambition or boldness to be able to bring in new client business, and this personality limitation is going to be a hindrance that will be very hard for him to overcome."
201,Matthew Reid,Positive Feedback,Work Culture,overcome,him,verb_subject,nsubj,"He hasn't demonstrated enough ambition or boldness to be able to bring in new client business, and this personality limitation is going to be a hindrance that will be very hard for him to overcome."
203,Matthew Reid,Positive Feedback,Work Culture,step,foot,verb_object,dobj,"Matthew never steps a foot wrong, he always gets the job done to a well standard and is a joy to work with."
203,Matthew Reid,Positive Feedback,Work Culture,step,matthew,verb_subject,nsubj,"Matthew never steps a foot wrong, he always gets the job done to a well standard and is a joy to work with."
203,Matthew Reid,Positive Feedback,Work Culture,get,job,verb_object,dobj,"Matthew never steps a foot wrong, he always gets the job done to a well standard and is a joy to work with."
203,Matthew Reid,Positive Feedback,Work Culture,get,he,verb_subject,nsubj,"Matthew never steps a foot wrong, he always gets the job done to a well standard and is a joy to work with."
203,Matthew Reid,Positive Feedback,Work Culture,do,well standard,verb_preposition_to,prep->pobj,"Matthew never steps a foot wrong, he always gets the job done to a well standard and is a joy to work with."
203,Matthew Reid,Positive Feedback,Work Culture,well,well standard,adjective_modifies_noun,amod,"Matthew never steps a foot wrong, he always gets the job done to a well standard and is a joy to work with."
203,Matthew Reid,Positive Feedback,Work Culture,make,matthew,verb_subject,nsubj,"Matthew makes sure he listens to others and uses their feedback to help better his work, which allows him to never step a foot wrong."
203,Matthew Reid,Positive Feedback,Work Culture,listen,others,verb_preposition_to,prep->pobj,"Matthew makes sure he listens to others and uses their feedback to help better his work, which allows him to never step a foot wrong."
203,Matthew Reid,Positive Feedback,Work Culture,listen,he,verb_subject,nsubj,"Matthew makes sure he listens to others and uses their feedback to help better his work, which allows him to never step a foot wrong."
203,Matthew Reid,Positive Feedback,Work Culture,use,feedback,verb_object,dobj,"Matthew makes sure he listens to others and uses their feedback to help better his work, which allows him to never step a foot wrong."
203,Matthew Reid,Positive Feedback,Work Culture,help,work,verb_object,dobj,"Matthew makes sure he listens to others and uses their feedback to help better his work, which allows him to never step a foot wrong."
203,Matthew Reid,Positive Feedback,Work Culture,allow,which,verb_subject,nsubj,"Matthew makes sure he listens to others and uses their feedback to help better his work, which allows him to never step a foot wrong."
203,Matthew Reid,Positive Feedback,Work Culture,step,foot,verb_object,dobj,"Matthew makes sure he listens to others and uses their feedback to help better his work, which allows him to never step a foot wrong."
203,Matthew Reid,Positive Feedback,Work Culture,step,him,verb_subject,nsubj,"Matthew makes sure he listens to others and uses their feedback to help better his work, which allows him to never step a foot wrong."
203,Matthew Reid,Positive Feedback,Work Culture,wrong,foot,adjective_modifies_noun,amod,"Matthew makes sure he listens to others and uses their feedback to help better his work, which allows him to never step a foot wrong."
203,Matthew Reid,Positive Feedback,Work Culture,try,matthew,verb_subject,nsubj,"Matthew should try and discuss ideas with others which may help take his work to that next stage, it'll not only mean better quality work but it'll show that he has great leadership skills."
203,Matthew Reid,Positive Feedback,Work Culture,discuss,ideas,verb_object,dobj,"Matthew should try and discuss ideas with others which may help take his work to that next stage, it'll not only mean better quality work but it'll show that he has great leadership skills."
203,Matthew Reid,Positive Feedback,Work Culture,discuss,others,verb_preposition_with,prep->pobj,"Matthew should try and discuss ideas with others which may help take his work to that next stage, it'll not only mean better quality work but it'll show that he has great leadership skills."
203,Matthew Reid,Positive Feedback,Work Culture,help,which,verb_subject,nsubj,"Matthew should try and discuss ideas with others which may help take his work to that next stage, it'll not only mean better quality work but it'll show that he has great leadership skills."
203,Matthew Reid,Positive Feedback,Work Culture,take,work,verb_object,dobj,"Matthew should try and discuss ideas with others which may help take his work to that next stage, it'll not only mean better quality work but it'll show that he has great leadership skills."
203,Matthew Reid,Positive Feedback,Work Culture,take,next stage,verb_preposition_to,prep->pobj,"Matthew should try and discuss ideas with others which may help take his work to that next stage, it'll not only mean better quality work but it'll show that he has great leadership skills."
203,Matthew Reid,Positive Feedback,Work Culture,next,next stage,adjective_modifies_noun,amod,"Matthew should try and discuss ideas with others which may help take his work to that next stage, it'll not only mean better quality work but it'll show that he has great leadership skills."
203,Matthew Reid,Positive Feedback,Work Culture,mean,better quality work,verb_object,dobj,"Matthew should try and discuss ideas with others which may help take his work to that next stage, it'll not only mean better quality work but it'll show that he has great leadership skills."
203,Matthew Reid,Positive Feedback,Work Culture,mean,it,verb_subject,nsubj,"Matthew should try and discuss ideas with others which may help take his work to that next stage, it'll not only mean better quality work but it'll show that he has great leadership skills."
203,Matthew Reid,Positive Feedback,Work Culture,well,better quality work,adjective_modifies_noun,amod,"Matthew should try and discuss ideas with others which may help take his work to that next stage, it'll not only mean better quality work but it'll show that he has great leadership skills."
203,Matthew Reid,Positive Feedback,Work Culture,show,it,verb_subject,nsubj,"Matthew should try and discuss ideas with others which may help take his work to that next stage, it'll not only mean better quality work but it'll show that he has great leadership skills."
203,Matthew Reid,Positive Feedback,Work Culture,have,great leadership skills,verb_object,dobj,"Matthew should try and discuss ideas with others which may help take his work to that next stage, it'll not only mean better quality work but it'll show that he has great leadership skills."
203,Matthew Reid,Positive Feedback,Work Culture,have,he,verb_subject,nsubj,"Matthew should try and discuss ideas with others which may help take his work to that next stage, it'll not only mean better quality work but it'll show that he has great leadership skills."
203,Matthew Reid,Positive Feedback,Work Culture,great,great leadership skills,adjective_modifies_noun,amod,"Matthew should try and discuss ideas with others which may help take his work to that next stage, it'll not only mean better quality work but it'll show that he has great leadership skills."
189,Benjamin Roberts,Positive Feedback,Work Culture,rely,that,verb_preposition_on,prep->pobj,Benjamin is someone that I can always rely on to turn in strong work.
189,Benjamin Roberts,Positive Feedback,Work Culture,rely,i,verb_subject,nsubj,Benjamin is someone that I can always rely on to turn in strong work.
189,Benjamin Roberts,Positive Feedback,Work Culture,turn,strong work,verb_object,dobj,Benjamin is someone that I can always rely on to turn in strong work.
189,Benjamin Roberts,Positive Feedback,Work Culture,strong,strong work,adjective_modifies_noun,amod,Benjamin is someone that I can always rely on to turn in strong work.
189,Benjamin Roberts,Positive Feedback,Work Culture,meet,deadlines,verb_object,dobj,"He always meets his deadlines, but more often he will turn in work several days early, which I always appreciate."
189,Benjamin Roberts,Positive Feedback,Work Culture,meet,he,verb_subject,nsubj,"He always meets his deadlines, but more often he will turn in work several days early, which I always appreciate."
189,Benjamin Roberts,Positive Feedback,Work Culture,turn,he,verb_subject,nsubj,"He always meets his deadlines, but more often he will turn in work several days early, which I always appreciate."
189,Benjamin Roberts,Positive Feedback,Work Culture,several,several days,adjective_modifies_noun,amod,"He always meets his deadlines, but more often he will turn in work several days early, which I always appreciate."
189,Benjamin Roberts,Positive Feedback,Work Culture,appreciate,which,verb_object,dobj,"He always meets his deadlines, but more often he will turn in work several days early, which I always appreciate."
189,Benjamin Roberts,Positive Feedback,Work Culture,appreciate,i,verb_subject,nsubj,"He always meets his deadlines, but more often he will turn in work several days early, which I always appreciate."
189,Benjamin Roberts,Positive Feedback,Work Culture,have,more room,verb_object,dobj,"He doesn't have much more room to grow and improve but ultimately I appreciate that Benjamin is a rock on his team who's always steady, stable, and ready to get the job done."
189,Benjamin Roberts,Positive Feedback,Work Culture,have,he,verb_subject,nsubj,"He doesn't have much more room to grow and improve but ultimately I appreciate that Benjamin is a rock on his team who's always steady, stable, and ready to get the job done."
189,Benjamin Roberts,Positive Feedback,Work Culture,more,more room,adjective_modifies_noun,amod,"He doesn't have much more room to grow and improve but ultimately I appreciate that Benjamin is a rock on his team who's always steady, stable, and ready to get the job done."
189,Benjamin Roberts,Positive Feedback,Work Culture,appreciate,i,verb_subject,nsubj,"He doesn't have much more room to grow and improve but ultimately I appreciate that Benjamin is a rock on his team who's always steady, stable, and ready to get the job done."
189,Benjamin Roberts,Positive Feedback,Work Culture,do,job,verb_subject,nsubj,"He doesn't have much more room to grow and improve but ultimately I appreciate that Benjamin is a rock on his team who's always steady, stable, and ready to get the job done."
189,Benjamin Roberts,Positive Feedback,Work Culture,receive,him,verb_preposition_from,prep->pobj,I've been very happy with the reports that I've received from him.
189,Benjamin Roberts,Positive Feedback,Work Culture,receive,i,verb_subject,nsubj,I've been very happy with the reports that I've received from him.
231,Braydon Terrell,Positive Feedback,Career Growth,solid,solid performer,adjective_modifies_noun,amod,Braydon Terrell has been a solid performer for our company this quarter.
231,Braydon Terrell,Positive Feedback,Career Growth,demonstrate,high performance,verb_object,dobj,He has demonstrated high performance in his ability to cultivate and maintain sales.
231,Braydon Terrell,Positive Feedback,Career Growth,demonstrate,he,verb_subject,nsubj,He has demonstrated high performance in his ability to cultivate and maintain sales.
231,Braydon Terrell,Positive Feedback,Career Growth,high,high performance,adjective_modifies_noun,amod,He has demonstrated high performance in his ability to cultivate and maintain sales.
231,Braydon Terrell,Positive Feedback,Career Growth,maintain,sales,verb_object,dobj,He has demonstrated high performance in his ability to cultivate and maintain sales.
231,Braydon Terrell,Positive Feedback,Career Growth,do,resources,verb_preposition_with,prep->pobj,"He does well with the resources and contacts that have been given to him, and has worked at a steady level."
231,Braydon Terrell,Positive Feedback,Career Growth,do,he,verb_subject,nsubj,"He does well with the resources and contacts that have been given to him, and has worked at a steady level."
231,Braydon Terrell,Positive Feedback,Career Growth,give,that,verb_subject,nsubjpass,"He does well with the resources and contacts that have been given to him, and has worked at a steady level."
231,Braydon Terrell,Positive Feedback,Career Growth,work,steady level,verb_preposition_at,prep->pobj,"He does well with the resources and contacts that have been given to him, and has worked at a steady level."
231,Braydon Terrell,Positive Feedback,Career Growth,steady,steady level,adjective_modifies_noun,amod,"He does well with the resources and contacts that have been given to him, and has worked at a steady level."
231,Braydon Terrell,Positive Feedback,Career Growth,demonstrate,potential,verb_object,dobj,"Mr. Terrell has not demonstrated the potential to build upon the sales that he makes, but continues to do well with existing clients."
231,Braydon Terrell,Positive Feedback,Career Growth,demonstrate,mr. terrell,verb_subject,nsubj,"Mr. Terrell has not demonstrated the potential to build upon the sales that he makes, but continues to do well with existing clients."
231,Braydon Terrell,Positive Feedback,Career Growth,build,sales,verb_preposition_upon,prep->pobj,"Mr. Terrell has not demonstrated the potential to build upon the sales that he makes, but continues to do well with existing clients."
231,Braydon Terrell,Positive Feedback,Career Growth,make,that,verb_object,dobj,"Mr. Terrell has not demonstrated the potential to build upon the sales that he makes, but continues to do well with existing clients."
231,Braydon Terrell,Positive Feedback,Career Growth,make,he,verb_subject,nsubj,"Mr. Terrell has not demonstrated the potential to build upon the sales that he makes, but continues to do well with existing clients."
231,Braydon Terrell,Positive Feedback,Career Growth,do,existing clients,verb_preposition_with,prep->pobj,"Mr. Terrell has not demonstrated the potential to build upon the sales that he makes, but continues to do well with existing clients."
231,Braydon Terrell,Positive Feedback,Career Growth,exist,existing clients,adjective_modifies_noun,amod,"Mr. Terrell has not demonstrated the potential to build upon the sales that he makes, but continues to do well with existing clients."
204,Conner Mcintyre,Positive Feedback,Management Issues,meet,established job expectations,verb_object,dobj,The employee fully meets the established job expectations and is a reliable and solid performer.
204,Conner Mcintyre,Positive Feedback,Management Issues,meet,employee,verb_subject,nsubj,The employee fully meets the established job expectations and is a reliable and solid performer.
204,Conner Mcintyre,Positive Feedback,Management Issues,establish,established job expectations,adjective_modifies_noun,amod,The employee fully meets the established job expectations and is a reliable and solid performer.
204,Conner Mcintyre,Positive Feedback,Management Issues,reliable,reliable performer,adjective_modifies_noun,amod,The employee fully meets the established job expectations and is a reliable and solid performer.
204,Conner Mcintyre,Positive Feedback,Management Issues,perform,employee,verb_subject,nsubj,The employee generally performs well and requires little additional guidance.
204,Conner Mcintyre,Positive Feedback,Management Issues,require,little additional guidance,verb_object,dobj,The employee generally performs well and requires little additional guidance.
204,Conner Mcintyre,Positive Feedback,Management Issues,little,little additional guidance,adjective_modifies_noun,amod,The employee generally performs well and requires little additional guidance.
204,Conner Mcintyre,Positive Feedback,Management Issues,additional,little additional guidance,adjective_modifies_noun,amod,The employee generally performs well and requires little additional guidance.
204,Conner Mcintyre,Positive Feedback,Management Issues,demonstrate,initiative,verb_object,dobj,The individual demonstrates initiative to meet goals and objectives of the position.
204,Conner Mcintyre,Positive Feedback,Management Issues,demonstrate,individual,verb_subject,nsubj,The individual demonstrates initiative to meet goals and objectives of the position.
204,Conner Mcintyre,Positive Feedback,Management Issues,meet,goals,verb_object,dobj,The individual demonstrates initiative to meet goals and objectives of the position.
230,Braydon Terrell,Positive Feedback,Management Issues,earn,solid performer rating,verb_object,dobj,Braydon Terell has earned the solid performer rating during the current evaluation period.
230,Braydon Terrell,Positive Feedback,Management Issues,earn,braydon terell,verb_subject,nsubj,Braydon Terell has earned the solid performer rating during the current evaluation period.
230,Braydon Terrell,Positive Feedback,Management Issues,solid,solid performer rating,adjective_modifies_noun,amod,Braydon Terell has earned the solid performer rating during the current evaluation period.
230,Braydon Terrell,Positive Feedback,Management Issues,current,current evaluation period,adjective_modifies_noun,amod,Braydon Terell has earned the solid performer rating during the current evaluation period.
230,Braydon Terrell,Positive Feedback,Management Issues,excel,repetitive simple tasks,verb_object,dobj,"During this time he has excelled in repetitive, simple tasks that required basic knowledge of the business."
230,Braydon Terrell,Positive Feedback,Management Issues,excel,time,verb_preposition_during,prep->pobj,"During this time he has excelled in repetitive, simple tasks that required basic knowledge of the business."
230,Braydon Terrell,Positive Feedback,Management Issues,excel,he,verb_subject,nsubj,"During this time he has excelled in repetitive, simple tasks that required basic knowledge of the business."
230,Braydon Terrell,Positive Feedback,Management Issues,repetitive,repetitive simple tasks,adjective_modifies_noun,amod,"During this time he has excelled in repetitive, simple tasks that required basic knowledge of the business."
230,Braydon Terrell,Positive Feedback,Management Issues,simple,repetitive simple tasks,adjective_modifies_noun,amod,"During this time he has excelled in repetitive, simple tasks that required basic knowledge of the business."
230,Braydon Terrell,Positive Feedback,Management Issues,require,basic knowledge,verb_object,dobj,"During this time he has excelled in repetitive, simple tasks that required basic knowledge of the business."
230,Braydon Terrell,Positive Feedback,Management Issues,require,that,verb_subject,nsubj,"During this time he has excelled in repetitive, simple tasks that required basic knowledge of the business."
230,Braydon Terrell,Positive Feedback,Management Issues,basic,basic knowledge,adjective_modifies_noun,amod,"During this time he has excelled in repetitive, simple tasks that required basic knowledge of the business."
230,Braydon Terrell,Positive Feedback,Management Issues,master,introductory assignments,verb_object,dobj,"He has mastered these introductory assignments, but has shown little desire to go beyond to more complex ones requiring mental agility and judgment calls."
230,Braydon Terrell,Positive Feedback,Management Issues,master,he,verb_subject,nsubj,"He has mastered these introductory assignments, but has shown little desire to go beyond to more complex ones requiring mental agility and judgment calls."
230,Braydon Terrell,Positive Feedback,Management Issues,introductory,introductory assignments,adjective_modifies_noun,amod,"He has mastered these introductory assignments, but has shown little desire to go beyond to more complex ones requiring mental agility and judgment calls."
230,Braydon Terrell,Positive Feedback,Management Issues,show,little desire,verb_object,dobj,"He has mastered these introductory assignments, but has shown little desire to go beyond to more complex ones requiring mental agility and judgment calls."
230,Braydon Terrell,Positive Feedback,Management Issues,little,little desire,adjective_modifies_noun,amod,"He has mastered these introductory assignments, but has shown little desire to go beyond to more complex ones requiring mental agility and judgment calls."
230,Braydon Terrell,Positive Feedback,Management Issues,go,complex ones,verb_preposition_to,prep->pobj,"He has mastered these introductory assignments, but has shown little desire to go beyond to more complex ones requiring mental agility and judgment calls."
230,Braydon Terrell,Positive Feedback,Management Issues,complex,complex ones,adjective_modifies_noun,amod,"He has mastered these introductory assignments, but has shown little desire to go beyond to more complex ones requiring mental agility and judgment calls."
230,Braydon Terrell,Positive Feedback,Management Issues,require,mental agility,verb_object,dobj,"He has mastered these introductory assignments, but has shown little desire to go beyond to more complex ones requiring mental agility and judgment calls."
230,Braydon Terrell,Positive Feedback,Management Issues,mental,mental agility,adjective_modifies_noun,amod,"He has mastered these introductory assignments, but has shown little desire to go beyond to more complex ones requiring mental agility and judgment calls."
230,Braydon Terrell,Positive Feedback,Management Issues,shy,he,verb_subject,nsubj,"Also, he shies away from assignments requiring interpersonal contact with internal and external customers."
230,Braydon Terrell,Positive Feedback,Management Issues,require,interpersonal contact,verb_object,dobj,"Also, he shies away from assignments requiring interpersonal contact with internal and external customers."
230,Braydon Terrell,Positive Feedback,Management Issues,interpersonal,interpersonal contact,adjective_modifies_noun,amod,"Also, he shies away from assignments requiring interpersonal contact with internal and external customers."
230,Braydon Terrell,Positive Feedback,Management Issues,internal,internal customers,adjective_modifies_noun,amod,"Also, he shies away from assignments requiring interpersonal contact with internal and external customers."
230,Braydon Terrell,Positive Feedback,Management Issues,think,we,verb_subject,nsubj,"We think he can do more, but he needs to communicate this preference if he wants to advance."
230,Braydon Terrell,Positive Feedback,Management Issues,do,he,verb_subject,nsubj,"We think he can do more, but he needs to communicate this preference if he wants to advance."
230,Braydon Terrell,Positive Feedback,Management Issues,need,he,verb_subject,nsubj,"We think he can do more, but he needs to communicate this preference if he wants to advance."
230,Braydon Terrell,Positive Feedback,Management Issues,communicate,preference,verb_object,dobj,"We think he can do more, but he needs to communicate this preference if he wants to advance."
230,Braydon Terrell,Positive Feedback,Management Issues,want,he,verb_subject,nsubj,"We think he can do more, but he needs to communicate this preference if he wants to advance."
229,Braydon Terrell,Positive Feedback,Career Growth,base,based activities,adjective_modifies_noun,amod,Braydon is great with performance based activities on the job.
229,Braydon Terrell,Positive Feedback,Career Growth,have,difficult time,verb_object,dobj,He has a difficult time keeping motivation for the long term goals this company has.
229,Braydon Terrell,Positive Feedback,Career Growth,have,he,verb_subject,nsubj,He has a difficult time keeping motivation for the long term goals this company has.
229,Braydon Terrell,Positive Feedback,Career Growth,difficult,difficult time,adjective_modifies_noun,amod,He has a difficult time keeping motivation for the long term goals this company has.
229,Braydon Terrell,Positive Feedback,Career Growth,keep,motivation,verb_object,dobj,He has a difficult time keeping motivation for the long term goals this company has.
229,Braydon Terrell,Positive Feedback,Career Growth,keep,term goals,verb_preposition_for,prep->pobj,He has a difficult time keeping motivation for the long term goals this company has.
229,Braydon Terrell,Positive Feedback,Career Growth,long,long term,adjective_modifies_noun,amod,He has a difficult time keeping motivation for the long term goals this company has.
229,Braydon Terrell,Positive Feedback,Career Growth,have,company,verb_subject,nsubj,He has a difficult time keeping motivation for the long term goals this company has.
229,Braydon Terrell,Positive Feedback,Career Growth,long,long term,adjective_modifies_noun,amod,"There might not be much of a future for this person, due to their lack of energy towards long-term goals."
229,Braydon Terrell,Positive Feedback,Career Growth,sadden,lack,verb_subject,nsubj,Their lack of promise is saddening since they conduct themselves so well on the day to day basis.
229,Braydon Terrell,Positive Feedback,Career Growth,conduct,themselves,verb_object,dobj,Their lack of promise is saddening since they conduct themselves so well on the day to day basis.
229,Braydon Terrell,Positive Feedback,Career Growth,conduct,basis,verb_preposition_on,prep->pobj,Their lack of promise is saddening since they conduct themselves so well on the day to day basis.
229,Braydon Terrell,Positive Feedback,Career Growth,conduct,they,verb_subject,nsubj,Their lack of promise is saddening since they conduct themselves so well on the day to day basis.
224,Nolan Jacobson,Positive Feedback,Career Growth,solid,solid performer,adjective_modifies_noun,amod,Nolan Jackson has been a solid performer for the company this quarter.
224,Nolan Jacobson,Positive Feedback,Career Growth,high,high performer,adjective_modifies_noun,amod,His ability as a high performer on various tasks has been extremely beneficial and reflective of his diverse skill set.
224,Nolan Jacobson,Positive Feedback,Career Growth,various,various tasks,adjective_modifies_noun,amod,His ability as a high performer on various tasks has been extremely beneficial and reflective of his diverse skill set.
224,Nolan Jacobson,Positive Feedback,Career Growth,diverse,diverse skill set,adjective_modifies_noun,amod,His ability as a high performer on various tasks has been extremely beneficial and reflective of his diverse skill set.
224,Nolan Jacobson,Positive Feedback,Career Growth,show,low potential,verb_object,dobj,"Nolan has shown a low potential for growth and development beyond the skills that he already possesses, however his strong contributions this quarter have been valuable to our company."
224,Nolan Jacobson,Positive Feedback,Career Growth,show,nolan,verb_subject,nsubj,"Nolan has shown a low potential for growth and development beyond the skills that he already possesses, however his strong contributions this quarter have been valuable to our company."
224,Nolan Jacobson,Positive Feedback,Career Growth,low,low potential,adjective_modifies_noun,amod,"Nolan has shown a low potential for growth and development beyond the skills that he already possesses, however his strong contributions this quarter have been valuable to our company."
224,Nolan Jacobson,Positive Feedback,Career Growth,possess,that,verb_object,dobj,"Nolan has shown a low potential for growth and development beyond the skills that he already possesses, however his strong contributions this quarter have been valuable to our company."
224,Nolan Jacobson,Positive Feedback,Career Growth,possess,he,verb_subject,nsubj,"Nolan has shown a low potential for growth and development beyond the skills that he already possesses, however his strong contributions this quarter have been valuable to our company."
224,Nolan Jacobson,Positive Feedback,Career Growth,strong,strong contributions,adjective_modifies_noun,amod,"Nolan has shown a low potential for growth and development beyond the skills that he already possesses, however his strong contributions this quarter have been valuable to our company."
223,Nolan Jacobson,Positive Feedback,Work Culture,critical,critical member,adjective_modifies_noun,amod,Nolan is a critical member to have on our team.
223,Nolan Jacobson,Positive Feedback,Work Culture,have,team,verb_preposition_on,prep->pobj,Nolan is a critical member to have on our team.
223,Nolan Jacobson,Positive Feedback,Work Culture,go,extra mile,verb_object,dobj,He is extremely conscientious about his work and is always willing to go the extra mile when I ask for extra volunteers on a last-minute project.
223,Nolan Jacobson,Positive Feedback,Work Culture,extra,extra mile,adjective_modifies_noun,amod,He is extremely conscientious about his work and is always willing to go the extra mile when I ask for extra volunteers on a last-minute project.
223,Nolan Jacobson,Positive Feedback,Work Culture,ask,extra volunteers,verb_preposition_for,prep->pobj,He is extremely conscientious about his work and is always willing to go the extra mile when I ask for extra volunteers on a last-minute project.
223,Nolan Jacobson,Positive Feedback,Work Culture,ask,minute project,verb_preposition_on,prep->pobj,He is extremely conscientious about his work and is always willing to go the extra mile when I ask for extra volunteers on a last-minute project.
223,Nolan Jacobson,Positive Feedback,Work Culture,ask,i,verb_subject,nsubj,He is extremely conscientious about his work and is always willing to go the extra mile when I ask for extra volunteers on a last-minute project.
223,Nolan Jacobson,Positive Feedback,Work Culture,extra,extra volunteers,adjective_modifies_noun,amod,He is extremely conscientious about his work and is always willing to go the extra mile when I ask for extra volunteers on a last-minute project.
223,Nolan Jacobson,Positive Feedback,Work Culture,last,last minute,adjective_modifies_noun,amod,He is extremely conscientious about his work and is always willing to go the extra mile when I ask for extra volunteers on a last-minute project.
223,Nolan Jacobson,Positive Feedback,Work Culture,believe,i,verb_subject,nsubj,"However, I believe that Nolan has already met his peak here in the company, since he seems a bit too shy and reserved to make it to the partner level."
223,Nolan Jacobson,Positive Feedback,Work Culture,meet,peak,verb_object,dobj,"However, I believe that Nolan has already met his peak here in the company, since he seems a bit too shy and reserved to make it to the partner level."
223,Nolan Jacobson,Positive Feedback,Work Culture,meet,nolan,verb_subject,nsubj,"However, I believe that Nolan has already met his peak here in the company, since he seems a bit too shy and reserved to make it to the partner level."
223,Nolan Jacobson,Positive Feedback,Work Culture,seem,he,verb_subject,nsubj,"However, I believe that Nolan has already met his peak here in the company, since he seems a bit too shy and reserved to make it to the partner level."
223,Nolan Jacobson,Positive Feedback,Work Culture,make,it,verb_object,dobj,"However, I believe that Nolan has already met his peak here in the company, since he seems a bit too shy and reserved to make it to the partner level."
223,Nolan Jacobson,Positive Feedback,Work Culture,make,partner level,verb_preposition_to,prep->pobj,"However, I believe that Nolan has already met his peak here in the company, since he seems a bit too shy and reserved to make it to the partner level."
223,Nolan Jacobson,Positive Feedback,Work Culture,need,partners,verb_subject,nsubj,Partners need to be aggressive about business development and seeking new clients and Nolan would struggle in that capacity.
223,Nolan Jacobson,Positive Feedback,Work Culture,seek,new clients,verb_object,dobj,Partners need to be aggressive about business development and seeking new clients and Nolan would struggle in that capacity.
223,Nolan Jacobson,Positive Feedback,Work Culture,new,new clients,adjective_modifies_noun,amod,Partners need to be aggressive about business development and seeking new clients and Nolan would struggle in that capacity.
223,Nolan Jacobson,Positive Feedback,Work Culture,struggle,capacity,verb_preposition_in,prep->pobj,Partners need to be aggressive about business development and seeking new clients and Nolan would struggle in that capacity.
225,Nolan Jacobson,Positive Feedback,Work Culture,earn,solid performer rating,verb_object,dobj,Nolan Jacobson has earned the solid performer rating for the evaluation period.
225,Nolan Jacobson,Positive Feedback,Work Culture,earn,nolan jacobson,verb_subject,nsubj,Nolan Jacobson has earned the solid performer rating for the evaluation period.
225,Nolan Jacobson,Positive Feedback,Work Culture,solid,solid performer rating,adjective_modifies_noun,amod,Nolan Jacobson has earned the solid performer rating for the evaluation period.
225,Nolan Jacobson,Positive Feedback,Work Culture,excel,time,verb_preposition_during,prep->pobj,"During this time, he has excelled at simple, repetitive tasks require some degree of analytical and quantitative skill."
225,Nolan Jacobson,Positive Feedback,Work Culture,excel,simple repetitive tasks,verb_preposition_at,prep->pobj,"During this time, he has excelled at simple, repetitive tasks require some degree of analytical and quantitative skill."
225,Nolan Jacobson,Positive Feedback,Work Culture,excel,he,verb_subject,nsubj,"During this time, he has excelled at simple, repetitive tasks require some degree of analytical and quantitative skill."
225,Nolan Jacobson,Positive Feedback,Work Culture,simple,simple repetitive tasks,adjective_modifies_noun,amod,"During this time, he has excelled at simple, repetitive tasks require some degree of analytical and quantitative skill."
225,Nolan Jacobson,Positive Feedback,Work Culture,repetitive,simple repetitive tasks,adjective_modifies_noun,amod,"During this time, he has excelled at simple, repetitive tasks require some degree of analytical and quantitative skill."
225,Nolan Jacobson,Positive Feedback,Work Culture,require,degree,verb_object,dobj,"During this time, he has excelled at simple, repetitive tasks require some degree of analytical and quantitative skill."
225,Nolan Jacobson,Positive Feedback,Work Culture,analytical,analytical skill,adjective_modifies_noun,amod,"During this time, he has excelled at simple, repetitive tasks require some degree of analytical and quantitative skill."
225,Nolan Jacobson,Positive Feedback,Work Culture,have,above average ability,verb_object,dobj,He has an above average ability to crunch large numbers of simple problems quickly.
225,Nolan Jacobson,Positive Feedback,Work Culture,have,he,verb_subject,nsubj,He has an above average ability to crunch large numbers of simple problems quickly.
225,Nolan Jacobson,Positive Feedback,Work Culture,above,above average ability,adjective_modifies_noun,amod,He has an above average ability to crunch large numbers of simple problems quickly.
225,Nolan Jacobson,Positive Feedback,Work Culture,average,above average ability,adjective_modifies_noun,amod,He has an above average ability to crunch large numbers of simple problems quickly.
225,Nolan Jacobson,Positive Feedback,Work Culture,crunch,large numbers,verb_object,dobj,He has an above average ability to crunch large numbers of simple problems quickly.
225,Nolan Jacobson,Positive Feedback,Work Culture,large,large numbers,adjective_modifies_noun,amod,He has an above average ability to crunch large numbers of simple problems quickly.
225,Nolan Jacobson,Positive Feedback,Work Culture,simple,simple problems,adjective_modifies_noun,amod,He has an above average ability to crunch large numbers of simple problems quickly.
225,Nolan Jacobson,Positive Feedback,Work Culture,think,we,verb_subject,nsubj,"While we think he has the ability to do more, he has not demonstrated the desire to work on other assignments or invest in the personal relationships needed to accomplish team projects."
225,Nolan Jacobson,Positive Feedback,Work Culture,have,ability,verb_object,dobj,"While we think he has the ability to do more, he has not demonstrated the desire to work on other assignments or invest in the personal relationships needed to accomplish team projects."
225,Nolan Jacobson,Positive Feedback,Work Culture,have,he,verb_subject,nsubj,"While we think he has the ability to do more, he has not demonstrated the desire to work on other assignments or invest in the personal relationships needed to accomplish team projects."
225,Nolan Jacobson,Positive Feedback,Work Culture,demonstrate,desire,verb_object,dobj,"While we think he has the ability to do more, he has not demonstrated the desire to work on other assignments or invest in the personal relationships needed to accomplish team projects."
225,Nolan Jacobson,Positive Feedback,Work Culture,demonstrate,he,verb_subject,nsubj,"While we think he has the ability to do more, he has not demonstrated the desire to work on other assignments or invest in the personal relationships needed to accomplish team projects."
225,Nolan Jacobson,Positive Feedback,Work Culture,work,other assignments,verb_preposition_on,prep->pobj,"While we think he has the ability to do more, he has not demonstrated the desire to work on other assignments or invest in the personal relationships needed to accomplish team projects."
225,Nolan Jacobson,Positive Feedback,Work Culture,other,other assignments,adjective_modifies_noun,amod,"While we think he has the ability to do more, he has not demonstrated the desire to work on other assignments or invest in the personal relationships needed to accomplish team projects."
225,Nolan Jacobson,Positive Feedback,Work Culture,invest,personal relationships,verb_preposition_in,prep->pobj,"While we think he has the ability to do more, he has not demonstrated the desire to work on other assignments or invest in the personal relationships needed to accomplish team projects."
225,Nolan Jacobson,Positive Feedback,Work Culture,personal,personal relationships,adjective_modifies_noun,amod,"While we think he has the ability to do more, he has not demonstrated the desire to work on other assignments or invest in the personal relationships needed to accomplish team projects."
225,Nolan Jacobson,Positive Feedback,Work Culture,accomplish,team projects,verb_object,dobj,"While we think he has the ability to do more, he has not demonstrated the desire to work on other assignments or invest in the personal relationships needed to accomplish team projects."
213,Emilia Davidson,Positive Feedback,Career Growth,great,great worker,adjective_modifies_noun,amod,Emilia is is a great worker.
213,Emilia Davidson,Positive Feedback,Career Growth,very,very detail,adjective_modifies_noun,amod,"She is always on time, is very detail oriented, and consistently produces high quality work."
213,Emilia Davidson,Positive Feedback,Career Growth,produce,high quality work,verb_object,dobj,"She is always on time, is very detail oriented, and consistently produces high quality work."
213,Emilia Davidson,Positive Feedback,Career Growth,high,high quality work,adjective_modifies_noun,amod,"She is always on time, is very detail oriented, and consistently produces high quality work."
213,Emilia Davidson,Positive Feedback,Career Growth,only,only concern,adjective_modifies_noun,amod,My only concern is that she does not respond well to feedback and is a bit complacent.
213,Emilia Davidson,Positive Feedback,Career Growth,respond,she,verb_subject,nsubj,My only concern is that she does not respond well to feedback and is a bit complacent.
213,Emilia Davidson,Positive Feedback,Career Growth,seem,she,verb_subject,nsubj,She does not seem to want to learn or improve and is happy with her current skill set.
213,Emilia Davidson,Positive Feedback,Career Growth,current,current skill set,adjective_modifies_noun,amod,She does not seem to want to learn or improve and is happy with her current skill set.
213,Emilia Davidson,Positive Feedback,Career Growth,skilled,skilled worker,adjective_modifies_noun,amod,She is a very skilled worker but is unlikely to improve or compromise.
221,Nolan Jacobson,Positive Feedback,Work Culture,keep,production levels,verb_object,dobj,Nolan Jacobson has kept production levels consistent.
221,Nolan Jacobson,Positive Feedback,Work Culture,keep,nolan jacobson,verb_subject,nsubj,Nolan Jacobson has kept production levels consistent.
221,Nolan Jacobson,Positive Feedback,Work Culture,count,nolan,verb_subject,nsubjpass,Nolan can be counted on to complete his work and goes beyond to provide more than is expected.
221,Nolan Jacobson,Positive Feedback,Work Culture,complete,work,verb_object,dobj,Nolan can be counted on to complete his work and goes beyond to provide more than is expected.
221,Nolan Jacobson,Positive Feedback,Work Culture,have,high efficency,verb_object,dobj,He has high efficency and smashes his goals.
221,Nolan Jacobson,Positive Feedback,Work Culture,have,he,verb_subject,nsubj,He has high efficency and smashes his goals.
221,Nolan Jacobson,Positive Feedback,Work Culture,high,high efficency,adjective_modifies_noun,amod,He has high efficency and smashes his goals.
221,Nolan Jacobson,Positive Feedback,Work Culture,smash,goals,verb_object,dobj,He has high efficency and smashes his goals.
221,Nolan Jacobson,Positive Feedback,Work Culture,believe,i,verb_subject,nsubj,"Nolan's output is amazing, I believe he is an asset to our company."
220,Finley Gray,Positive Feedback,Work Culture,produce,quality work,verb_object,dobj,"Finley has, as usual, produce quality work."
220,Finley Gray,Positive Feedback,Work Culture,smart,smartest people,adjective_modifies_noun,amod,"He is easily one of the smartest people in the office, and his work rarely contains any errors."
220,Finley Gray,Positive Feedback,Work Culture,contain,errors,verb_object,dobj,"He is easily one of the smartest people in the office, and his work rarely contains any errors."
220,Finley Gray,Positive Feedback,Work Culture,contain,work,verb_subject,nsubj,"He is easily one of the smartest people in the office, and his work rarely contains any errors."
220,Finley Gray,Positive Feedback,Work Culture,have,technical problems,verb_object,dobj,"The team rarely has any technical problems when Finley is working with them; however, he does not put in any efforts to improve productivity or the quality of his work."
220,Finley Gray,Positive Feedback,Work Culture,have,team,verb_subject,nsubj,"The team rarely has any technical problems when Finley is working with them; however, he does not put in any efforts to improve productivity or the quality of his work."
220,Finley Gray,Positive Feedback,Work Culture,technical,technical problems,adjective_modifies_noun,amod,"The team rarely has any technical problems when Finley is working with them; however, he does not put in any efforts to improve productivity or the quality of his work."
220,Finley Gray,Positive Feedback,Work Culture,work,them,verb_preposition_with,prep->pobj,"The team rarely has any technical problems when Finley is working with them; however, he does not put in any efforts to improve productivity or the quality of his work."
220,Finley Gray,Positive Feedback,Work Culture,work,finley,verb_subject,nsubj,"The team rarely has any technical problems when Finley is working with them; however, he does not put in any efforts to improve productivity or the quality of his work."
220,Finley Gray,Positive Feedback,Work Culture,put,efforts,verb_object,dobj,"The team rarely has any technical problems when Finley is working with them; however, he does not put in any efforts to improve productivity or the quality of his work."
220,Finley Gray,Positive Feedback,Work Culture,put,he,verb_subject,nsubj,"The team rarely has any technical problems when Finley is working with them; however, he does not put in any efforts to improve productivity or the quality of his work."
220,Finley Gray,Positive Feedback,Work Culture,improve,productivity,verb_object,dobj,"The team rarely has any technical problems when Finley is working with them; however, he does not put in any efforts to improve productivity or the quality of his work."
220,Finley Gray,Positive Feedback,Work Culture,speak,work,verb_preposition_at,prep->pobj,"He is often uninterested, and only speaks at work when he has to."
220,Finley Gray,Positive Feedback,Work Culture,have,he,verb_subject,nsubj,"He is often uninterested, and only speaks at work when he has to."
220,Finley Gray,Positive Feedback,Work Culture,smart,smart guy,adjective_modifies_noun,amod,"Although he is a smart guy, he should seek to greatly improve his attitude towards his work, rather than only working for the paycheck."
220,Finley Gray,Positive Feedback,Work Culture,seek,he,verb_subject,nsubj,"Although he is a smart guy, he should seek to greatly improve his attitude towards his work, rather than only working for the paycheck."
220,Finley Gray,Positive Feedback,Work Culture,improve,attitude,verb_object,dobj,"Although he is a smart guy, he should seek to greatly improve his attitude towards his work, rather than only working for the paycheck."
220,Finley Gray,Positive Feedback,Work Culture,work,paycheck,verb_preposition_for,prep->pobj,"Although he is a smart guy, he should seek to greatly improve his attitude towards his work, rather than only working for the paycheck."
216,Finley Gray,Positive Feedback,Work Culture,turn,work,verb_preposition_in,prep->pobj,Finley always turns in work of impressive quality.
216,Finley Gray,Positive Feedback,Work Culture,turn,finley,verb_subject,nsubj,Finley always turns in work of impressive quality.
216,Finley Gray,Positive Feedback,Work Culture,impressive,impressive quality,adjective_modifies_noun,amod,Finley always turns in work of impressive quality.
216,Finley Gray,Positive Feedback,Work Culture,go,extra mile,verb_object,dobj,She is extremely attentive to detail and always goes the extra mile to check her work.
216,Finley Gray,Positive Feedback,Work Culture,extra,extra mile,adjective_modifies_noun,amod,She is extremely attentive to detail and always goes the extra mile to check her work.
216,Finley Gray,Positive Feedback,Work Culture,check,work,verb_object,dobj,She is extremely attentive to detail and always goes the extra mile to check her work.
216,Finley Gray,Positive Feedback,Work Culture,communicate,clients,verb_preposition_with,prep->pobj,She is skillful at communicating with clients and understanding intuitively what they need from us.
216,Finley Gray,Positive Feedback,Work Culture,need,what,verb_object,dobj,She is skillful at communicating with clients and understanding intuitively what they need from us.
216,Finley Gray,Positive Feedback,Work Culture,need,us,verb_preposition_from,prep->pobj,She is skillful at communicating with clients and understanding intuitively what they need from us.
216,Finley Gray,Positive Feedback,Work Culture,need,they,verb_subject,nsubj,She is skillful at communicating with clients and understanding intuitively what they need from us.
216,Finley Gray,Positive Feedback,Work Culture,same,same time,adjective_modifies_noun,amod,"At the same time, I don't see Finley succeeding in a manager role in the future, because she has no interest in leading others."
216,Finley Gray,Positive Feedback,Work Culture,see,same time,verb_preposition_at,prep->pobj,"At the same time, I don't see Finley succeeding in a manager role in the future, because she has no interest in leading others."
216,Finley Gray,Positive Feedback,Work Culture,see,i,verb_subject,nsubj,"At the same time, I don't see Finley succeeding in a manager role in the future, because she has no interest in leading others."
216,Finley Gray,Positive Feedback,Work Culture,succeed,manager role,verb_preposition_in,prep->pobj,"At the same time, I don't see Finley succeeding in a manager role in the future, because she has no interest in leading others."
216,Finley Gray,Positive Feedback,Work Culture,succeed,finley,verb_subject,nsubj,"At the same time, I don't see Finley succeeding in a manager role in the future, because she has no interest in leading others."
216,Finley Gray,Positive Feedback,Work Culture,have,interest,verb_object,dobj,"At the same time, I don't see Finley succeeding in a manager role in the future, because she has no interest in leading others."
216,Finley Gray,Positive Feedback,Work Culture,have,she,verb_subject,nsubj,"At the same time, I don't see Finley succeeding in a manager role in the future, because she has no interest in leading others."
216,Finley Gray,Positive Feedback,Work Culture,lead,leading others,adjective_modifies_noun,amod,"At the same time, I don't see Finley succeeding in a manager role in the future, because she has no interest in leading others."
215,Emilia Davidson,Positive Feedback,Career Growth,consistent,consistent employee,adjective_modifies_noun,amod,Emilia Davidson has been a consistent employee at our company.
215,Emilia Davidson,Positive Feedback,Career Growth,complete,assignments,verb_object,dobj,"She is very dedicated and determined to complete her assignments, and at the end of the day outshines most of her co-workers with her output."
215,Emilia Davidson,Positive Feedback,Career Growth,outshine,end,verb_preposition_at,prep->pobj,"She is very dedicated and determined to complete her assignments, and at the end of the day outshines most of her co-workers with her output."
215,Emilia Davidson,Positive Feedback,Career Growth,outshine,output,verb_preposition_with,prep->pobj,"She is very dedicated and determined to complete her assignments, and at the end of the day outshines most of her co-workers with her output."
215,Emilia Davidson,Positive Feedback,Career Growth,believe,i,verb_subject,nsubj,I believe goal setting in other areas could push Emilia to a possible promotion.
215,Emilia Davidson,Positive Feedback,Career Growth,set,other areas,verb_preposition_in,prep->pobj,I believe goal setting in other areas could push Emilia to a possible promotion.
215,Emilia Davidson,Positive Feedback,Career Growth,other,other areas,adjective_modifies_noun,amod,I believe goal setting in other areas could push Emilia to a possible promotion.
215,Emilia Davidson,Positive Feedback,Career Growth,push,emilia,verb_object,dobj,I believe goal setting in other areas could push Emilia to a possible promotion.
215,Emilia Davidson,Positive Feedback,Career Growth,push,possible promotion,verb_preposition_to,prep->pobj,I believe goal setting in other areas could push Emilia to a possible promotion.
215,Emilia Davidson,Positive Feedback,Career Growth,possible,possible promotion,adjective_modifies_noun,amod,I believe goal setting in other areas could push Emilia to a possible promotion.
215,Emilia Davidson,Positive Feedback,Career Growth,work,standards,verb_preposition_with,prep->pobj,Emilia works very nicely with the standards that our company expects.
215,Emilia Davidson,Positive Feedback,Career Growth,work,emilia,verb_subject,nsubj,Emilia works very nicely with the standards that our company expects.
215,Emilia Davidson,Positive Feedback,Career Growth,expect,that,verb_object,dobj,Emilia works very nicely with the standards that our company expects.
215,Emilia Davidson,Positive Feedback,Career Growth,expect,company,verb_subject,nsubj,Emilia works very nicely with the standards that our company expects.
214,Emilia Davidson,Positive Feedback,Work Culture,produce,amazing quality,verb_object,dobj,Emilia has produced amazing quality of work this quarter.
214,Emilia Davidson,Positive Feedback,Work Culture,produce,emilia,verb_subject,nsubj,Emilia has produced amazing quality of work this quarter.
214,Emilia Davidson,Positive Feedback,Work Culture,amazing,amazing quality,adjective_modifies_noun,amod,Emilia has produced amazing quality of work this quarter.
214,Emilia Davidson,Positive Feedback,Work Culture,top,top quality,adjective_modifies_noun,amod,"The work submitted is of top quality, and she often works far more efficiently compared to her coworkers."
214,Emilia Davidson,Positive Feedback,Work Culture,work,she,verb_subject,nsubj,"The work submitted is of top quality, and she often works far more efficiently compared to her coworkers."
214,Emilia Davidson,Positive Feedback,Work Culture,compare,coworkers,verb_preposition_to,prep->pobj,"The work submitted is of top quality, and she often works far more efficiently compared to her coworkers."
214,Emilia Davidson,Positive Feedback,Work Culture,seek,emilia,verb_subject,nsubj,"However, Emilia never seeks to improve her work; she often spends workdays on her phone, and she uses company property for personal use."
214,Emilia Davidson,Positive Feedback,Work Culture,improve,work,verb_object,dobj,"However, Emilia never seeks to improve her work; she often spends workdays on her phone, and she uses company property for personal use."
214,Emilia Davidson,Positive Feedback,Work Culture,spend,workdays,verb_object,dobj,"However, Emilia never seeks to improve her work; she often spends workdays on her phone, and she uses company property for personal use."
214,Emilia Davidson,Positive Feedback,Work Culture,spend,phone,verb_preposition_on,prep->pobj,"However, Emilia never seeks to improve her work; she often spends workdays on her phone, and she uses company property for personal use."
214,Emilia Davidson,Positive Feedback,Work Culture,spend,she,verb_subject,nsubj,"However, Emilia never seeks to improve her work; she often spends workdays on her phone, and she uses company property for personal use."
214,Emilia Davidson,Positive Feedback,Work Culture,use,company property,verb_object,dobj,"However, Emilia never seeks to improve her work; she often spends workdays on her phone, and she uses company property for personal use."
214,Emilia Davidson,Positive Feedback,Work Culture,use,she,verb_subject,nsubj,"However, Emilia never seeks to improve her work; she often spends workdays on her phone, and she uses company property for personal use."
214,Emilia Davidson,Positive Feedback,Work Culture,personal,personal use,adjective_modifies_noun,amod,"However, Emilia never seeks to improve her work; she often spends workdays on her phone, and she uses company property for personal use."
214,Emilia Davidson,Positive Feedback,Work Culture,encourage,she,verb_subject,nsubjpass,"She is encouraged to maximize her abilities, and be mindful of how she uses company resources."
214,Emilia Davidson,Positive Feedback,Work Culture,maximize,abilities,verb_object,dobj,"She is encouraged to maximize her abilities, and be mindful of how she uses company resources."
214,Emilia Davidson,Positive Feedback,Work Culture,use,company resources,verb_object,dobj,"She is encouraged to maximize her abilities, and be mindful of how she uses company resources."
214,Emilia Davidson,Positive Feedback,Work Culture,use,she,verb_subject,nsubj,"She is encouraged to maximize her abilities, and be mindful of how she uses company resources."
222,Nolan Jacobson,Positive Feedback,Work Culture,perform,nolan,verb_subject,nsubj,Nolan performs well when given direction Nolan's performance is high compared to their peers.
222,Nolan Jacobson,Positive Feedback,Work Culture,give,direction,verb_object,dobj,Nolan performs well when given direction Nolan's performance is high compared to their peers.
222,Nolan Jacobson,Positive Feedback,Work Culture,compare,peers,verb_preposition_to,prep->pobj,Nolan performs well when given direction Nolan's performance is high compared to their peers.
222,Nolan Jacobson,Positive Feedback,Work Culture,self-,self- directed tasks,adjective_modifies_noun,amod,"Where Nolan might be able to grow is in self- directed tasks, and meaning their own schedule in a more effective way."
222,Nolan Jacobson,Positive Feedback,Work Culture,direct,self- directed tasks,adjective_modifies_noun,amod,"Where Nolan might be able to grow is in self- directed tasks, and meaning their own schedule in a more effective way."
222,Nolan Jacobson,Positive Feedback,Work Culture,mean,own schedule,verb_object,dobj,"Where Nolan might be able to grow is in self- directed tasks, and meaning their own schedule in a more effective way."
222,Nolan Jacobson,Positive Feedback,Work Culture,mean,effective way,verb_preposition_in,prep->pobj,"Where Nolan might be able to grow is in self- directed tasks, and meaning their own schedule in a more effective way."
222,Nolan Jacobson,Positive Feedback,Work Culture,own,own schedule,adjective_modifies_noun,amod,"Where Nolan might be able to grow is in self- directed tasks, and meaning their own schedule in a more effective way."
222,Nolan Jacobson,Positive Feedback,Work Culture,effective,effective way,adjective_modifies_noun,amod,"Where Nolan might be able to grow is in self- directed tasks, and meaning their own schedule in a more effective way."
222,Nolan Jacobson,Positive Feedback,Work Culture,seem,nolan,verb_subject,nsubj,Nolan seems to be interested in performing their duty as needed but has little interest in going above and beyond.
222,Nolan Jacobson,Positive Feedback,Work Culture,perform,duty,verb_object,dobj,Nolan seems to be interested in performing their duty as needed but has little interest in going above and beyond.
222,Nolan Jacobson,Positive Feedback,Work Culture,have,little interest,verb_object,dobj,Nolan seems to be interested in performing their duty as needed but has little interest in going above and beyond.
222,Nolan Jacobson,Positive Feedback,Work Culture,little,little interest,adjective_modifies_noun,amod,Nolan seems to be interested in performing their duty as needed but has little interest in going above and beyond.
212,Emilia Davidson,Positive Feedback,Career Growth,come,performance,verb_preposition_to,prep->pobj,Emilia Davidson is great when it comes to her performance.
212,Emilia Davidson,Positive Feedback,Career Growth,come,it,verb_subject,nsubj,Emilia Davidson is great when it comes to her performance.
212,Emilia Davidson,Positive Feedback,Career Growth,lack,potential,verb_object,dobj,"Unfortunately, she lack potential."
212,Emilia Davidson,Positive Feedback,Career Growth,lack,she,verb_subject,nsubj,"Unfortunately, she lack potential."
212,Emilia Davidson,Positive Feedback,Career Growth,need,she,verb_subject,nsubj,She will need to work on this to move forward.
212,Emilia Davidson,Positive Feedback,Career Growth,work,this,verb_preposition_on,prep->pobj,She will need to work on this to move forward.
400,Joseph Burke,Negative Feedback,Work Culture,require,motivation,verb_object,dobj,Requires motivation to complete assignments.
400,Joseph Burke,Negative Feedback,Work Culture,complete,assignments,verb_object,dobj,Requires motivation to complete assignments.
400,Joseph Burke,Negative Feedback,Work Culture,develop,plan,verb_object,dobj,Develop plan for goals.
400,Joseph Burke,Negative Feedback,Work Culture,need,objectives,verb_object,dobj,Needs objectives written with follow up.
400,Joseph Burke,Negative Feedback,Work Culture,write,follow,verb_preposition_with,prep->pobj,Needs objectives written with follow up.
400,Joseph Burke,Negative Feedback,Work Culture,demonstrate,ability,verb_object,dobj,Demonstrates ability but requires coaching.
502,Kallie Beard,Negative Feedback,Career Growth,show,improvement,verb_object,dobj,Kallie Beard should show improvement in task provided to him.
502,Kallie Beard,Negative Feedback,Career Growth,show,kallie beard,verb_subject,nsubj,Kallie Beard should show improvement in task provided to him.
502,Kallie Beard,Negative Feedback,Career Growth,have,capacity,verb_object,dobj,"Though he has capacity to do, but he may hesitate to work."
502,Kallie Beard,Negative Feedback,Career Growth,have,he,verb_subject,nsubj,"Though he has capacity to do, but he may hesitate to work."
502,Kallie Beard,Negative Feedback,Career Growth,hesitate,he,verb_subject,nsubj,"Though he has capacity to do, but he may hesitate to work."
502,Kallie Beard,Negative Feedback,Career Growth,improve,he,verb_subject,nsubjpass,But he can be improved.
502,Kallie Beard,Negative Feedback,Career Growth,develop,himself,verb_object,dobj,He can develop himself.
502,Kallie Beard,Negative Feedback,Career Growth,develop,he,verb_subject,nsubj,He can develop himself.
558,Logan Ellis,Negative Feedback,Work Culture,average,average worker,adjective_modifies_noun,amod,Logan Ellis is a average worker.
558,Logan Ellis,Negative Feedback,Work Culture,see,i,verb_subject,nsubj,I seen him delaying a project so that he can playing games with his friend.
558,Logan Ellis,Negative Feedback,Work Culture,delay,project,verb_object,dobj,I seen him delaying a project so that he can playing games with his friend.
558,Logan Ellis,Negative Feedback,Work Culture,delay,him,verb_subject,nsubj,I seen him delaying a project so that he can playing games with his friend.
558,Logan Ellis,Negative Feedback,Work Culture,play,games,verb_object,dobj,I seen him delaying a project so that he can playing games with his friend.
558,Logan Ellis,Negative Feedback,Work Culture,play,friend,verb_preposition_with,prep->pobj,I seen him delaying a project so that he can playing games with his friend.
558,Logan Ellis,Negative Feedback,Work Culture,play,he,verb_subject,nsubj,I seen him delaying a project so that he can playing games with his friend.
558,Logan Ellis,Negative Feedback,Work Culture,have,errors,verb_object,dobj,He projects have errors and often needs to be re-done.
558,Logan Ellis,Negative Feedback,Work Culture,have,projects,verb_subject,nsubj,He projects have errors and often needs to be re-done.
558,Logan Ellis,Negative Feedback,Work Culture,focus,work,verb_preposition_on,prep->pobj,"If he focus more on his work, he can be a valuable asset."
558,Logan Ellis,Negative Feedback,Work Culture,focus,he,verb_subject,nsubj,"If he focus more on his work, he can be a valuable asset."
558,Logan Ellis,Negative Feedback,Work Culture,valuable,valuable asset,adjective_modifies_noun,amod,"If he focus more on his work, he can be a valuable asset."
551,Braiden Santos,Negative Feedback,Work Culture,have,capacity,verb_object,dobj,Braiden Santos has the capacity to do the work.
551,Braiden Santos,Negative Feedback,Work Culture,have,braiden santos,verb_subject,nsubj,Braiden Santos has the capacity to do the work.
551,Braiden Santos,Negative Feedback,Work Culture,do,he,verb_subject,nsubj,But he did not do such.
551,Braiden Santos,Negative Feedback,Work Culture,lack,place,verb_preposition_in,prep->pobj,And he lacks in that place but he can improve himself.
551,Braiden Santos,Negative Feedback,Work Culture,lack,he,verb_subject,nsubj,And he lacks in that place but he can improve himself.
551,Braiden Santos,Negative Feedback,Work Culture,improve,himself,verb_object,dobj,And he lacks in that place but he can improve himself.
551,Braiden Santos,Negative Feedback,Work Culture,improve,he,verb_subject,nsubj,And he lacks in that place but he can improve himself.
10014,Tom Houghton,Negative Feedback,Work Culture,show,tom houghton,verb_subject,nsubj,Tom Houghton has shown that his work consistency has been patchy at times.
10014,Tom Houghton,Negative Feedback,Work Culture,take,this,verb_subject,nsubj,This does not take away from his striving to learn and improve.
10014,Tom Houghton,Negative Feedback,Work Culture,high,high level,adjective_modifies_noun,amod,His work for the team has been at times of high level.
10014,Tom Houghton,Negative Feedback,Work Culture,well,better team member,adjective_modifies_noun,amod,Tom will be a better team member if he continues to develop his skills to better himself.
10014,Tom Houghton,Negative Feedback,Work Culture,continue,he,verb_subject,nsubj,Tom will be a better team member if he continues to develop his skills to better himself.
10014,Tom Houghton,Negative Feedback,Work Culture,develop,skills,verb_object,dobj,Tom will be a better team member if he continues to develop his skills to better himself.
532,George Jones,Negative Feedback,Work Culture,struggle,george,verb_subject,nsubj,"George sometimes struggles here and there with the assignments I give him, even though I only ask him to complete menial tasks like proofreading and copy-editing."
532,George Jones,Negative Feedback,Work Culture,give,him,verb_object,dobj,"George sometimes struggles here and there with the assignments I give him, even though I only ask him to complete menial tasks like proofreading and copy-editing."
532,George Jones,Negative Feedback,Work Culture,give,i,verb_subject,nsubj,"George sometimes struggles here and there with the assignments I give him, even though I only ask him to complete menial tasks like proofreading and copy-editing."
532,George Jones,Negative Feedback,Work Culture,ask,him,verb_object,dobj,"George sometimes struggles here and there with the assignments I give him, even though I only ask him to complete menial tasks like proofreading and copy-editing."
532,George Jones,Negative Feedback,Work Culture,ask,i,verb_subject,nsubj,"George sometimes struggles here and there with the assignments I give him, even though I only ask him to complete menial tasks like proofreading and copy-editing."
532,George Jones,Negative Feedback,Work Culture,complete,menial tasks,verb_object,dobj,"George sometimes struggles here and there with the assignments I give him, even though I only ask him to complete menial tasks like proofreading and copy-editing."
532,George Jones,Negative Feedback,Work Culture,menial,menial tasks,adjective_modifies_noun,amod,"George sometimes struggles here and there with the assignments I give him, even though I only ask him to complete menial tasks like proofreading and copy-editing."
532,George Jones,Negative Feedback,Work Culture,proofreading,proofreading copy editing,adjective_modifies_noun,amod,"George sometimes struggles here and there with the assignments I give him, even though I only ask him to complete menial tasks like proofreading and copy-editing."
532,George Jones,Negative Feedback,Work Culture,miss,basic spelling errors,verb_object,dobj,He misses basic spelling errors and most of his work has needed a second set of eyes.
532,George Jones,Negative Feedback,Work Culture,miss,he,verb_subject,nsubj,He misses basic spelling errors and most of his work has needed a second set of eyes.
532,George Jones,Negative Feedback,Work Culture,basic,basic spelling errors,adjective_modifies_noun,amod,He misses basic spelling errors and most of his work has needed a second set of eyes.
532,George Jones,Negative Feedback,Work Culture,need,second set,verb_object,dobj,He misses basic spelling errors and most of his work has needed a second set of eyes.
532,George Jones,Negative Feedback,Work Culture,second,second set,adjective_modifies_noun,amod,He misses basic spelling errors and most of his work has needed a second set of eyes.
532,George Jones,Negative Feedback,Work Culture,believe,i,verb_subject,nsubj,"However, I believe that George can do much better in the future."
532,George Jones,Negative Feedback,Work Culture,do,future,verb_preposition_in,prep->pobj,"However, I believe that George can do much better in the future."
532,George Jones,Negative Feedback,Work Culture,do,george,verb_subject,nsubj,"However, I believe that George can do much better in the future."
532,George Jones,Negative Feedback,Work Culture,think,i,verb_subject,nsubj,"I think the reason he turns in low-quality work is that he rushes through assignments, thinking he needs to be the first to complete them."
532,George Jones,Negative Feedback,Work Culture,turn,quality work,verb_preposition_in,prep->pobj,"I think the reason he turns in low-quality work is that he rushes through assignments, thinking he needs to be the first to complete them."
532,George Jones,Negative Feedback,Work Culture,turn,he,verb_subject,nsubj,"I think the reason he turns in low-quality work is that he rushes through assignments, thinking he needs to be the first to complete them."
532,George Jones,Negative Feedback,Work Culture,low,low quality,adjective_modifies_noun,amod,"I think the reason he turns in low-quality work is that he rushes through assignments, thinking he needs to be the first to complete them."
532,George Jones,Negative Feedback,Work Culture,rush,assignments,verb_preposition_through,prep->pobj,"I think the reason he turns in low-quality work is that he rushes through assignments, thinking he needs to be the first to complete them."
532,George Jones,Negative Feedback,Work Culture,rush,he,verb_subject,nsubj,"I think the reason he turns in low-quality work is that he rushes through assignments, thinking he needs to be the first to complete them."
532,George Jones,Negative Feedback,Work Culture,need,he,verb_subject,nsubj,"I think the reason he turns in low-quality work is that he rushes through assignments, thinking he needs to be the first to complete them."
532,George Jones,Negative Feedback,Work Culture,complete,them,verb_object,dobj,"I think the reason he turns in low-quality work is that he rushes through assignments, thinking he needs to be the first to complete them."
532,George Jones,Negative Feedback,Work Culture,emphasize,him,verb_preposition_to,prep->pobj,"I have now emphasized to him that I care more about the work's quality than I care about his speed, which he understands and is taking to heart."
532,George Jones,Negative Feedback,Work Culture,emphasize,i,verb_subject,nsubj,"I have now emphasized to him that I care more about the work's quality than I care about his speed, which he understands and is taking to heart."
532,George Jones,Negative Feedback,Work Culture,care,quality,verb_preposition_about,prep->pobj,"I have now emphasized to him that I care more about the work's quality than I care about his speed, which he understands and is taking to heart."
532,George Jones,Negative Feedback,Work Culture,care,i,verb_subject,nsubj,"I have now emphasized to him that I care more about the work's quality than I care about his speed, which he understands and is taking to heart."
532,George Jones,Negative Feedback,Work Culture,care,speed,verb_preposition_about,prep->pobj,"I have now emphasized to him that I care more about the work's quality than I care about his speed, which he understands and is taking to heart."
532,George Jones,Negative Feedback,Work Culture,understand,which,verb_object,dobj,"I have now emphasized to him that I care more about the work's quality than I care about his speed, which he understands and is taking to heart."
532,George Jones,Negative Feedback,Work Culture,understand,he,verb_subject,nsubj,"I have now emphasized to him that I care more about the work's quality than I care about his speed, which he understands and is taking to heart."
532,George Jones,Negative Feedback,Work Culture,take,heart,verb_preposition_to,prep->pobj,"I have now emphasized to him that I care more about the work's quality than I care about his speed, which he understands and is taking to heart."
373,Jade Mason,Negative Feedback,Career Growth,seem,jade,verb_subject,nsubj,"Jade Mason was the desire to work and learn, But Jade seems distracted at time which makes her lose focus on her project, I sometime find myself repeating the same task multiple time."
373,Jade Mason,Negative Feedback,Career Growth,distract,time,verb_preposition_at,prep->pobj,"Jade Mason was the desire to work and learn, But Jade seems distracted at time which makes her lose focus on her project, I sometime find myself repeating the same task multiple time."
373,Jade Mason,Negative Feedback,Career Growth,make,lose focus,verb_object,dobj,"Jade Mason was the desire to work and learn, But Jade seems distracted at time which makes her lose focus on her project, I sometime find myself repeating the same task multiple time."
373,Jade Mason,Negative Feedback,Career Growth,make,which,verb_subject,nsubj,"Jade Mason was the desire to work and learn, But Jade seems distracted at time which makes her lose focus on her project, I sometime find myself repeating the same task multiple time."
373,Jade Mason,Negative Feedback,Career Growth,lose,lose focus,adjective_modifies_noun,amod,"Jade Mason was the desire to work and learn, But Jade seems distracted at time which makes her lose focus on her project, I sometime find myself repeating the same task multiple time."
373,Jade Mason,Negative Feedback,Career Growth,lose,her,copular_description,nsubj,"Jade Mason was the desire to work and learn, But Jade seems distracted at time which makes her lose focus on her project, I sometime find myself repeating the same task multiple time."
373,Jade Mason,Negative Feedback,Career Growth,find,i,verb_subject,nsubj,"Jade Mason was the desire to work and learn, But Jade seems distracted at time which makes her lose focus on her project, I sometime find myself repeating the same task multiple time."
373,Jade Mason,Negative Feedback,Career Growth,repeat,same multiple time,verb_object,dobj,"Jade Mason was the desire to work and learn, But Jade seems distracted at time which makes her lose focus on her project, I sometime find myself repeating the same task multiple time."
373,Jade Mason,Negative Feedback,Career Growth,repeat,myself,verb_subject,nsubj,"Jade Mason was the desire to work and learn, But Jade seems distracted at time which makes her lose focus on her project, I sometime find myself repeating the same task multiple time."
373,Jade Mason,Negative Feedback,Career Growth,same,same multiple time,adjective_modifies_noun,amod,"Jade Mason was the desire to work and learn, But Jade seems distracted at time which makes her lose focus on her project, I sometime find myself repeating the same task multiple time."
373,Jade Mason,Negative Feedback,Career Growth,multiple,same multiple time,adjective_modifies_noun,amod,"Jade Mason was the desire to work and learn, But Jade seems distracted at time which makes her lose focus on her project, I sometime find myself repeating the same task multiple time."
373,Jade Mason,Negative Feedback,Career Growth,show,much potential,verb_object,dobj,Jade throughout the years has shown much potential and great working skills.
373,Jade Mason,Negative Feedback,Career Growth,show,jade,verb_subject,nsubj,Jade throughout the years has shown much potential and great working skills.
373,Jade Mason,Negative Feedback,Career Growth,much,much potential,adjective_modifies_noun,amod,Jade throughout the years has shown much potential and great working skills.
373,Jade Mason,Negative Feedback,Career Growth,great,great working skills,adjective_modifies_noun,amod,Jade throughout the years has shown much potential and great working skills.
373,Jade Mason,Negative Feedback,Career Growth,need,jade,verb_subject,nsubj,Jade needs to have a more one on one management
335,Alfie Wright,Negative Feedback,Career Growth,leave,performance,verb_subject,nsubj,"This quarter, Alfie's performance left much to be desired."
335,Alfie Wright,Negative Feedback,Career Growth,be,many areas,verb_object,attr,"There are many areas in which he could improve, especially coming through on deadlines."
335,Alfie Wright,Negative Feedback,Career Growth,many,many areas,adjective_modifies_noun,amod,"There are many areas in which he could improve, especially coming through on deadlines."
335,Alfie Wright,Negative Feedback,Career Growth,improve,which,verb_preposition_in,prep->pobj,"There are many areas in which he could improve, especially coming through on deadlines."
335,Alfie Wright,Negative Feedback,Career Growth,improve,he,verb_subject,nsubj,"There are many areas in which he could improve, especially coming through on deadlines."
335,Alfie Wright,Negative Feedback,Career Growth,come,deadlines,verb_preposition_on,prep->pobj,"There are many areas in which he could improve, especially coming through on deadlines."
335,Alfie Wright,Negative Feedback,Career Growth,come,he,verb_subject,nsubj,"But when he does come through, he comes through well and this reveals a glimmering of perhaps greater potential."
335,Alfie Wright,Negative Feedback,Career Growth,reveal,glimmering,verb_object,dobj,"But when he does come through, he comes through well and this reveals a glimmering of perhaps greater potential."
335,Alfie Wright,Negative Feedback,Career Growth,reveal,this,verb_subject,nsubj,"But when he does come through, he comes through well and this reveals a glimmering of perhaps greater potential."
335,Alfie Wright,Negative Feedback,Career Growth,great,greater potential,adjective_modifies_noun,amod,"But when he does come through, he comes through well and this reveals a glimmering of perhaps greater potential."
335,Alfie Wright,Negative Feedback,Career Growth,get,touch,verb_preposition_in,prep->pobj,It would be nice to get Alfie to get in touch with that part of himself more often.
335,Alfie Wright,Negative Feedback,Career Growth,get,part,verb_preposition_with,prep->pobj,It would be nice to get Alfie to get in touch with that part of himself more often.
335,Alfie Wright,Negative Feedback,Career Growth,get,alfie,verb_subject,nsubj,It would be nice to get Alfie to get in touch with that part of himself more often.
334,Alfie Wright,Negative Feedback,Work Culture,have,habit,verb_object,dobj,Alfie has a habit of not being consistent.
334,Alfie Wright,Negative Feedback,Work Culture,have,alfie,verb_subject,nsubj,Alfie has a habit of not being consistent.
334,Alfie Wright,Negative Feedback,Work Culture,work,he,verb_subject,nsubj,He will work really well some days and be at the top of his game.
334,Alfie Wright,Negative Feedback,Work Culture,hit,days,verb_object,dobj,Then he will hit days where he is not anywhere near the mark.
334,Alfie Wright,Negative Feedback,Work Culture,hit,he,verb_subject,nsubj,Then he will hit days where he is not anywhere near the mark.
334,Alfie Wright,Negative Feedback,Work Culture,have,projects,verb_object,dobj,His work also can be inconsistent even if he has projects that are similar.
334,Alfie Wright,Negative Feedback,Work Culture,have,he,verb_subject,nsubj,His work also can be inconsistent even if he has projects that are similar.
333,Alfie Wright,Negative Feedback,Work Culture,engage,work day,verb_preposition_in,prep->pobj,"Alfie is punctual, but does not seem engaged in the work day."
333,Alfie Wright,Negative Feedback,Work Culture,more,more time,adjective_modifies_noun,amod,More time needs to be spent pursuing additional tasks rather than waiting for them to come to him.
333,Alfie Wright,Negative Feedback,Work Culture,need,more time,verb_subject,nsubj,More time needs to be spent pursuing additional tasks rather than waiting for them to come to him.
333,Alfie Wright,Negative Feedback,Work Culture,pursue,additional tasks,verb_object,dobj,More time needs to be spent pursuing additional tasks rather than waiting for them to come to him.
333,Alfie Wright,Negative Feedback,Work Culture,additional,additional tasks,adjective_modifies_noun,amod,More time needs to be spent pursuing additional tasks rather than waiting for them to come to him.
333,Alfie Wright,Negative Feedback,Work Culture,come,him,verb_preposition_to,prep->pobj,More time needs to be spent pursuing additional tasks rather than waiting for them to come to him.
333,Alfie Wright,Negative Feedback,Work Culture,come,them,verb_subject,nsubj,More time needs to be spent pursuing additional tasks rather than waiting for them to come to him.
333,Alfie Wright,Negative Feedback,Work Culture,more,more application,adjective_modifies_noun,amod,"With more application, he would be able to handle greater responsibilities."
333,Alfie Wright,Negative Feedback,Work Culture,handle,greater responsibilities,verb_object,dobj,"With more application, he would be able to handle greater responsibilities."
333,Alfie Wright,Negative Feedback,Work Culture,great,greater responsibilities,adjective_modifies_noun,amod,"With more application, he would be able to handle greater responsibilities."
332,Isobel Foster,Negative Feedback,Work Culture,strong,strong point,adjective_modifies_noun,amod,Isobel's work hasn't been a strong point during her tenure here.
332,Isobel Foster,Negative Feedback,Work Culture,here,tenure,adjective_modifies_noun,advmod,Isobel's work hasn't been a strong point during her tenure here.
332,Isobel Foster,Negative Feedback,Work Culture,demonstrate,capacity,verb_object,dobj,She hasn't demonstrated a capacity for doing her duties capably.
332,Isobel Foster,Negative Feedback,Work Culture,demonstrate,she,verb_subject,nsubj,She hasn't demonstrated a capacity for doing her duties capably.
332,Isobel Foster,Negative Feedback,Work Culture,do,duties,verb_object,dobj,She hasn't demonstrated a capacity for doing her duties capably.
332,Isobel Foster,Negative Feedback,Work Culture,show,few flashes,verb_object,dobj,"She does, however, show a few flashes of growing into a better employee."
332,Isobel Foster,Negative Feedback,Work Culture,show,she,verb_subject,nsubj,"She does, however, show a few flashes of growing into a better employee."
332,Isobel Foster,Negative Feedback,Work Culture,few,few flashes,adjective_modifies_noun,amod,"She does, however, show a few flashes of growing into a better employee."
332,Isobel Foster,Negative Feedback,Work Culture,grow,better employee,verb_preposition_into,prep->pobj,"She does, however, show a few flashes of growing into a better employee."
332,Isobel Foster,Negative Feedback,Work Culture,well,better employee,adjective_modifies_noun,amod,"She does, however, show a few flashes of growing into a better employee."
332,Isobel Foster,Negative Feedback,Work Culture,stand,it,verb_subject,nsubj,"But as it currently stands, she has some things she needs to work on."
332,Isobel Foster,Negative Feedback,Work Culture,have,things,verb_object,dobj,"But as it currently stands, she has some things she needs to work on."
332,Isobel Foster,Negative Feedback,Work Culture,have,she,verb_subject,nsubj,"But as it currently stands, she has some things she needs to work on."
332,Isobel Foster,Negative Feedback,Work Culture,need,she,verb_subject,nsubj,"But as it currently stands, she has some things she needs to work on."
